{"returned_dict": {"loss": 0.0055498752061867, "r2": 0.9924234271703581, "status": "ok", "start_time": 1699188990.512138, "duration": 2.796821117401123}, "current_params": {"N": 500, "iss": 0.2892949225345609, "lr": 0.26564196963566705, "ridge": 0.001669043615883305, "seed": 1234, "sr": 0.5335784501655656}}