{"returned_dict": {"loss": 0.003485701125502913, "r2": 0.9969361844734493, "status": "ok", "start_time": 1699188763.528131, "duration": 2.27307391166687}, "current_params": {"N": 500, "iss": 0.22844120631577203, "lr": 0.5068843153791186, "ridge": 1.748641447561754e-09, "seed": 1234, "sr": 1.2556711601352721}}