{"returned_dict": {"loss": 0.006246602521348486, "r2": 0.9903413878892042, "status": "ok", "start_time": 1699188658.404514, "duration": 2.2432167530059814}, "current_params": {"N": 500, "iss": 0.04057815748077798, "lr": 0.048306005915739574, "ridge": 0.0009201974723122006, "seed": 1234, "sr": 1.0784585589734712}}