{"returned_dict": {"loss": 0.017906262912572378, "r2": 0.9206147206890956, "status": "ok", "start_time": 1699188577.821586, "duration": 3.3297641277313232}, "current_params": {"N": 500, "iss": 0.8644046911873131, "lr": 0.6156368875066843, "ridge": 8.186416440991658e-08, "seed": 1234, "sr": 1.6722388684853167}}