{"returned_dict": {"loss": 0.052257841857148, "r2": 0.3286891739881745, "status": "ok", "start_time": 1699188729.591372, "duration": 2.501447916030884}, "current_params": {"N": 500, "iss": 0.4497287205163476, "lr": 0.009807938072620976, "ridge": 6.297475344208429e-09, "seed": 1234, "sr": 0.05016138018026818}}