{"returned_dict": {"loss": 0.07455438575477784, "r2": -0.3800409112111384, "status": "ok", "start_time": 1699188956.087296, "duration": 2.4734959602355957}, "current_params": {"N": 500, "iss": 0.61465928198713, "lr": 0.01646090380035458, "ridge": 1.416582108410998e-05, "seed": 1234, "sr": 0.6672376898037004}}