{"returned_dict": {"loss": 0.08164778082998787, "r2": -0.658884161833864, "status": "ok", "start_time": 1699188622.130961, "duration": 2.471008062362671}, "current_params": {"N": 500, "iss": 0.9903777479356254, "lr": 0.1894882305034404, "ridge": 0.004636302559142713, "seed": 1234, "sr": 1.9577985037865835}}