{"returned_dict": {"loss": 131.61007528442602, "r2": -4351225.414076317, "status": "ok", "start_time": 1699188676.464771, "duration": 3.0292460918426514}, "current_params": {"N": 500, "iss": 0.4318098058036459, "lr": 0.012600442759985371, "ridge": 1.4978972663732007e-06, "seed": 1234, "sr": 7.954497739510178}}