{"returned_dict": {"loss": 166.9780213125304, "r2": -6959392.832706501, "status": "ok", "start_time": 1699188918.5750191, "duration": 2.50004506111145}, "current_params": {"N": 500, "iss": 0.6029258260507978, "lr": 0.012445144152847186, "ridge": 2.3571184655130715e-07, "seed": 1234, "sr": 9.272462266637495}}