{"returned_dict": {"loss": 174.3785020880363, "r2": -7966231.152605462, "status": "ok", "start_time": 1699188862.9680839, "duration": 2.433420181274414}, "current_params": {"N": 500, "iss": 0.32045037207585336, "lr": 0.013663130602244231, "ridge": 5.368010723935917e-07, "seed": 1234, "sr": 2.6411464130177205}}