{"returned_dict": {"loss": 62.20819247143377, "r2": -955156.8212751289, "status": "ok", "start_time": 1699188720.298032, "duration": 2.266901731491089}, "current_params": {"N": 500, "iss": 0.8328177066055172, "lr": 0.026162881037661297, "ridge": 3.0656276565905996e-07, "seed": 1234, "sr": 2.3820731800209316}}