{"returned_dict": {"loss": 0.001173013761913103, "r2": 0.9999212551663085, "status": "ok", "start_time": 1699233798.1865869, "duration": 2.0090060234069824}, "current_params": {"N": 500, "iss": 0.7714539695031645, "lr": 0.16766766519886953, "ridge": 1.2968971939683203e-07, "seed": 1234, "sr": 0.28327116807958513}}