{"returned_dict": {"loss": 0.0007441075543029572, "r2": 0.9999681896546487, "status": "ok", "start_time": 1699233991.40625, "duration": 1.900221824645996}, "current_params": {"N": 500, "iss": 0.23999648673506557, "lr": 0.14755529525122685, "ridge": 2.191167299174609e-09, "seed": 1234, "sr": 0.023462246374277934}}