{"returned_dict": {"loss": 0.008686648860933248, "r2": 0.9956797961192086, "status": "ok", "start_time": 1699233730.0760162, "duration": 1.940767765045166}, "current_params": {"N": 500, "iss": 0.44727779774125975, "lr": 0.36822455888750405, "ridge": 0.0002215397496700079, "seed": 1234, "sr": 0.02348225301745763}}