{"returned_dict": {"loss": 0.004159875188444119, "r2": 0.9990121451859973, "status": "ok", "start_time": 1699233966.465325, "duration": 1.9518358707427979}, "current_params": {"N": 500, "iss": 0.5458161363201689, "lr": 0.1927391235133893, "ridge": 3.4731611050513896e-08, "seed": 1234, "sr": 0.017275455370965257}}