{"returned_dict": {"loss": 0.00035462100727946545, "r2": 0.9999927949787693, "status": "ok", "start_time": 1699234023.957522, "duration": 1.8916611671447754}, "current_params": {"N": 500, "iss": 0.5933563673798359, "lr": 0.8382221591273349, "ridge": 1.1082393000534913e-06, "seed": 1234, "sr": 0.7323231724059845}}