{"returned_dict": {"loss": 0.0037450930299707127, "r2": 0.9991882457844893, "status": "ok", "start_time": 1699233849.3016489, "duration": 2.1335201263427734}, "current_params": {"N": 500, "iss": 0.900126341412187, "lr": 0.6751854428024655, "ridge": 1.6359488069904826e-09, "seed": 1234, "sr": 0.050152765364070276}}