{"returned_dict": {"loss": 0.00037957810563673725, "r2": 0.9999917244551787, "status": "ok", "start_time": 1699233920.314732, "duration": 1.8602569103240967}, "current_params": {"N": 500, "iss": 0.9408397105778058, "lr": 0.3594469868947466, "ridge": 2.899155403260927e-08, "seed": 1234, "sr": 0.953319122623503}}