{"returned_dict": {"loss": 0.01716253806756385, "r2": 0.9829632382480717, "status": "ok", "start_time": 1699233709.874601, "duration": 1.9415531158447266}, "current_params": {"N": 500, "iss": 0.976525304162185, "lr": 0.011273269250899024, "ridge": 5.267135160255618e-09, "seed": 1234, "sr": 0.09437285509046839}}