{"returned_dict": {"loss": 0.030546286788472928, "r2": 0.9467611917488327, "status": "ok", "start_time": 1699233962.612532, "duration": 1.91762113571167}, "current_params": {"N": 500, "iss": 0.8091744524034417, "lr": 0.9358123326900604, "ridge": 3.7883632037985046e-08, "seed": 1234, "sr": 5.974243589442645}}