{"returned_dict": {"loss": 0.038570601276643836, "r2": 0.9147623993096882, "status": "ok", "start_time": 1699233914.6293828, "duration": 1.8291161060333252}, "current_params": {"N": 500, "iss": 0.7889351766743528, "lr": 0.00398609258790173, "ridge": 0.0026164567787443195, "seed": 1234, "sr": 0.012580639725311055}}