{"returned_dict": {"loss": 0.06771432097801967, "r2": 0.6763725087110565, "status": "ok", "start_time": 1699233843.089061, "duration": 1.9533100128173828}, "current_params": {"N": 500, "iss": 0.9232478994758182, "lr": 0.001009158010588956, "ridge": 8.318524365251139e-07, "seed": 1234, "sr": 0.07326940168674866}}