{"returned_dict": {"loss": 0.1333903279617717, "r2": -0.5310964092329896, "status": "ok", "start_time": 1699233817.7569768, "duration": 1.9276952743530273}, "current_params": {"N": 500, "iss": 0.14796761127746416, "lr": 0.0013818551895319936, "ridge": 1.9194269720339747e-07, "seed": 1234, "sr": 0.5693766752526698}}