{"returned_dict": {"loss": 0.20748969362340985, "r2": -1.4636289510744211, "status": "ok", "start_time": 1699233985.809066, "duration": 1.8210937976837158}, "current_params": {"N": 500, "iss": 0.05969594889932428, "lr": 0.22834501963548878, "ridge": 4.079252477787997e-06, "seed": 1234, "sr": 3.3535990156004383}}