{"returned_dict": {"loss": 0.2432126795915394, "r2": -2.380359959793419, "status": "ok", "start_time": 1699233788.563787, "duration": 1.9266090393066406}, "current_params": {"N": 500, "iss": 0.6217356289422551, "lr": 0.0029999570595545273, "ridge": 1.822408392802496e-08, "seed": 1234, "sr": 0.38114750465916947}}