{"returned_dict": {"loss": 0.2877642079734206, "r2": -3.8031795037789107, "status": "ok", "start_time": 1699233753.179001, "duration": 1.9249999523162842}, "current_params": {"N": 500, "iss": 0.48683979711786196, "lr": 0.0041878954202570285, "ridge": 1.5267158874357313e-07, "seed": 1234, "sr": 0.7656474307799984}}