{"returned_dict": {"loss": 22.816159867629477, "r2": -30120.081833774002, "status": "ok", "start_time": 1699233833.22986, "duration": 1.9165699481964111}, "current_params": {"N": 500, "iss": 0.8328177066055172, "lr": 0.026162881037661297, "ridge": 3.0656276565905996e-07, "seed": 1234, "sr": 2.3820731800209316}}