{"returned_dict": {"loss": 441.559532232988, "r2": -11267119.329662262, "status": "ok", "start_time": 1699234056.663986, "duration": 1.9297881126403809}, "current_params": {"N": 500, "iss": 0.5797760318934376, "lr": 0.001358642199806875, "ridge": 3.1927648709671725e-08, "seed": 1234, "sr": 4.0906546305123515}}