{"returned_dict": {"loss": 48.43966106706551, "r2": -137620.5563436986, "status": "ok", "start_time": 1699233819.686193, "duration": 1.9309968948364258}, "current_params": {"N": 500, "iss": 0.029495943205165465, "lr": 0.015679192953865242, "ridge": 3.171371461069988e-05, "seed": 1234, "sr": 7.78867384430367}}