{"returned_dict": {"loss": 8.65135881796428, "r2": -4803.209763123264, "status": "ok", "start_time": 1699233721.581774, "duration": 2.6494269371032715}, "current_params": {"N": 500, "iss": 0.22424280171073074, "lr": 0.012042080474948267, "ridge": 9.253689703516465e-05, "seed": 1234, "sr": 1.959651331974383}}