{"returned_dict": {"loss": 8.761849061910354, "r2": -4603.368309958151, "status": "ok", "start_time": 1699233825.4565172, "duration": 1.8896217346191406}, "current_params": {"N": 500, "iss": 0.9406587057968023, "lr": 0.02207977188453779, "ridge": 0.0007602478909161272, "seed": 1234, "sr": 6.833596167908428}}