{"returned_dict": {"loss": 0.12432482225285656, "r2": 0.7451379808875055, "status": "ok", "start_time": 1696853987.126266, "duration": 1.5014030933380127}, "current_params": {"cell_number": 500, "connectivity": 0.38655417545462833, "input_connectivity": 0.2, "input_scaling": 0.5754771748774529, "leak_rate": 0.08211718182132581, "noise_rc": 0.000568652213642259, "regularization": 5.170057439733419e-08, "seed": 1234, "spectral_radius": 0.20877503732087163}}