{"returned_dict": {"loss": 0.1275436408635936, "r2": 0.7317701875989086, "status": "ok", "start_time": 1695801562.4098618, "duration": 1.4969902038574219}, "current_params": {"cell_number": 500, "connectivity": 0.3068971442455114, "input_connectivity": 0.2, "input_scaling": 0.9908367095401011, "leak_rate": 0.002990058716256622, "noise_rc": 1.6552010747781337e-05, "regularization": 0.00034501274249019255, "seed": 1234, "spectral_radius": 1.2072384196976096}}