{"returned_dict": {"loss": 0.16340263205458472, "r2": 0.5597417317225214, "status": "ok", "start_time": 1695801056.764386, "duration": 2.3098740577697754}, "current_params": {"cell_number": 500, "connectivity": 0.6585125164783889, "input_connectivity": 0.2, "input_scaling": 0.8337159327803707, "leak_rate": 0.324527246514837, "noise_rc": 1.2039372097710269e-05, "regularization": 2.7630980432584984e-06, "seed": 1234, "spectral_radius": 0.01061907053409471}}