{"returned_dict": {"loss": 0.2094843524174762, "r2": 0.27640992284139887, "status": "ok", "start_time": 1695801601.124222, "duration": 1.9483261108398438}, "current_params": {"cell_number": 500, "connectivity": 0.46623016035499054, "input_connectivity": 0.2, "input_scaling": 0.2683739620038815, "leak_rate": 0.028028045825753772, "noise_rc": 4.984321156695657e-05, "regularization": 1.5544831704105992e-10, "seed": 1234, "spectral_radius": 0.30993658351244163}}