{"returned_dict": {"loss": 0.210688657549252, "r2": 0.26624697235121075, "status": "ok", "start_time": 1695800839.182629, "duration": 7.774309873580933}, "current_params": {"cell_number": 500, "connectivity": 0.4035695413244863, "input_connectivity": 0.2, "input_scaling": 0.33816558149537235, "leak_rate": 0.010923348581454497, "noise_rc": 0.0002733893543017881, "regularization": 9.256492567853924e-10, "seed": 1234, "spectral_radius": 0.3226348405474758}}