{"returned_dict": {"loss": 0.23907991037005236, "r2": 0.05751251048724826, "status": "ok", "start_time": 1695801470.6400719, "duration": 1.9794881343841553}, "current_params": {"cell_number": 500, "connectivity": 0.5418244913137128, "input_connectivity": 0.2, "input_scaling": 0.4766256850149897, "leak_rate": 0.004243177539711674, "noise_rc": 0.00030256435064644104, "regularization": 0.12576193564652044, "seed": 1234, "spectral_radius": 0.026761175701104346}}