{"returned_dict": {"loss": 0.29363307201405425, "r2": -0.4216718459795361, "status": "ok", "start_time": 1695801702.502666, "duration": 1.6070818901062012}, "current_params": {"cell_number": 500, "connectivity": 0.37438706076837736, "input_connectivity": 0.2, "input_scaling": 0.9063706486041464, "leak_rate": 0.01695666524783536, "noise_rc": 6.906622529207859e-05, "regularization": 9.564079844499153e-09, "seed": 1234, "spectral_radius": 0.050704131972421025}}