{"returned_dict": {"loss": 0.3043412768399459, "r2": -0.5272535458215597, "status": "ok", "start_time": 1695801211.715533, "duration": 1.095999002456665}, "current_params": {"cell_number": 500, "connectivity": 0.11379626718360714, "input_connectivity": 0.2, "input_scaling": 0.767856397765376, "leak_rate": 0.09020429139714789, "noise_rc": 0.2628046996866247, "regularization": 0.00015892417907944657, "seed": 1234, "spectral_radius": 2.76036316173383}}