{"returned_dict": {"loss": 0.31312947014297243, "r2": -0.6167293095239386, "status": "ok", "start_time": 1695801492.3002949, "duration": 2.9419519901275635}, "current_params": {"cell_number": 500, "connectivity": 0.833689333432549, "input_connectivity": 0.2, "input_scaling": 0.14686768280860274, "leak_rate": 0.11869734090248038, "noise_rc": 0.3139177781095819, "regularization": 0.03219304645972466, "seed": 1234, "spectral_radius": 0.014411455273543402}}