{"returned_dict": {"loss": 0.31584814373626935, "r2": -0.6449249317386807, "status": "ok", "start_time": 1696853934.106246, "duration": 2.1735599040985107}, "current_params": {"cell_number": 500, "connectivity": 0.6136936419697347, "input_connectivity": 0.2, "input_scaling": 0.6251953426689489, "leak_rate": 0.2676229522209549, "noise_rc": 0.8953261594593812, "regularization": 1.7985846017773054e-08, "seed": 1234, "spectral_radius": 5.974243589442645}}