{"returned_dict": {"loss": 0.4421848828325949, "r2": -2.2240161422951314, "status": "ok", "start_time": 1696853816.978549, "duration": 2.1513850688934326}, "current_params": {"cell_number": 500, "connectivity": 0.5849212105813333, "input_connectivity": 0.2, "input_scaling": 0.8857450240720053, "leak_rate": 0.015751627172465144, "noise_rc": 0.08504592070924019, "regularization": 1.0706209547548613e-05, "seed": 1234, "spectral_radius": 0.13048071254874868}}