{"returned_dict": {"loss": 0.5687923195613599, "r2": -4.334538727482218, "status": "ok", "start_time": 1695801573.017846, "duration": 2.3710289001464844}, "current_params": {"cell_number": 500, "connectivity": 0.5293326739235464, "input_connectivity": 0.2, "input_scaling": 0.582405678476618, "leak_rate": 0.011863698527886097, "noise_rc": 0.7806450168623098, "regularization": 7.315876473830791e-08, "seed": 1234, "spectral_radius": 4.881086179748358}}