{"returned_dict": {"loss": 0.7312216428385717, "r2": -7.8163231434711875, "status": "ok", "start_time": 1695801358.6527731, "duration": 1.2179746627807617}, "current_params": {"cell_number": 500, "connectivity": 0.17323672418670966, "input_connectivity": 0.2, "input_scaling": 0.6477652928145938, "leak_rate": 0.007121920410033346, "noise_rc": 0.24477708108773677, "regularization": 1.1478656994856579e-05, "seed": 1234, "spectral_radius": 0.020006202812672045}}