{"returned_dict": {"loss": 1.192617151646, "r2": -22.452628660964034, "status": "ok", "start_time": 1695801604.279157, "duration": 1.0448460578918457}, "current_params": {"cell_number": 500, "connectivity": 0.09344036256757304, "input_connectivity": 0.2, "input_scaling": 0.5385141854129485, "leak_rate": 0.006427379553220758, "noise_rc": 0.016097768270045734, "regularization": 0.18431229405845453, "seed": 1234, "spectral_radius": 0.016223651162329426}}