{"returned_dict": {"loss": 3.8540021548574313, "r2": -243.91384229560245, "status": "ok", "start_time": 1695801468.987807, "duration": 1.650475025177002}, "current_params": {"cell_number": 500, "connectivity": 0.3886835557749819, "input_connectivity": 0.2, "input_scaling": 0.0786015102192944, "leak_rate": 0.002023664627654574, "noise_rc": 4.0007304962313626e-05, "regularization": 1.429164215753452e-09, "seed": 1234, "spectral_radius": 1.1658340735577972}}