{"returned_dict": {"loss": 38.63840966799559, "r2": -24615.59106285075, "status": "ok", "start_time": 1695801144.6044831, "duration": 2.5752158164978027}, "current_params": {"cell_number": 500, "connectivity": 0.6717420929987875, "input_connectivity": 0.2, "input_scaling": 0.4746754571313886, "leak_rate": 0.017555002014149605, "noise_rc": 0.0001790868140903977, "regularization": 1.2164970528960077e-05, "seed": 1234, "spectral_radius": 2.1198068680338693}}