{"returned_dict": {"loss": 0.0024139938237314348, "r2": 0.999708001697579, "status": "ok", "start_time": 1699235786.902874, "duration": 4.188410997390747}, "current_params": {"N": 1000, "iss": 0.15717970056189712, "lr": 0.07128243944571559, "ridge": 3.2781375924716163e-09, "seed": 1234, "sr": 0.027598683234115115}}