{"returned_dict": {"loss": 0.0026401854855336395, "r2": 0.9996540357135962, "status": "ok", "start_time": 1699236189.1579661, "duration": 4.117033958435059}, "current_params": {"N": 1000, "iss": 0.19717791279794772, "lr": 0.8908311505278818, "ridge": 0.00013283966567113832, "seed": 1234, "sr": 0.20760447792478667}}