{"returned_dict": {"loss": 0.010028417479690565, "r2": 0.9949904176198795, "status": "ok", "start_time": 1699236531.734387, "duration": 4.357195138931274}, "current_params": {"N": 1000, "iss": 0.32792488571889467, "lr": 0.22465500878777248, "ridge": 0.0003014232201482745, "seed": 1234, "sr": 0.09835763510258089}}