{"returned_dict": {"loss": 0.015583008324181429, "r2": 0.987938924159621, "status": "ok", "start_time": 1699237592.7410839, "duration": 4.135914087295532}, "current_params": {"N": 1000, "iss": 0.33697973924510827, "lr": 0.17543139583076806, "ridge": 0.0006465876818538902, "seed": 1234, "sr": 0.015590519612759524}}