{"returned_dict": {"loss": 0.010902540299137264, "r2": 0.994086421347868, "status": "ok", "start_time": 1699236047.737947, "duration": 4.147646188735962}, "current_params": {"N": 1000, "iss": 0.3045451369845007, "lr": 0.27036282441620346, "ridge": 0.00030682003342967967, "seed": 1234, "sr": 0.04049959618384302}}