{"returned_dict": {"loss": 0.014141437079087042, "r2": 0.9900791701930544, "status": "ok", "start_time": 1699236260.351816, "duration": 4.211297988891602}, "current_params": {"N": 1000, "iss": 0.5287332640862811, "lr": 0.20878183455914587, "ridge": 8.070436813924713e-08, "seed": 1234, "sr": 0.02857977758285706}}