{"returned_dict": {"loss": 0.02455021429100615, "r2": 0.9701146077203312, "status": "ok", "start_time": 1699236152.0206962, "duration": 4.259893894195557}, "current_params": {"N": 1000, "iss": 0.9655801894967717, "lr": 0.5494681828865383, "ridge": 2.0065307823836486e-09, "seed": 1234, "sr": 0.01418389479892628}}