{"returned_dict": {"loss": 0.02100897445509788, "r2": 0.9781388608368463, "status": "ok", "start_time": 1699236143.463616, "duration": 4.158052206039429}, "current_params": {"N": 1000, "iss": 0.900126341412187, "lr": 0.6751854428024655, "ridge": 1.6359488069904826e-09, "seed": 1234, "sr": 0.050152765364070276}}