{"returned_dict": {"loss": 0.027648006926706842, "r2": 0.9621667116489684, "status": "ok", "start_time": 1699236389.675933, "duration": 4.040761232376099}, "current_params": {"N": 1000, "iss": 0.8091744524034417, "lr": 0.9358123326900604, "ridge": 3.7883632037985046e-08, "seed": 1234, "sr": 5.974243589442645}}