{"returned_dict": {"loss": 0.02251961700816338, "r2": 0.9748870294340768, "status": "ok", "start_time": 1699236435.34079, "duration": 4.185312986373901}, "current_params": {"N": 1000, "iss": 0.5619647530716958, "lr": 0.12251552188440552, "ridge": 0.00013569741429282753, "seed": 1234, "sr": 0.020788245498133077}}