{"returned_dict": {"loss": 0.026961191930151552, "r2": 0.9638957223831471, "status": "ok", "start_time": 1699236579.8592498, "duration": 4.325534105300903}, "current_params": {"N": 1000, "iss": 0.3829699328467736, "lr": 0.026695530015763223, "ridge": 3.993947976599462e-07, "seed": 1234, "sr": 0.013649509767262393}}