{"returned_dict": {"loss": 0.03733480891701215, "r2": 0.9307484953813518, "status": "ok", "start_time": 1699236105.952986, "duration": 4.089993000030518}, "current_params": {"N": 1000, "iss": 0.6922327390139184, "lr": 0.034601111100789846, "ridge": 0.0009597922173967499, "seed": 1234, "sr": 0.17537309143779847}}