{"returned_dict": {"loss": 0.0461869085550999, "r2": 0.8942067368354873, "status": "ok", "start_time": 1699237560.9998562, "duration": 5.19466495513916}, "current_params": {"N": 1000, "iss": 0.6517423997488939, "lr": 0.4485179994925241, "ridge": 2.1919618123313223e-05, "seed": 1234, "sr": 2.76036316173383}}