{"returned_dict": {"loss": 0.04364803794447932, "r2": 0.9056457221133635, "status": "ok", "start_time": 1699236548.9715571, "duration": 4.20508885383606}, "current_params": {"N": 1000, "iss": 0.3945156093805232, "lr": 0.015128007637960973, "ridge": 3.182563639108543e-06, "seed": 1234, "sr": 0.012260384608014823}}