{"returned_dict": {"loss": 0.06577390249577901, "r2": 0.7851330560400007, "status": "ok", "start_time": 1699235878.114112, "duration": 3.9760560989379883}, "current_params": {"N": 1000, "iss": 0.8644046911873131, "lr": 0.6156368875066843, "ridge": 8.186416440991658e-08, "seed": 1234, "sr": 1.6722388684853167}}