{"returned_dict": {"loss": 0.07070099868013689, "r2": 0.7490815148911651, "status": "ok", "start_time": 1699237600.995849, "duration": 4.350252151489258}, "current_params": {"N": 1000, "iss": 0.7041340569061305, "lr": 0.02018337832903292, "ridge": 2.3115334421298753e-06, "seed": 1234, "sr": 0.09442721440119983}}