{"returned_dict": {"loss": 0.2436004292960553, "r2": -1.9491114566689067, "status": "ok", "start_time": 1699236043.6157, "duration": 4.12073278427124}, "current_params": {"N": 1000, "iss": 0.06016013465638104, "lr": 0.23962511288825833, "ridge": 0.0007949579169258338, "seed": 1234, "sr": 3.416923934914541}}