{"returned_dict": {"loss": 0.6082812989476646, "r2": -17.334835203653757, "status": "ok", "start_time": 1699236130.981557, "duration": 4.191733121871948}, "current_params": {"N": 1000, "iss": 0.9232478994758182, "lr": 0.001009158010588956, "ridge": 8.318524365251139e-07, "seed": 1234, "sr": 0.07326940168674866}}