{"returned_dict": {"loss": 0.7395624146446352, "r2": -27.04538344795274, "status": "ok", "start_time": 1699236072.52191, "duration": 4.230496168136597}, "current_params": {"N": 1000, "iss": 0.06694893716285133, "lr": 0.0012469785034749062, "ridge": 8.136540810461886e-08, "seed": 1234, "sr": 0.13504276379966784}}