{"returned_dict": {"loss": 0.8355586320867299, "r2": -34.493231381195756, "status": "ok", "start_time": 1699235795.304586, "duration": 4.161684989929199}, "current_params": {"N": 1000, "iss": 0.34611859763450203, "lr": 0.0072789537441323385, "ridge": 4.7480197822394035e-09, "seed": 1234, "sr": 0.3226348405474758}}