{"returned_dict": {"loss": 0.9745786467302325, "r2": -52.01422272776356, "status": "ok", "start_time": 1699236464.815149, "duration": 4.232372045516968}, "current_params": {"N": 1000, "iss": 0.26089228108771545, "lr": 0.004924674001327178, "ridge": 2.381485979423505e-09, "seed": 1234, "sr": 0.28962112677540436}}