{"returned_dict": {"loss": 129.32604010626895, "r2": -971738.6923907347, "status": "ok", "start_time": 1699236385.4316459, "duration": 4.242571115493774}, "current_params": {"N": 1000, "iss": 0.007930380864134223, "lr": 0.010013001344096634, "ridge": 6.670195090070217e-06, "seed": 1234, "sr": 3.180379394013653}}