{"returned_dict": {"loss": 13.526523953341268, "r2": -9142.441244128202, "status": "ok", "start_time": 1699235919.0500522, "duration": 4.03200101852417}, "current_params": {"N": 1000, "iss": 0.10821341880663882, "lr": 0.04203563441395582, "ridge": 7.954624964810484e-07, "seed": 1234, "sr": 3.6652347285793745}}