{"returned_dict": {"loss": 14.172129222897548, "r2": -10333.268441717599, "status": "ok", "start_time": 1699236268.828626, "duration": 4.168315172195435}, "current_params": {"N": 1000, "iss": 0.4503628369957513, "lr": 0.03709140133925175, "ridge": 2.6234435504939386e-09, "seed": 1234, "sr": 1.665278509291293}}