{"returned_dict": {"loss": 16.710719210816684, "r2": -14721.801310383764, "status": "ok", "start_time": 1699236251.831125, "duration": 4.123727083206177}, "current_params": {"N": 1000, "iss": 0.9907096740516865, "lr": 0.011152501138346385, "ridge": 4.549840392506736e-07, "seed": 1234, "sr": 1.4037266612887527}}