{"returned_dict": {"loss": 18.440289581387326, "r2": -20317.228305415552, "status": "ok", "start_time": 1699236006.465199, "duration": 4.15460991859436}, "current_params": {"N": 1000, "iss": 0.8383160999911431, "lr": 0.023226759313516834, "ridge": 8.81560223051062e-07, "seed": 1234, "sr": 1.7986325141052368}}