{"returned_dict": {"loss": 2.3875543923322957, "r2": -293.297694522158, "status": "ok", "start_time": 1699236014.698422, "duration": 4.172948122024536}, "current_params": {"N": 1000, "iss": 0.6217356289422551, "lr": 0.0029999570595545273, "ridge": 1.822408392802496e-08, "seed": 1234, "sr": 0.38114750465916947}}