{"returned_dict": {"loss": 2.9930720288054755, "r2": -469.07875236514343, "status": "ok", "start_time": 1699236523.286835, "duration": 4.178085088729858}, "current_params": {"N": 1000, "iss": 0.550070835811614, "lr": 0.005273335540171085, "ridge": 5.04991308123115e-09, "seed": 1234, "sr": 0.39936841111501603}}