{"returned_dict": {"loss": 20.617337561940563, "r2": -24483.91922379231, "status": "ok", "start_time": 1699236018.87291, "duration": 4.138638973236084}, "current_params": {"N": 1000, "iss": 0.8564670839009341, "lr": 0.004666278320192311, "ridge": 0.0005245567335623266, "seed": 1234, "sr": 9.019468988959579}}