{"returned_dict": {"loss": 3.0155842289238897, "r2": -449.4783773620108, "status": "ok", "start_time": 1699236281.27959, "duration": 4.2805140018463135}, "current_params": {"N": 1000, "iss": 0.18619565979686425, "lr": 0.06289522081324313, "ridge": 2.6051918706653142e-08, "seed": 1234, "sr": 7.227207099998132}}