{"returned_dict": {"loss": 4.680708634326986, "r2": -1239.8422447373061, "status": "ok", "start_time": 1699236605.556459, "duration": 4.255215883255005}, "current_params": {"N": 1000, "iss": 0.7111875236481379, "lr": 0.014953523366352292, "ridge": 0.003917533648237141, "seed": 1234, "sr": 1.908865762249811}}