{"returned_dict": {"loss": 403.0116245592512, "r2": -10094176.400421979, "status": "ok", "start_time": 1699236601.288756, "duration": 4.265805244445801}, "current_params": {"N": 1000, "iss": 0.5797760318934376, "lr": 0.001358642199806875, "ridge": 3.1927648709671725e-08, "seed": 1234, "sr": 4.0906546305123515}}