{"returned_dict": {"loss": 5.690649688286391, "r2": -1704.9581006391236, "status": "ok", "start_time": 1699236089.1948879, "duration": 4.133965015411377}, "current_params": {"N": 1000, "iss": 0.9581135333425491, "lr": 0.026802233205999445, "ridge": 0.0008696490633638283, "seed": 1234, "sr": 2.8424339478368448}}