{"returned_dict": {"loss": 56.009594639098275, "r2": -165509.35576407015, "status": "ok", "start_time": 1699235799.467956, "duration": 4.250186920166016}, "current_params": {"N": 1000, "iss": 0.7231479244442287, "lr": 0.021175330384294096, "ridge": 1.3401973668525895e-08, "seed": 1234, "sr": 1.8373084854604944}}