{"returned_dict": {"loss": 0.0008298688331691419, "r2": 0.9999823177857489, "status": "ok", "start_time": 1699367721.127904, "duration": 5.178678035736084}, "current_params": {"N": 500, "iss": 0.06303833013552129, "lr": 0.78809858540449, "ridge": 4.736975168347573e-06, "seed": 5555, "sr": 0.02296603383647484}}