{"returned_dict": {"loss": 0.004930664743849286, "r2": 0.9994942655099485, "status": "ok", "start_time": 1699367828.2024379, "duration": 4.856874942779541}, "current_params": {"N": 500, "iss": 0.1021573706762936, "lr": 0.0027247209799585487, "ridge": 1.0114373593495062e-09, "seed": 5555, "sr": 0.4493165888742699}}