{"returned_dict": {"loss": 0.007224514845018789, "r2": 0.9989302529171035, "status": "ok", "start_time": 1699366717.916254, "duration": 4.818546772003174}, "current_params": {"N": 500, "iss": 0.7044600162750467, "lr": 0.05989081733494548, "ridge": 3.058579821085371e-08, "seed": 5555, "sr": 0.1626795681245935}}