{"returned_dict": {"loss": 0.006845098882882549, "r2": 0.9990698125902678, "status": "ok", "start_time": 1699366876.34188, "duration": 4.643934965133667}, "current_params": {"N": 500, "iss": 0.47860011851145334, "lr": 0.4166356911062447, "ridge": 1.2751646272541625e-05, "seed": 5555, "sr": 0.14848409471568397}}