{"returned_dict": {"loss": 5.152454511004614e-05, "r2": 0.9999999471406751, "status": "ok", "start_time": 1699367664.931307, "duration": 4.6344990730285645}, "current_params": {"N": 500, "iss": 0.31194386522336537, "lr": 0.4601761093027146, "ridge": 1.3157950241056183e-07, "seed": 5555, "sr": 1.0800782436784067}}