{"returned_dict": {"loss": 0.018200748926559113, "r2": 0.9932896147237459, "status": "ok", "start_time": 1699367764.527921, "duration": 5.104013919830322}, "current_params": {"N": 500, "iss": 0.6201350383576978, "lr": 0.007130701686299744, "ridge": 9.475450945546962e-09, "seed": 5555, "sr": 0.7656132960281736}}