{"returned_dict": {"loss": 0.01836909578735972, "r2": 0.9933116732486735, "status": "ok", "start_time": 1699368111.0641952, "duration": 4.929051876068115}, "current_params": {"N": 500, "iss": 0.1758900665549349, "lr": 0.0050134713319033115, "ridge": 1.0167893492063852e-05, "seed": 5555, "sr": 0.2185023179192963}}