{"returned_dict": {"loss": 0.014375991901220209, "r2": 0.9959334915726737, "status": "ok", "start_time": 1699367400.478818, "duration": 5.33646297454834}, "current_params": {"N": 500, "iss": 0.6371089578578937, "lr": 0.026813811448575312, "ridge": 1.2394753758655106e-09, "seed": 5555, "sr": 0.03747978558716274}}