{"returned_dict": {"loss": 0.01908942210702412, "r2": 0.9927821497359148, "status": "ok", "start_time": 1699367285.767667, "duration": 4.482432842254639}, "current_params": {"N": 500, "iss": 0.40735440327681793, "lr": 0.27568095723189284, "ridge": 0.000462329948563324, "seed": 5555, "sr": 0.02786727306368867}}