{"returned_dict": {"loss": 0.025116697103290717, "r2": 0.9875867526759171, "status": "ok", "start_time": 1699367597.5371819, "duration": 5.012202024459839}, "current_params": {"N": 500, "iss": 0.9252782203468204, "lr": 0.026818040062708853, "ridge": 7.673078281627973e-07, "seed": 5555, "sr": 0.08930926502440488}}