{"returned_dict": {"loss": 0.03979516947262699, "r2": 0.9688927433051777, "status": "ok", "start_time": 1699367025.738986, "duration": 4.585446834564209}, "current_params": {"N": 500, "iss": 0.616731567531399, "lr": 0.6954288762234999, "ridge": 0.0061302022177938354, "seed": 5555, "sr": 6.834465647289925}}