{"returned_dict": {"loss": 0.0439011665376289, "r2": 0.9621218062358056, "status": "ok", "start_time": 1699367793.3001459, "duration": 4.787081003189087}, "current_params": {"N": 500, "iss": 0.6958006604848856, "lr": 0.0051941246369474675, "ridge": 2.3110203527036376e-06, "seed": 5555, "sr": 0.07000726789545537}}