{"returned_dict": {"loss": 0.04981403573950092, "r2": 0.9512457009694278, "status": "ok", "start_time": 1699367477.406772, "duration": 4.8468239307403564}, "current_params": {"N": 500, "iss": 0.36454979801819787, "lr": 0.001817436335305465, "ridge": 1.2856827057907244e-05, "seed": 5555, "sr": 0.5391304566113871}}