{"returned_dict": {"loss": 0.04592725978435904, "r2": 0.9585602112033644, "status": "ok", "start_time": 1699367435.110125, "duration": 4.634588956832886}, "current_params": {"N": 500, "iss": 0.629186932886679, "lr": 0.9385365458738638, "ridge": 4.279595777669173e-09, "seed": 5555, "sr": 7.567304757039052}}