{"returned_dict": {"loss": 0.04307254620611384, "r2": 0.9635158422826633, "status": "ok", "start_time": 1699366976.271394, "duration": 4.46945595741272}, "current_params": {"N": 500, "iss": 0.28766435081673314, "lr": 0.0012105913148246156, "ridge": 1.9057127432713242e-07, "seed": 5555, "sr": 0.07964860203040938}}