{"returned_dict": {"loss": 0.057213984415635764, "r2": 0.9356619559917417, "status": "ok", "start_time": 1699368003.2041018, "duration": 4.517237186431885}, "current_params": {"N": 500, "iss": 0.9504194560451357, "lr": 0.02564931417238596, "ridge": 0.008034825137228542, "seed": 5555, "sr": 0.051722661753842894}}