{"returned_dict": {"loss": 0.07124182971630572, "r2": 0.9001160633544076, "status": "ok", "start_time": 1699367817.30653, "duration": 5.439690113067627}, "current_params": {"N": 500, "iss": 0.8076209052640555, "lr": 0.003524852028059342, "ridge": 1.678182047284113e-05, "seed": 5555, "sr": 0.03184366228291153}}