{"returned_dict": {"loss": 0.0748537372575598, "r2": 0.8899456513289418, "status": "ok", "start_time": 1699367416.547978, "duration": 4.645388126373291}, "current_params": {"N": 500, "iss": 0.0026462177202568604, "lr": 0.021333081512378033, "ridge": 0.00025791954558242, "seed": 5555, "sr": 0.011405319213458769}}