{"returned_dict": {"loss": 0.07574682020861359, "r2": 0.8864125218674382, "status": "ok", "start_time": 1699367650.9352808, "duration": 4.608500242233276}, "current_params": {"N": 500, "iss": 0.5686990776372962, "lr": 0.001967007126559129, "ridge": 6.998789250583739e-05, "seed": 5555, "sr": 0.014150287283851684}}