{"returned_dict": {"loss": 0.08820183432771016, "r2": 0.846621794400065, "status": "ok", "start_time": 1699366770.502687, "duration": 4.494740962982178}, "current_params": {"N": 500, "iss": 0.9739479466464522, "lr": 0.0011253563603354569, "ridge": 0.0021883735119396686, "seed": 5555, "sr": 0.04981749804245153}}