{"returned_dict": {"loss": 0.5398749305940779, "r2": -12.45862987117515, "status": "ok", "start_time": 1699366958.1032882, "duration": 4.649354934692383}, "current_params": {"N": 500, "iss": 0.8383160999911431, "lr": 0.023226759313516834, "ridge": 8.81560223051062e-07, "seed": 5555, "sr": 1.7986325141052368}}