{"returned_dict": {"loss": 128.12569455497498, "r2": -339982.9542230757, "status": "ok", "start_time": 1699367635.7568471, "duration": 4.799649715423584}, "current_params": {"N": 500, "iss": 0.6321315812026302, "lr": 0.005129387471264332, "ridge": 1.5801472214708289e-09, "seed": 5555, "sr": 3.402843095812316}}