{"returned_dict": {"loss": 1618.3012185685602, "r2": -55920119.38269172, "status": "ok", "start_time": 1699367448.844553, "duration": 4.667340040206909}, "current_params": {"N": 500, "iss": 0.8468296018182028, "lr": 0.0016562209632395857, "ridge": 7.687566626413539e-08, "seed": 5555, "sr": 6.091700405214507}}