{"returned_dict": {"loss": 19.192872729759976, "r2": -9999.131310201981, "status": "ok", "start_time": 1699366741.2033868, "duration": 4.578425168991089}, "current_params": {"N": 500, "iss": 0.5734609694174653, "lr": 0.0014528929731718976, "ridge": 0.0002509953774283313, "seed": 5555, "sr": 1.4787515437601555}}