{"returned_dict": {"loss": 2359.4551145536875, "r2": -109583234.74257232, "status": "ok", "start_time": 1699367208.427479, "duration": 4.563740968704224}, "current_params": {"N": 500, "iss": 0.4234539619306149, "lr": 0.001055234755253992, "ridge": 2.7873687266175076e-08, "seed": 5555, "sr": 6.700381333753658}}