{"returned_dict": {"loss": 236.75731877875793, "r2": -1146943.1251696984, "status": "ok", "start_time": 1699367486.911237, "duration": 4.930524110794067}, "current_params": {"N": 500, "iss": 0.14075425983870582, "lr": 0.004542545207344772, "ridge": 1.7619615210880348e-09, "seed": 5555, "sr": 9.335710032985542}}