{"returned_dict": {"loss": 287.0958665756359, "r2": -1755804.4802896548, "status": "ok", "start_time": 1699367802.675561, "duration": 4.7402849197387695}, "current_params": {"N": 500, "iss": 0.05175182953202373, "lr": 0.0010043617690336307, "ridge": 8.400629422365181e-08, "seed": 5555, "sr": 1.3416090833176622}}