{"returned_dict": {"loss": 42.92394523390923, "r2": -53397.254139931545, "status": "ok", "start_time": 1699367568.604104, "duration": 4.8271379470825195}, "current_params": {"N": 500, "iss": 0.7444485210599292, "lr": 0.0020459627481612115, "ridge": 1.674497026534218e-08, "seed": 5555, "sr": 1.182082887824895}}