{"returned_dict": {"loss": 0.005861203749643621, "r2": 0.9985409056816567, "status": "ok", "start_time": 1699345549.9757068, "duration": 2.1518731117248535}, "current_params": {"N": 500, "iss": 0.19784990317265738, "lr": 0.31008930988824535, "ridge": 0.00013246781832067779, "seed": 1234, "sr": 0.08438326345409637}}