{"returned_dict": {"loss": 0.00599580575229253, "r2": 0.9984371962294193, "status": "ok", "start_time": 1699345505.969493, "duration": 2.1876659393310547}, "current_params": {"N": 500, "iss": 0.23999648673506557, "lr": 0.14755529525122685, "ridge": 2.191167299174609e-09, "seed": 1234, "sr": 0.023462246374277934}}