{"returned_dict": {"loss": 0.016504002191145187, "r2": 0.988613801101363, "status": "ok", "start_time": 1699345380.0776708, "duration": 2.100487232208252}, "current_params": {"N": 500, "iss": 0.10044612037411704, "lr": 0.07898613150169653, "ridge": 0.005230035728447981, "seed": 1234, "sr": 0.03524277949039688}}