{"returned_dict": {"loss": 0.020641780040666545, "r2": 0.9821288378664376, "status": "ok", "start_time": 1699345329.555159, "duration": 2.302482843399048}, "current_params": {"N": 500, "iss": 0.4183352059788139, "lr": 0.7699157917998888, "ridge": 1.5491027325251184e-06, "seed": 1234, "sr": 1.9933094412983583}}