{"returned_dict": {"loss": 0.03223525691140485, "r2": 0.9565120588861277, "status": "ok", "start_time": 1699345463.953747, "duration": 2.1825478076934814}, "current_params": {"N": 500, "iss": 0.35807336738969764, "lr": 0.8619303140116904, "ridge": 1.0115479045381332e-07, "seed": 1234, "sr": 4.881086179748358}}