{"returned_dict": {"loss": 0.0347721363614329, "r2": 0.9486799555603107, "status": "ok", "start_time": 1699345353.727305, "duration": 2.1010329723358154}, "current_params": {"N": 500, "iss": 0.006972115376929322, "lr": 0.012836594720886324, "ridge": 1.4561222069260244e-09, "seed": 1234, "sr": 0.7794764412014389}}