{"returned_dict": {"loss": 0.03463655389482545, "r2": 0.9497997863161501, "status": "ok", "start_time": 1699345496.8977711, "duration": 2.4719719886779785}, "current_params": {"N": 500, "iss": 0.629186932886679, "lr": 0.9385365458738638, "ridge": 4.279595777669173e-09, "seed": 1234, "sr": 7.567304757039052}}