{"returned_dict": {"loss": 0.035675680726012605, "r2": 0.9462264991410558, "status": "ok", "start_time": 1699192978.173586, "duration": 2.2621922492980957}, "current_params": {"N": 500, "iss": 0.562902674279726, "lr": 0.08451910338656304, "ridge": 2.98495308723598e-07, "seed": 1234, "sr": 0.020489195252075855}}