{"returned_dict": {"loss": 0.04458789495654492, "r2": 0.9168804829825516, "status": "ok", "start_time": 1699193186.3567822, "duration": 2.236515760421753}, "current_params": {"N": 500, "iss": 0.735910449821011, "lr": 0.03687802163588743, "ridge": 0.0019711206562567562, "seed": 1234, "sr": 0.04328771757628488}}