{"returned_dict": {"loss": 0.04712840359266538, "r2": 0.9058512488266879, "status": "ok", "start_time": 1699345320.6864178, "duration": 2.3253791332244873}, "current_params": {"N": 500, "iss": 0.4893385543018618, "lr": 0.02143015081924661, "ridge": 1.1102605111730034e-05, "seed": 1234, "sr": 0.02572013644212619}}