{"returned_dict": {"loss": 0.04488580732357941, "r2": 0.915733924454141, "status": "ok", "start_time": 1699193255.660762, "duration": 2.1758408546447754}, "current_params": {"N": 500, "iss": 0.9097376556056701, "lr": 0.3079726626930137, "ridge": 1.4421411301859244e-07, "seed": 1234, "sr": 5.615522331680127}}