{"returned_dict": {"loss": 0.0499204132500601, "r2": 0.8958243169793972, "status": "ok", "start_time": 1699345358.090764, "duration": 2.1158018112182617}, "current_params": {"N": 500, "iss": 0.9345866417401569, "lr": 0.04017882290811124, "ridge": 0.008848344280085078, "seed": 1234, "sr": 0.014438974945890222}}