{"returned_dict": {"loss": 0.05654260203682732, "r2": 0.8661179871583068, "status": "ok", "start_time": 1699192944.983774, "duration": 2.1769931316375732}, "current_params": {"N": 500, "iss": 0.18640085674470974, "lr": 0.008316425906674767, "ridge": 3.822116394355239e-05, "seed": 1234, "sr": 0.02745813794912951}}