{"returned_dict": {"loss": 0.051079198515115685, "r2": 0.8897514418500715, "status": "ok", "start_time": 1699192933.911154, "duration": 2.174024820327759}, "current_params": {"N": 500, "iss": 0.8644046911873131, "lr": 0.6156368875066843, "ridge": 8.186416440991658e-08, "seed": 1234, "sr": 1.6722388684853167}}