{"returned_dict": {"loss": 0.06322230619075375, "r2": 0.8320921661060264, "status": "ok", "start_time": 1699193123.583956, "duration": 2.495995044708252}, "current_params": {"N": 500, "iss": 0.21506092759674977, "lr": 0.0037871077443508176, "ridge": 7.866367247447239e-05, "seed": 1234, "sr": 0.01969702873562671}}