{"returned_dict": {"loss": 0.07369921965014953, "r2": 0.7580787570553958, "status": "ok", "start_time": 1699192900.716334, "duration": 2.2539007663726807}, "current_params": {"N": 500, "iss": 0.7041340569061305, "lr": 0.02018337832903292, "ridge": 2.3115334421298753e-06, "seed": 1234, "sr": 0.09442721440119983}}