{"returned_dict": {"loss": 0.07742890056735986, "r2": 0.7492502940463832, "status": "ok", "start_time": 1699345536.752295, "duration": 2.182785987854004}, "current_params": {"N": 500, "iss": 0.7681136832661768, "lr": 0.43906883802329827, "ridge": 6.060476940238121e-07, "seed": 1234, "sr": 0.7507802307193081}}