{"returned_dict": {"loss": 0.09366655057063787, "r2": 0.6233213271650199, "status": "ok", "start_time": 1699192971.527703, "duration": 2.201735019683838}, "current_params": {"N": 500, "iss": 0.9903777479356254, "lr": 0.1894882305034404, "ridge": 0.004636302559142713, "seed": 1234, "sr": 1.9577985037865835}}