{"returned_dict": {"loss": 0.1038037443263476, "r2": 0.5480861930719169, "status": "ok", "start_time": 1699345512.56453, "duration": 2.2064859867095947}, "current_params": {"N": 500, "iss": 0.8161326333926638, "lr": 0.07816106311699304, "ridge": 7.358885705656805e-05, "seed": 1234, "sr": 0.8542795536342308}}