{"returned_dict": {"loss": 0.11004541876267411, "r2": 0.4915869250737656, "status": "ok", "start_time": 1699193210.9334972, "duration": 2.2214088439941406}, "current_params": {"N": 500, "iss": 0.9822234508984979, "lr": 0.006521274464604564, "ridge": 0.0030997822726422258, "seed": 1234, "sr": 0.5858648234147782}}