{"returned_dict": {"loss": 0.11497946155842953, "r2": 0.4343059618032398, "status": "ok", "start_time": 1699193293.491081, "duration": 2.177988052368164}, "current_params": {"N": 500, "iss": 0.15890994153775684, "lr": 0.00792332805983459, "ridge": 3.0909972660202036e-06, "seed": 1234, "sr": 0.575269795679041}}