{"returned_dict": {"loss": 0.1295676217931346, "r2": 0.2982216226692757, "status": "ok", "start_time": 1699345290.019935, "duration": 2.2640702724456787}, "current_params": {"N": 500, "iss": 0.06016013465638104, "lr": 0.23962511288825833, "ridge": 0.0007949579169258338, "seed": 1234, "sr": 3.416923934914541}}