{"returned_dict": {"loss": 0.15893235572693587, "r2": -0.05799869248187991, "status": "ok", "start_time": 1699193132.8043368, "duration": 2.306948184967041}, "current_params": {"N": 500, "iss": 0.8493027570387159, "lr": 0.08352474609695261, "ridge": 1.2092867049259064e-08, "seed": 1234, "sr": 0.1521671071513882}}