{"returned_dict": {"loss": 0.20986036960027854, "r2": -0.8459380545390781, "status": "ok", "start_time": 1699345181.087393, "duration": 2.218463897705078}, "current_params": {"N": 500, "iss": 0.9739479466464522, "lr": 0.0011253563603354569, "ridge": 0.0021883735119396686, "seed": 1234, "sr": 0.04981749804245153}}