{"returned_dict": {"loss": 0.2698951892197119, "r2": -2.0673103472182994, "status": "ok", "start_time": 1699345178.9211788, "duration": 2.1646151542663574}, "current_params": {"N": 500, "iss": 0.8820998106981124, "lr": 0.0018473770505347527, "ridge": 1.8622584812397071e-06, "seed": 1234, "sr": 0.015931944006093716}}