{"returned_dict": {"loss": 0.395066853413375, "r2": -6.581023831153888, "status": "ok", "start_time": 1699193322.377332, "duration": 2.2267582416534424}, "current_params": {"N": 500, "iss": 0.5345246533740329, "lr": 0.0016821487193693313, "ridge": 8.527242136552148e-08, "seed": 1234, "sr": 0.016130653781102525}}