{"returned_dict": {"loss": 0.4635693757197914, "r2": -8.029178528810048, "status": "ok", "start_time": 1699193038.5383198, "duration": 2.2688381671905518}, "current_params": {"N": 500, "iss": 0.06694893716285133, "lr": 0.0012469785034749062, "ridge": 8.136540810461886e-08, "seed": 1234, "sr": 0.13504276379966784}}