{"returned_dict": {"loss": 0.58014602119483, "r2": -13.169212110328786, "status": "ok", "start_time": 1699345552.1294458, "duration": 2.1761553287506104}, "current_params": {"N": 500, "iss": 0.8097531217575742, "lr": 0.04708253287367831, "ridge": 9.2648288823008e-08, "seed": 1234, "sr": 7.231920572306449}}