{"returned_dict": {"loss": 0.649991820962278, "r2": -17.06943530408718, "status": "ok", "start_time": 1699345217.8274298, "duration": 2.140679359436035}, "current_params": {"N": 500, "iss": 0.24236535975373574, "lr": 0.06703300913405115, "ridge": 4.2269285080674205e-08, "seed": 1234, "sr": 2.773816181603311}}