{"returned_dict": {"loss": 0.7626514942974786, "r2": -31.910794880271897, "status": "ok", "start_time": 1699345510.391745, "duration": 2.1707770824432373}, "current_params": {"N": 500, "iss": 0.26089228108771545, "lr": 0.004924674001327178, "ridge": 2.381485979423505e-09, "seed": 1234, "sr": 0.28962112677540436}}