{"returned_dict": {"loss": 123.99630010192841, "r2": -652428.5544248302, "status": "ok", "start_time": 1699345421.782589, "duration": 2.2747740745544434}, "current_params": {"N": 500, "iss": 0.5164119610315949, "lr": 0.005362066549925435, "ridge": 5.41731973139421e-08, "seed": 1234, "sr": 1.7053539993996638}}