{"returned_dict": {"loss": 2.6139338348670407, "r2": -319.42235033382934, "status": "ok", "start_time": 1699345274.171223, "duration": 2.2410099506378174}, "current_params": {"N": 500, "iss": 0.6217356289422551, "lr": 0.0029999570595545273, "ridge": 1.822408392802496e-08, "seed": 1234, "sr": 0.38114750465916947}}