{"returned_dict": {"loss": 367.8267147566224, "r2": -6140140.392662379, "status": "ok", "start_time": 1699345371.26353, "duration": 2.329246997833252}, "current_params": {"N": 500, "iss": 0.15399984759321084, "lr": 0.0019431745080725833, "ridge": 6.149769328825335e-07, "seed": 1234, "sr": 8.323301293667457}}