{"returned_dict": {"loss": 37.46001191755409, "r2": -62304.97056462244, "status": "ok", "start_time": 1699345419.608999, "duration": 2.1717870235443115}, "current_params": {"N": 500, "iss": 0.09111729583113959, "lr": 0.019364061327381353, "ridge": 2.8302701017808404e-08, "seed": 1234, "sr": 6.7303288800603305}}