{"returned_dict": {"loss": 44.74020859234043, "r2": -89151.35391740328, "status": "ok", "start_time": 1699345454.8684149, "duration": 2.204954147338867}, "current_params": {"N": 500, "iss": 0.32045037207585336, "lr": 0.013663130602244231, "ridge": 5.368010723935917e-07, "seed": 1234, "sr": 2.6411464130177205}}