{"returned_dict": {"loss": 5.315621086080612, "r2": -1187.4536448951394, "status": "ok", "start_time": 1699192931.6691961, "duration": 2.2406017780303955}, "current_params": {"N": 500, "iss": 0.22424280171073074, "lr": 0.012042080474948267, "ridge": 9.253689703516465e-05, "seed": 1234, "sr": 1.959651331974383}}