{"returned_dict": {"loss": 5.984687277723981, "r2": -1565.023772752754, "status": "ok", "start_time": 1699345224.2623858, "duration": 2.1134982109069824}, "current_params": {"N": 500, "iss": 0.10821341880663882, "lr": 0.04203563441395582, "ridge": 7.954624964810484e-07, "seed": 1234, "sr": 3.6652347285793745}}