{"returned_dict": {"loss": 6.807294453915695, "r2": -1967.066997481582, "status": "ok", "start_time": 1699193135.1129532, "duration": 2.2659237384796143}, "current_params": {"N": 500, "iss": 0.9907096740516865, "lr": 0.011152501138346385, "ridge": 4.549840392506736e-07, "seed": 1234, "sr": 1.4037266612887527}}