{"returned_dict": {"loss": 0.00813420236359382, "r2": 0.9863724206720316, "status": "ok", "start_time": 1699187561.4569879, "duration": 2.229992151260376}, "current_params": {"N": 500, "iss": 0.2298357960090034, "lr": 0.8472268156639914, "ridge": 9.801931216645321e-05, "seed": 1234, "sr": 0.2197712027474747}}