{"returned_dict": {"loss": 0.01651280418333387, "r2": 0.9439188706624133, "status": "ok", "start_time": 1699187841.5100632, "duration": 2.435539960861206}, "current_params": {"N": 500, "iss": 0.46362690696575914, "lr": 0.1556591544481278, "ridge": 0.0003537494244538186, "seed": 1234, "sr": 0.05298748174805132}}