{"returned_dict": {"loss": 0.019792753621096768, "r2": 0.9194469966329785, "status": "ok", "start_time": 1699187869.868865, "duration": 2.724146842956543}, "current_params": {"N": 500, "iss": 0.5252220340132849, "lr": 0.5269856938769655, "ridge": 0.0071301806348985485, "seed": 1234, "sr": 0.12440910427817788}}