{"returned_dict": {"loss": 0.01065381178258907, "r2": 0.9766193353533547, "status": "ok", "start_time": 1699187957.775149, "duration": 2.6865830421447754}, "current_params": {"N": 500, "iss": 0.32792488571889467, "lr": 0.22465500878777248, "ridge": 0.0003014232201482745, "seed": 1234, "sr": 0.09835763510258089}}