{"returned_dict": {"loss": 0.01083150438034855, "r2": 0.9757455298321912, "status": "ok", "start_time": 1699187604.136533, "duration": 2.4553170204162598}, "current_params": {"N": 500, "iss": 0.47860011851145334, "lr": 0.4166356911062447, "ridge": 1.2751646272541625e-05, "seed": 1234, "sr": 0.14848409471568397}}