{"returned_dict": {"loss": 0.016707470726863127, "r2": 0.9425524306182931, "status": "ok", "start_time": 1699187643.4246771, "duration": 2.6042659282684326}, "current_params": {"N": 500, "iss": 0.7077176383000704, "lr": 0.08645762464145056, "ridge": 2.45461325245235e-09, "seed": 1234, "sr": 0.013953269187234588}}