{"returned_dict": {"loss": 0.03645166160344809, "r2": 0.7269785778556316, "status": "ok", "start_time": 1699187992.27562, "duration": 2.2539758682250977}, "current_params": {"N": 500, "iss": 0.49705680256102114, "lr": 0.047125995444646136, "ridge": 0.006057640163977123, "seed": 1234, "sr": 0.02045819673305219}}