{"returned_dict": {"loss": 0.043217569246986796, "r2": 0.6158018595651783, "status": "ok", "start_time": 1699187867.570403, "duration": 2.273829936981201}, "current_params": {"N": 500, "iss": 0.134697453845536, "lr": 0.005584438526231021, "ridge": 0.0021703951793471516, "seed": 1234, "sr": 0.11855799312403709}}