{"returned_dict": {"loss": 0.0652809981795271, "r2": 0.12214062452662877, "status": "ok", "start_time": 1699187859.1181529, "duration": 2.6302261352539062}, "current_params": {"N": 500, "iss": 0.7008147713041682, "lr": 0.005199088611116443, "ridge": 0.0010388211610285532, "seed": 1234, "sr": 0.16300115584611943}}