{"returned_dict": {"loss": 0.41793569181352913, "r2": -35.09328230352424, "status": "ok", "start_time": 1699187732.1047401, "duration": 2.3190829753875732}, "current_params": {"N": 500, "iss": 0.6871632474113247, "lr": 0.0033668417829176823, "ridge": 3.836716623456785e-09, "seed": 1234, "sr": 0.10594870634350116}}