{"returned_dict": {"loss": 0.4936770586978969, "r2": -51.9089003323384, "status": "ok", "start_time": 1699187711.8200278, "duration": 2.7237801551818848}, "current_params": {"N": 500, "iss": 0.11994602555379685, "lr": 0.16859893208998253, "ridge": 6.132193847282312e-09, "seed": 1234, "sr": 2.3297993110223385}}