{"returned_dict": {"loss": 1.0567329303414434, "r2": -229.45979876136653, "status": "ok", "start_time": 1699187952.5483708, "duration": 2.387265205383301}, "current_params": {"N": 500, "iss": 0.550070835811614, "lr": 0.005273335540171085, "ridge": 5.04991308123115e-09, "seed": 1234, "sr": 0.39936841111501603}}