{"returned_dict": {"loss": 174.4029403795847, "r2": -6359145.912055627, "status": "ok", "start_time": 1699187853.211856, "duration": 2.5144591331481934}, "current_params": {"N": 500, "iss": 0.32045037207585336, "lr": 0.013663130602244231, "ridge": 5.368010723935917e-07, "seed": 1234, "sr": 2.6411464130177205}}