{"returned_dict": {"loss": 5.846822413395967, "r2": -7115.819388323657, "status": "ok", "start_time": 1699187591.9036102, "duration": 2.32625675201416}, "current_params": {"N": 500, "iss": 0.49797044830105386, "lr": 0.005473899359991359, "ridge": 0.009737952859572229, "seed": 1234, "sr": 4.574545330611019}}