{"returned_dict": {"loss": 5.9845645758943595, "r2": -7635.525777068145, "status": "ok", "start_time": 1699187550.7258618, "duration": 2.3485450744628906}, "current_params": {"N": 500, "iss": 0.33486009438808095, "lr": 0.004100650502354604, "ridge": 0.008206547427376674, "seed": 1234, "sr": 4.224184001973293}}