{"returned_dict": {"loss": 72.47753464060958, "r2": -1126769.1686412033, "status": "ok", "start_time": 1699187769.068428, "duration": 2.6372978687286377}, "current_params": {"N": 500, "iss": 0.41480029454318923, "lr": 0.005647264982798819, "ridge": 3.627252116587822e-06, "seed": 1234, "sr": 2.1198068680338693}}