{"returned_dict": {"loss": 8.815036342536894, "r2": -16122.656871247098, "status": "ok", "start_time": 1699187700.012609, "duration": 2.2354140281677246}, "current_params": {"N": 500, "iss": 0.9406587057968023, "lr": 0.02207977188453779, "ridge": 0.0007602478909161272, "seed": 1234, "sr": 6.833596167908428}}