{"returned_dict": {"loss": 9.857942963754853, "r2": -20026.326041262964, "status": "ok", "start_time": 1699187827.124694, "duration": 2.324413776397705}, "current_params": {"N": 500, "iss": 0.4016192513767243, "lr": 0.023565820546423054, "ridge": 0.0009341644724743216, "seed": 1234, "sr": 5.987530745926846}}