{"returned_dict": {"loss": 0.04800978938311808, "r2": 0.9619942745323936, "status": "ok", "start_time": 1696853867.4690251, "duration": 2.8013057708740234}, "current_params": {"cell_number": 500, "connectivity": 0.877274949683937, "input_connectivity": 0.2, "input_scaling": 0.997988637096773, "leak_rate": 0.5930045968534589, "noise_rc": 0.04438029874697757, "regularization": 5.710537390907223e-08, "seed": 1234, "spectral_radius": 1.7459748086870097}}