{"returned_dict": {"loss": 0.058536366002551694, "r2": 0.9435009766748416, "status": "ok", "start_time": 1695801028.035603, "duration": 1.6305129528045654}, "current_params": {"cell_number": 500, "connectivity": 0.10531383376239334, "input_connectivity": 0.2, "input_scaling": 0.9213272373873089, "leak_rate": 0.5446032873611226, "noise_rc": 0.02291728105286723, "regularization": 0.034605936448960775, "seed": 1234, "spectral_radius": 1.1747727724200443}}