{"returned_dict": {"loss": 0.11588714390904993, "r2": 0.7785580257751463, "status": "ok", "start_time": 1695801643.963308, "duration": 3.7589659690856934}, "current_params": {"cell_number": 500, "connectivity": 0.6295706293531104, "input_connectivity": 0.2, "input_scaling": 0.1993599986859922, "leak_rate": 0.10543411977655114, "noise_rc": 1.8367518187048072e-05, "regularization": 0.018560550095529732, "seed": 1234, "spectral_radius": 0.3554664959628415}}