{"returned_dict": {"loss": 0.12857356777259774, "r2": 0.8356954622822949, "status": "ok", "start_time": 1697013934.146951, "duration": 7.904150009155273}, "current_params": {"cell_number": 500, "connectivity": 0.7441748232825236, "input_connectivity": 0.2, "input_scaling": 0.14258024657972923, "leak_rate": 0.5516837456874331, "regularization": 4.743314750229007e-07, "seed": 1234, "spectral_radius": 0.1931498404234262}}