{"returned_dict": {"loss": 0.1248273318352716, "r2": 0.7430735591682854, "status": "ok", "start_time": 1695801439.745093, "duration": 2.586197853088379}, "current_params": {"cell_number": 500, "connectivity": 0.7423704358054654, "input_connectivity": 0.2, "input_scaling": 0.8409648339358464, "leak_rate": 0.5884962481555137, "noise_rc": 1.0153098976903324e-05, "regularization": 1.4842077818384117e-06, "seed": 1234, "spectral_radius": 0.07326940168674866}}