{"returned_dict": {"loss": 0.13628600451576206, "r2": 0.8153927782549375, "status": "ok", "start_time": 1697015460.8613608, "duration": 3.725492238998413}, "current_params": {"cell_number": 500, "connectivity": 0.2604203242985834, "input_connectivity": 0.2, "input_scaling": 0.2298357960090034, "leak_rate": 0.8472268156639914, "regularization": 0.0013503464752344582, "seed": 1234, "spectral_radius": 0.2197712027474747}}