{"returned_dict": {"loss": 0.14480008457107463, "r2": 0.7916066777460612, "status": "ok", "start_time": 1697016204.166186, "duration": 6.704331874847412}, "current_params": {"cell_number": 500, "connectivity": 0.5773174633203658, "input_connectivity": 0.2, "input_scaling": 0.9135989958833419, "leak_rate": 0.4700604405485768, "regularization": 7.570824893896947e-07, "seed": 1234, "spectral_radius": 0.02684390359598015}}