{"returned_dict": {"loss": 0.15484161751431333, "r2": 0.7617013586990847, "status": "ok", "start_time": 1697015345.7379992, "duration": 6.299867868423462}, "current_params": {"cell_number": 500, "connectivity": 0.5640885306028749, "input_connectivity": 0.2, "input_scaling": 0.059936189081400526, "leak_rate": 0.38264094967620654, "regularization": 0.00012091818555173699, "seed": 1234, "spectral_radius": 0.07966435869333038}}