{"returned_dict": {"loss": 0.16242677280810613, "r2": 0.7377826654471549, "status": "ok", "start_time": 1697015750.493024, "duration": 3.2621209621429443}, "current_params": {"cell_number": 500, "connectivity": 0.20380323243440646, "input_connectivity": 0.2, "input_scaling": 0.4965873842307338, "leak_rate": 0.31430549026306187, "regularization": 0.005066447113342334, "seed": 1234, "spectral_radius": 0.09169361093299348}}