{"returned_dict": {"loss": 0.18696009825223645, "r2": 0.42364869522811716, "status": "ok", "start_time": 1696853801.963796, "duration": 2.6257569789886475}, "current_params": {"cell_number": 500, "connectivity": 0.7527030805024114, "input_connectivity": 0.2, "input_scaling": 0.31709282902758085, "leak_rate": 0.03955090213372139, "noise_rc": 8.351288688845358e-05, "regularization": 0.03157907163175605, "seed": 1234, "spectral_radius": 0.015928787718820343}}