{"returned_dict": {"loss": 0.19617767258378657, "r2": 0.6174877720685688, "status": "ok", "start_time": 1697014327.0320241, "duration": 4.950458765029907}, "current_params": {"cell_number": 500, "connectivity": 0.4137623217395947, "input_connectivity": 0.2, "input_scaling": 0.8493027570387159, "leak_rate": 0.08352474609695261, "regularization": 3.5194143252304336e-09, "seed": 1234, "spectral_radius": 0.1521671071513882}}