{"returned_dict": {"loss": 0.20997008813893134, "r2": 0.27305042578478456, "status": "ok", "start_time": 1696853851.288384, "duration": 2.7193479537963867}, "current_params": {"cell_number": 500, "connectivity": 0.762411818883553, "input_connectivity": 0.2, "input_scaling": 0.85662073181039, "leak_rate": 0.052863699646660045, "noise_rc": 4.815643874169537e-05, "regularization": 6.907990986345517e-09, "seed": 1234, "spectral_radius": 0.015217119086357022}}