{"returned_dict": {"loss": 0.21099952379422807, "r2": 0.25603862890134077, "status": "ok", "start_time": 1695800454.317612, "duration": 44.45286989212036}, "current_params": {"cell_number": 500, "connectivity": 0.11379626718360714, "input_connectivity": 0.2, "input_scaling": 0.767856397765376, "leak_rate": 0.09020429139714789, "noise_rc": 0.2628046996866247, "regularization": 0.00015892417907944657, "seed": 1234, "spectral_radius": 2.76036316173383}}