{"returned_dict": {"loss": 0.21935397509948332, "r2": 0.5217695938090534, "status": "ok", "start_time": 1697016011.773729, "duration": 7.711267948150635}, "current_params": {"cell_number": 500, "connectivity": 0.7098752476186899, "input_connectivity": 0.2, "input_scaling": 0.10044612037411704, "leak_rate": 0.07898613150169653, "regularization": 0.3961537705749339, "seed": 1234, "spectral_radius": 0.03524277949039688}}