{"returned_dict": {"loss": 0.21908913991352028, "r2": 0.2085360716279745, "status": "ok", "start_time": 1695801689.84052, "duration": 1.5448861122131348}, "current_params": {"cell_number": 500, "connectivity": 0.3207843815099525, "input_connectivity": 0.2, "input_scaling": 0.13246883221646988, "leak_rate": 0.5968080343179536, "noise_rc": 0.0024027673691603855, "regularization": 1.3224680367746245e-06, "seed": 1234, "spectral_radius": 0.08930926502440488}}