{"returned_dict": {"loss": 0.2146777360895952, "r2": 0.541942307696242, "status": "ok", "start_time": 1697014710.016608, "duration": 3.7093470096588135}, "current_params": {"cell_number": 500, "connectivity": 0.24941344005895938, "input_connectivity": 0.2, "input_scaling": 0.7681136832661768, "leak_rate": 0.43906883802329827, "regularization": 9.440820028866004e-07, "seed": 1234, "spectral_radius": 0.7507802307193081}}