{"returned_dict": {"loss": 0.22712374211993633, "r2": 0.48729065006383987, "status": "ok", "start_time": 1697016210.8728871, "duration": 2.4375617504119873}, "current_params": {"cell_number": 500, "connectivity": 0.10416916116237773, "input_connectivity": 0.2, "input_scaling": 0.735910449821011, "leak_rate": 0.03687802163588743, "regularization": 0.09827599320470194, "seed": 1234, "spectral_radius": 0.04328771757628488}}