{"returned_dict": {"loss": 0.2228693047617184, "r2": 0.5063186921856688, "status": "ok", "start_time": 1697016171.0499809, "duration": 4.206892013549805}, "current_params": {"cell_number": 500, "connectivity": 0.3424834966429333, "input_connectivity": 0.2, "input_scaling": 0.9526407636866457, "leak_rate": 0.03942187518677715, "regularization": 0.0027406638088499505, "seed": 1234, "spectral_radius": 0.03600276409094316}}