{"returned_dict": {"loss": 0.2395155269977467, "r2": 0.05407485438746551, "status": "ok", "start_time": 1695800940.598271, "duration": 2.106016159057617}, "current_params": {"cell_number": 500, "connectivity": 0.5526503214842019, "input_connectivity": 0.2, "input_scaling": 0.9511548717715149, "leak_rate": 0.7317139587707566, "noise_rc": 0.00021959566804504203, "regularization": 2.585851458708765e-10, "seed": 1234, "spectral_radius": 0.012708968625748275}}