{"returned_dict": {"loss": 0.25101927102819194, "r2": -0.03897130598561738, "status": "ok", "start_time": 1695801401.84643, "duration": 2.253596067428589}, "current_params": {"cell_number": 500, "connectivity": 0.5686515383048261, "input_connectivity": 0.2, "input_scaling": 0.6244521343506817, "leak_rate": 0.005120269168694165, "noise_rc": 0.0005831595721582753, "regularization": 0.3297799206908107, "seed": 1234, "spectral_radius": 2.3610670815355883}}