{"returned_dict": {"loss": 0.2521885073014407, "r2": 0.36788404915145456, "status": "ok", "start_time": 1697016490.336195, "duration": 8.709210872650146}, "current_params": {"cell_number": 500, "connectivity": 0.7853764543268119, "input_connectivity": 0.2, "input_scaling": 0.3945156093805232, "leak_rate": 0.015128007637960973, "regularization": 1.0091768533707931e-05, "seed": 1234, "spectral_radius": 0.012260384608014823}}