{"returned_dict": {"loss": 0.2795696473040422, "r2": -0.2887523272950807, "status": "ok", "start_time": 1696853795.9162712, "duration": 3.3362879753112793}, "current_params": {"cell_number": 500, "connectivity": 0.9693984603553304, "input_connectivity": 0.2, "input_scaling": 0.25327991034903474, "leak_rate": 0.022345298550662918, "noise_rc": 0.0004493963337749728, "regularization": 1.3856909929476154e-09, "seed": 1234, "spectral_radius": 0.05016138018026818}}