{"returned_dict": {"loss": 0.28881479511612396, "r2": 0.1709417574234443, "status": "ok", "start_time": 1697016474.844384, "duration": 7.031032085418701}, "current_params": {"cell_number": 500, "connectivity": 0.6513621345833851, "input_connectivity": 0.2, "input_scaling": 0.6913380290583117, "leak_rate": 0.7766456097348572, "regularization": 0.11865509880399472, "seed": 1234, "spectral_radius": 3.382940283445415}}