{"returned_dict": {"loss": 0.3260927472738101, "r2": -0.7533624631225514, "status": "ok", "start_time": 1696853956.808172, "duration": 3.340970039367676}, "current_params": {"cell_number": 500, "connectivity": 0.9756774165083524, "input_connectivity": 0.2, "input_scaling": 0.7020028225885827, "leak_rate": 0.07718995693978466, "noise_rc": 0.8996742985627918, "regularization": 7.980019068124745e-10, "seed": 1234, "spectral_radius": 7.567304757039052}}