{"returned_dict": {"loss": 0.3606636454064957, "r2": -0.2928582268424953, "status": "ok", "start_time": 1697016252.120071, "duration": 7.822493076324463}, "current_params": {"cell_number": 500, "connectivity": 0.7126580174444501, "input_connectivity": 0.2, "input_scaling": 0.134697453845536, "leak_rate": 0.005584438526231021, "regularization": 0.11277122778088225, "seed": 1234, "spectral_radius": 0.11855799312403709}}