{"returned_dict": {"loss": 0.3843696613866671, "r2": -0.4683999788287774, "status": "ok", "start_time": 1697016193.740785, "duration": 10.423309087753296}, "current_params": {"cell_number": 500, "connectivity": 0.9850153638393628, "input_connectivity": 0.2, "input_scaling": 0.975796083487275, "leak_rate": 0.36345335286724006, "regularization": 4.038639617804753e-07, "seed": 1234, "spectral_radius": 3.928074544493676}}