{"returned_dict": {"loss": 0.4177218654173884, "r2": -1.8771588679014524, "status": "ok", "start_time": 1695801046.581462, "duration": 1.2462589740753174}, "current_params": {"cell_number": 500, "connectivity": 0.1375536547789583, "input_connectivity": 0.2, "input_scaling": 0.20380323243440646, "leak_rate": 0.030886034533500646, "noise_rc": 0.14529587303906402, "regularization": 0.005066447113342334, "seed": 1234, "spectral_radius": 0.09169361093299348}}