{"returned_dict": {"loss": 0.45049568852320193, "r2": -2.3463449200870756, "status": "ok", "start_time": 1695801318.139744, "duration": 1.2287039756774902}, "current_params": {"cell_number": 500, "connectivity": 0.1337815324371172, "input_connectivity": 0.2, "input_scaling": 0.775705218812491, "leak_rate": 0.02197016877687242, "noise_rc": 0.18917101074831, "regularization": 0.004328720204273629, "seed": 1234, "spectral_radius": 0.02348225301745763}}