{"returned_dict": {"loss": 0.511956452987387, "r2": -3.32170848075704, "status": "ok", "start_time": 1696853865.2504902, "duration": 0.7554388046264648}, "current_params": {"cell_number": 500, "connectivity": 0.02808544731100615, "input_connectivity": 0.2, "input_scaling": 0.1824851725359038, "leak_rate": 0.30388384177231587, "noise_rc": 0.0004047667456306992, "regularization": 4.740209454732801e-08, "seed": 1234, "spectral_radius": 2.9579435824398614}}