{"returned_dict": {"loss": 0.6436632277509042, "r2": -5.831354502256505, "status": "ok", "start_time": 1695800933.8763552, "duration": 2.672639846801758}, "current_params": {"cell_number": 500, "connectivity": 0.7375817486746217, "input_connectivity": 0.2, "input_scaling": 0.13981015914424932, "leak_rate": 0.010255083898098764, "noise_rc": 0.054976724966398285, "regularization": 0.0199938451269659, "seed": 1234, "spectral_radius": 0.015590519612759524}}