{"returned_dict": {"loss": 0.7350357780769173, "r2": -7.9085369046918546, "status": "ok", "start_time": 1696853897.5177221, "duration": 1.3847219944000244}, "current_params": {"cell_number": 500, "connectivity": 0.3010697251975012, "input_connectivity": 0.2, "input_scaling": 0.9712911676353799, "leak_rate": 0.03912640947562988, "noise_rc": 0.0005239870649047317, "regularization": 0.2780970358343852, "seed": 1234, "spectral_radius": 7.505573307332538}}