{"returned_dict": {"loss": 0.9241984070749026, "r2": -7.489392212868186, "status": "ok", "start_time": 1697016275.127978, "duration": 5.749608755111694}, "current_params": {"cell_number": 500, "connectivity": 0.5115916562816185, "input_connectivity": 0.2, "input_scaling": 0.9822234508984979, "leak_rate": 0.006521274464604564, "regularization": 0.1876420944129833, "seed": 1234, "spectral_radius": 0.5858648234147782}}