{"returned_dict": {"loss": 1.1025497102836095, "r2": -11.08210279073968, "status": "ok", "start_time": 1697015456.759447, "duration": 4.100055932998657}, "current_params": {"cell_number": 500, "connectivity": 0.34926509662388205, "input_connectivity": 0.2, "input_scaling": 0.4171626881853736, "leak_rate": 0.002422315386294973, "regularization": 0.03151731874486191, "seed": 1234, "spectral_radius": 0.0544052294998603}}