{"returned_dict": {"loss": 1.4341558885263197, "r2": -19.442729788124733, "status": "ok", "start_time": 1697016430.572331, "duration": 2.960455894470215}, "current_params": {"cell_number": 500, "connectivity": 0.1597650921474546, "input_connectivity": 0.2, "input_scaling": 0.61465928198713, "leak_rate": 0.01646090380035458, "regularization": 8.518151509220256e-05, "seed": 1234, "spectral_radius": 0.6672376898037004}}