{"returned_dict": {"loss": 107.59865198989884, "r2": -115068.39461142135, "status": "ok", "start_time": 1697015858.4212081, "duration": 9.567431926727295}, "current_params": {"cell_number": 500, "connectivity": 0.8974761737950306, "input_connectivity": 0.2, "input_scaling": 0.8328177066055172, "leak_rate": 0.026162881037661297, "regularization": 3.5659116531236726e-07, "seed": 1234, "spectral_radius": 2.3820731800209316}}