{"returned_dict": {"loss": 2.3792571943627365, "r2": -55.26378563026112, "status": "ok", "start_time": 1697015796.963844, "duration": 6.949409008026123}, "current_params": {"cell_number": 500, "connectivity": 0.6244521343506817, "input_connectivity": 0.2, "input_scaling": 0.23643093070326449, "leak_rate": 0.01146759760328504, "regularization": 0.3297799206908107, "seed": 1234, "spectral_radius": 2.3610670815355883}}