{"returned_dict": {"loss": 2.4395583918663464, "r2": -58.151886853253195, "status": "ok", "start_time": 1697014088.938316, "duration": 9.05977177619934}, "current_params": {"cell_number": 500, "connectivity": 0.8044833810961726, "input_connectivity": 0.2, "input_scaling": 0.9581135333425491, "leak_rate": 0.026802233205999445, "regularization": 0.030533542270591577, "seed": 1234, "spectral_radius": 2.8424339478368448}}