{"returned_dict": {"loss": 201.73441454526736, "r2": -404487.4749929032, "status": "ok", "start_time": 1697013816.541322, "duration": 8.231014251708984}, "current_params": {"cell_number": 500, "connectivity": 0.7492087303496178, "input_connectivity": 0.2, "input_scaling": 0.24236535975373574, "leak_rate": 0.06703300913405115, "regularization": 2.1032588152458365e-08, "seed": 1234, "spectral_radius": 2.773816181603311}}