{"returned_dict": {"loss": 22.701952415965295, "r2": -8496.982717623649, "status": "ok", "start_time": 1695801563.908923, "duration": 1.7704339027404785}, "current_params": {"cell_number": 500, "connectivity": 0.4306477862928544, "input_connectivity": 0.2, "input_scaling": 0.6710488599314507, "leak_rate": 0.009148525779926408, "noise_rc": 0.0007808789205817366, "regularization": 7.938407570833539e-07, "seed": 1234, "spectral_radius": 2.6411464130177205}}