{"returned_dict": {"loss": 24.86761833292262, "r2": -6145.311314209938, "status": "ok", "start_time": 1697015361.464461, "duration": 4.307806015014648}, "current_params": {"cell_number": 500, "connectivity": 0.33816558149537235, "input_connectivity": 0.2, "input_scaling": 0.34611859763450203, "leak_rate": 0.0072789537441323385, "regularization": 9.256492567853924e-10, "seed": 1234, "spectral_radius": 0.3226348405474758}}