{"returned_dict": {"loss": 4.6108099214180065, "r2": -349.54506981392836, "status": "ok", "start_time": 1695800966.0042088, "duration": 1.1417152881622314}, "current_params": {"cell_number": 500, "connectivity": 0.06724112974357166, "input_connectivity": 0.2, "input_scaling": 0.9686173459430392, "leak_rate": 0.004706828832454976, "noise_rc": 0.0006326582979876475, "regularization": 0.0012437572289068289, "seed": 1234, "spectral_radius": 1.959651331974383}}