{"returned_dict": {"loss": 497.29785286930206, "r2": -2457984.607397559, "status": "ok", "start_time": 1697013843.7480829, "duration": 2.9541871547698975}, "current_params": {"cell_number": 500, "connectivity": 0.17645698113737618, "input_connectivity": 0.2, "input_scaling": 0.34711880645906334, "leak_rate": 0.0017068361591199817, "regularization": 2.7592910665712708e-06, "seed": 1234, "spectral_radius": 0.7839491567314942}}