{"returned_dict": {"loss": 5.843988047823392, "r2": -338.4413964176502, "status": "ok", "start_time": 1697016580.585737, "duration": 9.649115085601807}, "current_params": {"cell_number": 500, "connectivity": 0.9063706486041464, "input_connectivity": 0.2, "input_scaling": 0.40978014885751834, "leak_rate": 0.003188301860373708, "regularization": 9.564079844499153e-09, "seed": 1234, "spectral_radius": 0.050704131972421025}}