{"returned_dict": {"loss": 5976.354835859031, "r2": -354992286.24846125, "status": "ok", "start_time": 1697015608.609531, "duration": 8.11618709564209}, "current_params": {"cell_number": 500, "connectivity": 0.7423288590243644, "input_connectivity": 0.2, "input_scaling": 0.6659350740516974, "leak_rate": 0.0068663941226196155, "regularization": 2.2001945281497216e-09, "seed": 1234, "spectral_radius": 2.2553242781758827}}