{"returned_dict": {"loss": 7.8737847257407845, "r2": -615.1880062586861, "status": "ok", "start_time": 1697015730.078339, "duration": 5.384025812149048}, "current_params": {"cell_number": 500, "connectivity": 0.4452755559377749, "input_connectivity": 0.2, "input_scaling": 0.8564670839009341, "leak_rate": 0.004666278320192311, "regularization": 0.01482969075402949, "seed": 1234, "spectral_radius": 9.019468988959579}}