{"returned_dict": {"loss": 714.5993469337419, "r2": -5075412.111223013, "status": "ok", "start_time": 1697014390.182697, "duration": 4.543684959411621}, "current_params": {"cell_number": 500, "connectivity": 0.3866038857919425, "input_connectivity": 0.2, "input_scaling": 0.5164119610315949, "leak_rate": 0.005362066549925435, "regularization": 2.998022963320827e-08, "seed": 1234, "spectral_radius": 1.7053539993996638}}