{"returned_dict": {"loss": 81.68732068342035, "r2": -66320.67261529654, "status": "ok", "start_time": 1697015758.0390332, "duration": 7.370680809020996}, "current_params": {"cell_number": 500, "connectivity": 0.6860045106698172, "input_connectivity": 0.2, "input_scaling": 0.4318098058036459, "leak_rate": 0.012600442759985371, "regularization": 3.4387681641994578e-06, "seed": 1234, "spectral_radius": 7.954497739510178}}