{"returned_dict": {"loss": 0.0008397312450397716, "r2": 0.9999644318225821, "status": "ok", "start_time": 1699235782.543958, "duration": 4.35750412940979}, "current_params": {"N": 1000, "iss": 0.059936189081400526, "lr": 0.38264094967620654, "ridge": 1.8102732550311867e-05, "seed": 1234, "sr": 0.07966435869333038}}