{"returned_dict": {"loss": 0.004580212442056545, "r2": 0.9989577688314982, "status": "ok", "start_time": 1699235994.07126, "duration": 4.109327077865601}, "current_params": {"N": 1000, "iss": 0.20874949204266458, "lr": 0.07729401267577381, "ridge": 5.55904979401799e-05, "seed": 1234, "sr": 0.21210441974152222}}