{"returned_dict": {"loss": 0.01705320080505576, "r2": 0.9854559433387781, "status": "ok", "start_time": 1699235985.757542, "duration": 4.227138042449951}, "current_params": {"N": 1000, "iss": 0.892885997800422, "lr": 0.49981993643396744, "ridge": 3.2585212389411373e-07, "seed": 1234, "sr": 0.13073371451589708}}