{"returned_dict": {"loss": 0.018264556076261457, "r2": 0.983461011218612, "status": "ok", "start_time": 1699235890.298781, "duration": 4.2025861740112305}, "current_params": {"N": 1000, "iss": 0.44727779774125975, "lr": 0.36822455888750405, "ridge": 0.0002215397496700079, "seed": 1234, "sr": 0.02348225301745763}}