{"returned_dict": {"loss": 0.022321649171238463, "r2": 0.9753436472471396, "status": "ok", "start_time": 1699236214.270879, "duration": 4.092180967330933}, "current_params": {"N": 1000, "iss": 0.10044612037411704, "lr": 0.07898613150169653, "ridge": 0.005230035728447981, "seed": 1234, "sr": 0.03524277949039688}}