{"returned_dict": {"loss": 0.02594089495684616, "r2": 0.9666791006172669, "status": "ok", "start_time": 1699236536.093625, "duration": 4.3961169719696045}, "current_params": {"N": 1000, "iss": 0.6913380290583117, "lr": 0.7766456097348572, "ridge": 0.0022490571107960764, "seed": 1234, "sr": 3.382940283445415}}