{"returned_dict": {"loss": 0.029251115394519692, "r2": 0.9576593466168877, "status": "ok", "start_time": 1699236402.1238558, "duration": 4.302446126937866}, "current_params": {"N": 1000, "iss": 0.2752328727257135, "lr": 0.062196381712238125, "ridge": 0.0015831477712927589, "seed": 1234, "sr": 0.011423076308344373}}