{"returned_dict": {"loss": 0.02020285249810184, "r2": 0.9797925259097546, "status": "ok", "start_time": 1699236381.179529, "duration": 4.25042724609375}, "current_params": {"N": 1000, "iss": 0.5252220340132849, "lr": 0.5269856938769655, "ridge": 0.0071301806348985485, "seed": 1234, "sr": 0.12440910427817788}}