{"returned_dict": {"loss": 0.03865112968916851, "r2": 0.9260561908542858, "status": "ok", "start_time": 1699235882.091559, "duration": 4.04874587059021}, "current_params": {"N": 1000, "iss": 0.08315064051214127, "lr": 0.934961690273177, "ridge": 1.4389924675211044e-08, "seed": 1234, "sr": 2.4229663969229636}}