{"returned_dict": {"loss": 0.03986075325230793, "r2": 0.9213754861958483, "status": "ok", "start_time": 1699236592.728278, "duration": 4.164942264556885}, "current_params": {"N": 1000, "iss": 0.49705680256102114, "lr": 0.047125995444646136, "ridge": 0.006057640163977123, "seed": 1234, "sr": 0.02045819673305219}}