{"returned_dict": {"loss": 0.04981564520701787, "r2": 0.8727266575550354, "status": "ok", "start_time": 1699236035.3250198, "duration": 4.173797130584717}, "current_params": {"N": 1000, "iss": 0.7714539695031645, "lr": 0.16766766519886953, "ridge": 1.2968971939683203e-07, "seed": 1234, "sr": 0.28327116807958513}}