{"returned_dict": {"loss": 0.04642508085482475, "r2": 0.8933310371588764, "status": "ok", "start_time": 1699236327.121713, "duration": 4.3081042766571045}, "current_params": {"N": 1000, "iss": 0.9526407636866457, "lr": 0.03942187518677715, "ridge": 0.00016087888046694687, "seed": 1234, "sr": 0.03600276409094316}}