{"returned_dict": {"loss": 0.057603506664165194, "r2": 0.8255893876478785, "status": "ok", "start_time": 1699236514.655551, "duration": 4.1212990283966064}, "current_params": {"N": 1000, "iss": 0.7681136832661768, "lr": 0.43906883802329827, "ridge": 6.060476940238121e-07, "seed": 1234, "sr": 0.7507802307193081}}