{"returned_dict": {"loss": 0.050257689576040966, "r2": 0.875004616275563, "status": "ok", "start_time": 1699236181.1042619, "duration": 4.015188217163086}, "current_params": {"N": 1000, "iss": 0.20923040118546266, "lr": 0.0077355403142878795, "ridge": 0.0023425261581026765, "seed": 1234, "sr": 0.026761175701104346}}