{"returned_dict": {"loss": 0.07417081400295185, "r2": 0.7258967822512442, "status": "ok", "start_time": 1699236584.18662, "duration": 4.271773099899292}, "current_params": {"N": 1000, "iss": 0.9252782203468204, "lr": 0.026818040062708853, "ridge": 7.673078281627973e-07, "seed": 1234, "sr": 0.08930926502440488}}