{"returned_dict": {"loss": 0.11797309223417128, "r2": 0.3066924420979582, "status": "ok", "start_time": 1699235948.3867772, "duration": 4.098403692245483}, "current_params": {"N": 1000, "iss": 0.9903777479356254, "lr": 0.1894882305034404, "ridge": 0.004636302559142713, "seed": 1234, "sr": 1.9577985037865835}}