{"returned_dict": {"loss": 0.15598245986072054, "r2": -0.205597832084469, "status": "ok", "start_time": 1699236460.56935, "duration": 4.24407696723938}, "current_params": {"N": 1000, "iss": 0.5315682009230276, "lr": 0.1775950750495892, "ridge": 0.0002207334426427236, "seed": 1234, "sr": 6.954268155528048}}