{"returned_dict": {"loss": 0.1556024591132685, "r2": -0.20257029584796893, "status": "ok", "start_time": 1699235837.00706, "duration": 4.037872076034546}, "current_params": {"N": 1000, "iss": 0.9739479466464522, "lr": 0.0011253563603354569, "ridge": 0.0021883735119396686, "seed": 1234, "sr": 0.04981749804245153}}