{"returned_dict": {"loss": 0.20795012681949612, "r2": -1.1436733236795569, "status": "ok", "start_time": 1699236506.457024, "duration": 4.125919818878174}, "current_params": {"N": 1000, "iss": 0.61465928198713, "lr": 0.01646090380035458, "ridge": 1.416582108410998e-05, "seed": 1234, "sr": 0.6672376898037004}}