{"returned_dict": {"loss": 0.26074395303970216, "r2": -2.512734935838603, "status": "ok", "start_time": 1699236164.572695, "duration": 4.067843198776245}, "current_params": {"N": 1000, "iss": 0.006972115376929322, "lr": 0.012836594720886324, "ridge": 1.4561222069260244e-09, "seed": 1234, "sr": 0.7794764412014389}}