{"returned_dict": {"loss": 0.29545353280350384, "r2": -3.3258212185559386, "status": "ok", "start_time": 1699236226.7564821, "duration": 4.191874027252197}, "current_params": {"N": 1000, "iss": 0.5743858512665214, "lr": 0.0025679857977144393, "ridge": 1.9388590294899276e-08, "seed": 1234, "sr": 0.015217119086357022}}