{"returned_dict": {"loss": 0.3565135848249425, "r2": -6.170393592828503, "status": "ok", "start_time": 1699236614.013363, "duration": 4.354002952575684}, "current_params": {"N": 1000, "iss": 0.40978014885751834, "lr": 0.003188301860373708, "ridge": 2.4347267941306313e-08, "seed": 1234, "sr": 0.050704131972421025}}