{"returned_dict": {"loss": 0.96182939123493, "r2": -46.849846519523446, "status": "ok", "start_time": 1699235964.947635, "duration": 4.145301103591919}, "current_params": {"N": 1000, "iss": 0.45903012586393255, "lr": 0.008993216326780393, "ridge": 3.098662816361876e-05, "seed": 1234, "sr": 1.038057705082271}}