{"returned_dict": {"loss": 11.509089199770306, "r2": -6562.062197132566, "status": "ok", "start_time": 1699235969.09432, "duration": 4.1014628410339355}, "current_params": {"N": 1000, "iss": 0.04455656901228233, "lr": 0.01935540965604909, "ridge": 0.0004870385305496401, "seed": 1234, "sr": 4.425195681471678}}