{"returned_dict": {"loss": 149.1492395651675, "r2": -1323331.3634287878, "status": "ok", "start_time": 1699236084.974891, "duration": 4.21834921836853}, "current_params": {"N": 1000, "iss": 0.43901115116076694, "lr": 0.003493503890213215, "ridge": 1.2096638409130587e-06, "seed": 1234, "sr": 5.1267595669393975}}