{"returned_dict": {"loss": 4.027466900281991, "r2": -809.3308392960203, "status": "ok", "start_time": 1699236310.677554, "duration": 4.032402276992798}, "current_params": {"N": 1000, "iss": 0.4016192513767243, "lr": 0.023565820546423054, "ridge": 0.0009341644724743216, "seed": 1234, "sr": 5.987530745926846}}