{"returned_dict": {"loss": 42.89467554605312, "r2": -124396.45276870385, "status": "ok", "start_time": 1699235824.561449, "duration": 4.12987208366394}, "current_params": {"N": 1000, "iss": 0.30780459889893874, "lr": 0.0020629649586181636, "ridge": 1.807451674082109e-05, "seed": 1234, "sr": 2.2042634577971216}}