{"returned_dict": {"loss": 5.831715884338204, "r2": -1948.6177807079573, "status": "ok", "start_time": 1699236076.7539442, "duration": 4.157628774642944}, "current_params": {"N": 1000, "iss": 0.14796761127746416, "lr": 0.0013818551895319936, "ridge": 1.9194269720339747e-07, "seed": 1234, "sr": 0.5693766752526698}}