{"returned_dict": {"loss": 50.35343077874239, "r2": -144484.7904583676, "status": "ok", "start_time": 1699236447.946419, "duration": 4.2053070068359375}, "current_params": {"N": 1000, "iss": 0.6029258260507978, "lr": 0.012445144152847186, "ridge": 2.3571184655130715e-07, "seed": 1234, "sr": 9.272462266637495}}