{"returned_dict": {"loss": 674.4128653749464, "r2": -24345455.417880744, "status": "ok", "start_time": 1699236485.673046, "duration": 4.269268989562988}, "current_params": {"N": 1000, "iss": 0.14075425983870582, "lr": 0.004542545207344772, "ridge": 1.7619615210880348e-09, "seed": 1234, "sr": 9.335710032985542}}