{"returned_dict": {"loss": 676.6598105530863, "r2": -24404173.37531337, "status": "ok", "start_time": 1699235944.17501, "duration": 4.210231065750122}, "current_params": {"N": 1000, "iss": 0.6659350740516974, "lr": 0.0068663941226196155, "ridge": 8.704077638470982e-09, "seed": 1234, "sr": 2.2553242781758827}}