{"returned_dict": {"loss": 7.892515540006646, "r2": -3113.822827367088, "status": "ok", "start_time": 1699235906.723207, "duration": 4.100823879241943}, "current_params": {"N": 1000, "iss": 0.24236535975373574, "lr": 0.06703300913405115, "ridge": 4.2269285080674205e-08, "seed": 1234, "sr": 2.773816181603311}}