{"returned_dict": {"loss": 0.024660352063822572, "r2": 0.9939545754400879, "status": "ok", "start_time": 1697090194.863683, "duration": 2.983597993850708}, "current_params": {"cell_number": 500, "connectivity": 0.18876119744753928, "input_connectivity": 0.2, "input_scaling": 0.9655801894967717, "leak_rate": 0.5494681828865383, "regularization": 2.7043659965391906e-10, "seed": 1234, "spectral_radius": 0.01418389479892628}}