{"returned_dict": {"loss": 0.02162079572356378, "r2": 0.9953530113895478, "status": "ok", "start_time": 1697090442.5569558, "duration": 8.896125316619873}, "current_params": {"cell_number": 500, "connectivity": 0.8407195303963584, "input_connectivity": 0.2, "input_scaling": 0.794303432239716, "leak_rate": 0.7725304602957936, "regularization": 1.090530587047893e-07, "seed": 1234, "spectral_radius": 0.026191894186955052}}