{"returned_dict": {"loss": 0.03926235366034061, "r2": 0.9846756902285095, "status": "ok", "start_time": 1697092114.803328, "duration": 8.828047752380371}, "current_params": {"cell_number": 500, "connectivity": 0.775705218812491, "input_connectivity": 0.2, "input_scaling": 0.44727779774125975, "leak_rate": 0.36822455888750405, "regularization": 0.004328720204273629, "seed": 1234, "spectral_radius": 0.02348225301745763}}