{"returned_dict": {"loss": 0.0370798481797826, "r2": 0.9863320256347435, "status": "ok", "start_time": 1697090549.631736, "duration": 2.096540927886963}, "current_params": {"cell_number": 500, "connectivity": 0.017014961028916198, "input_connectivity": 0.2, "input_scaling": 0.5458161363201689, "leak_rate": 0.1927391235133893, "regularization": 1.5886770165152163e-08, "seed": 1234, "spectral_radius": 0.017275455370965257}}