{"returned_dict": {"loss": 0.04116087822021971, "r2": 0.9831578501984303, "status": "ok", "start_time": 1697089875.521697, "duration": 9.3924880027771}, "current_params": {"cell_number": 500, "connectivity": 0.8834477140258491, "input_connectivity": 0.2, "input_scaling": 0.8967736623178844, "leak_rate": 0.1298405957476471, "regularization": 2.462541943224371e-09, "seed": 1234, "spectral_radius": 0.3105316802728771}}