{"returned_dict": {"loss": 0.0531936794806957, "r2": 0.9718713865299528, "status": "ok", "start_time": 1697022706.7589529, "duration": 2.721248149871826}, "current_params": {"cell_number": 500, "connectivity": 0.14686768280860274, "input_connectivity": 0.2, "input_scaling": 0.6914803299511233, "leak_rate": 0.4989873629451257, "regularization": 0.03219304645972466, "seed": 1234, "spectral_radius": 0.014411455273543402}}