{"returned_dict": {"loss": 0.08773714882175364, "r2": 0.9234764172147113, "status": "ok", "start_time": 1697090420.773015, "duration": 3.457166910171509}, "current_params": {"cell_number": 500, "connectivity": 0.21346818329226114, "input_connectivity": 0.2, "input_scaling": 0.5923323236902225, "leak_rate": 0.09414420070801902, "regularization": 0.06322002578990969, "seed": 1234, "spectral_radius": 0.13317912806568327}}