{"returned_dict": {"loss": 0.12493722234004175, "r2": 0.8448285017062044, "status": "ok", "start_time": 1697093122.8850088, "duration": 7.433296203613281}, "current_params": {"cell_number": 500, "connectivity": 0.6513621345833851, "input_connectivity": 0.2, "input_scaling": 0.6913380290583117, "leak_rate": 0.7766456097348572, "regularization": 0.11865509880399472, "seed": 1234, "spectral_radius": 3.382940283445415}}