{"returned_dict": {"loss": 0.1545926330729534, "r2": 0.7624222037240186, "status": "ok", "start_time": 1697093086.1053572, "duration": 7.573870658874512}, "current_params": {"cell_number": 500, "connectivity": 0.6493661855574507, "input_connectivity": 0.2, "input_scaling": 0.9212495214371952, "leak_rate": 0.03495869536083056, "regularization": 0.00018179005130328904, "seed": 1234, "spectral_radius": 0.01769587598402526}}