{"returned_dict": {"loss": 0.15147534312839597, "r2": 0.7719068983245411, "status": "ok", "start_time": 1697091977.916061, "duration": 7.461740016937256}, "current_params": {"cell_number": 500, "connectivity": 0.6527697803642539, "input_connectivity": 0.2, "input_scaling": 0.7041340569061305, "leak_rate": 0.02018337832903292, "regularization": 6.391042228128516e-06, "seed": 1234, "spectral_radius": 0.09442721440119983}}