{"returned_dict": {"loss": 0.15382587131893086, "r2": 0.7664460277279798, "status": "ok", "start_time": 1697018796.493523, "duration": 6.1681671142578125}, "current_params": {"cell_number": 500, "connectivity": 0.5640885306028749, "input_connectivity": 0.2, "input_scaling": 0.059936189081400526, "leak_rate": 0.38264094967620654, "regularization": 0.00012091818555173699, "seed": 1234, "spectral_radius": 0.07966435869333038}}