{"returned_dict": {"loss": 0.1720939329540351, "r2": 0.7076792728190343, "status": "ok", "start_time": 1697019455.653821, "duration": 4.037650108337402}, "current_params": {"cell_number": 500, "connectivity": 0.3515763171084605, "input_connectivity": 0.2, "input_scaling": 0.9228386144334726, "leak_rate": 0.10752060708924599, "regularization": 2.2430710468520296e-06, "seed": 1234, "spectral_radius": 0.3157133897830133}}