{"returned_dict": {"loss": 0.1898496837981671, "r2": 0.6442472655452225, "status": "ok", "start_time": 1697019423.215552, "duration": 10.296066045761108}, "current_params": {"cell_number": 500, "connectivity": 0.9924515307305514, "input_connectivity": 0.2, "input_scaling": 0.347012423797356, "leak_rate": 0.09201940994765088, "regularization": 7.251161834674597e-05, "seed": 1234, "spectral_radius": 0.03414048410383786}}