{"returned_dict": {"loss": 0.21649114797974703, "r2": 0.5373966458301835, "status": "ok", "start_time": 1697019159.864875, "duration": 8.04623293876648}, "current_params": {"cell_number": 500, "connectivity": 0.7052769825556632, "input_connectivity": 0.2, "input_scaling": 0.04057815748077798, "leak_rate": 0.048306005915739574, "regularization": 0.033100156822081436, "seed": 1234, "spectral_radius": 1.0784585589734712}}