{"returned_dict": {"loss": 0.22273674410643327, "r2": 0.5103201599505471, "status": "ok", "start_time": 1697019600.6876001, "duration": 4.06365180015564}, "current_params": {"cell_number": 500, "connectivity": 0.3424834966429333, "input_connectivity": 0.2, "input_scaling": 0.9526407636866457, "leak_rate": 0.03942187518677715, "regularization": 0.0027406638088499505, "seed": 1234, "spectral_radius": 0.03600276409094316}}