{"returned_dict": {"loss": 0.22303273928711054, "r2": 0.5059636617944329, "status": "ok", "start_time": 1697021801.3389802, "duration": 9.527848958969116}, "current_params": {"cell_number": 500, "connectivity": 0.8187589146640493, "input_connectivity": 0.2, "input_scaling": 0.3829699328467736, "leak_rate": 0.026695530015763223, "regularization": 5.203423189132339e-07, "seed": 1234, "spectral_radius": 0.013649509767262393}}