{"returned_dict": {"loss": 0.2230316566511055, "r2": 0.5090225892918963, "status": "ok", "start_time": 1697019953.523683, "duration": 8.88188910484314}, "current_params": {"cell_number": 500, "connectivity": 0.8187589146640493, "input_connectivity": 0.2, "input_scaling": 0.3829699328467736, "leak_rate": 0.026695530015763223, "regularization": 5.203423189132339e-07, "seed": 1234, "spectral_radius": 0.013649509767262393}}