{"returned_dict": {"loss": 0.24384650697602717, "r2": 0.41310343412098405, "status": "ok", "start_time": 1697019962.407316, "duration": 2.351355791091919}, "current_params": {"cell_number": 500, "connectivity": 0.13246883221646988, "input_connectivity": 0.2, "input_scaling": 0.9252782203468204, "leak_rate": 0.026818040062708853, "regularization": 1.3224680367746245e-06, "seed": 1234, "spectral_radius": 0.08930926502440488}}