{"returned_dict": {"loss": 0.2523741936720581, "r2": 0.3713363069702756, "status": "ok", "start_time": 1697019909.581447, "duration": 8.391921281814575}, "current_params": {"cell_number": 500, "connectivity": 0.7853764543268119, "input_connectivity": 0.2, "input_scaling": 0.3945156093805232, "leak_rate": 0.015128007637960973, "regularization": 1.0091768533707931e-05, "seed": 1234, "spectral_radius": 0.012260384608014823}}