{"returned_dict": {"loss": 0.2864365759840158, "r2": 0.19018570669521984, "status": "ok", "start_time": 1697019391.75165, "duration": 5.224278926849365}, "current_params": {"cell_number": 500, "connectivity": 0.4766256850149897, "input_connectivity": 0.2, "input_scaling": 0.20923040118546266, "leak_rate": 0.0077355403142878795, "regularization": 0.12576193564652044, "seed": 1234, "spectral_radius": 0.026761175701104346}}