{"returned_dict": {"loss": 0.29970493320031494, "r2": -0.012497292414191508, "status": "ok", "start_time": 1697042630.255473, "duration": 31.54593515396118}, "current_params": {"cell_number": 500, "connectivity": 0.2969995820101936, "input_connectivity": 0.2, "input_scaling": 0.9022140321763757, "leak_rate": 0.28243759923765877, "regularization": 1.005031497213223e-06, "seed": 1234, "spectral_radius": 0.014132040674737733}}