{"returned_dict": {"loss": 0.2990647502876958, "r2": -0.008176434665378762, "status": "ok", "start_time": 1697041759.6390011, "duration": 95.37168884277344}, "current_params": {"cell_number": 500, "connectivity": 0.9927454090726143, "input_connectivity": 0.2, "input_scaling": 0.0011867504507336868, "leak_rate": 0.4402251533661025, "regularization": 8.361482794519308e-05, "seed": 1234, "spectral_radius": 0.1378790157061615}}