{"returned_dict": {"loss": 0.30162953321111924, "r2": -0.025542850657105154, "status": "ok", "start_time": 1697042142.716191, "duration": 95.59639382362366}, "current_params": {"cell_number": 500, "connectivity": 0.9992294820309576, "input_connectivity": 0.2, "input_scaling": 0.32792488571889467, "leak_rate": 0.22465500878777248, "regularization": 0.006720402629642628, "seed": 1234, "spectral_radius": 0.09835763510258089}}