{"returned_dict": {"loss": 0.30297873368371625, "r2": -0.034737954814337835, "status": "ok", "start_time": 1697028718.998016, "duration": 80.84422588348389}, "current_params": {"cell_number": 500, "connectivity": 0.8087834650219081, "input_connectivity": 0.2, "input_scaling": 0.21686967585707428, "leak_rate": 0.06719120770962762, "regularization": 0.001997082488783037, "seed": 1234, "spectral_radius": 0.07071032186253305}}