{"returned_dict": {"loss": 0.3184266930509003, "r2": -0.0012208082482734195, "status": "ok", "start_time": 1697028668.2446778, "duration": 6.6292641162872314}, "current_params": {"cell_number": 500, "connectivity": 0.5837026252412505, "input_connectivity": 0.2, "input_scaling": 0.0026462177202568604, "leak_rate": 0.021333081512378033, "regularization": 0.005378879223360764, "seed": 1234, "spectral_radius": 0.011405319213458769}}