{"returned_dict": {"loss": 0.3146616150472145, "r2": -0.11607562219307455, "status": "ok", "start_time": 1697034095.730544, "duration": 86.3221960067749}, "current_params": {"cell_number": 500, "connectivity": 0.8920693475844459, "input_connectivity": 0.2, "input_scaling": 0.18640085674470974, "leak_rate": 0.008316425906674767, "regularization": 0.000351680623417992, "seed": 1234, "spectral_radius": 0.02745813794912951}}