{"returned_dict": {"loss": 0.31880314016401984, "r2": -0.0031680033102743366, "status": "ok", "start_time": 1697019543.8861802, "duration": 4.681692838668823}, "current_params": {"cell_number": 500, "connectivity": 0.4280895763149918, "input_connectivity": 0.2, "input_scaling": 0.7889351766743528, "leak_rate": 0.00398609258790173, "regularization": 0.14728626046097748, "seed": 1234, "spectral_radius": 0.012580639725311055}}