{"returned_dict": {"loss": 0.3263383721227269, "r2": -0.051591868737192126, "status": "ok", "start_time": 1697021467.808738, "duration": 3.6768147945404053}, "current_params": {"cell_number": 500, "connectivity": 0.24309488307867633, "input_connectivity": 0.2, "input_scaling": 0.5314055739748769, "leak_rate": 0.5869419714703692, "regularization": 2.777897237461131e-07, "seed": 1234, "spectral_radius": 0.030264242037118992}}