{"returned_dict": {"loss": 0.3232297666044919, "r2": -0.031652965673795164, "status": "ok", "start_time": 1697021088.296937, "duration": 11.002821207046509}, "current_params": {"cell_number": 500, "connectivity": 0.9241401500486038, "input_connectivity": 0.2, "input_scaling": 0.19717791279794772, "leak_rate": 0.8908311505278818, "regularization": 0.0020846813302066, "seed": 1234, "spectral_radius": 0.20760447792478667}}