{"returned_dict": {"loss": 0.32859064694711776, "r2": -0.06615740738806353, "status": "ok", "start_time": 1697021589.909099, "duration": 3.2087879180908203}, "current_params": {"cell_number": 500, "connectivity": 0.159144280288406, "input_connectivity": 0.2, "input_scaling": 0.5879201405915621, "leak_rate": 0.017942623962965615, "regularization": 0.24269794483752657, "seed": 1234, "spectral_radius": 0.10149855100477383}}