{"returned_dict": {"loss": 0.3256375755752126, "r2": -0.04708022849631899, "status": "ok", "start_time": 1697028507.424478, "duration": 3.9086530208587646}, "current_params": {"cell_number": 500, "connectivity": 0.21346818329226114, "input_connectivity": 0.2, "input_scaling": 0.5923323236902225, "leak_rate": 0.09414420070801902, "regularization": 0.06322002578990969, "seed": 1234, "spectral_radius": 0.13317912806568327}}