{"returned_dict": {"loss": 0.3235274559351037, "r2": -0.03355411176318879, "status": "ok", "start_time": 1697027916.5068102, "duration": 4.418507814407349}, "current_params": {"cell_number": 500, "connectivity": 0.40015830803010044, "input_connectivity": 0.2, "input_scaling": 0.600022312535927, "leak_rate": 0.6571588388986347, "regularization": 0.07952697976450537, "seed": 1234, "spectral_radius": 0.046727228044946535}}