{"returned_dict": {"loss": 0.33561179503386435, "r2": -0.11865479497978382, "status": "ok", "start_time": 1697021578.318274, "duration": 8.398847103118896}, "current_params": {"cell_number": 500, "connectivity": 0.7020028225885827, "input_connectivity": 0.2, "input_scaling": 0.629186932886679, "leak_rate": 0.9385365458738638, "regularization": 7.980019068124745e-10, "seed": 1234, "spectral_radius": 7.567304757039052}}