{"returned_dict": {"loss": 0.34086128566590296, "r2": -0.15392348600466121, "status": "ok", "start_time": 1697021625.723202, "duration": 11.992999076843262}, "current_params": {"cell_number": 500, "connectivity": 0.9976833696458492, "input_connectivity": 0.2, "input_scaling": 0.8161326333926638, "leak_rate": 0.07816106311699304, "regularization": 0.000896579188847555, "seed": 1234, "spectral_radius": 0.8542795536342308}}