{"returned_dict": {"loss": 0.34072283781682383, "r2": -0.1463399350641741, "status": "ok", "start_time": 1697020435.315797, "duration": 6.439178943634033}, "current_params": {"cell_number": 500, "connectivity": 0.572728119007886, "input_connectivity": 0.2, "input_scaling": 0.15717970056189712, "leak_rate": 0.07128243944571559, "regularization": 5.452683055911342e-10, "seed": 1234, "spectral_radius": 0.027598683234115115}}