{"returned_dict": {"loss": 0.3575779394311869, "r2": -0.2710706650924073, "status": "ok", "start_time": 1697092885.856329, "duration": 8.02692699432373}, "current_params": {"cell_number": 500, "connectivity": 0.7126580174444501, "input_connectivity": 0.2, "input_scaling": 0.134697453845536, "leak_rate": 0.005584438526231021, "regularization": 0.11277122778088225, "seed": 1234, "spectral_radius": 0.11855799312403709}}