{"returned_dict": {"loss": 0.3599547922162776, "r2": -0.278864141993848, "status": "ok", "start_time": 1697019245.596904, "duration": 7.138478994369507}, "current_params": {"cell_number": 500, "connectivity": 0.6080610522341569, "input_connectivity": 0.2, "input_scaling": 0.616731567531399, "leak_rate": 0.6954288762234999, "regularization": 0.49704141009703645, "seed": 1234, "spectral_radius": 6.834465647289925}}