{"returned_dict": {"loss": 0.36233481540651824, "r2": -0.29583176653582965, "status": "ok", "start_time": 1697019672.887476, "duration": 6.651519060134888}, "current_params": {"cell_number": 500, "connectivity": 0.582405678476618, "input_connectivity": 0.2, "input_scaling": 0.35807336738969764, "leak_rate": 0.8619303140116904, "regularization": 7.315876473830791e-08, "seed": 1234, "spectral_radius": 4.881086179748358}}