{"returned_dict": {"loss": 0.3791187917111068, "r2": -0.4288244857630463, "status": "ok", "start_time": 1697022043.3611362, "duration": 9.237690925598145}, "current_params": {"cell_number": 500, "connectivity": 0.5062108137358254, "input_connectivity": 0.2, "input_scaling": 0.869355916285306, "leak_rate": 0.0017588986916506517, "regularization": 0.9329794951351832, "seed": 1234, "spectral_radius": 1.2509379966926149}}