{"returned_dict": {"loss": 0.3883184955319839, "r2": -0.4976068230220754, "status": "ok", "start_time": 1697020624.440833, "duration": 4.486400842666626}, "current_params": {"cell_number": 500, "connectivity": 0.3104380862936379, "input_connectivity": 0.2, "input_scaling": 0.451625695847095, "leak_rate": 0.2824777807824228, "regularization": 0.013830397885653939, "seed": 1234, "spectral_radius": 4.434072756135233}}