{"returned_dict": {"loss": 0.4179741954484319, "r2": -0.725082520520433, "status": "ok", "start_time": 1697021437.081794, "duration": 10.658789873123169}, "current_params": {"cell_number": 500, "connectivity": 0.9095702794544465, "input_connectivity": 0.2, "input_scaling": 0.6371089578578937, "leak_rate": 0.026813811448575312, "regularization": 1.3589297444164153e-10, "seed": 1234, "spectral_radius": 0.03747978558716274}}