{"returned_dict": {"loss": 0.42418990183655203, "r2": -0.7887469744582432, "status": "ok", "start_time": 1697090820.505955, "duration": 2.842677116394043}, "current_params": {"cell_number": 500, "connectivity": 0.14320315558223928, "input_connectivity": 0.2, "input_scaling": 0.7229931611804811, "leak_rate": 0.02801415255330273, "regularization": 6.794625924336995e-10, "seed": 1234, "spectral_radius": 0.2090196583408564}}