{"returned_dict": {"loss": 0.46384693885108025, "r2": -1.1236252490733754, "status": "ok", "start_time": 1697019362.896255, "duration": 5.5017640590667725}, "current_params": {"cell_number": 500, "connectivity": 0.5180967267225881, "input_connectivity": 0.2, "input_scaling": 0.17176002567391113, "leak_rate": 0.22199089728115365, "regularization": 0.018057991679142224, "seed": 1234, "spectral_radius": 2.0711751271159318}}