{"returned_dict": {"loss": 0.4765056944653517, "r2": -1.2420594484314558, "status": "ok", "start_time": 1697021478.0637178, "duration": 8.250195264816284}, "current_params": {"cell_number": 500, "connectivity": 0.7020028225885827, "input_connectivity": 0.2, "input_scaling": 0.629186932886679, "leak_rate": 0.9385365458738638, "regularization": 7.980019068124745e-10, "seed": 1234, "spectral_radius": 7.567304757039052}}