{"returned_dict": {"loss": 0.4752565183287097, "r2": -1.230319584287511, "status": "ok", "start_time": 1697020533.534774, "duration": 4.244124889373779}, "current_params": {"cell_number": 500, "connectivity": 0.3104380862936379, "input_connectivity": 0.2, "input_scaling": 0.451625695847095, "leak_rate": 0.2824777807824228, "regularization": 0.013830397885653939, "seed": 1234, "spectral_radius": 4.434072756135233}}