{"returned_dict": {"loss": 0.48876490335020817, "r2": -1.3589077640956901, "status": "ok", "start_time": 1697027842.946167, "duration": 10.590340852737427}, "current_params": {"cell_number": 500, "connectivity": 0.9745810043539268, "input_connectivity": 0.2, "input_scaling": 0.08315064051214127, "leak_rate": 0.934961690273177, "regularization": 4.5120023290273625e-09, "seed": 1234, "spectral_radius": 2.4229663969229636}}