{"returned_dict": {"loss": 0.48944697406594534, "r2": -1.7003333687221407, "status": "ok", "start_time": 1697028981.805012, "duration": 32.637367963790894}, "current_params": {"cell_number": 500, "connectivity": 0.3104380862936379, "input_connectivity": 0.2, "input_scaling": 0.451625695847095, "leak_rate": 0.2824777807824228, "regularization": 0.013830397885653939, "seed": 1234, "spectral_radius": 4.434072756135233}}