{"returned_dict": {"loss": 0.49301331479208277, "r2": -1.4140093842590395, "status": "ok", "start_time": 1697020806.440236, "duration": 9.914860010147095}, "current_params": {"cell_number": 500, "connectivity": 0.8314962058023309, "input_connectivity": 0.2, "input_scaling": 0.9903777479356254, "leak_rate": 0.1894882305034404, "regularization": 0.3335051373047354, "seed": 1234, "spectral_radius": 1.9577985037865835}}