{"returned_dict": {"loss": 0.5242665146417306, "r2": -2.0982062594407935, "status": "ok", "start_time": 1697041901.231762, "duration": 29.105907201766968}, "current_params": {"cell_number": 500, "connectivity": 0.24941344005895938, "input_connectivity": 0.2, "input_scaling": 0.7681136832661768, "leak_rate": 0.43906883802329827, "regularization": 9.440820028866004e-07, "seed": 1234, "spectral_radius": 0.7507802307193081}}