{"returned_dict": {"loss": 0.5217426448902563, "r2": -2.0684479323164315, "status": "ok", "start_time": 1697038446.413002, "duration": 44.88210201263428}, "current_params": {"cell_number": 500, "connectivity": 0.4511830436829114, "input_connectivity": 0.2, "input_scaling": 0.21506092759674977, "leak_rate": 0.0037871077443508176, "regularization": 0.0009861958450266258, "seed": 1234, "spectral_radius": 0.01969702873562671}}