{"returned_dict": {"loss": 0.5829118343154712, "r2": -2.3551866004398136, "status": "ok", "start_time": 1697027967.088982, "duration": 3.0242769718170166}, "current_params": {"cell_number": 500, "connectivity": 0.2045197104790265, "input_connectivity": 0.2, "input_scaling": 0.6722112091210425, "leak_rate": 0.002569219109514612, "regularization": 0.6223347018122442, "seed": 1234, "spectral_radius": 0.05675258102871899}}