{"returned_dict": {"loss": 0.5931880664356455, "r2": -2.4745274300657294, "status": "ok", "start_time": 1697021000.659644, "duration": 3.9927279949188232}, "current_params": {"cell_number": 500, "connectivity": 0.25327991034903474, "input_connectivity": 0.2, "input_scaling": 0.4497287205163476, "leak_rate": 0.009807938072620976, "regularization": 1.3856909929476154e-09, "seed": 1234, "spectral_radius": 0.05016138018026818}}