{"returned_dict": {"loss": 0.7452643339847308, "r2": -4.482127932620346, "status": "ok", "start_time": 1697019462.3652868, "duration": 8.880343198776245}, "current_params": {"cell_number": 500, "connectivity": 0.85662073181039, "input_connectivity": 0.2, "input_scaling": 0.5743858512665214, "leak_rate": 0.0025679857977144393, "regularization": 6.907990986345517e-09, "seed": 1234, "spectral_radius": 0.015217119086357022}}