{"returned_dict": {"loss": 0.8655383090630459, "r2": -6.394368330807057, "status": "ok", "start_time": 1697019760.824227, "duration": 3.3580129146575928}, "current_params": {"cell_number": 500, "connectivity": 0.26206385383015385, "input_connectivity": 0.2, "input_scaling": 0.05969594889932428, "leak_rate": 0.22834501963548878, "regularization": 1.4387066987299655e-05, "seed": 1234, "spectral_radius": 3.3535990156004383}}