{"returned_dict": {"loss": 0.8618997815240013, "r2": -7.373743016642632, "status": "ok", "start_time": 1697040148.613777, "duration": 24.24112296104431}, "current_params": {"cell_number": 500, "connectivity": 0.17767526027760117, "input_connectivity": 0.2, "input_scaling": 0.7671193949876551, "leak_rate": 0.5744555263071301, "regularization": 1.3595296718159334e-07, "seed": 1234, "spectral_radius": 1.8759964593517806}}