{"returned_dict": {"loss": 0.9244081039533221, "r2": -7.4869011824427325, "status": "ok", "start_time": 1697021519.834823, "duration": 6.274937152862549}, "current_params": {"cell_number": 500, "connectivity": 0.5115916562816185, "input_connectivity": 0.2, "input_scaling": 0.9822234508984979, "leak_rate": 0.006521274464604564, "regularization": 0.1876420944129833, "seed": 1234, "spectral_radius": 0.5858648234147782}}