{"returned_dict": {"loss": 0.9670355634347249, "r2": -9.54122246990467, "status": "ok", "start_time": 1697036733.414117, "duration": 47.152315855026245}, "current_params": {"cell_number": 500, "connectivity": 0.47385587203262247, "input_connectivity": 0.2, "input_scaling": 0.6128741432342986, "leak_rate": 0.0015415307981808321, "regularization": 0.01036006767661668, "seed": 1234, "spectral_radius": 0.0108079776956026}}