{"returned_dict": {"loss": 1.1673356328893232, "r2": -12.449928503680672, "status": "ok", "start_time": 1697019964.760434, "duration": 2.4924840927124023}, "current_params": {"cell_number": 500, "connectivity": 0.14320315558223928, "input_connectivity": 0.2, "input_scaling": 0.7229931611804811, "leak_rate": 0.02801415255330273, "regularization": 6.794625924336995e-10, "seed": 1234, "spectral_radius": 0.2090196583408564}}