{"returned_dict": {"loss": 1.1718072825763606, "r2": -12.558864454960606, "status": "ok", "start_time": 1697020520.376054, "duration": 2.90384578704834}, "current_params": {"cell_number": 500, "connectivity": 0.11024313222527427, "input_connectivity": 0.2, "input_scaling": 0.9739479466464522, "leak_rate": 0.0011253563603354569, "regularization": 0.11410806907420716, "seed": 1234, "spectral_radius": 0.04981749804245153}}