{"returned_dict": {"loss": 1.460766286340778, "r2": -20.21239643953241, "status": "ok", "start_time": 1697022412.595645, "duration": 6.267971038818359}, "current_params": {"cell_number": 500, "connectivity": 0.5577159785917875, "input_connectivity": 0.2, "input_scaling": 0.28766435081673314, "leak_rate": 0.0012105913148246156, "regularization": 1.80811026392081e-07, "seed": 1234, "spectral_radius": 0.07964860203040938}}