{"returned_dict": {"loss": 1.523221923396375, "r2": -25.15365863743987, "status": "ok", "start_time": 1697033136.273189, "duration": 73.93236374855042}, "current_params": {"cell_number": 500, "connectivity": 0.7587540719377261, "input_connectivity": 0.2, "input_scaling": 0.8820998106981124, "leak_rate": 0.0018473770505347527, "regularization": 4.693379351802892e-06, "seed": 1234, "spectral_radius": 0.015931944006093716}}