{"returned_dict": {"loss": 1.5848737752812954, "r2": -23.80277606534084, "status": "ok", "start_time": 1697020470.034823, "duration": 10.975181102752686}, "current_params": {"cell_number": 500, "connectivity": 0.9934060256752314, "input_connectivity": 0.2, "input_scaling": 0.5734609694174653, "leak_rate": 0.0014528929731718976, "regularization": 0.005173782600616552, "seed": 1234, "spectral_radius": 1.4787515437601555}}