{"returned_dict": {"loss": 1.8617644823747141, "r2": -33.42477725974256, "status": "ok", "start_time": 1697020614.2642481, "duration": 10.174625873565674}, "current_params": {"cell_number": 500, "connectivity": 0.8572559557173138, "input_connectivity": 0.2, "input_scaling": 0.33486009438808095, "leak_rate": 0.004100650502354604, "regularization": 0.754001343312891, "seed": 1234, "spectral_radius": 4.224184001973293}}