{"returned_dict": {"loss": 1.8919017091930905, "r2": -39.34625476013993, "status": "ok", "start_time": 1697033345.746549, "duration": 22.571797132492065}, "current_params": {"cell_number": 500, "connectivity": 0.14660724037928774, "input_connectivity": 0.2, "input_scaling": 0.976525304162185, "leak_rate": 0.011273269250899024, "regularization": 1.073546008061241e-09, "seed": 1234, "spectral_radius": 0.09437285509046839}}