{"returned_dict": {"loss": 1.929701163052539, "r2": -40.97456504902021, "status": "ok", "start_time": 1697029102.215193, "duration": 980.1291961669922}, "current_params": {"cell_number": 500, "connectivity": 0.5648440157409298, "input_connectivity": 0.2, "input_scaling": 0.27955000672950736, "leak_rate": 0.050891035673396985, "regularization": 0.000821695397577734, "seed": 1234, "spectral_radius": 9.903672418680925}}