{"returned_dict": {"loss": 1.9462145542077998, "r2": -36.386079280630476, "status": "ok", "start_time": 1697018911.285366, "duration": 6.271312952041626}, "current_params": {"cell_number": 500, "connectivity": 0.5648440157409298, "input_connectivity": 0.2, "input_scaling": 0.27955000672950736, "leak_rate": 0.050891035673396985, "regularization": 0.000821695397577734, "seed": 1234, "spectral_radius": 9.903672418680925}}