{"returned_dict": {"loss": 11.721461215003965, "r2": -1364.8146625448076, "status": "ok", "start_time": 1697092755.627608, "duration": 8.054801940917969}, "current_params": {"cell_number": 500, "connectivity": 0.7143954050509415, "input_connectivity": 0.2, "input_scaling": 0.1123239562263062, "leak_rate": 0.0017394860367737678, "regularization": 2.0147938343068603e-09, "seed": 1234, "spectral_radius": 0.05019484139736029}}