{"returned_dict": {"loss": 12.656031415031231, "r2": -1804.5153112081487, "status": "ok", "start_time": 1697039203.512191, "duration": 38.583964824676514}, "current_params": {"cell_number": 500, "connectivity": 0.3893682918972865, "input_connectivity": 0.2, "input_scaling": 0.9408397105778058, "leak_rate": 0.3594469868947466, "regularization": 1.2273241480424446e-08, "seed": 1234, "spectral_radius": 0.953319122623503}}