{"returned_dict": {"loss": 122.15888184789121, "r2": -168210.69423649975, "status": "ok", "start_time": 1697036008.4856699, "duration": 67.35176110267639}, "current_params": {"cell_number": 500, "connectivity": 0.6860045106698172, "input_connectivity": 0.2, "input_scaling": 0.4318098058036459, "leak_rate": 0.012600442759985371, "regularization": 3.4387681641994578e-06, "seed": 1234, "spectral_radius": 7.954497739510178}}