{"returned_dict": {"loss": 127.37043713107617, "r2": -160126.4432122152, "status": "ok", "start_time": 1697018865.7698162, "duration": 3.450591802597046}, "current_params": {"cell_number": 500, "connectivity": 0.2557240383270325, "input_connectivity": 0.2, "input_scaling": 0.30780459889893874, "leak_rate": 0.0020629649586181636, "regularization": 0.00012064903402924266, "seed": 1234, "spectral_radius": 2.2042634577971216}}