{"returned_dict": {"loss": 13.985020039440547, "r2": -1943.2604731122512, "status": "ok", "start_time": 1697090346.341486, "duration": 10.650145053863525}, "current_params": {"cell_number": 500, "connectivity": 0.997988637096773, "input_connectivity": 0.2, "input_scaling": 0.9243526866471957, "leak_rate": 0.1542815995343576, "regularization": 5.710537390907223e-08, "seed": 1234, "spectral_radius": 1.7459748086870097}}