{"returned_dict": {"loss": 142.831168155281, "r2": -201359.5862091841, "status": "ok", "start_time": 1697019692.074049, "duration": 2.769835948944092}, "current_params": {"cell_number": 500, "connectivity": 0.056792633575324714, "input_connectivity": 0.2, "input_scaling": 0.007930380864134223, "leak_rate": 0.010013001344096634, "regularization": 2.904390796892458e-05, "seed": 1234, "spectral_radius": 3.180379394013653}}