{"returned_dict": {"loss": 16.9770350452045, "r2": -2864.1802662351038, "status": "ok", "start_time": 1697090094.058398, "duration": 2.1179378032684326}, "current_params": {"cell_number": 500, "connectivity": 0.06558438819384638, "input_connectivity": 0.2, "input_scaling": 0.029495943205165465, "leak_rate": 0.015679192953865242, "regularization": 0.00026937235278110677, "seed": 1234, "spectral_radius": 7.78867384430367}}