{"returned_dict": {"loss": 171.30769792674448, "r2": -330794.692206542, "status": "ok", "start_time": 1697035610.963983, "duration": 32.223592042922974}, "current_params": {"cell_number": 500, "connectivity": 0.3090935332018806, "input_connectivity": 0.2, "input_scaling": 0.8383160999911431, "leak_rate": 0.023226759313516834, "regularization": 1.6125115620632615e-06, "seed": 1234, "spectral_radius": 1.7986325141052368}}