{"returned_dict": {"loss": 177.93033043203204, "r2": -356865.72713556775, "status": "ok", "start_time": 1697038666.1418009, "duration": 17.340044021606445}, "current_params": {"cell_number": 500, "connectivity": 0.0415918571404722, "input_connectivity": 0.2, "input_scaling": 0.9907096740516865, "leak_rate": 0.011152501138346385, "regularization": 6.268121039226822e-07, "seed": 1234, "spectral_radius": 1.4037266612887527}}