{"returned_dict": {"loss": 188.86671442691647, "r2": -352225.3029154984, "status": "ok", "start_time": 1697021490.021433, "duration": 2.531674861907959}, "current_params": {"cell_number": 500, "connectivity": 0.06010405354743997, "input_connectivity": 0.2, "input_scaling": 0.6029258260507978, "leak_rate": 0.012445144152847186, "regularization": 2.4497191668022724e-07, "seed": 1234, "spectral_radius": 9.272462266637495}}