{"returned_dict": {"loss": 189.3590750096331, "r2": -404182.2710296403, "status": "ok", "start_time": 1697028688.874909, "duration": 30.12100100517273}, "current_params": {"cell_number": 500, "connectivity": 0.2557240383270325, "input_connectivity": 0.2, "input_scaling": 0.30780459889893874, "leak_rate": 0.0020629649586181636, "regularization": 0.00012064903402924266, "seed": 1234, "spectral_radius": 2.2042634577971216}}