{"returned_dict": {"loss": 19133.246405358106, "r2": -4126514888.3327737, "status": "ok", "start_time": 1697037698.126878, "duration": 18.362876176834106}, "current_params": {"cell_number": 500, "connectivity": 0.0786015102192944, "input_connectivity": 0.2, "input_scaling": 0.10204618018844569, "leak_rate": 0.0022976484367460367, "regularization": 1.429164215753452e-09, "seed": 1234, "spectral_radius": 1.1658340735577972}}