{"returned_dict": {"loss": 2.3923477038791554, "r2": -55.49071754670311, "status": "ok", "start_time": 1697019238.989463, "duration": 6.605870008468628}, "current_params": {"cell_number": 500, "connectivity": 0.6244521343506817, "input_connectivity": 0.2, "input_scaling": 0.23643093070326449, "leak_rate": 0.01146759760328504, "regularization": 0.3297799206908107, "seed": 1234, "spectral_radius": 2.3610670815355883}}