{"returned_dict": {"loss": 2.4406391517095614, "r2": -58.1600871031472, "status": "ok", "start_time": 1697021028.866171, "duration": 9.59632921218872}, "current_params": {"cell_number": 500, "connectivity": 0.8044833810961726, "input_connectivity": 0.2, "input_scaling": 0.9581135333425491, "leak_rate": 0.026802233205999445, "regularization": 0.030533542270591577, "seed": 1234, "spectral_radius": 2.8424339478368448}}