{"returned_dict": {"loss": 2.451269540052505, "r2": -58.30763797659298, "status": "ok", "start_time": 1697019264.1371431, "duration": 8.513460874557495}, "current_params": {"cell_number": 500, "connectivity": 0.8044833810961726, "input_connectivity": 0.2, "input_scaling": 0.9581135333425491, "leak_rate": 0.026802233205999445, "regularization": 0.030533542270591577, "seed": 1234, "spectral_radius": 2.8424339478368448}}