{"returned_dict": {"loss": 2.550341047621924, "r2": -63.225494315495325, "status": "ok", "start_time": 1697020549.3954828, "duration": 6.758995294570923}, "current_params": {"cell_number": 500, "connectivity": 0.5648440157409298, "input_connectivity": 0.2, "input_scaling": 0.27955000672950736, "leak_rate": 0.050891035673396985, "regularization": 0.000821695397577734, "seed": 1234, "spectral_radius": 9.903672418680925}}