{"returned_dict": {"loss": 2.5946370589259597, "r2": -65.47589103515676, "status": "ok", "start_time": 1697021292.607645, "duration": 10.665835857391357}, "current_params": {"cell_number": 500, "connectivity": 0.9712911676353799, "input_connectivity": 0.2, "input_scaling": 0.5308233319012376, "leak_rate": 0.010754552393914138, "regularization": 0.2780970358343852, "seed": 1234, "spectral_radius": 7.505573307332538}}