{"returned_dict": {"loss": 2.7527911302744488, "r2": -74.33118194629601, "status": "ok", "start_time": 1697090686.542072, "duration": 3.096453905105591}, "current_params": {"cell_number": 500, "connectivity": 0.1993599986859922, "input_connectivity": 0.2, "input_scaling": 0.6743270588841205, "leak_rate": 0.0014402248070585332, "regularization": 0.018560550095529732, "seed": 1234, "spectral_radius": 0.3554664959628415}}