{"returned_dict": {"loss": 2.778477372145032, "r2": -75.74356848433086, "status": "ok", "start_time": 1697022299.652825, "duration": 9.04299807548523}, "current_params": {"cell_number": 500, "connectivity": 0.82477308149549, "input_connectivity": 0.2, "input_scaling": 0.4363515860498989, "leak_rate": 0.0016156588507471406, "regularization": 1.5895832531403545e-08, "seed": 1234, "spectral_radius": 0.03073430140568509}}