{"returned_dict": {"loss": 2.9464699973746087, "r2": -84.69047240792271, "status": "ok", "start_time": 1697019153.294423, "duration": 2.9362218379974365}, "current_params": {"cell_number": 500, "connectivity": 0.18910708865841108, "input_connectivity": 0.2, "input_scaling": 0.4472250816990909, "leak_rate": 0.001490692182461561, "regularization": 2.1797334925309954e-05, "seed": 1234, "spectral_radius": 0.01695935124689556}}