{"returned_dict": {"loss": 2056.7726791308223, "r2": -41754286.78535862, "status": "ok", "start_time": 1697019979.54771, "duration": 2.100964069366455}, "current_params": {"cell_number": 500, "connectivity": 0.07873936471283904, "input_connectivity": 0.2, "input_scaling": 0.5797760318934376, "leak_rate": 0.001358642199806875, "regularization": 1.4086720871210799e-08, "seed": 1234, "spectral_radius": 4.0906546305123515}}