{"returned_dict": {"loss": 21.34118974337014, "r2": -4496.261986060474, "status": "ok", "start_time": 1697020724.0495949, "duration": 9.69690203666687}, "current_params": {"cell_number": 500, "connectivity": 0.82477308149549, "input_connectivity": 0.2, "input_scaling": 0.4363515860498989, "leak_rate": 0.0016156588507471406, "regularization": 1.5895832531403545e-08, "seed": 1234, "spectral_radius": 0.03073430140568509}}