{"returned_dict": {"loss": 25.310896952535654, "r2": -6322.296727736367, "status": "ok", "start_time": 1697019822.8419042, "duration": 8.708558797836304}, "current_params": {"cell_number": 500, "connectivity": 0.8303198840350079, "input_connectivity": 0.2, "input_scaling": 0.9492310760856882, "leak_rate": 0.03448518184164638, "regularization": 1.119867057774779e-10, "seed": 1234, "spectral_radius": 0.7476653587619372}}