{"returned_dict": {"loss": 2719.587518448832, "r2": -73032641.0926675, "status": "ok", "start_time": 1697021492.555221, "duration": 9.72171688079834}, "current_params": {"cell_number": 500, "connectivity": 0.7788699843443709, "input_connectivity": 0.2, "input_scaling": 0.8468296018182028, "leak_rate": 0.0016562209632395857, "regularization": 4.9429262702013776e-08, "seed": 1234, "spectral_radius": 6.091700405214507}}