{"returned_dict": {"loss": 282.95932971991766, "r2": -790602.9317541794, "status": "ok", "start_time": 1697021061.532146, "duration": 6.26920223236084}, "current_params": {"cell_number": 500, "connectivity": 0.4644476433229322, "input_connectivity": 0.2, "input_scaling": 0.006972115376929322, "leak_rate": 0.012836594720886324, "regularization": 1.7105656643637853e-10, "seed": 1234, "spectral_radius": 0.7794764412014389}}