{"returned_dict": {"loss": 285.1211437597363, "r2": -916356.4951431114, "status": "ok", "start_time": 1697035711.681628, "duration": 54.592612981796265}, "current_params": {"cell_number": 500, "connectivity": 0.562351601862043, "input_connectivity": 0.2, "input_scaling": 0.6217356289422551, "leak_rate": 0.0029999570595545273, "regularization": 6.3229891750495415e-09, "seed": 1234, "spectral_radius": 0.38114750465916947}}