{"returned_dict": {"loss": 32.95111628022556, "r2": -12238.011723471289, "status": "ok", "start_time": 1697041439.685705, "duration": 35.41187405586243}, "current_params": {"cell_number": 500, "connectivity": 0.3538970796521256, "input_connectivity": 0.2, "input_scaling": 0.8640890518452584, "leak_rate": 0.056175796579322784, "regularization": 1.6383199224833317e-06, "seed": 1234, "spectral_radius": 1.6346058937885943}}