{"returned_dict": {"loss": 33.501781023851876, "r2": -11156.426954676013, "status": "ok", "start_time": 1697022792.4116511, "duration": 1.9184057712554932}, "current_params": {"cell_number": 500, "connectivity": 0.01766495459930717, "input_connectivity": 0.2, "input_scaling": 0.18619565979686425, "leak_rate": 0.06289522081324313, "regularization": 1.053484531840667e-08, "seed": 1234, "spectral_radius": 7.227207099998132}}