{"returned_dict": {"loss": 33.82912305533196, "r2": -11299.363490835087, "status": "ok", "start_time": 1697020921.948211, "duration": 4.510887145996094}, "current_params": {"cell_number": 500, "connectivity": 0.3547992325623448, "input_connectivity": 0.2, "input_scaling": 0.06694893716285133, "leak_rate": 0.0012469785034749062, "regularization": 5.36043117633386e-08, "seed": 1234, "spectral_radius": 0.13504276379966784}}