{"returned_dict": {"loss": 34.9425728698889, "r2": -12055.484517357923, "status": "ok", "start_time": 1697021647.304474, "duration": 5.211488723754883}, "current_params": {"cell_number": 500, "connectivity": 0.4282118217196931, "input_connectivity": 0.2, "input_scaling": 0.8097531217575742, "leak_rate": 0.04708253287367831, "regularization": 6.453089935543633e-08, "seed": 1234, "spectral_radius": 7.231920572306449}}