{"returned_dict": {"loss": 371.8344888325639, "r2": -1558494.0468749767, "status": "ok", "start_time": 1697040083.582731, "duration": 65.02859592437744}, "current_params": {"cell_number": 500, "connectivity": 0.6710488599314507, "input_connectivity": 0.2, "input_scaling": 0.32045037207585336, "leak_rate": 0.013663130602244231, "regularization": 7.938407570833539e-07, "seed": 1234, "spectral_radius": 2.6411464130177205}}