{"returned_dict": {"loss": 39.780372360762236, "r2": -15730.348383571969, "status": "ok", "start_time": 1697022547.9691331, "duration": 7.489832878112793}, "current_params": {"cell_number": 500, "connectivity": 0.6716598217283936, "input_connectivity": 0.2, "input_scaling": 0.11994602555379685, "leak_rate": 0.16859893208998253, "regularization": 1.3340298144253226e-09, "seed": 1234, "spectral_radius": 2.3297993110223385}}