{"returned_dict": {"loss": 4.605865614589757, "r2": -208.3876271859415, "status": "ok", "start_time": 1697019223.022581, "duration": 8.77509093284607}, "current_params": {"cell_number": 500, "connectivity": 0.8337159327803707, "input_connectivity": 0.2, "input_scaling": 0.837083721656963, "leak_rate": 0.001117795359631473, "regularization": 2.7630980432584984e-06, "seed": 1234, "spectral_radius": 0.01061907053409471}}