{"returned_dict": {"loss": 4.846604463458096, "r2": -232.50888864306344, "status": "ok", "start_time": 1697093148.456705, "duration": 4.901676893234253}, "current_params": {"cell_number": 500, "connectivity": 0.40431171532758003, "input_connectivity": 0.2, "input_scaling": 0.15890994153775684, "leak_rate": 0.00792332805983459, "regularization": 9.679550116546153e-06, "seed": 1234, "spectral_radius": 0.575269795679041}}