{"returned_dict": {"loss": 411.9138993329952, "r2": -1675419.5082218584, "status": "ok", "start_time": 1697021363.622619, "duration": 8.221251964569092}, "current_params": {"cell_number": 500, "connectivity": 0.6710488599314507, "input_connectivity": 0.2, "input_scaling": 0.32045037207585336, "leak_rate": 0.013663130602244231, "regularization": 7.938407570833539e-07, "seed": 1234, "spectral_radius": 2.6411464130177205}}