{"returned_dict": {"loss": 4327.783548426438, "r2": -184944744.51159605, "status": "ok", "start_time": 1697028247.1213472, "duration": 5.506390810012817}, "current_params": {"cell_number": 500, "connectivity": 0.46817399827008577, "input_connectivity": 0.2, "input_scaling": 0.3415352429252124, "leak_rate": 0.024081733532461607, "regularization": 3.358137852464336e-10, "seed": 1234, "spectral_radius": 2.540247736115996}}