{"returned_dict": {"loss": 46.03680454435413, "r2": -21048.025764450023, "status": "ok", "start_time": 1697021338.7702348, "duration": 2.285630226135254}, "current_params": {"cell_number": 500, "connectivity": 0.01766495459930717, "input_connectivity": 0.2, "input_scaling": 0.18619565979686425, "leak_rate": 0.06289522081324313, "regularization": 1.053484531840667e-08, "seed": 1234, "spectral_radius": 7.227207099998132}}