{"returned_dict": {"loss": 477.81078195819083, "r2": -2254356.688981039, "status": "ok", "start_time": 1697028329.087492, "duration": 5.46972918510437}, "current_params": {"cell_number": 500, "connectivity": 0.4640531066014023, "input_connectivity": 0.2, "input_scaling": 0.15399984759321084, "leak_rate": 0.0019431745080725833, "regularization": 9.640155456882293e-07, "seed": 1234, "spectral_radius": 8.323301293667457}}