{"returned_dict": {"loss": 54.5778714943148, "r2": -29582.8605095536, "status": "ok", "start_time": 1697020908.7206552, "duration": 4.019529819488525}, "current_params": {"cell_number": 500, "connectivity": 0.3090935332018806, "input_connectivity": 0.2, "input_scaling": 0.8383160999911431, "leak_rate": 0.023226759313516834, "regularization": 1.6125115620632615e-06, "seed": 1234, "spectral_radius": 1.7986325141052368}}