{"returned_dict": {"loss": 6.054258415572629, "r2": -360.9368830365727, "status": "ok", "start_time": 1697021539.004214, "duration": 5.2802159786224365}, "current_params": {"cell_number": 500, "connectivity": 0.4277352271127237, "input_connectivity": 0.2, "input_scaling": 0.36454979801819787, "leak_rate": 0.001817436335305465, "regularization": 7.416365856502994e-05, "seed": 1234, "spectral_radius": 0.5391304566113871}}