{"returned_dict": {"loss": 66.75694141907144, "r2": -43985.69700679508, "status": "ok", "start_time": 1697019308.175563, "duration": 7.126070976257324}, "current_params": {"cell_number": 500, "connectivity": 0.6716598217283936, "input_connectivity": 0.2, "input_scaling": 0.11994602555379685, "leak_rate": 0.16859893208998253, "regularization": 1.3340298144253226e-09, "seed": 1234, "spectral_radius": 2.3297993110223385}}