{"returned_dict": {"loss": 685.504302096217, "r2": -4671415.9301211005, "status": "ok", "start_time": 1697022746.8709629, "duration": 3.0861570835113525}, "current_params": {"cell_number": 500, "connectivity": 0.1824851725359038, "input_connectivity": 0.2, "input_scaling": 0.8275692027406062, "leak_rate": 0.00921134174257873, "regularization": 4.740209454732801e-08, "seed": 1234, "spectral_radius": 2.9579435824398614}}