{"returned_dict": {"loss": 7.85916759483045, "r2": -608.6514215949364, "status": "ok", "start_time": 1697019174.0922592, "duration": 5.333414793014526}, "current_params": {"cell_number": 500, "connectivity": 0.4452755559377749, "input_connectivity": 0.2, "input_scaling": 0.8564670839009341, "leak_rate": 0.004666278320192311, "regularization": 0.01482969075402949, "seed": 1234, "spectral_radius": 9.019468988959579}}