{"returned_dict": {"loss": 8928.082581963045, "r2": -787095320.798052, "status": "ok", "start_time": 1697020705.664335, "duration": 8.50693416595459}, "current_params": {"cell_number": 500, "connectivity": 0.7423288590243644, "input_connectivity": 0.2, "input_scaling": 0.6659350740516974, "leak_rate": 0.0068663941226196155, "regularization": 2.2001945281497216e-09, "seed": 1234, "spectral_radius": 2.2553242781758827}}