{"returned_dict": {"loss": 893.5960305251443, "r2": -9000953.144721683, "status": "ok", "start_time": 1697039142.6181152, "duration": 22.53783392906189}, "current_params": {"cell_number": 500, "connectivity": 0.144314025244474, "input_connectivity": 0.2, "input_scaling": 0.09111729583113959, "leak_rate": 0.019364061327381353, "regularization": 1.1858775125616791e-08, "seed": 1234, "spectral_radius": 6.7303288800603305}}