{"returned_dict": {"loss": 0.009791022697103536, "r2": 0.9750500375640502, "status": "ok", "start_time": 1699268537.3301928, "duration": 1.9144670963287354}, "current_params": {"N": 500, "iss": 0.9135989958833419, "lr": 0.4700604405485768, "ridge": 5.192783797391785e-07, "seed": 1234, "sr": 0.02684390359598015}}