{"returned_dict": {"loss": 0.0051790806188974844, "r2": 0.9929879449052814, "status": "ok", "start_time": 1699268403.26399, "duration": 1.8021361827850342}, "current_params": {"N": 500, "iss": 0.3045451369845007, "lr": 0.27036282441620346, "ridge": 0.00030682003342967967, "seed": 1234, "sr": 0.04049959618384302}}