{"returned_dict": {"loss": 0.0020540373781766214, "r2": 0.9988899029336761, "status": "ok", "start_time": 1699268586.0880718, "duration": 1.871859073638916}, "current_params": {"N": 500, "iss": 0.23999648673506557, "lr": 0.14755529525122685, "ridge": 2.191167299174609e-09, "seed": 1234, "sr": 0.023462246374277934}}