{"returned_dict": {"loss": 0.004520921646856487, "r2": 0.9989820554390421, "status": "ok", "start_time": 1699267702.558655, "duration": 1.7897789478302002}, "current_params": {"N": 500, "iss": 0.23999648673506557, "lr": 0.14755529525122685, "ridge": 2.191167299174609e-09, "seed": 1234, "sr": 0.023462246374277934}}