{"returned_dict": {"loss": 0.0006615414304043482, "r2": 0.9998854923759225, "status": "ok", "start_time": 1699268282.874191, "duration": 1.7963509559631348}, "current_params": {"N": 500, "iss": 0.059936189081400526, "lr": 0.38264094967620654, "ridge": 1.8102732550311867e-05, "seed": 1234, "sr": 0.07966435869333038}}