{"returned_dict": {"loss": 0.004803573802148933, "r2": 0.9939667859337761, "status": "ok", "start_time": 1699268618.415023, "duration": 1.8985648155212402}, "current_params": {"N": 500, "iss": 0.5933563673798359, "lr": 0.8382221591273349, "ridge": 1.1082393000534913e-06, "seed": 1234, "sr": 0.7323231724059845}}