{"returned_dict": {"loss": 0.00478924122871299, "r2": 0.9940177255734514, "status": "ok", "start_time": 1699268620.315773, "duration": 1.8630261421203613}, "current_params": {"N": 500, "iss": 0.32792488571889467, "lr": 0.22465500878777248, "ridge": 0.0003014232201482745, "seed": 1234, "sr": 0.09835763510258089}}