{"returned_dict": {"loss": 0.007143976702141717, "r2": 0.985836969646439, "status": "ok", "start_time": 1699268479.756327, "duration": 1.8175270557403564}, "current_params": {"N": 500, "iss": 0.10044612037411704, "lr": 0.07898613150169653, "ridge": 0.005230035728447981, "seed": 1234, "sr": 0.03524277949039688}}