{"returned_dict": {"loss": 0.004606421747844401, "r2": 0.994359379291876, "status": "ok", "start_time": 1699268386.730953, "duration": 1.8217709064483643}, "current_params": {"N": 500, "iss": 0.04057815748077798, "lr": 0.048306005915739574, "ridge": 0.0009201974723122006, "seed": 1234, "sr": 1.0784585589734712}}