{"returned_dict": {"loss": 0.014476256290669511, "r2": 0.9453310773298726, "status": "ok", "start_time": 1699268397.784176, "duration": 1.813673973083496}, "current_params": {"N": 500, "iss": 0.7714539695031645, "lr": 0.16766766519886953, "ridge": 1.2968971939683203e-07, "seed": 1234, "sr": 0.28327116807958513}}