{"returned_dict": {"loss": 0.018863524643272997, "r2": 0.9064547871294554, "status": "ok", "start_time": 1699268494.5081751, "duration": 1.8587720394134521}, "current_params": {"N": 500, "iss": 0.8493027570387159, "lr": 0.08352474609695261, "ridge": 1.2092867049259064e-08, "seed": 1234, "sr": 0.1521671071513882}}