{"returned_dict": {"loss": 0.018279012665494847, "r2": 0.9834105425270737, "status": "ok", "start_time": 1699267522.31661, "duration": 1.807070016860962}, "current_params": {"N": 500, "iss": 0.4965873842307338, "lr": 0.31430549026306187, "ridge": 0.00024733891965125694, "seed": 1234, "sr": 0.09169361093299348}}