{"returned_dict": {"loss": 0.016849446315711444, "r2": 0.9167854758011539, "status": "ok", "start_time": 1699268552.1821928, "duration": 1.8192193508148193}, "current_params": {"N": 500, "iss": 0.134697453845536, "lr": 0.005584438526231021, "ridge": 0.0021703951793471516, "seed": 1234, "sr": 0.11855799312403709}}