{"returned_dict": {"loss": 0.017547166220985635, "r2": 0.9197507758444491, "status": "ok", "start_time": 1699268544.773397, "duration": 1.7821629047393799}, "current_params": {"N": 500, "iss": 0.7671193949876551, "lr": 0.5744555263071301, "ridge": 1.5608892276244172e-07, "seed": 1234, "sr": 1.8759964593517806}}