{"returned_dict": {"loss": 0.026795062741567923, "r2": 0.9644675713493326, "status": "ok", "start_time": 1699267737.0058298, "duration": 1.7691383361816406}, "current_params": {"N": 500, "iss": 0.6913380290583117, "lr": 0.7766456097348572, "ridge": 0.0022490571107960764, "seed": 1234, "sr": 3.382940283445415}}