{"returned_dict": {"loss": 0.021192125258529638, "r2": 0.8830255121200733, "status": "ok", "start_time": 1699268557.681231, "duration": 1.8811380863189697}, "current_params": {"N": 500, "iss": 0.8091744524034417, "lr": 0.9358123326900604, "ridge": 3.7883632037985046e-08, "seed": 1234, "sr": 5.974243589442645}}