{"returned_dict": {"loss": 0.026355961998770754, "r2": 0.9655452616764709, "status": "ok", "start_time": 1699267477.758292, "duration": 1.7568340301513672}, "current_params": {"N": 500, "iss": 0.600022312535927, "lr": 0.6571588388986347, "ridge": 0.001699652520124697, "seed": 1234, "sr": 0.046727228044946535}}