{"returned_dict": {"loss": 0.023222569165044865, "r2": 0.8596210129989386, "status": "ok", "start_time": 1699268327.011401, "duration": 1.8604059219360352}, "current_params": {"N": 500, "iss": 0.08315064051214127, "lr": 0.934961690273177, "ridge": 1.4389924675211044e-08, "seed": 1234, "sr": 2.4229663969229636}}