{"returned_dict": {"loss": 0.020533883471552505, "r2": 0.8892890056580199, "status": "ok", "start_time": 1699268530.02722, "duration": 1.8285601139068604}, "current_params": {"N": 500, "iss": 0.9526407636866457, "lr": 0.03942187518677715, "ridge": 0.00016087888046694687, "seed": 1234, "sr": 0.03600276409094316}}