{"returned_dict": {"loss": 0.033905556864800075, "r2": 0.9431147716110556, "status": "ok", "start_time": 1699267467.031093, "duration": 1.8029870986938477}, "current_params": {"N": 500, "iss": 0.8710694708540748, "lr": 0.5093800439838342, "ridge": 3.613494953765636e-08, "seed": 1234, "sr": 5.580343023547168}}