{"returned_dict": {"loss": 0.03341078725453341, "r2": 0.9441491263488212, "status": "ok", "start_time": 1699267602.703435, "duration": 1.747075080871582}, "current_params": {"N": 500, "iss": 0.9228386144334726, "lr": 0.10752060708924599, "ridge": 1.1106829899616503e-06, "seed": 1234, "sr": 0.3157133897830133}}