{"returned_dict": {"loss": 0.03047927279393431, "r2": 0.9536742547485542, "status": "ok", "start_time": 1699267524.1251462, "duration": 1.7709598541259766}, "current_params": {"N": 500, "iss": 0.7714539695031645, "lr": 0.16766766519886953, "ridge": 1.2968971939683203e-07, "seed": 1234, "sr": 0.28327116807958513}}