{"returned_dict": {"loss": 0.0366778771599235, "r2": 0.9331204011772075, "status": "ok", "start_time": 1699267663.3870988, "duration": 1.735201120376587}, "current_params": {"N": 500, "iss": 0.7671193949876551, "lr": 0.5744555263071301, "ridge": 1.5608892276244172e-07, "seed": 1234, "sr": 1.8759964593517806}}