{"returned_dict": {"loss": 0.04110324587657113, "r2": 0.9163976591973703, "status": "ok", "start_time": 1699267760.982156, "duration": 1.7843220233917236}, "current_params": {"N": 500, "iss": 0.49705680256102114, "lr": 0.047125995444646136, "ridge": 0.006057640163977123, "seed": 1234, "sr": 0.02045819673305219}}