{"returned_dict": {"loss": 0.04774961223089388, "r2": 0.8871674240081889, "status": "ok", "start_time": 1699267713.2245371, "duration": 1.9218029975891113}, "current_params": {"N": 500, "iss": 0.9097376556056701, "lr": 0.3079726626930137, "ridge": 1.4421411301859244e-07, "seed": 1234, "sr": 5.615522331680127}}