{"returned_dict": {"loss": 0.05922728070668926, "r2": 0.8262389799767481, "status": "ok", "start_time": 1699267608.1637619, "duration": 1.7301900386810303}, "current_params": {"N": 500, "iss": 0.21506092759674977, "lr": 0.0037871077443508176, "ridge": 7.866367247447239e-05, "seed": 1234, "sr": 0.01969702873562671}}