{"returned_dict": {"loss": 0.05449506766281586, "r2": 0.8505298723332729, "status": "ok", "start_time": 1699267481.325536, "duration": 1.7796390056610107}, "current_params": {"N": 500, "iss": 0.8967736623178844, "lr": 0.1298405957476471, "ridge": 9.418213809531775e-09, "seed": 1234, "sr": 0.3105316802728771}}