{"returned_dict": {"loss": 0.05593727052017764, "r2": 0.8448086443590167, "status": "ok", "start_time": 1699267429.299785, "duration": 1.9374899864196777}, "current_params": {"N": 500, "iss": 0.7041340569061305, "lr": 0.02018337832903292, "ridge": 2.3115334421298753e-06, "seed": 1234, "sr": 0.09442721440119983}}