{"returned_dict": {"loss": 0.07735848230574034, "r2": 0.7021112300690513, "status": "ok", "start_time": 1699267445.704242, "duration": 1.7431049346923828}, "current_params": {"N": 500, "iss": 0.4171626881853736, "lr": 0.002422315386294973, "ridge": 0.0008891693515095883, "seed": 1234, "sr": 0.0544052294998603}}