{"returned_dict": {"loss": 0.07095312716647138, "r2": 0.750732713993159, "status": "ok", "start_time": 1699267452.7554638, "duration": 1.8329710960388184}, "current_params": {"N": 500, "iss": 0.9326851510627013, "lr": 0.01313978174667569, "ridge": 0.0007520446577387131, "seed": 1234, "sr": 0.18658183701753261}}