{"returned_dict": {"loss": 0.09174782377666711, "r2": 0.5831262552319225, "status": "ok", "start_time": 1699267490.196099, "duration": 1.7984750270843506}, "current_params": {"N": 500, "iss": 0.6722112091210425, "lr": 0.002569219109514612, "ridge": 0.007174915864539121, "seed": 1234, "sr": 0.05675258102871899}}