{"returned_dict": {"loss": 0.0903754424496397, "r2": -1.1267146172506726, "status": "ok", "start_time": 1699268453.416497, "duration": 1.8491392135620117}, "current_params": {"N": 500, "iss": 0.17176002567391113, "lr": 0.22199089728115365, "ridge": 0.0006020999816891316, "seed": 1234, "sr": 2.0711751271159318}}