{"returned_dict": {"loss": 0.09703629427059886, "r2": -1.4777541890138863, "status": "ok", "start_time": 1699268305.058377, "duration": 1.810675859451294}, "current_params": {"N": 500, "iss": 0.8820998106981124, "lr": 0.0018473770505347527, "ridge": 1.8622584812397071e-06, "seed": 1234, "sr": 0.015931944006093716}}