{"returned_dict": {"loss": 0.10381082308248718, "r2": 0.9952909745745101, "status": "ok", "start_time": 1699273197.785229, "duration": 1.8073151111602783}, "current_params": {"N": 500, "iss": 0.15717970056189712, "lr": 0.07128243944571559, "ridge": 3.2781375924716163e-09, "seed": 1234, "sr": 0.027598683234115115}}