{"returned_dict": {"loss": 0.10563284245841019, "r2": 0.445478069438151, "status": "ok", "start_time": 1699267704.350359, "duration": 1.7964410781860352}, "current_params": {"N": 500, "iss": 0.5315682009230276, "lr": 0.1775950750495892, "ridge": 0.0002207334426427236, "seed": 1234, "sr": 6.954268155528048}}