{"returned_dict": {"loss": 0.11099480656323057, "r2": -2.2159504512335624, "status": "ok", "start_time": 1699268408.68398, "duration": 1.772580862045288}, "current_params": {"N": 500, "iss": 0.2092695124165096, "lr": 0.20792063760808668, "ridge": 2.4402906778962044e-09, "seed": 1234, "sr": 3.3229413943755635}}