{"returned_dict": {"loss": 0.13306526005951785, "r2": 0.1006607169195215, "status": "ok", "start_time": 1699267762.76831, "duration": 1.762983798980713}, "current_params": {"N": 500, "iss": 0.9492451986094536, "lr": 0.012192269780560696, "ridge": 1.0355816851799808e-08, "seed": 1234, "sr": 0.03438139057492874}}