{"returned_dict": {"loss": 0.14622220840828068, "r2": -0.07755244498945657, "status": "ok", "start_time": 1699267438.5019908, "duration": 1.8548543453216553}, "current_params": {"N": 500, "iss": 0.9739479466464522, "lr": 0.0011253563603354569, "ridge": 0.0021883735119396686, "seed": 1234, "sr": 0.04981749804245153}}