{"returned_dict": {"loss": 0.17610585757107533, "r2": -0.5368605219701127, "status": "ok", "start_time": 1699267527.6598861, "duration": 1.82011079788208}, "current_params": {"N": 500, "iss": 0.06016013465638104, "lr": 0.23962511288825833, "ridge": 0.0007949579169258338, "seed": 1234, "sr": 3.416923934914541}}