{"returned_dict": {"loss": 0.20868462942199129, "r2": -1.1724450895272276, "status": "ok", "start_time": 1699267431.238682, "duration": 1.8398878574371338}, "current_params": {"N": 500, "iss": 0.9547804466890908, "lr": 0.0063822566002939346, "ridge": 1.9445651653381377e-09, "seed": 1234, "sr": 0.012708968625748275}}