{"returned_dict": {"loss": 0.28315082157911636, "r2": 0.9665249817237099, "status": "ok", "start_time": 1699273462.492625, "duration": 1.9266347885131836}, "current_params": {"N": 500, "iss": 0.794303432239716, "lr": 0.7725304602957936, "ridge": 1.3376623261071025e-07, "seed": 1234, "sr": 0.026191894186955052}}