{"returned_dict": {"loss": 0.28782098437858217, "r2": 0.967388947145157, "status": "ok", "start_time": 1699273449.939625, "duration": 2.099975109100342}, "current_params": {"N": 500, "iss": 0.40735440327681793, "lr": 0.27568095723189284, "ridge": 0.000462329948563324, "seed": 1234, "sr": 0.02786727306368867}}