{"returned_dict": {"loss": 0.31468982334939294, "r2": 0.9637097086519458, "status": "ok", "start_time": 1699273403.89246, "duration": 1.9764628410339355}, "current_params": {"N": 500, "iss": 0.10044612037411704, "lr": 0.07898613150169653, "ridge": 0.005230035728447981, "seed": 1234, "sr": 0.03524277949039688}}