{"returned_dict": {"loss": 0.3164404985988571, "r2": -25.08941502457125, "status": "ok", "start_time": 1699268433.178518, "duration": 2.8498287200927734}, "current_params": {"N": 500, "iss": 0.11994602555379685, "lr": 0.16859893208998253, "ridge": 6.132193847282312e-09, "seed": 1234, "sr": 2.3297993110223385}}