{"returned_dict": {"loss": 0.32770232691404194, "r2": 0.9569144434849718, "status": "ok", "start_time": 1699273468.207724, "duration": 1.8394050598144531}, "current_params": {"N": 500, "iss": 0.9135989958833419, "lr": 0.4700604405485768, "ridge": 5.192783797391785e-07, "seed": 1234, "sr": 0.02684390359598015}}