{"returned_dict": {"loss": 0.3767435093140776, "r2": 0.9414460981979843, "status": "ok", "start_time": 1699273545.234373, "duration": 2.0631208419799805}, "current_params": {"N": 500, "iss": 0.7681136832661768, "lr": 0.43906883802329827, "ridge": 6.060476940238121e-07, "seed": 1234, "sr": 0.7507802307193081}}