{"returned_dict": {"loss": 0.4149001024124747, "r2": -8.465596261993488, "status": "ok", "start_time": 1699267518.756259, "duration": 1.7524080276489258}, "current_params": {"N": 500, "iss": 0.28766435081673314, "lr": 0.0012105913148246156, "ridge": 1.9057127432713242e-07, "seed": 1234, "sr": 0.07964860203040938}}