{"returned_dict": {"loss": 0.5679084591407882, "r2": 0.8695582484889983, "status": "ok", "start_time": 1699273572.800739, "duration": 1.9870409965515137}, "current_params": {"N": 500, "iss": 0.3648171195318186, "lr": 0.06815247173845063, "ridge": 0.004137027458330782, "seed": 1234, "sr": 0.0440605775382449}}