{"returned_dict": {"loss": 0.6988313947747632, "r2": -130.06683284185797, "status": "ok", "start_time": 1699268449.62692, "duration": 1.9129469394683838}, "current_params": {"N": 500, "iss": 0.6871632474113247, "lr": 0.0033668417829176823, "ridge": 3.836716623456785e-09, "seed": 1234, "sr": 0.10594870634350116}}