{"returned_dict": {"loss": 0.707527205659266, "r2": -24.987230685191886, "status": "ok", "start_time": 1699267493.775598, "duration": 1.7963788509368896}, "current_params": {"N": 500, "iss": 0.45903012586393255, "lr": 0.008993216326780393, "ridge": 3.098662816361876e-05, "seed": 1234, "sr": 1.038057705082271}}