{"returned_dict": {"loss": 0.7073084613786206, "r2": 0.7930648408661239, "status": "ok", "start_time": 1699273432.170492, "duration": 1.9067208766937256}, "current_params": {"N": 500, "iss": 0.25996136073869425, "lr": 0.01122030491707982, "ridge": 8.347574467203145e-08, "seed": 1234, "sr": 0.06204230622513381}}