{"returned_dict": {"loss": 0.7438106726301058, "r2": 0.773467259243576, "status": "ok", "start_time": 1699273352.076148, "duration": 1.9535868167877197}, "current_params": {"N": 500, "iss": 0.6922327390139184, "lr": 0.034601111100789846, "ridge": 0.0009597922173967499, "seed": 1234, "sr": 0.17537309143779847}}