{"returned_dict": {"loss": 0.7761402934066233, "r2": 0.7609768530086537, "status": "ok", "start_time": 1699273470.049145, "duration": 1.843562126159668}, "current_params": {"N": 500, "iss": 0.735910449821011, "lr": 0.03687802163588743, "ridge": 0.0019711206562567562, "seed": 1234, "sr": 0.04328771757628488}}