{"returned_dict": {"loss": 0.8046689933209032, "r2": 0.8689972813895416, "status": "ok", "start_time": 1699273482.852163, "duration": 1.8260290622711182}, "current_params": {"N": 500, "iss": 0.134697453845536, "lr": 0.005584438526231021, "ridge": 0.0021703951793471516, "seed": 1234, "sr": 0.11855799312403709}}