{"returned_dict": {"loss": 0.8315703365168758, "r2": 0.847590244799293, "status": "ok", "start_time": 1699273488.3073869, "duration": 1.853870153427124}, "current_params": {"N": 500, "iss": 0.8091744524034417, "lr": 0.9358123326900604, "ridge": 3.7883632037985046e-08, "seed": 1234, "sr": 5.974243589442645}}