{"returned_dict": {"loss": 0.8947819614203262, "r2": 0.8394725581059838, "status": "ok", "start_time": 1699273481.058919, "duration": 1.7913529872894287}, "current_params": {"N": 500, "iss": 0.35807336738969764, "lr": 0.8619303140116904, "ridge": 1.0115479045381332e-07, "seed": 1234, "sr": 4.881086179748358}}