{"returned_dict": {"loss": 0.9068688583754009, "r2": 0.7097897938833638, "status": "ok", "start_time": 1699273383.845079, "duration": 1.924942970275879}, "current_params": {"N": 500, "iss": 0.9345866417401569, "lr": 0.04017882290811124, "ridge": 0.008848344280085078, "seed": 1234, "sr": 0.014438974945890222}}