{"returned_dict": {"loss": 0.9369147828737671, "r2": 0.8211525313855281, "status": "ok", "start_time": 1699273509.565223, "duration": 1.9943652153015137}, "current_params": {"N": 500, "iss": 0.629186932886679, "lr": 0.9385365458738638, "ridge": 4.279595777669173e-09, "seed": 1234, "sr": 7.567304757039052}}