{"returned_dict": {"loss": 1.3012761028032334, "r2": -83.86674497380626, "status": "ok", "start_time": 1699267629.4441972, "duration": 1.7647178173065186}, "current_params": {"N": 500, "iss": 0.18619565979686425, "lr": 0.06289522081324313, "ridge": 2.6051918706653142e-08, "seed": 1234, "sr": 7.227207099998132}}