{"returned_dict": {"loss": 1.5021274453793279, "r2": -112.45747505885087, "status": "ok", "start_time": 1699267449.190014, "duration": 1.805415153503418}, "current_params": {"N": 500, "iss": 0.27955000672950736, "lr": 0.050891035673396985, "ridge": 6.92305207076248e-05, "seed": 1234, "sr": 9.903672418680925}}