{"returned_dict": {"loss": 1.715312261147482, "r2": 0.0777325745002394, "status": "ok", "start_time": 1699273477.370646, "duration": 1.877915859222412}, "current_params": {"N": 500, "iss": 0.7008147713041682, "lr": 0.005199088611116443, "ridge": 0.0010388211610285532, "seed": 1234, "sr": 0.16300115584611943}}