{"returned_dict": {"loss": 1.8572749683317185, "r2": 0.11871983016936594, "status": "ok", "start_time": 1699273381.781715, "duration": 2.061286211013794}, "current_params": {"N": 500, "iss": 0.3158924367205628, "lr": 0.0016930941327325617, "ridge": 0.0006969765320479288, "seed": 1234, "sr": 0.22191193501289097}}