{"returned_dict": {"loss": 1.8954322608769674, "r2": -0.2991322940245094, "status": "ok", "start_time": 1699273490.1635048, "duration": 1.7945432662963867}, "current_params": {"N": 500, "iss": 0.9822234508984979, "lr": 0.006521274464604564, "ridge": 0.0030997822726422258, "seed": 1234, "sr": 0.5858648234147782}}