{"returned_dict": {"loss": 103.2541669592599, "r2": -4707.306298327974, "status": "ok", "start_time": 1699273344.125073, "duration": 1.932816982269287}, "current_params": {"N": 500, "iss": 0.9581135333425491, "lr": 0.026802233205999445, "ridge": 0.0008696490633638283, "seed": 1234, "sr": 2.8424339478368448}}