{"returned_dict": {"loss": 11.436912136308385, "r2": -6488.459499857255, "status": "ok", "start_time": 1699267647.424782, "duration": 1.7837169170379639}, "current_params": {"N": 500, "iss": 0.35464883466252195, "lr": 0.02580145195828277, "ridge": 7.502821787034914e-05, "seed": 1234, "sr": 3.1162051286367416}}