{"returned_dict": {"loss": 12.88971801081253, "r2": -43630.16962621279, "status": "ok", "start_time": 1699268406.863321, "duration": 1.8185558319091797}, "current_params": {"N": 500, "iss": 0.8899024118416428, "lr": 0.029602141041308122, "ridge": 2.7583086552332414e-08, "seed": 1234, "sr": 3.998119826570731}}