{"returned_dict": {"loss": 120.00629595030382, "r2": -3565.605306148484, "status": "ok", "start_time": 1699273255.7996318, "duration": 2.218888282775879}, "current_params": {"N": 500, "iss": 0.49797044830105386, "lr": 0.005473899359991359, "ridge": 0.009737952859572229, "seed": 1234, "sr": 4.574545330611019}}