{"returned_dict": {"loss": 13.273497171136398, "r2": -9043.20364324398, "status": "ok", "start_time": 1699267533.0393841, "duration": 1.8115599155426025}, "current_params": {"N": 500, "iss": 0.8899024118416428, "lr": 0.029602141041308122, "ridge": 2.7583086552332414e-08, "seed": 1234, "sr": 3.998119826570731}}