{"returned_dict": {"loss": 142.53183684106753, "r2": -9037.62996747534, "status": "ok", "start_time": 1699273422.135247, "duration": 1.9815781116485596}, "current_params": {"N": 500, "iss": 0.9907096740516865, "lr": 0.011152501138346385, "ridge": 4.549840392506736e-07, "seed": 1234, "sr": 1.4037266612887527}}