{"returned_dict": {"loss": 1456.2777446730809, "r2": -1044341.2061491649, "status": "ok", "start_time": 1699273401.697404, "duration": 2.192620038986206}, "current_params": {"N": 500, "iss": 0.41480029454318923, "lr": 0.005647264982798819, "ridge": 3.627252116587822e-06, "seed": 1234, "sr": 2.1198068680338693}}