{"returned_dict": {"loss": 14755.02642068514, "r2": -99889221.53697105, "status": "ok", "start_time": 1699273272.455437, "duration": 1.8995180130004883}, "current_params": {"N": 500, "iss": 0.6659350740516974, "lr": 0.0068663941226196155, "ridge": 8.704077638470982e-09, "seed": 1234, "sr": 2.2553242781758827}}