{"returned_dict": {"loss": 156.7643646668622, "r2": -1293058.6731788774, "status": "ok", "start_time": 1699267633.068927, "duration": 1.7536938190460205}, "current_params": {"N": 500, "iss": 0.09111729583113959, "lr": 0.019364061327381353, "ridge": 2.8302701017808404e-08, "seed": 1234, "sr": 6.7303288800603305}}