{"returned_dict": {"loss": 185.6654413277897, "r2": -14760.769096061364, "status": "ok", "start_time": 1699273346.0600371, "duration": 1.9570887088775635}, "current_params": {"N": 500, "iss": 0.9406587057968023, "lr": 0.02207977188453779, "ridge": 0.0007602478909161272, "seed": 1234, "sr": 6.833596167908428}}