{"returned_dict": {"loss": 2.469712513563826, "r2": -1.1127491980139774, "status": "ok", "start_time": 1699273375.8009338, "duration": 1.9695711135864258}, "current_params": {"N": 500, "iss": 0.17176002567391113, "lr": 0.22199089728115365, "ridge": 0.0006020999816891316, "seed": 1234, "sr": 2.0711751271159318}}