{"returned_dict": {"loss": 2.5813999289315173, "r2": -0.9023908869589262, "status": "ok", "start_time": 1699273220.6574988, "duration": 1.879533052444458}, "current_params": {"N": 500, "iss": 0.9739479466464522, "lr": 0.0011253563603354569, "ridge": 0.0021883735119396686, "seed": 1234, "sr": 0.04981749804245153}}