{"returned_dict": {"loss": 2.593981969473181, "r2": -333.62365244697804, "status": "ok", "start_time": 1699267468.8355641, "duration": 1.8158776760101318}, "current_params": {"N": 500, "iss": 0.24236535975373574, "lr": 0.06703300913405115, "ridge": 4.2269285080674205e-08, "seed": 1234, "sr": 2.773816181603311}}