{"returned_dict": {"loss": 2.967087419600911, "r2": -2581.594047010136, "status": "ok", "start_time": 1699268388.554487, "duration": 1.925356149673462}, "current_params": {"N": 500, "iss": 0.6217356289422551, "lr": 0.0029999570595545273, "ridge": 1.822408392802496e-08, "seed": 1234, "sr": 0.38114750465916947}}