{"returned_dict": {"loss": 22.044888425595218, "r2": -170.38696719542065, "status": "ok", "start_time": 1699273586.789957, "duration": 1.9384489059448242}, "current_params": {"N": 500, "iss": 0.7111875236481379, "lr": 0.014953523366352292, "ridge": 0.003917533648237141, "seed": 1234, "sr": 1.908865762249811}}