{"returned_dict": {"loss": 3.2216956996276784, "r2": -2.282124635330805, "status": "ok", "start_time": 1699273537.440801, "duration": 1.9137611389160156}, "current_params": {"N": 500, "iss": 0.6743270588841205, "lr": 0.0014402248070585332, "ridge": 0.0006137812121664229, "seed": 1234, "sr": 0.3554664959628415}}