{"returned_dict": {"loss": 303.78935337708225, "r2": -40954.05530987908, "status": "ok", "start_time": 1699273328.1808472, "duration": 1.9653120040893555}, "current_params": {"N": 500, "iss": 0.8899024118416428, "lr": 0.029602141041308122, "ridge": 2.7583086552332414e-08, "seed": 1234, "sr": 3.998119826570731}}