{"returned_dict": {"loss": 3173.0428078442274, "r2": -6206223.589826717, "status": "ok", "start_time": 1699273564.950185, "duration": 1.9559757709503174}, "current_params": {"N": 500, "iss": 0.7444485210599292, "lr": 0.0020459627481612115, "ridge": 1.674497026534218e-08, "seed": 1234, "sr": 1.182082887824895}}