{"returned_dict": {"loss": 33.425271828928324, "r2": -60534.95680588803, "status": "ok", "start_time": 1699267511.627689, "duration": 1.7808289527893066}, "current_params": {"N": 500, "iss": 0.8383160999911431, "lr": 0.023226759313516834, "ridge": 8.81560223051062e-07, "seed": 1234, "sr": 1.7986325141052368}}