{"returned_dict": {"loss": 5.10270058549297, "r2": -8.202585730082491, "status": "ok", "start_time": 1699273326.2340422, "duration": 1.9450187683105469}, "current_params": {"N": 500, "iss": 0.837083721656963, "lr": 0.001117795359631473, "ridge": 1.2852197972507888e-06, "seed": 1234, "sr": 0.01061907053409471}}