{"returned_dict": {"loss": 5.28012405420464, "r2": -11.327065790775771, "status": "ok", "start_time": 1699273282.076937, "duration": 1.9175591468811035}, "current_params": {"N": 500, "iss": 0.45903012586393255, "lr": 0.008993216326780393, "ridge": 3.098662816361876e-05, "seed": 1234, "sr": 1.038057705082271}}