{"returned_dict": {"loss": 6.045022511831243, "r2": -12700.725808249756, "status": "ok", "start_time": 1699268496.368881, "duration": 1.9640090465545654}, "current_params": {"N": 500, "iss": 0.9907096740516865, "lr": 0.011152501138346385, "ridge": 4.549840392506736e-07, "seed": 1234, "sr": 1.4037266612887527}}