{"returned_dict": {"loss": 6.056748963737349, "r2": -2381.8766778817217, "status": "ok", "start_time": 1699267483.1066291, "duration": 1.7558598518371582}, "current_params": {"N": 500, "iss": 0.48683979711786196, "lr": 0.0041878954202570285, "ridge": 1.5267158874357313e-07, "seed": 1234, "sr": 0.7656474307799984}}