{"returned_dict": {"loss": 6.504234371161604, "r2": -2373.1090673050153, "status": "ok", "start_time": 1699267475.981046, "duration": 1.7758331298828125}, "current_params": {"N": 500, "iss": 0.34711880645906334, "lr": 0.0017068361591199817, "ridge": 1.2839800042841107e-06, "seed": 1234, "sr": 0.7839491567314942}}