{"returned_dict": {"loss": 6.79126229027197, "r2": -2298.0296619458168, "status": "ok", "start_time": 1699267470.6529531, "duration": 1.7714166641235352}, "current_params": {"N": 500, "iss": 0.49797044830105386, "lr": 0.005473899359991359, "ridge": 0.009737952859572229, "seed": 1234, "sr": 4.574545330611019}}