{"returned_dict": {"loss": 7.93069820727818, "r2": -21.35429577038954, "status": "ok", "start_time": 1699273247.4730508, "duration": 1.8568181991577148}, "current_params": {"N": 500, "iss": 0.13238073196516953, "lr": 0.13864624141183712, "ridge": 5.1447095217047094e-05, "seed": 1234, "sr": 4.997336540870967}}