{"returned_dict": {"loss": 765.4874288247398, "r2": -35122964.8936787, "status": "ok", "start_time": 1699267484.863909, "duration": 1.7869529724121094}, "current_params": {"N": 500, "iss": 0.6659350740516974, "lr": 0.0068663941226196155, "ridge": 8.704077638470982e-09, "seed": 1234, "sr": 2.2553242781758827}}