{"returned_dict": {"loss": 7822.781468447007, "r2": -14712095.88888575, "status": "ok", "start_time": 1699273395.7599628, "duration": 1.9121761322021484}, "current_params": {"N": 500, "iss": 0.15399984759321084, "lr": 0.0019431745080725833, "ridge": 6.149769328825335e-07, "seed": 1234, "sr": 8.323301293667457}}