{"returned_dict": {"loss": 8.715249800263106, "r2": -20805.41953779594, "status": "ok", "start_time": 1699268503.8786361, "duration": 1.9370639324188232}, "current_params": {"N": 500, "iss": 0.4503628369957513, "lr": 0.03709140133925175, "ridge": 2.6234435504939386e-09, "seed": 1234, "sr": 1.665278509291293}}