{"returned_dict": {"loss": 81.35752698028477, "r2": -3497.8934790256776, "status": "ok", "start_time": 1699273270.55937, "duration": 1.8939530849456787}, "current_params": {"N": 500, "iss": 0.48683979711786196, "lr": 0.0041878954202570285, "ridge": 1.5267158874357313e-07, "seed": 1234, "sr": 0.7656474307799984}}