{"returned_dict": {"loss": 83.8814201660273, "r2": -3711.9718822364375, "status": "ok", "start_time": 1699273430.059226, "duration": 2.1090688705444336}, "current_params": {"N": 500, "iss": 0.4503628369957513, "lr": 0.03709140133925175, "ridge": 2.6234435504939386e-09, "seed": 1234, "sr": 1.665278509291293}}