{"returned_dict": {"loss": 9.980132741091786, "r2": -6081.207181687113, "status": "ok", "start_time": 1699267624.1141791, "duration": 1.7404048442840576}, "current_params": {"N": 500, "iss": 0.4503628369957513, "lr": 0.03709140133925175, "ridge": 2.6234435504939386e-09, "seed": 1234, "sr": 1.665278509291293}}