{"returned_dict": {"loss": 0.002527516755279579, "r2": 0.9983462281342681, "status": "ok", "start_time": 1699188522.048494, "duration": 2.4766929149627686}, "current_params": {"N": 500, "iss": 0.059936189081400526, "lr": 0.38264094967620654, "ridge": 1.8102732550311867e-05, "seed": 1234, "sr": 0.07966435869333038}}