{"returned_dict": {"loss": 0.0029257845452727873, "r2": 0.9978807122026273, "status": "ok", "start_time": 1699188775.702379, "duration": 2.3611209392547607}, "current_params": {"N": 500, "iss": 0.09801956882183527, "lr": 0.21207672046475814, "ridge": 4.6581639384163866e-05, "seed": 1234, "sr": 0.21354604962375795}}