{"returned_dict": {"loss": 0.006927208188694353, "r2": 0.9881149170218165, "status": "ok", "start_time": 1699188565.707707, "duration": 2.3712780475616455}, "current_params": {"N": 500, "iss": 0.2298357960090034, "lr": 0.8472268156639914, "ridge": 9.801931216645321e-05, "seed": 1234, "sr": 0.2197712027474747}}