{"returned_dict": {"loss": 0.013427739467477546, "r2": 0.9555781202913836, "status": "ok", "start_time": 1699188780.3667939, "duration": 2.5514562129974365}, "current_params": {"N": 500, "iss": 0.10044612037411704, "lr": 0.07898613150169653, "ridge": 0.005230035728447981, "seed": 1234, "sr": 0.03524277949039688}}