{"returned_dict": {"loss": 0.014842278876695189, "r2": 0.9457911621339902, "status": "ok", "start_time": 1699188670.9914188, "duration": 2.789008140563965}, "current_params": {"N": 500, "iss": 0.4965873842307338, "lr": 0.31430549026306187, "ridge": 0.00024733891965125694, "seed": 1234, "sr": 0.09169361093299348}}