{"returned_dict": {"loss": 0.013401989486460547, "r2": 0.9558353257138809, "status": "ok", "start_time": 1699188953.211287, "duration": 2.8743250370025635}, "current_params": {"N": 500, "iss": 0.0011867504507336868, "lr": 0.4402251533661025, "ridge": 1.398293408194846e-05, "seed": 1234, "sr": 0.1378790157061615}}