{"returned_dict": {"loss": 0.021155088381163967, "r2": 0.8899490018329029, "status": "ok", "start_time": 1699189001.4010491, "duration": 2.442084789276123}, "current_params": {"N": 500, "iss": 0.3829699328467736, "lr": 0.026695530015763223, "ridge": 3.993947976599462e-07, "seed": 1234, "sr": 0.013649509767262393}}