{"returned_dict": {"loss": 0.025221494004907228, "r2": 0.8436413486093782, "status": "ok", "start_time": 1699188998.414233, "duration": 2.9718308448791504}, "current_params": {"N": 500, "iss": 0.3648171195318186, "lr": 0.06815247173845063, "ridge": 0.004137027458330782, "seed": 1234, "sr": 0.0440605775382449}}