{"returned_dict": {"loss": 0.024867499368594743, "r2": 0.8480096337184313, "status": "ok", "start_time": 1699188583.391577, "duration": 2.5007150173187256}, "current_params": {"N": 500, "iss": 0.51533056692996, "lr": 0.034790822993190244, "ridge": 0.006492379836402213, "seed": 1234, "sr": 0.2237449778907503}}