{"returned_dict": {"loss": 0.02300015992168752, "r2": 0.8699360163461551, "status": "ok", "start_time": 1699188608.6313431, "duration": 2.5657618045806885}, "current_params": {"N": 500, "iss": 0.600022312535927, "lr": 0.6571588388986347, "ridge": 0.001699652520124697, "seed": 1234, "sr": 0.046727228044946535}}