{"returned_dict": {"loss": 0.02769998502868029, "r2": 0.8092444291243015, "status": "ok", "start_time": 1699189003.847456, "duration": 2.4520180225372314}, "current_params": {"N": 500, "iss": 0.9252782203468204, "lr": 0.026818040062708853, "ridge": 7.673078281627973e-07, "seed": 1234, "sr": 0.08930926502440488}}