{"returned_dict": {"loss": 0.028429257152541482, "r2": 0.8013344303584929, "status": "ok", "start_time": 1699188882.0209112, "duration": 2.3166117668151855}, "current_params": {"N": 500, "iss": 0.8091744524034417, "lr": 0.9358123326900604, "ridge": 3.7883632037985046e-08, "seed": 1234, "sr": 5.974243589442645}}