{"returned_dict": {"loss": 0.03758696415521074, "r2": 0.6526437122338482, "status": "ok", "start_time": 1699188756.022881, "duration": 2.536688804626465}, "current_params": {"N": 500, "iss": 0.9345866417401569, "lr": 0.04017882290811124, "ridge": 0.008848344280085078, "seed": 1234, "sr": 0.014438974945890222}}