{"returned_dict": {"loss": 0.03073784176440797, "r2": 0.7677708170648495, "status": "ok", "start_time": 1699188981.66024, "duration": 2.8871898651123047}, "current_params": {"N": 500, "iss": 0.3945156093805232, "lr": 0.015128007637960973, "ridge": 3.182563639108543e-06, "seed": 1234, "sr": 0.012260384608014823}}