{"returned_dict": {"loss": 0.042665813619066094, "r2": 0.5525080782018251, "status": "ok", "start_time": 1699188761.218528, "duration": 2.3017899990081787}, "current_params": {"N": 500, "iss": 0.20923040118546266, "lr": 0.0077355403142878795, "ridge": 0.0023425261581026765, "seed": 1234, "sr": 0.026761175701104346}}