{"returned_dict": {"loss": 0.0579661763641306, "r2": 0.17380939331049242, "status": "ok", "start_time": 1699188558.533462, "duration": 2.359412908554077}, "current_params": {"N": 500, "iss": 0.451625695847095, "lr": 0.2824777807824228, "ridge": 0.0004995561065461233, "seed": 1234, "sr": 4.434072756135233}}