{"returned_dict": {"loss": 0.06751614697892047, "r2": -0.8844126335114186, "status": "ok", "start_time": 1699188751.083796, "duration": 2.361841917037964}, "current_params": {"N": 500, "iss": 0.006972115376929322, "lr": 0.012836594720886324, "ridge": 1.4561222069260244e-09, "seed": 1234, "sr": 0.7794764412014389}}