{"returned_dict": {"loss": 0.09676434747586428, "r2": -1.3089327901430041, "status": "ok", "start_time": 1699188563.1754482, "duration": 2.5297069549560547}, "current_params": {"N": 500, "iss": 0.4171626881853736, "lr": 0.002422315386294973, "ridge": 0.0008891693515095883, "seed": 1234, "sr": 0.0544052294998603}}