{"returned_dict": {"loss": 0.13702927446041366, "r2": -3.672694423916827, "status": "ok", "start_time": 1699188787.650742, "duration": 2.3526298999786377}, "current_params": {"N": 500, "iss": 0.5743858512665214, "lr": 0.0025679857977144393, "ridge": 1.9388590294899276e-08, "seed": 1234, "sr": 0.015217119086357022}}