{"returned_dict": {"loss": 0.13180274646152326, "r2": -3.313169311728372, "status": "ok", "start_time": 1699188679.495549, "duration": 2.63374400138855}, "current_params": {"N": 500, "iss": 0.06016013465638104, "lr": 0.23962511288825833, "ridge": 0.0007949579169258338, "seed": 1234, "sr": 3.416923934914541}}