{"returned_dict": {"loss": 0.13861555546420132, "r2": -3.7333460416138693, "status": "ok", "start_time": 1699189021.430433, "duration": 1.9508559703826904}, "current_params": {"N": 500, "iss": 0.40978014885751834, "lr": 0.003188301860373708, "ridge": 2.4347267941306313e-08, "seed": 1234, "sr": 0.050704131972421025}}