{"returned_dict": {"loss": 0.8968657777851305, "r2": -210.7490827721642, "status": "ok", "start_time": 1699188966.824515, "duration": 2.699112892150879}, "current_params": {"N": 500, "iss": 0.550070835811614, "lr": 0.005273335540171085, "ridge": 5.04991308123115e-09, "seed": 1234, "sr": 0.39936841111501603}}