{"returned_dict": {"loss": 0.9883922084184671, "r2": -285.2453037989264, "status": "ok", "start_time": 1699188533.9341671, "duration": 2.2997679710388184}, "current_params": {"N": 500, "iss": 0.869355916285306, "lr": 0.0017588986916506517, "ridge": 0.009525997633827816, "seed": 1234, "sr": 1.2509379966926149}}