{"returned_dict": {"loss": 1.321089930294839, "r2": -435.88980013701274, "status": "ok", "start_time": 1699188617.214842, "duration": 2.5979819297790527}, "current_params": {"N": 500, "iss": 0.48683979711786196, "lr": 0.0041878954202570285, "ridge": 1.5267158874357313e-07, "seed": 1234, "sr": 0.7656474307799984}}