{"returned_dict": {"loss": 1.6157818841017042, "r2": -662.0872205691456, "status": "ok", "start_time": 1699188660.649274, "duration": 2.558107852935791}, "current_params": {"N": 500, "iss": 0.6217356289422551, "lr": 0.0029999570595545273, "ridge": 1.822408392802496e-08, "seed": 1234, "sr": 0.38114750465916947}}