{"returned_dict": {"loss": 1351.2929267476609, "r2": -546825375.1051173, "status": "ok", "start_time": 1699188792.572323, "duration": 2.3359837532043457}, "current_params": {"N": 500, "iss": 0.4234539619306149, "lr": 0.001055234755253992, "ridge": 2.7873687266175076e-08, "seed": 1234, "sr": 6.700381333753658}}