{"returned_dict": {"loss": 174.88464665414847, "r2": -8523296.95913721, "status": "ok", "start_time": 1699188736.891509, "duration": 2.3066470623016357}, "current_params": {"N": 500, "iss": 0.3415352429252124, "lr": 0.024081733532461607, "ridge": 2.334903649885824e-09, "seed": 1234, "sr": 2.540247736115996}}