{"returned_dict": {"loss": 9.563911081136288, "r2": -23213.365785496455, "status": "ok", "start_time": 1699188710.811179, "duration": 2.3042540550231934}, "current_params": {"N": 500, "iss": 0.9406587057968023, "lr": 0.02207977188453779, "ridge": 0.0007602478909161272, "seed": 1234, "sr": 6.833596167908428}}