{"returned_dict": {"loss": 0.00344433697678773, "r2": 0.999759709568361, "status": "ok", "start_time": 1699366989.668792, "duration": 4.546518087387085}, "current_params": {"N": 500, "iss": 0.7714539695031645, "lr": 0.16766766519886953, "ridge": 1.2968971939683203e-07, "seed": 5555, "sr": 0.28327116807958513}}