{"returned_dict": {"loss": 0.0006074263482173206, "r2": 0.9999926075349683, "status": "ok", "start_time": 1699367276.7582872, "duration": 4.455761909484863}, "current_params": {"N": 500, "iss": 0.9408397105778058, "lr": 0.3594469868947466, "ridge": 2.899155403260927e-08, "seed": 5555, "sr": 0.953319122623503}}