{"returned_dict": {"loss": 0.005236019664456341, "r2": 0.9994345588300885, "status": "ok", "start_time": 1699367974.65288, "duration": 4.648720026016235}, "current_params": {"N": 500, "iss": 0.2347117574430435, "lr": 0.09789180901999915, "ridge": 0.0006744847078870709, "seed": 5555, "sr": 0.2730928127151301}}