{"returned_dict": {"loss": 0.009998304256251972, "r2": 0.9979493567468989, "status": "ok", "start_time": 1699367355.6257012, "duration": 5.273601770401001}, "current_params": {"N": 500, "iss": 0.21496591135483278, "lr": 0.012213382575706427, "ridge": 4.430275039678582e-08, "seed": 5555, "sr": 0.015767522293681297}}