{"returned_dict": {"loss": 0.0028381929485745074, "r2": 0.9998376158225671, "status": "ok", "start_time": 1699366880.987312, "duration": 4.449476957321167}, "current_params": {"N": 500, "iss": 0.8967736623178844, "lr": 0.1298405957476471, "ridge": 9.418213809531775e-09, "seed": 5555, "sr": 0.3105316802728771}}