{"returned_dict": {"loss": 0.013202299312681133, "r2": 0.9965621854914278, "status": "ok", "start_time": 1699367838.29355, "duration": 5.020055055618286}, "current_params": {"N": 500, "iss": 0.3509669104032701, "lr": 0.021902116904373225, "ridge": 4.598335783632715e-08, "seed": 5555, "sr": 0.036095450156417345}}