{"returned_dict": {"loss": 0.01236605272877255, "r2": 0.9969958832235452, "status": "ok", "start_time": 1699367389.985449, "duration": 5.125128746032715}, "current_params": {"N": 500, "iss": 0.5458161363201689, "lr": 0.1927391235133893, "ridge": 3.4731611050513896e-08, "seed": 5555, "sr": 0.017275455370965257}}