{"returned_dict": {"loss": 0.014995809710384972, "r2": 0.995561066273089, "status": "ok", "start_time": 1699366985.22816, "duration": 4.439059019088745}, "current_params": {"N": 500, "iss": 0.4965873842307338, "lr": 0.31430549026306187, "ridge": 0.00024733891965125694, "seed": 5555, "sr": 0.09169361093299348}}