{"returned_dict": {"loss": 0.025797893024809365, "r2": 0.9868874492441502, "status": "ok", "start_time": 1699366745.7837481, "duration": 4.725839853286743}, "current_params": {"N": 500, "iss": 0.7041340569061305, "lr": 0.02018337832903292, "ridge": 2.3115334421298753e-06, "seed": 5555, "sr": 0.09442721440119983}}