{"returned_dict": {"loss": 0.02830405767502917, "r2": 0.9841132089221346, "status": "ok", "start_time": 1699367630.741536, "duration": 5.0135040283203125}, "current_params": {"N": 500, "iss": 0.40978014885751834, "lr": 0.003188301860373708, "ridge": 2.4347267941306313e-08, "seed": 5555, "sr": 0.050704131972421025}}