{"returned_dict": {"loss": 0.02975097666603789, "r2": 0.9825512885227591, "status": "ok", "start_time": 1699367754.870077, "duration": 4.818669080734253}, "current_params": {"N": 500, "iss": 0.8532254565813214, "lr": 0.022172000243238923, "ridge": 1.1447615882978986e-06, "seed": 5555, "sr": 0.051935699633357466}}