{"returned_dict": {"loss": 0.02012551920972864, "r2": 0.9912940207572295, "status": "ok", "start_time": 1699367853.9976032, "duration": 5.0537378787994385}, "current_params": {"N": 500, "iss": 0.7824600432998116, "lr": 0.011495771561683863, "ridge": 3.432666060747824e-06, "seed": 5555, "sr": 1.1217386304908368}}