{"returned_dict": {"loss": 0.02264578218448221, "r2": 0.9893412975248372, "status": "ok", "start_time": 1699367120.201663, "duration": 4.68615198135376}, "current_params": {"N": 500, "iss": 0.17176002567391113, "lr": 0.22199089728115365, "ridge": 0.0006020999816891316, "seed": 5555, "sr": 2.0711751271159318}}