{"returned_dict": {"loss": 0.03346264701094795, "r2": 0.9779905812990576, "status": "ok", "start_time": 1699367084.1735559, "duration": 4.509198188781738}, "current_params": {"N": 500, "iss": 0.8088601787647725, "lr": 0.010820249488204384, "ridge": 2.157571970097535e-05, "seed": 5555, "sr": 0.19935467732696538}}