{"returned_dict": {"loss": 0.03333419853590049, "r2": 0.9781665544151749, "status": "ok", "start_time": 1699368049.744184, "duration": 4.503273010253906}, "current_params": {"N": 500, "iss": 0.6843884439305382, "lr": 0.03731812816903053, "ridge": 0.00015193594663156403, "seed": 5555, "sr": 0.028487552446214245}}