{"returned_dict": {"loss": 0.05562744952786822, "r2": 0.9390120183517352, "status": "ok", "start_time": 1699366821.2746902, "duration": 4.815082788467407}, "current_params": {"N": 500, "iss": 0.08315064051214127, "lr": 0.934961690273177, "ridge": 1.4389924675211044e-08, "seed": 5555, "sr": 2.4229663969229636}}