{"returned_dict": {"loss": 0.05828785651097076, "r2": 0.9332180578941967, "status": "ok", "start_time": 1699367138.437901, "duration": 4.436407089233398}, "current_params": {"N": 500, "iss": 0.9345866417401569, "lr": 0.04017882290811124, "ridge": 0.008848344280085078, "seed": 5555, "sr": 0.014438974945890222}}