{"returned_dict": {"loss": 0.05408655416620515, "r2": 0.9425282753478749, "status": "ok", "start_time": 1699367964.8399732, "duration": 4.729201793670654}, "current_params": {"N": 500, "iss": 0.9924422624704421, "lr": 0.01472033478760256, "ridge": 5.1526787433609305e-05, "seed": 5555, "sr": 0.021824250820656584}}