{"returned_dict": {"loss": 0.06192567876539271, "r2": 0.9242641146262643, "status": "ok", "start_time": 1699367788.545907, "duration": 4.75227689743042}, "current_params": {"N": 500, "iss": 0.47613768872703277, "lr": 0.0034091289862712786, "ridge": 0.0006188608950392245, "seed": 5555, "sr": 0.08635014198845391}}