{"returned_dict": {"loss": 0.494802628229583, "r2": -9.117119001044157, "status": "ok", "start_time": 1699367227.555926, "duration": 4.524298906326294}, "current_params": {"N": 500, "iss": 0.9907096740516865, "lr": 0.011152501138346385, "ridge": 4.549840392506736e-07, "seed": 5555, "sr": 1.4037266612887527}}