{"returned_dict": {"loss": 1.1900555411547782, "r2": -27.088093712015596, "status": "ok", "start_time": 1699367052.567467, "duration": 4.46980094909668}, "current_params": {"N": 500, "iss": 0.9406587057968023, "lr": 0.02207977188453779, "ridge": 0.0007602478909161272, "seed": 5555, "sr": 6.833596167908428}}