{"returned_dict": {"loss": 1.3416138406229976, "r2": -34.3939089962364, "status": "ok", "start_time": 1699367290.251752, "duration": 4.467902898788452}, "current_params": {"N": 500, "iss": 0.4016192513767243, "lr": 0.023565820546423054, "ridge": 0.0009341644724743216, "seed": 5555, "sr": 5.987530745926846}}