{"returned_dict": {"loss": 1.4264324210490456, "r2": -40.367697482166385, "status": "ok", "start_time": 1699367945.586142, "duration": 4.711302042007446}, "current_params": {"N": 500, "iss": 0.7063427764230436, "lr": 0.0014990692927709303, "ridge": 3.1631495401742363e-09, "seed": 5555, "sr": 0.759096639204377}}