{"returned_dict": {"loss": 2.008890527434615, "r2": -78.65751631619897, "status": "ok", "start_time": 1699367102.2877078, "duration": 4.434719085693359}, "current_params": {"N": 500, "iss": 0.3415352429252124, "lr": 0.024081733532461607, "ridge": 2.334903649885824e-09, "seed": 5555, "sr": 2.540247736115996}}