{"returned_dict": {"loss": 4222.707474024414, "r2": -437666255.5118883, "status": "ok", "start_time": 1699367660.2364402, "duration": 4.693033933639526}, "current_params": {"N": 500, "iss": 0.43993588487906676, "lr": 0.0012993040563268495, "ridge": 7.314699402928143e-09, "seed": 5555, "sr": 7.676205106760254}}