{"returned_dict": {"loss": 7.718268378951174, "r2": -1179.9000266265048, "status": "ok", "start_time": 1699367299.684293, "duration": 4.613018989562988}, "current_params": {"N": 500, "iss": 0.5308233319012376, "lr": 0.010754552393914138, "ridge": 0.00408260583459009, "seed": 5555, "sr": 7.505573307332538}}