{"returned_dict": {"loss": 95.1905602694394, "r2": -182040.27697159862, "status": "ok", "start_time": 1699366755.929332, "duration": 5.059191942214966}, "current_params": {"N": 500, "iss": 0.30780459889893874, "lr": 0.0020629649586181636, "ridge": 1.807451674082109e-05, "seed": 5555, "sr": 2.2042634577971216}}