{"returned_dict": {"loss": 96.40808452807927, "r2": -234242.64072228372, "status": "ok", "start_time": 1699367272.22167, "duration": 4.5349650382995605}, "current_params": {"N": 500, "iss": 0.5164119610315949, "lr": 0.005362066549925435, "ridge": 5.41731973139421e-08, "seed": 5555, "sr": 1.7053539993996638}}