{"returned_dict": {"loss": 0.0003839871925673899, "r2": 0.9999915207666398, "status": "ok", "start_time": 1699235504.46368, "duration": 1.8157689571380615}, "current_params": {"N": 500, "iss": 0.6062643158179813, "lr": 0.48657161636196294, "ridge": 0.00019371347794085468, "seed": 1234, "sr": 1.3671630828846324}}