{"returned_dict": {"loss": 0.00048370747898366127, "r2": 0.999986561209962, "status": "ok", "start_time": 1699235342.222701, "duration": 1.885577917098999}, "current_params": {"N": 500, "iss": 0.09801956882183527, "lr": 0.21207672046475814, "ridge": 4.6581639384163866e-05, "seed": 1234, "sr": 0.21354604962375795}}