{"returned_dict": {"loss": 0.007774458655090996, "r2": 0.9963222765994625, "status": "ok", "start_time": 1699235416.104764, "duration": 1.865906000137329}, "current_params": {"N": 500, "iss": 0.21496591135483278, "lr": 0.012213382575706427, "ridge": 4.430275039678582e-08, "seed": 1234, "sr": 0.015767522293681297}}