{"returned_dict": {"loss": 0.013673197778236307, "r2": 0.9892902945640305, "status": "ok", "start_time": 1699235215.1906729, "duration": 1.8452563285827637}, "current_params": {"N": 500, "iss": 0.600022312535927, "lr": 0.6571588388986347, "ridge": 0.001699652520124697, "seed": 1234, "sr": 0.046727228044946535}}