{"returned_dict": {"loss": 0.03331762100248886, "r2": 0.9356950924023818, "status": "ok", "start_time": 1699235427.2777338, "duration": 1.8579962253570557}, "current_params": {"N": 500, "iss": 0.9822234508984979, "lr": 0.006521274464604564, "ridge": 0.0030997822726422258, "seed": 1234, "sr": 0.5858648234147782}}