{"returned_dict": {"loss": 0.12981683373609262, "r2": 0.0321318875045945, "status": "ok", "start_time": 1699235275.880651, "duration": 1.8612821102142334}, "current_params": {"N": 500, "iss": 0.2092695124165096, "lr": 0.20792063760808668, "ridge": 2.4402906778962044e-09, "seed": 1234, "sr": 3.3229413943755635}}