{"returned_dict": {"loss": 1.350201075601441, "r2": -107.87760862227178, "status": "ok", "start_time": 1699235519.71491, "duration": 1.8803040981292725}, "current_params": {"N": 500, "iss": 0.7111875236481379, "lr": 0.014953523366352292, "ridge": 0.003917533648237141, "seed": 1234, "sr": 1.908865762249811}}