{"returned_dict": {"loss": 113.92084730527017, "r2": -827002.8824531006, "status": "ok", "start_time": 1699235382.131588, "duration": 2.057622194290161}, "current_params": {"N": 500, "iss": 0.5164119610315949, "lr": 0.005362066549925435, "ridge": 5.41731973139421e-08, "seed": 1234, "sr": 1.7053539993996638}}