{"returned_dict": {"loss": 2.5523502008932994, "r2": -371.6187304425855, "status": "ok", "start_time": 1699235277.743337, "duration": 1.9986140727996826}, "current_params": {"N": 500, "iss": 0.23643093070326449, "lr": 0.01146759760328504, "ridge": 0.004599990623823179, "seed": 1234, "sr": 2.3610670815355883}}