{"returned_dict": {"loss": 234.03844579831335, "r2": -3194799.9744334356, "status": "ok", "start_time": 1699235423.5326872, "duration": 1.8724229335784912}, "current_params": {"N": 500, "iss": 0.007930380864134223, "lr": 0.010013001344096634, "ridge": 6.670195090070217e-06, "seed": 1234, "sr": 3.180379394013653}}