{"returned_dict": {"loss": 4.1846635075096215, "r2": -1024.124817420876, "status": "ok", "start_time": 1699235289.2096481, "duration": 1.948901891708374}, "current_params": {"N": 500, "iss": 0.9581135333425491, "lr": 0.026802233205999445, "ridge": 0.0008696490633638283, "seed": 1234, "sr": 2.8424339478368448}}