{"returned_dict": {"loss": 0.00883217300589085, "r2": 0.9984123716441462, "status": "ok", "start_time": 1699191755.4183931, "duration": 1.8797156810760498}, "current_params": {"N": 500, "iss": 0.21686967585707428, "lr": 0.06719120770962762, "ridge": 0.00012890720812140736, "seed": 1234, "sr": 0.07071032186253305}}