{"returned_dict": {"loss": 0.001768851712643694, "r2": 0.999938983322993, "status": "ok", "start_time": 1699192404.706249, "duration": 1.33132004737854}, "current_params": {"N": 500, "iss": 0.15717970056189712, "lr": 0.07128243944571559, "ridge": 3.2781375924716163e-09, "seed": 1234, "sr": 0.027598683234115115}}