{"returned_dict": {"loss": 0.0010516221845088523, "r2": 0.9999783450084573, "status": "ok", "start_time": 1699192403.318395, "duration": 1.3860361576080322}, "current_params": {"N": 500, "iss": 0.059936189081400526, "lr": 0.38264094967620654, "ridge": 1.8102732550311867e-05, "seed": 1234, "sr": 0.07966435869333038}}