{"returned_dict": {"loss": 131.03352158105807, "r2": -354444.68404730316, "status": "ok", "start_time": 1699192006.74134, "duration": 1.9584259986877441}, "current_params": {"N": 500, "iss": 0.007930380864134223, "lr": 0.010013001344096634, "ridge": 6.670195090070217e-06, "seed": 1234, "sr": 3.180379394013653}}