{"returned_dict": {"loss": 0.008331464669307799, "r2": 0.9986427920789303, "status": "ok", "start_time": 1699192643.710111, "duration": 1.2815351486206055}, "current_params": {"N": 500, "iss": 0.8493027570387159, "lr": 0.08352474609695261, "ridge": 1.2092867049259064e-08, "seed": 1234, "sr": 0.1521671071513882}}