{"returned_dict": {"loss": 0.00866300006491455, "r2": 0.9985424994190734, "status": "ok", "start_time": 1699192568.610946, "duration": 1.3028099536895752}, "current_params": {"N": 500, "iss": 0.04057815748077798, "lr": 0.048306005915739574, "ridge": 0.0009201974723122006, "seed": 1234, "sr": 1.0784585589734712}}