{"returned_dict": {"loss": 0.010385701483599593, "r2": 0.9979033508793277, "status": "ok", "start_time": 1699192749.139425, "duration": 1.2752299308776855}, "current_params": {"N": 500, "iss": 0.7229931611804811, "lr": 0.02801415255330273, "ridge": 3.8239824132656686e-09, "seed": 1234, "sr": 0.2090196583408564}}