{"returned_dict": {"loss": 0.028148542701255774, "r2": 0.9846021999609743, "status": "ok", "start_time": 1699192742.551571, "duration": 1.2873401641845703}, "current_params": {"N": 500, "iss": 0.9022140321763757, "lr": 0.28243759923765877, "ridge": 6.331779330149328e-07, "seed": 1234, "sr": 0.014132040674737733}}