{"returned_dict": {"loss": 0.02664106192301792, "r2": 0.9861669910012844, "status": "ok", "start_time": 1699192698.836904, "duration": 1.273857831954956}, "current_params": {"N": 500, "iss": 0.26934464895629684, "lr": 0.0839574815743966, "ridge": 0.003061173980554755, "seed": 1234, "sr": 0.016223651162329426}}