{"returned_dict": {"loss": 0.035673853420389, "r2": 0.9661379713718734, "status": "ok", "start_time": 1699192710.733273, "duration": 1.3676939010620117}, "current_params": {"N": 500, "iss": 0.26089228108771545, "lr": 0.004924674001327178, "ridge": 2.381485979423505e-09, "seed": 1234, "sr": 0.28962112677540436}}