{"returned_dict": {"loss": 0.03371617683360687, "r2": 0.9778768978709604, "status": "ok", "start_time": 1699192525.68353, "duration": 1.3136911392211914}, "current_params": {"N": 500, "iss": 0.51533056692996, "lr": 0.034790822993190244, "ridge": 0.006492379836402213, "seed": 1234, "sr": 0.2237449778907503}}