{"returned_dict": {"loss": 0.03856420526377689, "r2": 0.9711149738502435, "status": "ok", "start_time": 1699192529.5998888, "duration": 1.3528430461883545}, "current_params": {"N": 500, "iss": 0.18640085674470974, "lr": 0.008316425906674767, "ridge": 3.822116394355239e-05, "seed": 1234, "sr": 0.02745813794912951}}