{"returned_dict": {"loss": 0.04840502323962592, "r2": 0.9544307048875943, "status": "ok", "start_time": 1699192683.219496, "duration": 1.257601022720337}, "current_params": {"N": 500, "iss": 0.35807336738969764, "lr": 0.8619303140116904, "ridge": 1.0115479045381332e-07, "seed": 1234, "sr": 4.881086179748358}}