{"returned_dict": {"loss": 0.05322900830503339, "r2": 0.9449651886930773, "status": "ok", "start_time": 1699192520.464986, "duration": 1.277345895767212}, "current_params": {"N": 500, "iss": 0.9326851510627013, "lr": 0.01313978174667569, "ridge": 0.0007520446577387131, "seed": 1234, "sr": 0.18658183701753261}}