{"returned_dict": {"loss": 0.07315087430470708, "r2": 0.8960776302966202, "status": "ok", "start_time": 1699192655.3403609, "duration": 1.356081247329712}, "current_params": {"N": 500, "iss": 0.7889351766743528, "lr": 0.00398609258790173, "ridge": 0.0026164567787443195, "seed": 1234, "sr": 0.012580639725311055}}