{"returned_dict": {"loss": 0.08163830512120411, "r2": 0.8705572365010136, "status": "ok", "start_time": 1699192582.230824, "duration": 1.3299429416656494}, "current_params": {"N": 500, "iss": 0.837083721656963, "lr": 0.001117795359631473, "ridge": 1.2852197972507888e-06, "seed": 1234, "sr": 0.01061907053409471}}