{"returned_dict": {"loss": 0.08179441844530982, "r2": 0.8685646499761625, "status": "ok", "start_time": 1699192618.904414, "duration": 1.3259320259094238}, "current_params": {"N": 500, "iss": 0.3158924367205628, "lr": 0.0016930941327325617, "ridge": 0.0006969765320479288, "seed": 1234, "sr": 0.22191193501289097}}