{"returned_dict": {"loss": 0.2935618558525355, "r2": -0.6737492784285649, "status": "ok", "start_time": 1699192704.0534441, "duration": 1.2732417583465576}, "current_params": {"N": 500, "iss": 0.05969594889932428, "lr": 0.22834501963548878, "ridge": 4.079252477787997e-06, "seed": 1234, "sr": 3.3535990156004383}}