{"returned_dict": {"loss": 125.5876942824532, "r2": -336796.7891909314, "status": "ok", "start_time": 1699192628.029016, "duration": 1.2170817852020264}, "current_params": {"N": 500, "iss": 0.15399984759321084, "lr": 0.0019431745080725833, "ridge": 6.149769328825335e-07, "seed": 1234, "sr": 8.323301293667457}}