{"returned_dict": {"loss": 27.253542012954185, "r2": -14762.141725237881, "status": "ok", "start_time": 1699192600.669081, "duration": 1.26198410987854}, "current_params": {"N": 500, "iss": 0.8328177066055172, "lr": 0.026162881037661297, "ridge": 3.0656276565905996e-07, "seed": 1234, "sr": 2.3820731800209316}}