{"returned_dict": {"loss": 296.99392122035687, "r2": -2011919.9665267563, "status": "ok", "start_time": 1699192753.14535, "duration": 1.3407039642333984}, "current_params": {"N": 500, "iss": 0.5797760318934376, "lr": 0.001358642199806875, "ridge": 3.1927648709671725e-08, "seed": 1234, "sr": 4.0906546305123515}}