{"returned_dict": {"loss": 50.133270258427615, "r2": -52617.99517048613, "status": "ok", "start_time": 1699192739.767967, "duration": 1.4517931938171387}, "current_params": {"N": 500, "iss": 0.7444485210599292, "lr": 0.0020459627481612115, "ridge": 1.674497026534218e-08, "seed": 1234, "sr": 1.182082887824895}}