{"returned_dict": {"loss": 9.122005077969414, "r2": -1867.8823513615391, "status": "ok", "start_time": 1699192506.1580532, "duration": 1.3360209465026855}, "current_params": {"N": 500, "iss": 0.30780459889893874, "lr": 0.0020629649586181636, "ridge": 1.807451674082109e-05, "seed": 1234, "sr": 2.2042634577971216}}