{"returned_dict": {"loss": 0.0004654413471838889, "r2": 0.9999949474302842, "status": "ok", "start_time": 1696927040.925612, "duration": 0.8150179386138916}, "current_params": {"N": 500, "iss": 0.9, "lr": 0.49857928733460954, "ridge": 1e-07, "seed": 1234, "sr": 0.04328771757628488}}