{"returned_dict": {"loss": 0.0004345602262136525, "r2": 0.9999956158747881, "status": "ok", "start_time": 1695698785.6405709, "duration": 0.8785400390625}, "current_params": {"N": 500, "iss": 0.9, "lr": 0.46427132973394764, "ridge": 1e-07, "seed": 1234, "sr": 0.5335784501655656}}