{"returned_dict": {"loss": 0.0036020767438829406, "r2": 0.9997768709372835, "status": "ok", "start_time": 1695699529.340831, "duration": 4.161330938339233}, "current_params": {"N": 500, "iss": 0.9, "lr": 0.6053395945549397, "ridge": 1e-07, "seed": 1234, "sr": 0.5858648234147782}}