{"returned_dict": {"loss": 0.00047750155238244645, "r2": 0.9999946754093642, "status": "ok", "start_time": 1697006228.705943, "duration": 1.2799088954925537}, "current_params": {"N": 500, "iss": 0.9, "lr": 0.4679014023329361, "ridge": 1e-07, "seed": 1234, "sr": 0.046727228044946535}}