{"returned_dict": {"loss": 0.00039936360982910525, "r2": 0.999996278204032, "status": "ok", "start_time": 1697097752.635226, "duration": 0.782677173614502}, "current_params": {"N": 500, "iss": 0.9, "lr": 0.7574590139415617, "ridge": 1e-07, "seed": 1234, "sr": 0.03524277949039688}}