{"returned_dict": {"loss": 0.0047784767548583185, "r2": 0.9994591625563486, "status": "ok", "start_time": 1697097284.615293, "duration": 0.7918779850006104}, "current_params": {"N": 500, "iss": 0.9, "lr": 0.0329584913173178, "ridge": 1e-07, "seed": 1234, "sr": 0.020006202812672045}}