{"returned_dict": {"loss": 0.00733080497272539, "r2": 0.9986826653347655, "status": "ok", "start_time": 1695698362.31195, "duration": 0.7427129745483398}, "current_params": {"N": 500, "iss": 0.9, "lr": 0.07201346307149094, "ridge": 1e-07, "seed": 1234, "sr": 0.19935467732696538}}