{"returned_dict": {"loss": 0.006069182142813173, "r2": 0.9991178530494139, "status": "ok", "start_time": 1697006193.9480152, "duration": 1.6095407009124756}, "current_params": {"N": 500, "iss": 0.9, "lr": 0.025202620361693902, "ridge": 1e-07, "seed": 1234, "sr": 0.015931944006093716}}