{"returned_dict": {"loss": 0.0019152542293844506, "r2": 0.9999346130070451, "status": "ok", "start_time": 1697436035.6000051, "duration": 1.9387967586517334}, "current_params": {"N": 500, "iss": 0.911210058605431, "lr": 0.2183850802283866, "ridge": 1.4229800128550176e-05, "seed": 1234, "sr": 0.22833541526599072}}