{"returned_dict": {"loss": 0.0010945504384135866, "r2": 0.9999711766053497, "status": "ok", "start_time": 1697006259.097269, "duration": 1.02524995803833}, "current_params": {"N": 500, "iss": 0.9, "lr": 0.22465784634152086, "ridge": 1e-07, "seed": 1234, "sr": 0.04049959618384302}}