{"returned_dict": {"loss": 0.00035329167070199735, "r2": 0.9999971088187739, "status": "ok", "start_time": 1697097349.837433, "duration": 0.7913129329681396}, "current_params": {"N": 500, "iss": 0.9, "lr": 0.4367736203806121, "ridge": 1e-07, "seed": 1234, "sr": 0.13317912806568327}}