{"returned_dict": {"loss": 0.001704326865965896, "r2": 0.9999321222297105, "status": "ok", "start_time": 1695698657.6348789, "duration": 0.8308351039886475}, "current_params": {"N": 500, "iss": 0.9, "lr": 0.17391291381476306, "ridge": 1e-07, "seed": 1234, "sr": 0.011739026780685318}}