{"returned_dict": {"loss": 0.0034670400805878443, "r2": 0.9996990199059645, "status": "ok", "start_time": 1697006183.3969889, "duration": 1.9127280712127686}, "current_params": {"N": 500, "iss": 0.9, "lr": 0.9794034504292509, "ridge": 1e-07, "seed": 1234, "sr": 1.2509379966926149}}