{"returned_dict": {"loss": 0.0005344879851155379, "r2": 0.9999933248349245, "status": "ok", "start_time": 1697097794.849762, "duration": 0.7946879863739014}, "current_params": {"N": 500, "iss": 0.9, "lr": 0.602096761664795, "ridge": 1e-07, "seed": 1234, "sr": 0.016223651162329426}}