{"returned_dict": {"loss": 0.004851182100748165, "r2": 0.999575331736838, "status": "ok", "start_time": 1697435975.407808, "duration": 1.8395769596099854}, "current_params": {"N": 500, "iss": 0.976525304162185, "lr": 0.011273269250899024, "ridge": 5.267135160255618e-09, "seed": 1234, "sr": 0.09437285509046839}}