{"returned_dict": {"loss": 0.0014056371301565732, "r2": 0.9999540787630886, "status": "ok", "start_time": 1697006349.03368, "duration": 1.1463830471038818}, "current_params": {"N": 500, "iss": 0.9, "lr": 0.20854872441770467, "ridge": 1e-07, "seed": 1234, "sr": 0.011405319213458769}}