{"returned_dict": {"loss": 0.004973227686714624, "r2": 0.9995572504795124, "status": "ok", "start_time": 1697436237.279558, "duration": 1.909236192703247}, "current_params": {"N": 500, "iss": 0.7077176383000704, "lr": 0.08645762464145056, "ridge": 2.45461325245235e-09, "seed": 1234, "sr": 0.013953269187234588}}