{"returned_dict": {"loss": 0.00032859820349215324, "r2": 0.9999975006328081, "status": "ok", "start_time": 1695800634.024909, "duration": 0.924379825592041}, "current_params": {"N": 500, "iss": 0.9, "lr": 0.5195884549227742, "ridge": 1e-07, "seed": 1234, "sr": 0.11855799312403709}}