{"returned_dict": {"loss": 0.0032504420932768867, "r2": 0.9998033923546652, "status": "ok", "start_time": 1697436233.147021, "duration": 2.1311728954315186}, "current_params": {"N": 500, "iss": 0.9120267528405163, "lr": 0.10377622163746929, "ridge": 0.0009493042476638647, "seed": 1234, "sr": 1.1747727724200443}}