{"returned_dict": {"loss": 0.012557556343620505, "r2": 0.9963378375024655, "status": "ok", "start_time": 1697097795.649436, "duration": 0.7837390899658203}, "current_params": {"N": 500, "iss": 0.9, "lr": 0.010792320963354871, "ridge": 1e-07, "seed": 1234, "sr": 0.030264242037118992}}