{"returned_dict": {"loss": 0.016885049414797078, "r2": 0.9952407583025034, "status": "ok", "start_time": 1695699500.2034078, "duration": 4.146905183792114}, "current_params": {"N": 500, "iss": 0.9, "lr": 0.3788937840048821, "ridge": 1e-07, "seed": 1234, "sr": 0.16300115584611943}}