{"returned_dict": {"loss": 0.01973920484476292, "r2": 0.9930731029170893, "status": "ok", "start_time": 1697436286.657135, "duration": 1.9101150035858154}, "current_params": {"N": 500, "iss": 0.6922327390139184, "lr": 0.034601111100789846, "ridge": 0.0009597922173967499, "seed": 1234, "sr": 0.17537309143779847}}