{"returned_dict": {"loss": 0.015391135110418092, "r2": 0.9938400769169279, "status": "ok", "start_time": 1695803443.316957, "duration": 0.7923729419708252}, "current_params": {"N": 500, "iss": 0.9, "lr": 0.03227681862698132, "ridge": 1e-07, "seed": 1234, "sr": 0.13048071254874868}}