{"returned_dict": {"loss": 0.013606244615352392, "r2": 0.9954873758842852, "status": "ok", "start_time": 1697097359.9967098, "duration": 0.7611739635467529}, "current_params": {"N": 500, "iss": 0.9, "lr": 0.005077070012844686, "ridge": 1e-07, "seed": 1234, "sr": 0.015767522293681297}}