{"returned_dict": {"loss": 0.019564836067699765, "r2": 0.9907798890408014, "status": "ok", "start_time": 1697006250.119502, "duration": 1.0097501277923584}, "current_params": {"N": 500, "iss": 0.9, "lr": 0.3597071043773894, "ridge": 1e-07, "seed": 1234, "sr": 1.0784585589734712}}