{"returned_dict": {"loss": 0.01797355766194079, "r2": 0.9917398036619657, "status": "ok", "start_time": 1695698368.957442, "duration": 0.759350061416626}, "current_params": {"N": 500, "iss": 0.9, "lr": 0.03227681862698132, "ridge": 1e-07, "seed": 1234, "sr": 0.13048071254874868}}