{"returned_dict": {"loss": 0.02406624124154251, "r2": 0.989700089366926, "status": "ok", "start_time": 1697436235.283605, "duration": 1.9909260272979736}, "current_params": {"N": 500, "iss": 0.20874949204266458, "lr": 0.07729401267577381, "ridge": 5.55904979401799e-05, "seed": 1234, "sr": 0.21210441974152222}}