{"returned_dict": {"loss": 0.020313934768098417, "r2": 0.9931478052632917, "status": "ok", "start_time": 1695699704.828424, "duration": 4.172816038131714}, "current_params": {"N": 500, "iss": 0.9, "lr": 0.6850520991863419, "ridge": 1e-07, "seed": 1234, "sr": 0.0440605775382449}}