{"returned_dict": {"loss": 0.025224223955207386, "r2": 0.9894432449766769, "status": "ok", "start_time": 1695699638.001229, "duration": 4.135301828384399}, "current_params": {"N": 500, "iss": 0.9, "lr": 0.06013171745318184, "ridge": 1e-07, "seed": 1234, "sr": 0.6672376898037004}}