{"returned_dict": {"loss": 0.02191414754127198, "r2": 0.9914553129472248, "status": "ok", "start_time": 1697436135.871178, "duration": 1.9489552974700928}, "current_params": {"N": 500, "iss": 0.15717970056189712, "lr": 0.07128243944571559, "ridge": 3.2781375924716163e-09, "seed": 1234, "sr": 0.027598683234115115}}