{"returned_dict": {"loss": 0.027641004294328846, "r2": 0.9817299063203454, "status": "ok", "start_time": 1695698679.2384892, "duration": 0.826603889465332}, "current_params": {"N": 500, "iss": 0.9, "lr": 0.009487842647350041, "ridge": 1e-07, "seed": 1234, "sr": 0.07964860203040938}}