{"returned_dict": {"loss": 0.020632767198342308, "r2": 0.9890555922030916, "status": "ok", "start_time": 1695698446.2477949, "duration": 0.7288262844085693}, "current_params": {"N": 500, "iss": 0.9, "lr": 0.0027231966986053157, "ridge": 1e-07, "seed": 1234, "sr": 0.03438139057492874}}