{"returned_dict": {"loss": 0.02427992424002405, "r2": 0.9805290568265582, "status": "ok", "start_time": 1695698769.241327, "duration": 0.8120839595794678}, "current_params": {"N": 500, "iss": 0.9, "lr": 0.05768426240082132, "ridge": 1e-07, "seed": 1234, "sr": 0.5391304566113871}}