{"returned_dict": {"loss": 0.025371420914200898, "r2": 0.9882810471971671, "status": "ok", "start_time": 1697436221.6019359, "duration": 1.9983742237091064}, "current_params": {"N": 500, "iss": 0.45903012586393255, "lr": 0.008993216326780393, "ridge": 3.098662816361876e-05, "seed": 1234, "sr": 1.038057705082271}}