{"returned_dict": {"loss": 0.03527768012865437, "r2": 0.9793179751098141, "status": "ok", "start_time": 1695699271.047297, "duration": 4.164622783660889}, "current_params": {"N": 500, "iss": 0.9, "lr": 0.3546662046669203, "ridge": 1e-07, "seed": 1234, "sr": 0.015928787718820343}}