{"returned_dict": {"loss": 0.037770075880841275, "r2": 0.964531829431634, "status": "ok", "start_time": 1697097718.73236, "duration": 0.7759971618652344}, "current_params": {"N": 500, "iss": 0.9, "lr": 0.008045090803265967, "ridge": 1e-07, "seed": 1234, "sr": 0.28327116807958513}}