{"returned_dict": {"loss": 0.03717073310358507, "r2": 0.9770106213851083, "status": "ok", "start_time": 1695699537.645387, "duration": 4.178162097930908}, "current_params": {"N": 500, "iss": 0.9, "lr": 0.4538765718397676, "ridge": 1e-07, "seed": 1234, "sr": 0.011423076308344373}}