{"returned_dict": {"loss": 0.03971615241921135, "r2": 0.97378757899554, "status": "ok", "start_time": 1695699116.9503229, "duration": 4.159971237182617}, "current_params": {"N": 500, "iss": 0.9, "lr": 0.06024795953076342, "ridge": 1e-07, "seed": 1234, "sr": 0.22833541526599072}}