{"returned_dict": {"loss": 0.03178870578050975, "r2": 0.9832037465361801, "status": "ok", "start_time": 1695699341.645768, "duration": 4.133260011672974}, "current_params": {"N": 500, "iss": 0.9, "lr": 0.10015288691890604, "ridge": 1e-07, "seed": 1234, "sr": 0.21354604962375795}}