{"returned_dict": {"loss": 0.036333530893387415, "r2": 0.9781089459986784, "status": "ok", "start_time": 1695699183.5464299, "duration": 4.1805949211120605}, "current_params": {"N": 500, "iss": 0.9, "lr": 0.22465784634152086, "ridge": 1e-07, "seed": 1234, "sr": 0.04049959618384302}}