{"returned_dict": {"loss": 0.03464878014737046, "r2": 0.978673713071049, "status": "ok", "start_time": 1697436215.885359, "duration": 1.8684189319610596}, "current_params": {"N": 500, "iss": 0.4363515860498989, "lr": 0.0016156588507471406, "ridge": 3.474547834739471e-08, "seed": 1234, "sr": 0.03073430140568509}}