{"returned_dict": {"loss": 0.030507817110489815, "r2": 0.9755017309497184, "status": "ok", "start_time": 1697006278.157803, "duration": 0.9481978416442871}, "current_params": {"N": 500, "iss": 0.9, "lr": 0.0022003912952545212, "ridge": 1e-07, "seed": 1234, "sr": 0.05016138018026818}}