{"returned_dict": {"loss": 0.041743567020487544, "r2": 0.9690471827192079, "status": "ok", "start_time": 1697435997.512189, "duration": 1.863795280456543}, "current_params": {"N": 500, "iss": 0.18640085674470974, "lr": 0.008316425906674767, "ridge": 3.822116394355239e-05, "seed": 1234, "sr": 0.02745813794912951}}