{"returned_dict": {"loss": 0.08287953914110507, "r2": 0.9893190392894997, "status": "ok", "start_time": 1697429302.775053, "duration": 1.857116937637329}, "current_params": {"N": 500, "iss": 0.0026462177202568604, "lr": 0.021333081512378033, "ridge": 0.00025791954558242, "seed": 1234, "sr": 0.011405319213458769}}