{"returned_dict": {"loss": 0.09612451938043774, "r2": 0.7853585611089965, "status": "ok", "start_time": 1697097390.838316, "duration": 0.8219399452209473}, "current_params": {"N": 500, "iss": 0.9, "lr": 0.5275770821221862, "ridge": 1e-07, "seed": 1234, "sr": 3.382940283445415}}