{"returned_dict": {"loss": 0.11841290701841324, "r2": 0.9784975738327071, "status": "ok", "start_time": 1697429080.396012, "duration": 1.9183030128479004}, "current_params": {"N": 500, "iss": 0.34711880645906334, "lr": 0.0017068361591199817, "ridge": 1.2839800042841107e-06, "seed": 1234, "sr": 0.7839491567314942}}