{"returned_dict": {"loss": 0.1325842532260935, "r2": 0.5490056175994468, "status": "ok", "start_time": 1697097282.913857, "duration": 0.8507120609283447}, "current_params": {"N": 500, "iss": 0.9, "lr": 0.08409864424316024, "ridge": 1e-07, "seed": 1234, "sr": 1.038057705082271}}