{"returned_dict": {"loss": 0.13856501738514684, "r2": 0.5176740592071173, "status": "ok", "start_time": 1697006390.6138082, "duration": 0.914658784866333}, "current_params": {"N": 500, "iss": 0.9, "lr": 0.0017768454950958875, "ridge": 1e-07, "seed": 1234, "sr": 0.2090196583408564}}