{"returned_dict": {"loss": 0.13513835667229115, "r2": 0.9717342620907571, "status": "ok", "start_time": 1697429030.418297, "duration": 1.844911813735962}, "current_params": {"N": 500, "iss": 0.5734609694174653, "lr": 0.0014528929731718976, "ridge": 0.0002509953774283313, "seed": 1234, "sr": 1.4787515437601555}}