{"returned_dict": {"loss": 0.1428143046277912, "r2": 0.6615413997077345, "status": "ok", "start_time": 1695699112.794431, "duration": 4.1541712284088135}, "current_params": {"N": 500, "iss": 0.9, "lr": 0.012671399492344065, "ridge": 1e-07, "seed": 1234, "sr": 0.1931498404234262}}