{"returned_dict": {"loss": 0.1738626112561685, "r2": 0.2977936936467736, "status": "ok", "start_time": 1697097771.704832, "duration": 0.9013538360595703}, "current_params": {"N": 500, "iss": 0.9, "lr": 0.36203692104858476, "ridge": 1e-07, "seed": 1234, "sr": 5.987530745926846}}