{"returned_dict": {"loss": 0.1717738477791364, "r2": 0.5109016979697213, "status": "ok", "start_time": 1695699679.6610281, "duration": 4.189440011978149}, "current_params": {"N": 500, "iss": 0.9, "lr": 0.031709557696495, "ridge": 1e-07, "seed": 1234, "sr": 0.012260384608014823}}