{"returned_dict": {"loss": 0.21571161247744022, "r2": 0.9287271298604883, "status": "ok", "start_time": 1697428947.037951, "duration": 1.8495280742645264}, "current_params": {"N": 500, "iss": 0.9, "lr": 0.002001738706933608, "ridge": 1e-07, "seed": 1234, "sr": 0.39936841111501603}}