{"returned_dict": {"loss": 0.22826325507436943, "r2": 0.13636688304295938, "status": "ok", "start_time": 1695699696.437212, "duration": 4.184722185134888}, "current_params": {"N": 500, "iss": 0.9, "lr": 0.015872813072111937, "ridge": 1e-07, "seed": 1234, "sr": 0.014132040674737733}}