{"returned_dict": {"loss": 0.23901939544164783, "r2": 0.9125223017884471, "status": "ok", "start_time": 1697429172.650599, "duration": 1.830409049987793}, "current_params": {"N": 500, "iss": 0.9232478994758182, "lr": 0.001009158010588956, "ridge": 8.318524365251139e-07, "seed": 1234, "sr": 0.07326940168674866}}