{"returned_dict": {"loss": 0.2421567604585664, "r2": 0.14719366667333778, "status": "ok", "start_time": 1696932783.178496, "duration": 2.3020219802856445}, "current_params": {"N": 500, "iss": 0.9, "lr": 0.28270899609503314, "ridge": 1e-07, "seed": 1234, "sr": 9.019468988959579}}