{"returned_dict": {"loss": 0.2402619133728098, "r2": 0.04319382523455998, "status": "ok", "start_time": 1695699466.729713, "duration": 4.194957971572876}, "current_params": {"N": 500, "iss": 0.9, "lr": 0.008152510284277657, "ridge": 1e-07, "seed": 1234, "sr": 0.026191894186955052}}