{"returned_dict": {"loss": 0.25031125106764424, "r2": 0.08865846692846457, "status": "ok", "start_time": 1696933036.090624, "duration": 2.308194875717163}, "current_params": {"N": 500, "iss": 0.9, "lr": 0.19508739133158107, "ridge": 1e-07, "seed": 1234, "sr": 6.954268155528048}}