{"returned_dict": {"loss": 0.25259228604523254, "r2": 0.07202070900170736, "status": "ok", "start_time": 1696932712.2829068, "duration": 2.325730085372925}, "current_params": {"N": 500, "iss": 0.9, "lr": 0.10450923140136353, "ridge": 1e-07, "seed": 1234, "sr": 4.997336540870967}}