{"returned_dict": {"loss": 0.2510159277567121, "r2": 0.9034411634801401, "status": "ok", "start_time": 1697428725.664604, "duration": 1.8774759769439697}, "current_params": {"N": 500, "iss": 0.9, "lr": 0.005007729021893898, "ridge": 1e-07, "seed": 1234, "sr": 1.0385323042151453}}