{"returned_dict": {"loss": 0.2627175719585144, "r2": -0.6544797178806565, "status": "ok", "start_time": 1695698690.231105, "duration": 0.8353438377380371}, "current_params": {"N": 500, "iss": 0.9, "lr": 0.009517044749879343, "ridge": 1e-07, "seed": 1234, "sr": 0.5693766752526698}}