{"returned_dict": {"loss": 0.26521570985173404, "r2": 0.9918995324388846, "status": "ok", "start_time": 1696930425.8777149, "duration": 0.6344640254974365}, "current_params": {"N": 500, "iss": 0.9, "lr": 0.0010345463215508882, "ridge": 1e-07, "seed": 1234, "sr": 0.7476653587619372}}