{"returned_dict": {"loss": 0.2724151912974611, "r2": -0.08054189036022308, "status": "ok", "start_time": 1696932808.735431, "duration": 2.3207342624664307}, "current_params": {"N": 500, "iss": 0.9, "lr": 0.7169143323529686, "ridge": 1e-07, "seed": 1234, "sr": 2.3610670815355883}}