{"returned_dict": {"loss": 0.2702535844052398, "r2": 0.8881688741887164, "status": "ok", "start_time": 1697428896.195466, "duration": 1.8980388641357422}, "current_params": {"N": 500, "iss": 0.9, "lr": 0.0010963749428805649, "ridge": 1e-07, "seed": 1234, "sr": 0.03747978558716274}}