{"returned_dict": {"loss": 0.3199455802056073, "r2": 0.9882173015819999, "status": "ok", "start_time": 1697006127.056028, "duration": 0.7014720439910889}, "current_params": {"N": 500, "iss": 0.9, "lr": 0.0012348539342148224, "ridge": 1e-07, "seed": 1234, "sr": 0.050152765364070276}}