{"returned_dict": {"loss": 0.31439653924901817, "r2": -0.45295040483845406, "status": "ok", "start_time": 1696932910.927953, "duration": 2.382843017578125}, "current_params": {"N": 500, "iss": 0.9, "lr": 0.8900744887793847, "ridge": 1e-07, "seed": 1234, "sr": 1.810409666530886}}