{"returned_dict": {"loss": 0.3275821993791073, "r2": 0.9815073343259574, "status": "ok", "start_time": 1696928264.8930051, "duration": 0.4386918544769287}, "current_params": {"N": 500, "iss": 0.9, "lr": 0.0012348539342148224, "ridge": 1e-07, "seed": 1234, "sr": 0.050152765364070276}}