{"returned_dict": {"loss": 0.34302012456346614, "r2": 0.819839914877306, "status": "ok", "start_time": 1697428917.502609, "duration": 1.8438498973846436}, "current_params": {"N": 500, "iss": 0.9, "lr": 0.0013995995750949496, "ridge": 1e-07, "seed": 1234, "sr": 0.023462246374277934}}