{"returned_dict": {"loss": 0.3567731704641093, "r2": -0.9051972971132871, "status": "ok", "start_time": 1696932496.941204, "duration": 2.289202928543091}, "current_params": {"N": 500, "iss": 0.9, "lr": 0.9794034504292509, "ridge": 1e-07, "seed": 1234, "sr": 1.2509379966926149}}