{"returned_dict": {"loss": 0.35193819476217225, "r2": 0.9788405514265701, "status": "ok", "start_time": 1696928298.930329, "duration": 0.44277501106262207}, "current_params": {"N": 500, "iss": 0.9, "lr": 0.0014504618087973706, "ridge": 1e-07, "seed": 1234, "sr": 0.28962112677540436}}