{"returned_dict": {"loss": 0.3603989442967876, "r2": 0.8004626485893391, "status": "ok", "start_time": 1697428552.8832908, "duration": 1.8136651515960693}, "current_params": {"N": 500, "iss": 0.9, "lr": 0.0014693850044619381, "ridge": 1e-07, "seed": 1234, "sr": 0.013953269187234588}}