{"returned_dict": {"loss": 0.3851129302345644, "r2": 0.7724072747465316, "status": "ok", "start_time": 1697428715.843888, "duration": 2.0326428413391113}, "current_params": {"N": 500, "iss": 0.9, "lr": 0.01829156443200663, "ridge": 1e-07, "seed": 1234, "sr": 1.7986325141052368}}