{"returned_dict": {"loss": 0.40917209156598444, "r2": -1.7805684759286269, "status": "ok", "start_time": 1695698978.6883872, "duration": 4.17954683303833}, "current_params": {"N": 500, "iss": 0.9, "lr": 0.2768537448431134, "ridge": 1e-07, "seed": 1234, "sr": 4.434072756135233}}