{"returned_dict": {"loss": 0.4263155763133764, "r2": 0.9790740031853157, "status": "ok", "start_time": 1697006184.103967, "duration": 1.1936819553375244}, "current_params": {"N": 500, "iss": 0.9, "lr": 0.0013995995750949496, "ridge": 1e-07, "seed": 1234, "sr": 0.023462246374277934}}