{"returned_dict": {"loss": 0.43905001848248065, "r2": 0.7048398460513159, "status": "ok", "start_time": 1697429180.165177, "duration": 1.8612799644470215}, "current_params": {"N": 500, "iss": 0.6871632474113247, "lr": 0.0033668417829176823, "ridge": 3.836716623456785e-09, "seed": 1234, "sr": 0.10594870634350116}}