{"returned_dict": {"loss": 0.4343274050368029, "r2": 0.7111521332820848, "status": "ok", "start_time": 1697429321.2236521, "duration": 1.8693568706512451}, "current_params": {"N": 500, "iss": 0.26089228108771545, "lr": 0.004924674001327178, "ridge": 2.381485979423505e-09, "seed": 1234, "sr": 0.28962112677540436}}