{"returned_dict": {"loss": 0.47969963685788936, "r2": -2.523493631055303, "status": "ok", "start_time": 1696932794.8009, "duration": 2.314301013946533}, "current_params": {"N": 500, "iss": 0.9, "lr": 0.02295730315688215, "ridge": 1e-07, "seed": 1234, "sr": 7.954497739510178}}