{"returned_dict": {"loss": 0.47344250708798513, "r2": 0.6546749343900424, "status": "ok", "start_time": 1697429236.229627, "duration": 1.8473052978515625}, "current_params": {"N": 500, "iss": 0.4503628369957513, "lr": 0.03709140133925175, "ridge": 2.6234435504939386e-09, "seed": 1234, "sr": 1.665278509291293}}