{"returned_dict": {"loss": 0.481002114576875, "r2": -2.83503381713146, "status": "ok", "start_time": 1695698919.847326, "duration": 4.303555965423584}, "current_params": {"N": 500, "iss": 0.9, "lr": 0.0016633478315350963, "ridge": 1e-07, "seed": 1234, "sr": 0.027598683234115115}}