{"returned_dict": {"loss": 0.49653556154526374, "r2": 0.9708362058982845, "status": "ok", "start_time": 1696931361.722543, "duration": 0.5839262008666992}, "current_params": {"N": 500, "iss": 0.9, "lr": 0.0013995995750949496, "ridge": 1e-07, "seed": 1234, "sr": 0.023462246374277934}}