{"returned_dict": {"loss": 0.509517621574752, "r2": 0.6024918577224657, "status": "ok", "start_time": 1697429023.049314, "duration": 1.8435211181640625}, "current_params": {"N": 500, "iss": 0.34611859763450203, "lr": 0.0072789537441323385, "ridge": 4.7480197822394035e-09, "seed": 1234, "sr": 0.3226348405474758}}