{"returned_dict": {"loss": 0.5141723578878192, "r2": 0.585355917674422, "status": "ok", "start_time": 1697428475.29179, "duration": 1.9041600227355957}, "current_params": {"N": 500, "iss": 0.9, "lr": 0.06675090446914045, "ridge": 1e-07, "seed": 1234, "sr": 2.2042634577971216}}