{"returned_dict": {"loss": 0.5576726135536919, "r2": 0.5238061595934137, "status": "ok", "start_time": 1697428729.423383, "duration": 1.8687310218811035}, "current_params": {"N": 500, "iss": 0.9, "lr": 0.008045090803265967, "ridge": 1e-07, "seed": 1234, "sr": 0.28327116807958513}}