{"returned_dict": {"loss": 0.5705067816370047, "r2": 0.4999908506727551, "status": "ok", "start_time": 1697428532.691547, "duration": 1.823472023010254}, "current_params": {"N": 500, "iss": 0.9, "lr": 0.004574935585135073, "ridge": 1e-07, "seed": 1234, "sr": 0.03073430140568509}}