{"returned_dict": {"loss": 0.5744909383284978, "r2": 0.9473051075712315, "status": "ok", "start_time": 1696928250.73956, "duration": 0.4453611373901367}, "current_params": {"N": 500, "iss": 0.9, "lr": 0.003469578608187846, "ridge": 1e-07, "seed": 1234, "sr": 0.38114750465916947}}