{"returned_dict": {"loss": 0.5895578736650092, "r2": 0.46779409164062535, "status": "ok", "start_time": 1697428948.892309, "duration": 1.8221170902252197}, "current_params": {"N": 500, "iss": 0.9, "lr": 0.0201763660586179, "ridge": 1e-07, "seed": 1234, "sr": 0.7323231724059845}}