{"returned_dict": {"loss": 0.5877800826646093, "r2": 0.4710002868107963, "status": "ok", "start_time": 1697428677.676094, "duration": 1.9843947887420654}, "current_params": {"N": 500, "iss": 0.9, "lr": 0.021490140480106088, "ridge": 1e-07, "seed": 1234, "sr": 0.7839491567314942}}