{"returned_dict": {"loss": 0.5983349796883934, "r2": 0.4518365454867037, "status": "ok", "start_time": 1697429340.231801, "duration": 1.9508910179138184}, "current_params": {"N": 500, "iss": 0.61465928198713, "lr": 0.01646090380035458, "ridge": 1.416582108410998e-05, "seed": 1234, "sr": 0.6672376898037004}}