{"returned_dict": {"loss": 0.5941776966217563, "r2": 0.45942925716308425, "status": "ok", "start_time": 1697429284.221222, "duration": 1.81831693649292}, "current_params": {"N": 500, "iss": 0.134697453845536, "lr": 0.005584438526231021, "ridge": 0.0021703951793471516, "seed": 1234, "sr": 0.11855799312403709}}