{"returned_dict": {"loss": 0.6096184167391703, "r2": 0.4309679976209552, "status": "ok", "start_time": 1697429334.480695, "duration": 1.9145009517669678}, "current_params": {"N": 500, "iss": 0.6381446788022263, "lr": 0.011295567117425407, "ridge": 7.933169942060012e-08, "seed": 1234, "sr": 0.20877503732087163}}