{"returned_dict": {"loss": 0.6122878217865982, "r2": 0.42597513439523915, "status": "ok", "start_time": 1697428983.94651, "duration": 1.8449018001556396}, "current_params": {"N": 500, "iss": 0.9, "lr": 0.006721858994363475, "ridge": 1e-07, "seed": 1234, "sr": 0.016130653781102525}}