{"returned_dict": {"loss": 0.6183197217337414, "r2": 0.4126690637632238, "status": "ok", "start_time": 1697428563.866729, "duration": 1.8241777420043945}, "current_params": {"N": 500, "iss": 0.9, "lr": 0.009487842647350041, "ridge": 1e-07, "seed": 1234, "sr": 0.07964860203040938}}