{"returned_dict": {"loss": 0.6183197654410241, "r2": 0.4146086746259874, "status": "ok", "start_time": 1697428723.75723, "duration": 1.9022548198699951}, "current_params": {"N": 500, "iss": 0.9, "lr": 0.009487842647350041, "ridge": 1e-07, "seed": 1234, "sr": 0.07964860203040938}}