{"returned_dict": {"loss": 0.6327525656587779, "r2": 0.38696158551844634, "status": "ok", "start_time": 1697429238.0819452, "duration": 1.828523874282837}, "current_params": {"N": 500, "iss": 0.25996136073869425, "lr": 0.01122030491707982, "ridge": 8.347574467203145e-08, "seed": 1234, "sr": 0.06204230622513381}}