{"returned_dict": {"loss": 0.6458387087968136, "r2": 0.3613431422000513, "status": "ok", "start_time": 1697429280.5119581, "duration": 1.8763539791107178}, "current_params": {"N": 500, "iss": 0.21496591135483278, "lr": 0.012213382575706427, "ridge": 4.430275039678582e-08, "seed": 1234, "sr": 0.015767522293681297}}