{"returned_dict": {"loss": 0.6418943867616949, "r2": 0.3691203606765922, "status": "ok", "start_time": 1697429379.583319, "duration": 1.8434062004089355}, "current_params": {"N": 500, "iss": 0.9492451986094536, "lr": 0.012192269780560696, "ridge": 1.0355816851799808e-08, "seed": 1234, "sr": 0.03438139057492874}}