{"returned_dict": {"loss": 0.6536613615538852, "r2": 0.34577818747406736, "status": "ok", "start_time": 1697428972.862688, "duration": 1.8356730937957764}, "current_params": {"N": 500, "iss": 0.9, "lr": 0.01723516935753249, "ridge": 1e-07, "seed": 1234, "sr": 0.08930926502440488}}