{"returned_dict": {"loss": 0.6564047461463302, "r2": 0.338086877434663, "status": "ok", "start_time": 1697428538.1822348, "duration": 1.8066492080688477}, "current_params": {"N": 500, "iss": 0.9, "lr": 0.08409864424316024, "ridge": 1e-07, "seed": 1234, "sr": 1.038057705082271}}