{"returned_dict": {"loss": 0.6564388307135833, "r2": 0.948366650076902, "status": "ok", "start_time": 1696932110.1876779, "duration": 0.7939043045043945}, "current_params": {"N": 500, "iss": 0.9, "lr": 0.002001738706933608, "ridge": 1e-07, "seed": 1234, "sr": 0.39936841111501603}}