{"returned_dict": {"loss": 0.6702550237591421, "r2": 0.30986161543622853, "status": "ok", "start_time": 1697428576.678802, "duration": 1.9252870082855225}, "current_params": {"N": 500, "iss": 0.9, "lr": 0.021499031132021465, "ridge": 1e-07, "seed": 1234, "sr": 0.01061907053409471}}