{"returned_dict": {"loss": 0.6705816928014063, "r2": 0.9482417063893559, "status": "ok", "start_time": 1697012429.9243672, "duration": 0.5286977291107178}, "current_params": {"N": 500, "iss": 0.9, "lr": 0.0022003912952545212, "ridge": 1e-07, "seed": 1234, "sr": 0.05016138018026818}}