{"returned_dict": {"loss": 0.6719716050421053, "r2": 0.3063221161077235, "status": "ok", "start_time": 1697428479.118098, "duration": 1.9382388591766357}, "current_params": {"N": 500, "iss": 0.9, "lr": 0.025202620361693902, "ridge": 1e-07, "seed": 1234, "sr": 0.015931944006093716}}