{"returned_dict": {"loss": 0.6743579178077321, "r2": 0.3036936336148649, "status": "ok", "start_time": 1697428708.133656, "duration": 1.9710450172424316}, "current_params": {"N": 500, "iss": 0.9, "lr": 0.3645399937282733, "ridge": 1e-07, "seed": 1234, "sr": 1.1747727724200443}}