{"returned_dict": {"loss": 0.6740444415443099, "r2": 0.302035932541516, "status": "ok", "start_time": 1697428545.4594939, "duration": 1.815866231918335}, "current_params": {"N": 500, "iss": 0.9, "lr": 0.06024795953076342, "ridge": 1e-07, "seed": 1234, "sr": 0.22833541526599072}}