{"returned_dict": {"loss": 0.6858893788264524, "r2": 0.27967651734958027, "status": "ok", "start_time": 1697428660.431465, "duration": 1.891991138458252}, "current_params": {"N": 500, "iss": 0.9, "lr": 0.8310012558635558, "ridge": 1e-07, "seed": 1234, "sr": 0.2237449778907503}}