{"returned_dict": {"loss": 0.6876841024838897, "r2": 0.27590205690219133, "status": "ok", "start_time": 1697429355.466484, "duration": 1.831084966659546}, "current_params": {"N": 500, "iss": 0.19784990317265738, "lr": 0.31008930988824535, "ridge": 0.00013246781832067779, "seed": 1234, "sr": 0.08438326345409637}}