{"returned_dict": {"loss": 0.6885083520687773, "r2": 0.2717590119779985, "status": "ok", "start_time": 1697428597.400507, "duration": 1.8225948810577393}, "current_params": {"N": 500, "iss": 0.9, "lr": 0.2538684770646215, "ridge": 1e-07, "seed": 1234, "sr": 0.0108079776956026}}