{"returned_dict": {"loss": 0.6876795669547991, "r2": 0.2759104276300898, "status": "ok", "start_time": 1697428901.9521558, "duration": 1.9486651420593262}, "current_params": {"N": 500, "iss": 0.9, "lr": 0.20854872441770467, "ridge": 1e-07, "seed": 1234, "sr": 0.011405319213458769}}