{"returned_dict": {"loss": 0.6800475829575771, "r2": 0.29189448380343047, "status": "ok", "start_time": 1697428890.5087302, "duration": 1.823124885559082}, "current_params": {"N": 500, "iss": 0.9, "lr": 0.6053395945549397, "ridge": 1e-07, "seed": 1234, "sr": 0.5858648234147782}}