{"returned_dict": {"loss": 0.6873866653431281, "r2": 0.27652827905133726, "status": "ok", "start_time": 1697429200.809134, "duration": 1.9111011028289795}, "current_params": {"N": 500, "iss": 0.19717791279794772, "lr": 0.8908311505278818, "ridge": 0.00013283966567113832, "seed": 1234, "sr": 0.20760447792478667}}