{"returned_dict": {"loss": 0.6894498141771045, "r2": 0.2721782067106078, "status": "ok", "start_time": 1697428814.0549278, "duration": 1.8738243579864502}, "current_params": {"N": 500, "iss": 0.9, "lr": 0.3567209557257145, "ridge": 1e-07, "seed": 1234, "sr": 0.014411455273543402}}