{"returned_dict": {"loss": 0.6875423832071093, "r2": 0.2761999781013326, "status": "ok", "start_time": 1697428851.820296, "duration": 1.8417351245880127}, "current_params": {"N": 500, "iss": 0.9, "lr": 0.26781603924522474, "ridge": 1e-07, "seed": 1234, "sr": 0.02786727306368867}}