{"returned_dict": {"loss": 0.6852424968087623, "r2": 0.2810335188991327, "status": "ok", "start_time": 1697429310.1567202, "duration": 1.8236680030822754}, "current_params": {"N": 500, "iss": 0.629186932886679, "lr": 0.9385365458738638, "ridge": 4.279595777669173e-09, "seed": 1234, "sr": 7.567304757039052}}