{"returned_dict": {"loss": 0.6831685909255111, "r2": 0.28537976492928957, "status": "ok", "start_time": 1697428652.731327, "duration": 1.8971900939941406}, "current_params": {"N": 500, "iss": 0.9, "lr": 0.3299059340936598, "ridge": 1e-07, "seed": 1234, "sr": 0.18658183701753261}}