{"returned_dict": {"loss": 0.6815517676272851, "r2": 0.2887585388178357, "status": "ok", "start_time": 1697429063.6197062, "duration": 1.8287508487701416}, "current_params": {"N": 500, "iss": 0.51533056692996, "lr": 0.034790822993190244, "ridge": 0.006492379836402213, "seed": 1234, "sr": 0.2237449778907503}}