{"returned_dict": {"loss": 0.6858893784631214, "r2": 0.27728972649301975, "status": "ok", "start_time": 1697428503.50139, "duration": 1.8204669952392578}, "current_params": {"N": 500, "iss": 0.9, "lr": 0.8310012558635558, "ridge": 1e-07, "seed": 1234, "sr": 0.2237449778907503}}