{"returned_dict": {"loss": 0.6891870623855857, "r2": 0.27273332914801884, "status": "ok", "start_time": 1697429182.031536, "duration": 1.914794683456421}, "current_params": {"N": 500, "iss": 0.9655801894967717, "lr": 0.5494681828865383, "ridge": 2.0065307823836486e-09, "seed": 1234, "sr": 0.01418389479892628}}