{"returned_dict": {"loss": 0.6823105616782161, "r2": 0.2871738820848116, "status": "ok", "start_time": 1697428633.668706, "duration": 1.8417842388153076}, "current_params": {"N": 500, "iss": 0.9, "lr": 0.15492403550483747, "ridge": 1e-07, "seed": 1234, "sr": 0.07071032186253305}}