{"returned_dict": {"loss": 0.6844536477214057, "r2": 0.28268906385834563, "status": "ok", "start_time": 1697429037.753525, "duration": 1.8260631561279297}, "current_params": {"N": 500, "iss": 0.21686967585707428, "lr": 0.06719120770962762, "ridge": 0.00012890720812140736, "seed": 1234, "sr": 0.07071032186253305}}