{"returned_dict": {"loss": 0.6868825012499542, "r2": 0.2775880244472345, "status": "ok", "start_time": 1697428673.713114, "duration": 2.007581949234009}, "current_params": {"N": 500, "iss": 0.9, "lr": 0.17391291381476306, "ridge": 1e-07, "seed": 1234, "sr": 0.011739026780685318}}