{"returned_dict": {"loss": 0.6915660746177895, "r2": 0.2677039223880891, "status": "ok", "start_time": 1697429128.366424, "duration": 1.8262968063354492}, "current_params": {"N": 500, "iss": 0.4965873842307338, "lr": 0.31430549026306187, "ridge": 0.00024733891965125694, "seed": 1234, "sr": 0.09169361093299348}}