{"returned_dict": {"loss": 0.6908925366891981, "r2": 0.2691295520409625, "status": "ok", "start_time": 1697429135.6737988, "duration": 1.8225443363189697}, "current_params": {"N": 500, "iss": 0.3045451369845007, "lr": 0.27036282441620346, "ridge": 0.00030682003342967967, "seed": 1234, "sr": 0.04049959618384302}}