{"returned_dict": {"loss": 0.6905169557837997, "r2": 0.26992391347141903, "status": "ok", "start_time": 1697429351.765481, "duration": 1.8433330059051514}, "current_params": {"N": 500, "iss": 0.32792488571889467, "lr": 0.22465500878777248, "ridge": 0.0003014232201482745, "seed": 1234, "sr": 0.09835763510258089}}