{"returned_dict": {"loss": 0.6904060886592248, "r2": 0.2701584631247685, "status": "ok", "start_time": 1697429192.163939, "duration": 2.522550106048584}, "current_params": {"N": 500, "iss": 0.9345866417401569, "lr": 0.04017882290811124, "ridge": 0.008848344280085078, "seed": 1234, "sr": 0.014438974945890222}}