{"returned_dict": {"loss": 0.6924092131101198, "r2": 0.2659172240021451, "status": "ok", "start_time": 1697428790.920525, "duration": 1.8372058868408203}, "current_params": {"N": 500, "iss": 0.9, "lr": 0.9489133937634464, "ridge": 1e-07, "seed": 1234, "sr": 0.014438974945890222}}