{"returned_dict": {"loss": 0.7083063356182427, "r2": 0.23066148404253195, "status": "ok", "start_time": 1697428749.869699, "duration": 1.8344130516052246}, "current_params": {"N": 500, "iss": 0.9, "lr": 0.08493875791208122, "ridge": 1e-07, "seed": 1234, "sr": 7.78867384430367}}