{"returned_dict": {"loss": 0.7072244482459876, "r2": 0.9246823248190883, "status": "ok", "start_time": 1696928257.153152, "duration": 0.4383411407470703}, "current_params": {"N": 500, "iss": 0.9, "lr": 0.006588095974939943, "ridge": 1e-07, "seed": 1234, "sr": 0.13504276379966784}}