{"returned_dict": {"loss": 0.7115673171585805, "r2": 0.22457129255576702, "status": "ok", "start_time": 1697429328.731839, "duration": 1.880897045135498}, "current_params": {"N": 500, "iss": 0.9097376556056701, "lr": 0.3079726626930137, "ridge": 1.4421411301859244e-07, "seed": 1234, "sr": 5.615522331680127}}