{"returned_dict": {"loss": 0.7131955251135397, "r2": 0.2199735463159532, "status": "ok", "start_time": 1697429258.337827, "duration": 1.8143439292907715}, "current_params": {"N": 500, "iss": 0.5308233319012376, "lr": 0.010754552393914138, "ridge": 0.00408260583459009, "seed": 1234, "sr": 7.505573307332538}}