{"returned_dict": {"loss": 0.7172971492821544, "r2": 0.9395324046819541, "status": "ok", "start_time": 1696930339.6534882, "duration": 0.5670537948608398}, "current_params": {"N": 500, "iss": 0.9, "lr": 0.0028587399658546522, "ridge": 1e-07, "seed": 1234, "sr": 1.0993945835225667}}