{"returned_dict": {"loss": 0.7149333145688893, "r2": 0.21692874091046635, "status": "ok", "start_time": 1697428721.739826, "duration": 2.0125579833984375}, "current_params": {"N": 500, "iss": 0.9, "lr": 0.28270899609503314, "ridge": 1e-07, "seed": 1234, "sr": 9.019468988959579}}