{"returned_dict": {"loss": 0.7149261470224223, "r2": 0.21434980073750468, "status": "ok", "start_time": 1697428562.0457852, "duration": 1.8162498474121094}, "current_params": {"N": 500, "iss": 0.9, "lr": 0.28270899609503314, "ridge": 1e-07, "seed": 1234, "sr": 9.019468988959579}}