{"returned_dict": {"loss": 0.7294745541111322, "r2": 0.1850471802603659, "status": "ok", "start_time": 1697429045.114902, "duration": 1.8230400085449219}, "current_params": {"N": 500, "iss": 0.451625695847095, "lr": 0.2824777807824228, "ridge": 0.0004995561065461233, "seed": 1234, "sr": 4.434072756135233}}