{"returned_dict": {"loss": 0.7365998656262573, "r2": 0.16619371090163357, "status": "ok", "start_time": 1697428593.744993, "duration": 1.8319380283355713}, "current_params": {"N": 500, "iss": 0.9, "lr": 0.351101881861253, "ridge": 1e-07, "seed": 1234, "sr": 2.8424339478368448}}