{"returned_dict": {"loss": 0.7769819028469046, "r2": -7.935519653656662, "status": "ok", "start_time": 1696933061.634646, "duration": 2.3068690299987793}, "current_params": {"N": 500, "iss": 0.9, "lr": 0.06013171745318184, "ridge": 1e-07, "seed": 1234, "sr": 0.6672376898037004}}