{"returned_dict": {"loss": 0.7828759733689177, "r2": 0.8857318528032282, "status": "ok", "start_time": 1696928255.820351, "duration": 0.4312431812286377}, "current_params": {"N": 500, "iss": 0.9, "lr": 0.0014657043717974704, "ridge": 1e-07, "seed": 1234, "sr": 3.3229413943755635}}