{"returned_dict": {"loss": 0.8016257767236087, "r2": -0.34737556251613055, "status": "ok", "start_time": 1697429225.0779, "duration": 1.8301060199737549}, "current_params": {"N": 500, "iss": 0.5806915954693277, "lr": 0.005250222770550053, "ridge": 9.454792365744235e-05, "seed": 1234, "sr": 2.6286963019006704}}