{"returned_dict": {"loss": 0.8497110581237988, "r2": -0.11048436729223061, "status": "ok", "start_time": 1697429155.950471, "duration": 1.8223090171813965}, "current_params": {"N": 500, "iss": 0.9406587057968023, "lr": 0.02207977188453779, "ridge": 0.0007602478909161272, "seed": 1234, "sr": 6.833596167908428}}