{"returned_dict": {"loss": 0.8589255179074075, "r2": 0.8986392113972409, "status": "ok", "start_time": 1696928498.871661, "duration": 0.6466929912567139}, "current_params": {"N": 500, "iss": 0.9, "lr": 0.001511876975040721, "ridge": 1e-07, "seed": 1234, "sr": 1.665278509291293}}