{"returned_dict": {"loss": 0.8827939991923991, "r2": 0.3352753986994163, "status": "ok", "start_time": 1696941735.0302668, "duration": 2.3296852111816406}, "current_params": {"N": 500, "iss": 0.9, "lr": 0.002910322515656923, "ridge": 1e-07, "seed": 1234, "sr": 0.1521671071513882}}