{"returned_dict": {"loss": 0.904180005388698, "r2": -17.983394140418444, "status": "ok", "start_time": 1695698354.9344268, "duration": 0.7066452503204346}, "current_params": {"N": 500, "iss": 0.9, "lr": 0.08493875791208122, "ridge": 1e-07, "seed": 1234, "sr": 7.78867384430367}}