{"returned_dict": {"loss": 0.9112757939996072, "r2": 0.29197400767617704, "status": "ok", "start_time": 1696999074.86688, "duration": 7.203587055206299}, "current_params": {"N": 500, "connectivity": 0.6561120877574055, "iss": 0.17645698113737618, "lr": 0.010999081482836176, "noise_rc": 2.4377344301270942e-05, "ridge": 2.7592910665712708e-06, "seed": 1234, "sr": 0.7839491567314942}}