{"returned_dict": {"loss": 0.9114396751983599, "r2": 0.2917036361141783, "status": "ok", "start_time": 1696941933.125937, "duration": 2.335015058517456}, "current_params": {"N": 500, "iss": 0.9, "lr": 0.006721858994363475, "ridge": 1e-07, "seed": 1234, "sr": 0.016130653781102525}}