{"returned_dict": {"loss": 0.9160386166290936, "r2": 0.28454930937889217, "status": "ok", "start_time": 1696941749.021559, "duration": 2.337873935699463}, "current_params": {"N": 500, "iss": 0.9, "lr": 0.0066607915672958085, "ridge": 1e-07, "seed": 1234, "sr": 0.06204230622513381}}