{"returned_dict": {"loss": 0.9206782966385347, "r2": 0.27729554896182096, "status": "ok", "start_time": 1696941781.52787, "duration": 2.316887140274048}, "current_params": {"N": 500, "iss": 0.9, "lr": 0.008152510284277657, "ridge": 1e-07, "seed": 1234, "sr": 0.026191894186955052}}