{"returned_dict": {"loss": 0.929733332988501, "r2": 0.26300542235062263, "status": "ok", "start_time": 1696941637.124175, "duration": 2.351978063583374}, "current_params": {"N": 500, "iss": 0.9, "lr": 0.006588095974939943, "ridge": 1e-07, "seed": 1234, "sr": 0.13504276379966784}}