{"returned_dict": {"loss": 0.9352114500622432, "r2": 0.2542938227008486, "status": "ok", "start_time": 1696941609.254015, "duration": 2.339503049850464}, "current_params": {"N": 500, "iss": 0.9, "lr": 0.009487842647350041, "ridge": 1e-07, "seed": 1234, "sr": 0.07964860203040938}}