{"returned_dict": {"loss": 0.9330026907196202, "r2": 0.25781381961468103, "status": "ok", "start_time": 1696941574.234743, "duration": 2.33945894241333}, "current_params": {"N": 500, "iss": 0.9, "lr": 0.011499726306602578, "ridge": 1e-07, "seed": 1234, "sr": 0.020489195252075855}}