{"returned_dict": {"loss": 0.9399367831507592, "r2": 0.24660489970390506, "status": "ok", "start_time": 1696941583.564319, "duration": 2.395203113555908}, "current_params": {"N": 500, "iss": 0.9, "lr": 0.012671399492344065, "ridge": 1e-07, "seed": 1234, "sr": 0.1931498404234262}}