{"returned_dict": {"loss": 0.9365474962907245, "r2": 0.25216776076946734, "status": "ok", "start_time": 1696941916.679424, "duration": 2.415255069732666}, "current_params": {"N": 500, "iss": 0.9, "lr": 0.013028269821287615, "ridge": 1e-07, "seed": 1234, "sr": 0.013649509767262393}}