{"returned_dict": {"loss": 0.9483282950541393, "r2": 0.23322199474173758, "status": "ok", "start_time": 1696941669.749098, "duration": 2.331073045730591}, "current_params": {"N": 500, "iss": 0.9, "lr": 0.017842200331087264, "ridge": 1e-07, "seed": 1234, "sr": 0.07326940168674866}}