{"returned_dict": {"loss": 0.9444513003724535, "r2": -0.8945670464465819, "status": "ok", "start_time": 1697429163.2584372, "duration": 1.8569176197052002}, "current_params": {"N": 500, "iss": 0.8328177066055172, "lr": 0.026162881037661297, "ridge": 3.0656276565905996e-07, "seed": 1234, "sr": 2.3820731800209316}}