{"returned_dict": {"loss": 0.9588933898482598, "r2": 0.21594538713406597, "status": "ok", "start_time": 1696941686.063872, "duration": 2.3437910079956055}, "current_params": {"N": 500, "iss": 0.9, "lr": 0.03227681862698132, "ridge": 1e-07, "seed": 1234, "sr": 0.13048071254874868}}