{"returned_dict": {"loss": 0.9567826336474031, "r2": 0.21946564087792772, "status": "ok", "start_time": 1696941501.953563, "duration": 2.374500036239624}, "current_params": {"N": 500, "iss": 0.9, "lr": 0.025202620361693902, "ridge": 1e-07, "seed": 1234, "sr": 0.015931944006093716}}