{"returned_dict": {"loss": 0.9623663897713529, "r2": 0.21031974735435477, "status": "ok", "start_time": 1696941900.397006, "duration": 2.321751117706299}, "current_params": {"N": 500, "iss": 0.9, "lr": 0.031709557696495, "ridge": 1e-07, "seed": 1234, "sr": 0.012260384608014823}}