{"returned_dict": {"loss": 0.9673814571402642, "r2": 0.2020993128017928, "status": "ok", "start_time": 1697000097.274388, "duration": 4.437420845031738}, "current_params": {"N": 500, "connectivity": 0.37438706076837736, "iss": 0.9063706486041464, "lr": 0.01695666524783536, "noise_rc": 6.906622529207859e-05, "ridge": 9.564079844499153e-09, "seed": 1234, "sr": 0.050704131972421025}}