{"returned_dict": {"loss": 0.9798960669783175, "r2": 0.18050440559308908, "status": "ok", "start_time": 1696999388.424494, "duration": 9.7183198928833}, "current_params": {"N": 500, "connectivity": 0.9177987700676813, "iss": 0.46817399827008577, "lr": 0.010582925254265232, "noise_rc": 0.002008227504928598, "ridge": 3.358137852464336e-10, "seed": 1234, "sr": 2.540247736115996}}