{"returned_dict": {"loss": 0.9770381920047759, "r2": 0.18608758939371736, "status": "ok", "start_time": 1697007779.112503, "duration": 9.494051933288574}, "current_params": {"N": 500, "connectivity": 0.8234320128579018, "iss": 0.572728119007886, "lr": 0.0029616866087217274, "noise_rc": 0.012254744367875782, "ridge": 5.452683055911342e-10, "seed": 1234, "sr": 0.027598683234115115}}