{"returned_dict": {"loss": 0.9741161162071622, "r2": 0.19091600608931428, "status": "ok", "start_time": 1696999969.100827, "duration": 8.049105167388916}, "current_params": {"N": 500, "connectivity": 0.7283371030508997, "iss": 0.6003137331631625, "lr": 0.04469022152648512, "noise_rc": 0.00015976280500903893, "ridge": 1.0108606481350741e-09, "seed": 1234, "sr": 0.39936841111501603}}