{"returned_dict": {"loss": 0.9716194064607527, "r2": 0.1950888113153574, "status": "ok", "start_time": 1696999253.691519, "duration": 2.591520071029663}, "current_params": {"N": 500, "connectivity": 0.12741561898127451, "iss": 0.18883172478576438, "lr": 0.46741994021098626, "noise_rc": 0.0028327301558568945, "ridge": 1.1430394819352291e-08, "seed": 1234, "sr": 3.998119826570731}}