{"returned_dict": {"loss": 0.9714909278688056, "r2": 0.19524321812629922, "status": "ok", "start_time": 1696999199.8743439, "duration": 2.631402015686035}, "current_params": {"N": 500, "connectivity": 0.12825097128675633, "iss": 0.562351601862043, "lr": 0.07331737152406269, "noise_rc": 6.240102603656012e-05, "ridge": 6.3229891750495415e-09, "seed": 1234, "sr": 0.38114750465916947}}