{"returned_dict": {"loss": 0.9743139924770968, "r2": 0.1904337120542463, "status": "ok", "start_time": 1696941516.009611, "duration": 2.327346086502075}, "current_params": {"N": 500, "iss": 0.9, "lr": 0.13776330861630057, "ridge": 1e-07, "seed": 1234, "sr": 0.2197712027474747}}