{"returned_dict": {"loss": 0.9827229739170233, "r2": 0.1765916463514543, "status": "ok", "start_time": 1696999700.564188, "duration": 3.9368300437927246}, "current_params": {"N": 500, "connectivity": 0.3217790575102266, "iss": 0.10416916116237773, "lr": 0.16133602384089138, "noise_rc": 0.004085821204235442, "ridge": 0.09827599320470194, "seed": 1234, "sr": 0.04328771757628488}}