{"returned_dict": {"loss": 0.9866392310244457, "r2": 0.17002594591184453, "status": "ok", "start_time": 1696999174.48624, "duration": 2.5508921146392822}, "current_params": {"N": 500, "connectivity": 0.10531383376239334, "iss": 0.9213272373873089, "lr": 0.5446032873611226, "noise_rc": 0.02291728105286723, "ridge": 0.034605936448960775, "seed": 1234, "sr": 1.1747727724200443}}