{"returned_dict": {"loss": 0.9882923462055535, "r2": 0.16722389131409857, "status": "ok", "start_time": 1696999920.023068, "duration": 7.991281032562256}, "current_params": {"N": 500, "connectivity": 0.7358724690086319, "iss": 0.8303198840350079, "lr": 0.7041954720676081, "noise_rc": 0.003653598895445652, "ridge": 1.119867057774779e-10, "seed": 1234, "sr": 0.7476653587619372}}