{"returned_dict": {"loss": 0.9856366890347609, "r2": 0.17170614114474222, "status": "ok", "start_time": 1696999044.8141031, "duration": 3.8489198684692383}, "current_params": {"N": 500, "connectivity": 0.3130942644507021, "iss": 0.24259207459868948, "lr": 0.4104010021142413, "noise_rc": 0.32489014974868613, "ridge": 1.681166186948567e-08, "seed": 1234, "sr": 5.580343023547168}}