{"returned_dict": {"loss": 0.9837964811828672, "r2": 0.1747819607795655, "status": "ok", "start_time": 1696941793.144106, "duration": 2.295596122741699}, "current_params": {"N": 500, "iss": 0.9, "lr": 0.0914851365421383, "ridge": 1e-07, "seed": 1234, "sr": 1.2072384196976096}}