{"returned_dict": {"loss": 0.9899931990690413, "r2": 0.16434842460945742, "status": "ok", "start_time": 1696999890.966157, "duration": 9.918930053710938}, "current_params": {"N": 500, "connectivity": 0.9009639604161416, "iss": 0.3538970796521256, "lr": 0.3910813948899258, "noise_rc": 0.008239775879750862, "ridge": 1.6383199224833317e-06, "seed": 1234, "sr": 1.6346058937885943}}