{"returned_dict": {"loss": 0.9898759671287768, "r2": 0.16456454269134693, "status": "ok", "start_time": 1697007830.5431669, "duration": 8.185117959976196}, "current_params": {"N": 500, "connectivity": 0.6985579081781353, "iss": 0.6527697803642539, "lr": 0.12953948636839732, "noise_rc": 0.0014962004059969895, "ridge": 6.391042228128516e-06, "seed": 1234, "sr": 0.09442721440119983}}