{"returned_dict": {"loss": 0.9841291683490666, "r2": 0.17422136205153826, "status": "ok", "start_time": 1696999952.424253, "duration": 6.510375022888184}, "current_params": {"N": 500, "connectivity": 0.5737062525858165, "iss": 0.159144280288406, "lr": 0.05804441276178009, "noise_rc": 0.0012297304462919882, "ridge": 0.24269794483752657, "seed": 1234, "sr": 0.10149855100477383}}