{"returned_dict": {"loss": 0.9811341319302214, "r2": 0.17920861776805133, "status": "ok", "start_time": 1697007826.0776231, "duration": 4.4613728523254395}, "current_params": {"N": 500, "connectivity": 0.3492569468352714, "iss": 0.9934060256752314, "lr": 0.05252703759208615, "noise_rc": 1.863757363100168e-05, "ridge": 0.005173782600616552, "seed": 1234, "sr": 1.4787515437601555}}