{"returned_dict": {"loss": 0.9921939305005297, "r2": 0.16064780036173607, "status": "ok", "start_time": 1696941693.070348, "duration": 2.3253471851348877}, "current_params": {"N": 500, "iss": 0.9, "lr": 0.9489133937634464, "ridge": 1e-07, "seed": 1234, "sr": 0.014438974945890222}}