{"returned_dict": {"loss": 0.993542271457759, "r2": 0.15833004483449878, "status": "ok", "start_time": 1696941555.5718882, "duration": 2.3411238193511963}, "current_params": {"N": 500, "iss": 0.9, "lr": 0.4679014023329361, "ridge": 1e-07, "seed": 1234, "sr": 0.046727228044946535}}