{"returned_dict": {"loss": 0.9919629438219549, "r2": 0.1608862886118162, "status": "ok", "start_time": 1696941653.4024398, "duration": 2.341362953186035}, "current_params": {"N": 500, "iss": 0.9, "lr": 0.054169337705025376, "ridge": 1e-07, "seed": 1234, "sr": 0.02572013644212619}}