{"returned_dict": {"loss": 0.9919434767245372, "r2": 0.16107380878038005, "status": "ok", "start_time": 1696999831.635982, "duration": 6.066961050033569}, "current_params": {"N": 500, "connectivity": 0.5550784544852986, "iss": 0.5617104608121329, "lr": 0.048517035788177454, "noise_rc": 0.03022167451234898, "ridge": 0.002149042989711893, "seed": 1234, "sr": 0.020788245498133077}}