{"returned_dict": {"loss": 0.9959248344750339, "r2": 0.15432625484893647, "status": "ok", "start_time": 1696999630.7868218, "duration": 6.439622163772583}, "current_params": {"N": 500, "connectivity": 0.5752630112106141, "iss": 0.3893682918972865, "lr": 0.6645369467397281, "noise_rc": 0.18171526526339857, "ridge": 1.2273241480424446e-08, "seed": 1234, "sr": 0.953319122623503}}