{"returned_dict": {"loss": 0.9902454569047213, "r2": 0.16392595563974252, "status": "ok", "start_time": 1696941672.083789, "duration": 2.339231014251709}, "current_params": {"N": 500, "iss": 0.9, "lr": 0.3546662046669203, "ridge": 1e-07, "seed": 1234, "sr": 0.015928787718820343}}