{"returned_dict": {"loss": 0.9939225037020097, "r2": 0.1576677743835909, "status": "ok", "start_time": 1696941504.3315468, "duration": 2.3597822189331055}, "current_params": {"N": 500, "iss": 0.9, "lr": 0.5214286704332637, "ridge": 1e-07, "seed": 1234, "sr": 0.04981749804245153}}