{"returned_dict": {"loss": 0.9938217038217352, "r2": 0.1578906650186184, "status": "ok", "start_time": 1696999160.6193202, "duration": 3.1492538452148438}, "current_params": {"N": 500, "connectivity": 0.2046294612842725, "iss": 0.40444834838938815, "lr": 0.5415395451053356, "noise_rc": 0.07919630892771645, "ridge": 8.573164222757416e-05, "seed": 1234, "sr": 0.22833541526599072}}