{"returned_dict": {"loss": 0.9923988409704503, "r2": 0.15992887845316794, "status": "ok", "start_time": 1696941613.933055, "duration": 2.325576066970825}, "current_params": {"N": 500, "iss": 0.9, "lr": 0.2048382486866981, "ridge": 1e-07, "seed": 1234, "sr": 0.09169361093299348}}