{"returned_dict": {"loss": 1.0078945037795701, "r2": 0.13388181371128902, "status": "ok", "start_time": 1696999685.79042, "duration": 4.707345724105835}, "current_params": {"N": 500, "connectivity": 0.40936569255229105, "iss": 0.8407195303963584, "lr": 0.2414961973890265, "noise_rc": 0.6504182030701231, "ridge": 1.090530587047893e-07, "seed": 1234, "sr": 0.026191894186955052}}