{"returned_dict": {"loss": 1.0097346697643783, "r2": 0.13069282011975789, "status": "ok", "start_time": 1696999994.2952168, "duration": 10.607325315475464}, "current_params": {"N": 500, "connectivity": 0.9928426318810663, "iss": 0.6513621345833851, "lr": 0.11858072114758186, "noise_rc": 0.6562029110033596, "ridge": 0.11865509880399472, "seed": 1234, "sr": 3.382940283445415}}