{"returned_dict": {"loss": 1.0076081380864848, "r2": 0.13419121140983958, "status": "ok", "start_time": 1697007873.424823, "duration": 4.59105110168457}, "current_params": {"N": 500, "connectivity": 0.36431504594202146, "iss": 0.3104380862936379, "lr": 0.022640034668132605, "noise_rc": 0.12161126921108315, "ridge": 0.013830397885653939, "seed": 1234, "sr": 4.434072756135233}}