{"returned_dict": {"loss": 1.0046623849289953, "r2": 0.13941677043617476, "status": "ok", "start_time": 1696999517.6656551, "duration": 8.843439817428589}, "current_params": {"N": 500, "connectivity": 0.833689333432549, "iss": 0.14686768280860274, "lr": 0.11869734090248038, "noise_rc": 0.3139177781095819, "ridge": 0.03219304645972466, "seed": 1234, "sr": 0.014411455273543402}}