{"returned_dict": {"loss": 1.0019164355579095, "r2": 0.14411953754994522, "status": "ok", "start_time": 1696999713.276273, "duration": 8.88653302192688}, "current_params": {"N": 500, "connectivity": 0.7883534284562466, "iss": 0.17767526027760117, "lr": 0.2001511938776903, "noise_rc": 0.3969727412079403, "ridge": 1.3595296718159334e-07, "seed": 1234, "sr": 1.8759964593517806}}