{"returned_dict": {"loss": 1.013915923225542, "r2": 0.08826160083192558, "status": "ok", "start_time": 1696999853.914665, "duration": 1.9241740703582764}, "current_params": {"N": 500, "connectivity": 0.001221838171188372, "iss": 0.06010405354743997, "lr": 0.06438392935146559, "noise_rc": 0.000668343741702645, "ridge": 2.4497191668022724e-07, "seed": 1234, "sr": 9.272462266637495}}