{"returned_dict": {"loss": 1.0105221183302764, "r2": 0.1293451908965679, "status": "ok", "start_time": 1696999269.153562, "duration": 7.95507287979126}, "current_params": {"N": 500, "connectivity": 0.7423106914253792, "iss": 0.6080610522341569, "lr": 0.07082632412919458, "noise_rc": 0.5458682900177374, "ridge": 0.49704141009703645, "seed": 1234, "sr": 6.834465647289925}}