{"returned_dict": {"loss": 1.0161563116235877, "r2": 0.11960490768895327, "status": "ok", "start_time": 1696999646.704705, "duration": 4.4687721729278564}, "current_params": {"N": 500, "connectivity": 0.37966210451534643, "iss": 0.6081874762396934, "lr": 0.01667489891396132, "noise_rc": 0.11677358500797233, "ridge": 0.012381937564867773, "seed": 1234, "sr": 0.02786727306368867}}