{"returned_dict": {"loss": 1.0150884848267512, "r2": 0.12145747742817185, "status": "ok", "start_time": 1696999082.074395, "duration": 6.452807188034058}, "current_params": {"N": 500, "connectivity": 0.5949370339671468, "iss": 0.40015830803010044, "lr": 0.06310546011389623, "noise_rc": 0.4967264154802881, "ridge": 0.07952697976450537, "seed": 1234, "sr": 0.046727228044946535}}