{"returned_dict": {"loss": 1.0210365335655676, "r2": 0.11030700205759074, "status": "ok", "start_time": 1696999624.177262, "duration": 6.60539984703064}, "current_params": {"N": 500, "connectivity": 0.5839588395441095, "iss": 0.3866038857919425, "lr": 0.035418966374149125, "noise_rc": 0.00016426826356605293, "ridge": 2.998022963320827e-08, "seed": 1234, "sr": 1.7053539993996638}}