{"returned_dict": {"loss": 1.0210223956952935, "r2": 0.1111455261287605, "status": "ok", "start_time": 1696999749.514484, "duration": 10.080515146255493}, "current_params": {"N": 500, "connectivity": 0.948392102116391, "iss": 0.4646841760325281, "lr": 0.03764142896859014, "noise_rc": 0.34382018994255836, "ridge": 0.6167989384988917, "seed": 1234, "sr": 0.12440910427817788}}