{"returned_dict": {"loss": 1.0275444980570512, "r2": 0.0987009616355738, "status": "ok", "start_time": 1696941522.9673028, "duration": 2.3314411640167236}, "current_params": {"N": 500, "iss": 0.9, "lr": 0.3299059340936598, "ridge": 1e-07, "seed": 1234, "sr": 0.18658183701753261}}