{"returned_dict": {"loss": 1.0201054569712413, "r2": 0.11274509026614976, "status": "ok", "start_time": 1696999986.9734771, "duration": 7.316672086715698}, "current_params": {"N": 500, "connectivity": 0.6693760651941194, "iss": 0.9992294820309576, "lr": 0.00963329050347472, "noise_rc": 0.083022060867211, "ridge": 0.006720402629642628, "seed": 1234, "sr": 0.09835763510258089}}