{"returned_dict": {"loss": 1.0348806002686417, "r2": -0.6578969185291912, "status": "ok", "start_time": 1697429260.157158, "duration": 1.8433189392089844}, "current_params": {"N": 500, "iss": 0.35464883466252195, "lr": 0.02580145195828277, "ridge": 7.502821787034914e-05, "seed": 1234, "sr": 3.1162051286367416}}