{"returned_dict": {"loss": 1.0441300263378426, "r2": 0.06577469324058105, "status": "ok", "start_time": 1696941816.568641, "duration": 2.3379600048065186}, "current_params": {"N": 500, "iss": 0.9, "lr": 0.6053395945549397, "ridge": 1e-07, "seed": 1234, "sr": 0.5858648234147782}}