{"returned_dict": {"loss": 1.041748698668292, "r2": 0.07113128600423195, "status": "ok", "start_time": 1696941489.938289, "duration": 2.4044430255889893}, "current_params": {"N": 500, "iss": 0.9, "lr": 0.2061305930661559, "ridge": 1e-07, "seed": 1234, "sr": 1.4787515437601555}}