{"returned_dict": {"loss": 1.0650911523124356, "r2": 0.03268189124838864, "status": "ok", "start_time": 1696999256.288047, "duration": 6.5432868003845215}, "current_params": {"N": 500, "connectivity": 0.5866197997237977, "iss": 0.3344591759962927, "lr": 0.004244324077309669, "noise_rc": 0.07297307777801376, "ridge": 3.576744715049069e-10, "seed": 1234, "sr": 3.3229413943755635}}