{"returned_dict": {"loss": 1.0831088488990006, "r2": -0.00025935540400989776, "status": "ok", "start_time": 1696999333.920395, "duration": 9.565989971160889}, "current_params": {"N": 500, "connectivity": 0.8937381946796863, "iss": 0.6716598217283936, "lr": 0.002290013679690242, "noise_rc": 0.05145465837390627, "ridge": 1.3340298144253226e-09, "seed": 1234, "sr": 2.3297993110223385}}