{"returned_dict": {"loss": 1.0814931597722575, "r2": 0.00230976615229439, "status": "ok", "start_time": 1696941730.405823, "duration": 2.3098349571228027}, "current_params": {"N": 500, "iss": 0.9, "lr": 0.8900744887793847, "ridge": 1e-07, "seed": 1234, "sr": 1.810409666530886}}