{"returned_dict": {"loss": 1.1565691380329426, "r2": -0.14048737720717872, "status": "ok", "start_time": 1696998983.173496, "duration": 5.974774122238159}, "current_params": {"N": 500, "connectivity": 0.5404641192155032, "iss": 0.2604203242985834, "lr": 0.004892235875204629, "noise_rc": 0.7585766819379521, "ridge": 0.0013503464752344582, "seed": 1234, "sr": 0.2197712027474747}}