{"returned_dict": {"loss": 1.1695659232173226, "r2": -0.16628372632018232, "status": "ok", "start_time": 1696999848.1211982, "duration": 5.78947377204895}, "current_params": {"N": 500, "connectivity": 0.5138146740327497, "iss": 0.26206385383015385, "lr": 0.0015103856357626217, "noise_rc": 0.08530724297102599, "ridge": 1.4387066987299655e-05, "seed": 1234, "sr": 3.3535990156004383}}