{"returned_dict": {"loss": 1.1652631144334806, "r2": -0.1740516978257406, "status": "ok", "start_time": 1696941567.258841, "duration": 2.3043899536132812}, "current_params": {"N": 500, "iss": 0.9, "lr": 0.7193342821146759, "ridge": 1e-07, "seed": 1234, "sr": 1.9577985037865835}}