{"returned_dict": {"loss": 1.1738796372457518, "r2": -0.17488730106513914, "status": "ok", "start_time": 1696999211.500709, "duration": 7.807853937149048}, "current_params": {"N": 500, "connectivity": 0.7276281154161756, "iss": 0.8366729834984419, "lr": 0.0029614543831390245, "noise_rc": 0.7120149150659797, "ridge": 2.1485035108008518e-08, "seed": 1234, "sr": 1.0385323042151453}}