{"returned_dict": {"loss": 1.1736355994207635, "r2": -0.18401271462737778, "status": "ok", "start_time": 1696941639.4798248, "duration": 2.326812267303467}, "current_params": {"N": 500, "iss": 0.9, "lr": 0.009517044749879343, "ridge": 1e-07, "seed": 1234, "sr": 0.5693766752526698}}