{"returned_dict": {"loss": 1.2138545653617923, "r2": -1.4851485751553568, "status": "ok", "start_time": 1697428911.6864572, "duration": 2.099263906478882}, "current_params": {"N": 500, "iss": 0.9, "lr": 0.035268880917861616, "ridge": 1e-07, "seed": 1234, "sr": 3.3535990156004383}}