{"returned_dict": {"loss": 1.2347898374996709, "r2": -0.40460140481366874, "status": "ok", "start_time": 1696941853.783631, "duration": 2.317222833633423}, "current_params": {"N": 500, "iss": 0.9, "lr": 0.0014504618087973706, "ridge": 1e-07, "seed": 1234, "sr": 0.28962112677540436}}