{"returned_dict": {"loss": 1.3176760082627135, "r2": 0.7125710182809715, "status": "ok", "start_time": 1696928281.395626, "duration": 0.48935890197753906}, "current_params": {"N": 500, "iss": 0.9, "lr": 0.004233385166803992, "ridge": 1e-07, "seed": 1234, "sr": 0.953319122623503}}