{"returned_dict": {"loss": 1.334827340966325, "r2": 0.7949111478959362, "status": "ok", "start_time": 1696928533.5826712, "duration": 0.6264388561248779}, "current_params": {"N": 500, "iss": 0.9, "lr": 0.006517013347114697, "ridge": 1e-07, "seed": 1234, "sr": 0.20877503732087163}}