{"returned_dict": {"loss": 1.420484894884039, "r2": -0.7432690210661268, "status": "ok", "start_time": 1696998989.152012, "duration": 4.5346598625183105}, "current_params": {"N": 500, "connectivity": 0.3795962171785231, "iss": 0.5648440157409298, "lr": 0.006896837924308586, "noise_rc": 0.006988792538342816, "ridge": 0.000821695397577734, "seed": 1234, "sr": 9.903672418680925}}