{"returned_dict": {"loss": 1.554230924188231, "r2": 0.7155900433755136, "status": "ok", "start_time": 1696931306.375229, "duration": 0.5258910655975342}, "current_params": {"N": 500, "iss": 0.9, "lr": 0.008045090803265967, "ridge": 1e-07, "seed": 1234, "sr": 0.28327116807958513}}