{"returned_dict": {"loss": 1.584759085702834, "r2": -38.19245647392063, "status": "ok", "start_time": 1696932533.689717, "duration": 2.2840309143066406}, "current_params": {"N": 500, "iss": 0.9, "lr": 0.3299059340936598, "ridge": 1e-07, "seed": 1234, "sr": 0.18658183701753261}}