{"returned_dict": {"loss": 1.72906252615105, "r2": -69.0268084490509, "status": "ok", "start_time": 1697097691.5079098, "duration": 0.7701470851898193}, "current_params": {"N": 500, "iss": 0.9, "lr": 0.10450923140136353, "ridge": 1e-07, "seed": 1234, "sr": 4.997336540870967}}