{"returned_dict": {"loss": 1.759571508272064, "r2": -44.04087507759801, "status": "ok", "start_time": 1696933087.401441, "duration": 2.338934898376465}, "current_params": {"N": 500, "iss": 0.9, "lr": 0.031315298214446584, "ridge": 1e-07, "seed": 1234, "sr": 0.575269795679041}}