{"returned_dict": {"loss": 1.7600089835922237, "r2": -4.728114795866088, "status": "ok", "start_time": 1697429210.276405, "duration": 1.83620285987854}, "current_params": {"N": 500, "iss": 0.41480029454318923, "lr": 0.005647264982798819, "ridge": 3.627252116587822e-06, "seed": 1234, "sr": 2.1198068680338693}}