{"returned_dict": {"loss": 1.8229264337622972, "r2": 0.509898417753103, "status": "ok", "start_time": 1696928249.277187, "duration": 0.42286181449890137}, "current_params": {"N": 500, "iss": 0.9, "lr": 0.039950389623756244, "ridge": 1e-07, "seed": 1234, "sr": 0.01695935124689556}}