{"returned_dict": {"loss": 1.9694626796433348, "r2": 0.4250035190613281, "status": "ok", "start_time": 1696928246.8020558, "duration": 0.43944811820983887}, "current_params": {"N": 500, "iss": 0.9, "lr": 0.06024795953076342, "ridge": 1e-07, "seed": 1234, "sr": 0.22833541526599072}}