{"returned_dict": {"loss": 10.057358700473866, "r2": -2826.003555313751, "status": "ok", "start_time": 1697006362.155277, "duration": 0.9929139614105225}, "current_params": {"N": 500, "iss": 0.9, "lr": 0.01837890418829658, "ridge": 1e-07, "seed": 1234, "sr": 1.6346058937885943}}