{"returned_dict": {"loss": 10.2117643118306, "r2": -11.961796123490878, "status": "ok", "start_time": 1696931327.954955, "duration": 0.5308089256286621}, "current_params": {"N": 500, "iss": 0.9, "lr": 0.015675637477485127, "ridge": 1e-07, "seed": 1234, "sr": 8.323301293667457}}