{"returned_dict": {"loss": 10.36180523465868, "r2": -92.68035300208597, "status": "ok", "start_time": 1696941520.641377, "duration": 2.3224241733551025}, "current_params": {"N": 500, "iss": 0.9, "lr": 0.0028587399658546522, "ridge": 1e-07, "seed": 1234, "sr": 1.0993945835225667}}