{"returned_dict": {"loss": 114.2424326715567, "r2": -11606.399822115092, "status": "ok", "start_time": 1696941865.393544, "duration": 2.304697036743164}, "current_params": {"N": 500, "iss": 0.9, "lr": 0.0012747559185957923, "ridge": 1e-07, "seed": 1234, "sr": 9.335710032985542}}