{"returned_dict": {"loss": 12.237072179144945, "r2": -3554.526564068507, "status": "ok", "start_time": 1697097738.318007, "duration": 0.782397985458374}, "current_params": {"N": 500, "iss": 0.9, "lr": 0.001438234015621399, "ridge": 1e-07, "seed": 1234, "sr": 2.540247736115996}}