{"returned_dict": {"loss": 12.892675180807972, "r2": -21.477690926786735, "status": "ok", "start_time": 1696932082.184889, "duration": 0.7809669971466064}, "current_params": {"N": 500, "iss": 0.9, "lr": 0.0072323578952706085, "ridge": 1e-07, "seed": 1234, "sr": 4.881086179748358}}