{"returned_dict": {"loss": 13.248271773223335, "r2": -24.201880084908513, "status": "ok", "start_time": 1696932145.980906, "duration": 0.5587158203125}, "current_params": {"N": 500, "iss": 0.9, "lr": 0.006714336361084555, "ridge": 1e-07, "seed": 1234, "sr": 1.7459748086870097}}