{"returned_dict": {"loss": 13.367463641647339, "r2": -155.54240513154187, "status": "ok", "start_time": 1696941867.7020469, "duration": 2.3180150985717773}, "current_params": {"N": 500, "iss": 0.9, "lr": 0.0010345463215508882, "ridge": 1e-07, "seed": 1234, "sr": 0.7476653587619372}}