{"returned_dict": {"loss": 13.34417208438009, "r2": -206.82334593083792, "status": "ok", "start_time": 1696941618.612175, "duration": 2.2998769283294678}, "current_params": {"N": 500, "iss": 0.9, "lr": 0.02295730315688215, "ridge": 1e-07, "seed": 1234, "sr": 7.954497739510178}}