{"returned_dict": {"loss": 13.917167370167013, "r2": -168.10821419368006, "status": "ok", "start_time": 1696941688.411377, "duration": 2.332857131958008}, "current_params": {"N": 500, "iss": 0.9, "lr": 0.0011747404553185898, "ridge": 1e-07, "seed": 1234, "sr": 0.7794764412014389}}