{"returned_dict": {"loss": 15.10325184849352, "r2": -29.37919061126678, "status": "ok", "start_time": 1696931289.170669, "duration": 0.5631680488586426}, "current_params": {"N": 500, "iss": 0.9, "lr": 0.004975856135800747, "ridge": 1e-07, "seed": 1234, "sr": 2.773816181603311}}