{"returned_dict": {"loss": 16.2297920698857, "r2": -475.6662496131706, "status": "ok", "start_time": 1697429176.402914, "duration": 1.894136905670166}, "current_params": {"N": 500, "iss": 0.3415352429252124, "lr": 0.024081733532461607, "ridge": 2.334903649885824e-09, "seed": 1234, "sr": 2.540247736115996}}