{"returned_dict": {"loss": 16.505997367531346, "r2": -436.4035907135583, "status": "ok", "start_time": 1697429245.4218292, "duration": 1.8469476699829102}, "current_params": {"N": 500, "iss": 0.09111729583113959, "lr": 0.019364061327381353, "ridge": 2.8302701017808404e-08, "seed": 1234, "sr": 6.7303288800603305}}