{"returned_dict": {"loss": 2.0243032381361803, "r2": 0.49403757953461974, "status": "ok", "start_time": 1696932133.1316538, "duration": 0.5160651206970215}, "current_params": {"N": 500, "iss": 0.9, "lr": 0.0022208776832486165, "ridge": 1e-07, "seed": 1234, "sr": 1.1658340735577972}}