{"returned_dict": {"loss": 2.031287955139009, "r2": 0.5250808152790764, "status": "ok", "start_time": 1697012409.743094, "duration": 0.5505580902099609}, "current_params": {"N": 500, "iss": 0.9, "lr": 0.01194012324967483, "ridge": 1e-07, "seed": 1234, "sr": 0.13073371451589708}}