{"returned_dict": {"loss": 2.0486379131172776, "r2": 0.5058854330903154, "status": "ok", "start_time": 1696932017.38197, "duration": 0.6245889663696289}, "current_params": {"N": 500, "iss": 0.9, "lr": 0.012671399492344065, "ridge": 1e-07, "seed": 1234, "sr": 0.1931498404234262}}