{"returned_dict": {"loss": 2.063424326128231, "r2": 0.35563882199647034, "status": "ok", "start_time": 1696928300.228107, "duration": 0.4230358600616455}, "current_params": {"N": 500, "iss": 0.9, "lr": 0.05768426240082132, "ridge": 1e-07, "seed": 1234, "sr": 0.5391304566113871}}