{"returned_dict": {"loss": 2.0688313152415465, "r2": 0.5073630326197238, "status": "ok", "start_time": 1697006101.072278, "duration": 0.6256828308105469}, "current_params": {"N": 500, "iss": 0.9, "lr": 0.012671399492344065, "ridge": 1e-07, "seed": 1234, "sr": 0.1931498404234262}}