{"returned_dict": {"loss": 2.0901136464186574, "r2": 0.4971532486999736, "status": "ok", "start_time": 1697006203.0603368, "duration": 1.159188985824585}, "current_params": {"N": 500, "iss": 0.9, "lr": 0.0201763660586179, "ridge": 1e-07, "seed": 1234, "sr": 0.7323231724059845}}