{"returned_dict": {"loss": 2.1350327890060234, "r2": 0.457679285333443, "status": "ok", "start_time": 1696932113.942653, "duration": 0.8702020645141602}, "current_params": {"N": 500, "iss": 0.9, "lr": 0.009517044749879343, "ridge": 1e-07, "seed": 1234, "sr": 0.5693766752526698}}