{"returned_dict": {"loss": 2.1411656327434456, "r2": -129.51724713298344, "status": "ok", "start_time": 1695698680.072441, "duration": 0.8389880657196045}, "current_params": {"N": 500, "iss": 0.9, "lr": 0.005007729021893898, "ridge": 1e-07, "seed": 1234, "sr": 1.0385323042151453}}