{"returned_dict": {"loss": 2.152986783897299, "r2": 0.35005495033030726, "status": "ok", "start_time": 1697006083.457602, "duration": 0.7508118152618408}, "current_params": {"N": 500, "iss": 0.9, "lr": 0.003135528802871368, "ridge": 1e-07, "seed": 1234, "sr": 2.4229663969229636}}