{"returned_dict": {"loss": 2.269718212797172, "r2": 0.3934545334317896, "status": "ok", "start_time": 1696931330.7057312, "duration": 0.6345369815826416}, "current_params": {"N": 500, "iss": 0.9, "lr": 0.020195420899796784, "ridge": 1e-07, "seed": 1234, "sr": 0.3157133897830133}}