{"returned_dict": {"loss": 2.277927290011551, "r2": 0.40274508355649, "status": "ok", "start_time": 1697012470.216841, "duration": 0.7782220840454102}, "current_params": {"N": 500, "iss": 0.9, "lr": 0.010792320963354871, "ridge": 1e-07, "seed": 1234, "sr": 0.030264242037118992}}