{"returned_dict": {"loss": 2.3463007572503662, "r2": 0.1880275672815741, "status": "ok", "start_time": 1696928269.677921, "duration": 0.4397850036621094}, "current_params": {"N": 500, "iss": 0.9, "lr": 0.15693214219369525, "ridge": 1e-07, "seed": 1234, "sr": 0.20760447792478667}}