{"returned_dict": {"loss": 2.3615620792826895, "r2": 0.3580882258736577, "status": "ok", "start_time": 1696930438.390026, "duration": 0.5468919277191162}, "current_params": {"N": 500, "iss": 0.9, "lr": 0.01723516935753249, "ridge": 1e-07, "seed": 1234, "sr": 0.08930926502440488}}