{"returned_dict": {"loss": 2.400395064286135, "r2": 0.3367971072213088, "status": "ok", "start_time": 1697012487.609024, "duration": 0.5457301139831543}, "current_params": {"N": 500, "iss": 0.9, "lr": 0.031315298214446584, "ridge": 1e-07, "seed": 1234, "sr": 0.575269795679041}}