{"returned_dict": {"loss": 2.5020102615282793, "r2": 0.07673064743731262, "status": "ok", "start_time": 1696928252.522503, "duration": 0.4937431812286377}, "current_params": {"N": 500, "iss": 0.9, "lr": 0.2048382486866981, "ridge": 1e-07, "seed": 1234, "sr": 0.09169361093299348}}