{"returned_dict": {"loss": 2.519173870391837, "r2": 0.0640315435635207, "status": "ok", "start_time": 1696928305.960474, "duration": 0.549536943435669}, "current_params": {"N": 500, "iss": 0.9, "lr": 0.2229557041536738, "ridge": 1e-07, "seed": 1234, "sr": 0.09835763510258089}}