{"returned_dict": {"loss": 2.5630127334392845, "r2": 0.031224033428263593, "status": "ok", "start_time": 1696928267.476614, "duration": 0.4320700168609619}, "current_params": {"N": 500, "iss": 0.9, "lr": 0.3193275230054053, "ridge": 1e-07, "seed": 1234, "sr": 0.22191193501289097}}