{"returned_dict": {"loss": 2.578190404986586, "r2": 0.019713201924068963, "status": "ok", "start_time": 1696928234.554581, "duration": 0.4317178726196289}, "current_params": {"N": 500, "iss": 0.9, "lr": 0.3299059340936598, "ridge": 1e-07, "seed": 1234, "sr": 0.18658183701753261}}