{"returned_dict": {"loss": 2.6587925698782278, "r2": 0.18633259832733118, "status": "ok", "start_time": 1697006129.764056, "duration": 0.6215300559997559}, "current_params": {"N": 500, "iss": 0.9, "lr": 0.03227681862698132, "ridge": 1e-07, "seed": 1234, "sr": 0.13048071254874868}}