{"returned_dict": {"loss": 2.675166741756675, "r2": 0.17624728123742603, "status": "ok", "start_time": 1696931093.734178, "duration": 0.527385950088501}, "current_params": {"N": 500, "iss": 0.9, "lr": 0.08409864424316024, "ridge": 1e-07, "seed": 1234, "sr": 1.038057705082271}}