{"returned_dict": {"loss": 2.6832127766224865, "r2": -10.903692574255793, "status": "ok", "start_time": 1697428731.2968, "duration": 1.8585810661315918}, "current_params": {"N": 500, "iss": 0.9, "lr": 0.02295730315688215, "ridge": 1e-07, "seed": 1234, "sr": 7.954497739510178}}