{"returned_dict": {"loss": 2.6950348891789093, "r2": -0.0711476531063681, "status": "ok", "start_time": 1696928268.795295, "duration": 0.44074392318725586}, "current_params": {"N": 500, "iss": 0.9, "lr": 0.5368645947090775, "ridge": 1e-07, "seed": 1234, "sr": 0.026761175701104346}}