{"returned_dict": {"loss": 2.7773831366000423, "r2": 0.05488810828332299, "status": "ok", "start_time": 1696930398.717652, "duration": 0.5748438835144043}, "current_params": {"N": 500, "iss": 0.9, "lr": 0.005534144396068831, "ridge": 1e-07, "seed": 1234, "sr": 1.7053539993996638}}