{"returned_dict": {"loss": 2.8002158727250097, "r2": 0.0974695535437573, "status": "ok", "start_time": 1696931094.815928, "duration": 0.5809218883514404}, "current_params": {"N": 500, "iss": 0.9, "lr": 0.0329584913173178, "ridge": 1e-07, "seed": 1234, "sr": 0.020006202812672045}}