{"returned_dict": {"loss": 2.812032871289343, "r2": 0.06902146166666949, "status": "ok", "start_time": 1696931299.2672231, "duration": 0.5518467426300049}, "current_params": {"N": 500, "iss": 0.9, "lr": 0.06024795953076342, "ridge": 1e-07, "seed": 1234, "sr": 0.22833541526599072}}