{"returned_dict": {"loss": 2.835478052474858, "r2": 0.07450490301424191, "status": "ok", "start_time": 1697012489.753779, "duration": 0.5487861633300781}, "current_params": {"N": 500, "iss": 0.9, "lr": 0.18446995638748825, "ridge": 1e-07, "seed": 1234, "sr": 1.3671630828846324}}