{"returned_dict": {"loss": 2.894228611688971, "r2": 0.03585423047183315, "status": "ok", "start_time": 1697012429.364954, "duration": 0.5549590587615967}, "current_params": {"N": 500, "iss": 0.9, "lr": 0.07201346307149094, "ridge": 1e-07, "seed": 1234, "sr": 0.19935467732696538}}