{"returned_dict": {"loss": 2.917910201748342, "r2": -123.76936061374136, "status": "ok", "start_time": 1696932918.591446, "duration": 2.4856860637664795}, "current_params": {"N": 500, "iss": 0.9, "lr": 0.013776573458598628, "ridge": 1e-07, "seed": 1234, "sr": 1.4037266612887527}}