{"returned_dict": {"loss": 2.9353328149680014, "r2": 0.008274191393681685, "status": "ok", "start_time": 1696930385.496398, "duration": 0.5635790824890137}, "current_params": {"N": 500, "iss": 0.9, "lr": 0.05729573294171989, "ridge": 1e-07, "seed": 1234, "sr": 0.03414048410383786}}