{"returned_dict": {"loss": 2.988907063568193, "r2": -0.028429334088797813, "status": "ok", "start_time": 1697006224.181013, "duration": 1.1414358615875244}, "current_params": {"N": 500, "iss": 0.9, "lr": 0.6692322890454032, "ridge": 1e-07, "seed": 1234, "sr": 1.908865762249811}}