{"returned_dict": {"loss": 2.99122060055351, "r2": -0.05714327270078808, "status": "ok", "start_time": 1696931284.666838, "duration": 0.554919958114624}, "current_params": {"N": 500, "iss": 0.9, "lr": 0.13440662792423172, "ridge": 1e-07, "seed": 1234, "sr": 1.959651331974383}}