{"returned_dict": {"loss": 21.494304543767996, "r2": -407.8827835556108, "status": "ok", "start_time": 1696941707.0742831, "duration": 2.305149793624878}, "current_params": {"N": 500, "iss": 0.9, "lr": 0.015675637477485127, "ridge": 1e-07, "seed": 1234, "sr": 8.323301293667457}}