{"returned_dict": {"loss": 22.393679977791706, "r2": -7496.033872338824, "status": "ok", "start_time": 1696932619.5875762, "duration": 2.3132107257843018}, "current_params": {"N": 500, "iss": 0.9, "lr": 0.009487842647350041, "ridge": 1e-07, "seed": 1234, "sr": 0.07964860203040938}}