{"returned_dict": {"loss": 22.511447056526197, "r2": -7584.33584837152, "status": "ok", "start_time": 1696932584.565608, "duration": 2.3275580406188965}, "current_params": {"N": 500, "iss": 0.9, "lr": 0.011499726306602578, "ridge": 1e-07, "seed": 1234, "sr": 0.020489195252075855}}