{"returned_dict": {"loss": 24.853643372586077, "r2": -649.946582937038, "status": "ok", "start_time": 1696941795.443449, "duration": 2.3080689907073975}, "current_params": {"N": 500, "iss": 0.9, "lr": 0.014788360119021833, "ridge": 1e-07, "seed": 1234, "sr": 2.6411464130177205}}