{"returned_dict": {"loss": 240.10584123361653, "r2": -58789.79250593008, "status": "ok", "start_time": 1696941630.2075279, "duration": 2.3146421909332275}, "current_params": {"N": 500, "iss": 0.9, "lr": 0.0014657043717974704, "ridge": 1e-07, "seed": 1234, "sr": 3.3229413943755635}}