{"returned_dict": {"loss": 25.534911079478537, "r2": -15166.095773058225, "status": "ok", "start_time": 1697097749.467146, "duration": 0.7834649085998535}, "current_params": {"N": 500, "iss": 0.9, "lr": 0.015675637477485127, "ridge": 1e-07, "seed": 1234, "sr": 8.323301293667457}}