{"returned_dict": {"loss": 25.948464944707677, "r2": -59.16165231293484, "status": "ok", "start_time": 1696935975.8535411, "duration": 13.716492891311646}, "current_params": {"N": 500, "iss": 0.9, "lr": 0.004331629980965586, "ridge": 1e-07, "seed": 1234, "sr": 0.1626795681245935}}