{"returned_dict": {"loss": 27.718212166663932, "r2": -11580.91452475341, "status": "ok", "start_time": 1696932923.814545, "duration": 2.455209970474243}, "current_params": {"N": 500, "iss": 0.9, "lr": 0.006565103682340531, "ridge": 1e-07, "seed": 1234, "sr": 0.02857977758285706}}