{"returned_dict": {"loss": 27.729087079587142, "r2": -11629.141369516254, "status": "ok", "start_time": 1696932579.86544, "duration": 2.2852511405944824}, "current_params": {"N": 500, "iss": 0.9, "lr": 0.004574935585135073, "ridge": 1e-07, "seed": 1234, "sr": 0.03073430140568509}}