{"returned_dict": {"loss": 3.0055479561489733, "r2": -0.03989024638526447, "status": "ok", "start_time": 1697012413.569856, "duration": 0.8298921585083008}, "current_params": {"N": 500, "iss": 0.9, "lr": 0.3597071043773894, "ridge": 1e-07, "seed": 1234, "sr": 1.0784585589734712}}