{"returned_dict": {"loss": 3.0156098623397423, "r2": -0.046712655339348354, "status": "ok", "start_time": 1697012483.1924329, "duration": 0.5455882549285889}, "current_params": {"N": 500, "iss": 0.9, "lr": 0.07548680318122616, "ridge": 1e-07, "seed": 1234, "sr": 0.01769587598402526}}