{"returned_dict": {"loss": 3.030349187492209, "r2": -9.15064719866099, "status": "ok", "start_time": 1696941774.6039932, "duration": 2.291792869567871}, "current_params": {"N": 500, "iss": 0.9, "lr": 0.6811753255192898, "ridge": 1e-07, "seed": 1234, "sr": 7.505573307332538}}