{"returned_dict": {"loss": 3.036139243941021, "r2": -0.08528462350164896, "status": "ok", "start_time": 1696931367.184335, "duration": 0.5710611343383789}, "current_params": {"N": 500, "iss": 0.9, "lr": 0.3023968431685585, "ridge": 1e-07, "seed": 1234, "sr": 0.3554664959628415}}