{"returned_dict": {"loss": 3.0456353047562583, "r2": -0.09208815213786092, "status": "ok", "start_time": 1696931305.817683, "duration": 0.5546789169311523}, "current_params": {"N": 500, "iss": 0.9, "lr": 0.2048382486866981, "ridge": 1e-07, "seed": 1234, "sr": 0.09169361093299348}}