{"returned_dict": {"loss": 3.055751887891636, "r2": -0.09935534772040426, "status": "ok", "start_time": 1696932111.758349, "duration": 0.7703409194946289}, "current_params": {"N": 500, "iss": 0.9, "lr": 0.2229557041536738, "ridge": 1e-07, "seed": 1234, "sr": 0.09835763510258089}}