{"returned_dict": {"loss": 3.0663830297396006, "r2": -0.08862077612829174, "status": "ok", "start_time": 1697012433.769474, "duration": 0.5670530796051025}, "current_params": {"N": 500, "iss": 0.9, "lr": 0.2999168282397612, "ridge": 1e-07, "seed": 1234, "sr": 2.0711751271159318}}