{"returned_dict": {"loss": 3.1015465644896616, "r2": -0.1325367408277537, "status": "ok", "start_time": 1696932034.865269, "duration": 0.5958020687103271}, "current_params": {"N": 500, "iss": 0.9, "lr": 0.2538684770646215, "ridge": 1e-07, "seed": 1234, "sr": 0.0108079776956026}}