{"returned_dict": {"loss": 3.105995465866916, "r2": -0.13578869697976934, "status": "ok", "start_time": 1696931292.008091, "duration": 0.573328971862793}, "current_params": {"N": 500, "iss": 0.9, "lr": 0.4679014023329361, "ridge": 1e-07, "seed": 1234, "sr": 0.046727228044946535}}