{"returned_dict": {"loss": 3.118526392627468, "r2": -0.1450290391315979, "status": "ok", "start_time": 1696932030.732625, "duration": 0.6042449474334717}, "current_params": {"N": 500, "iss": 0.9, "lr": 0.8108075271225141, "ridge": 1e-07, "seed": 1234, "sr": 6.834465647289925}}