{"returned_dict": {"loss": 3.1198679603534956, "r2": -0.1459686875388273, "status": "ok", "start_time": 1696932068.808938, "duration": 0.7455170154571533}, "current_params": {"N": 500, "iss": 0.9, "lr": 0.9187802178509046, "ridge": 1e-07, "seed": 1234, "sr": 4.224184001973293}}