{"returned_dict": {"loss": 3.1135943079339974, "r2": -0.11589351132256291, "status": "ok", "start_time": 1696931141.018678, "duration": 0.5384929180145264}, "current_params": {"N": 500, "iss": 0.9, "lr": 0.6811753255192898, "ridge": 1e-07, "seed": 1234, "sr": 7.505573307332538}}