{"returned_dict": {"loss": 3.116651384151171, "r2": -0.1435951001519454, "status": "ok", "start_time": 1696932052.404929, "duration": 0.6203100681304932}, "current_params": {"N": 500, "iss": 0.9, "lr": 0.7574590139415617, "ridge": 1e-07, "seed": 1234, "sr": 0.03524277949039688}}