{"returned_dict": {"loss": 3.123593582700115, "r2": -0.12397273760184853, "status": "ok", "start_time": 1696930370.560029, "duration": 0.5554080009460449}, "current_params": {"N": 500, "iss": 0.9, "lr": 0.351101881861253, "ridge": 1e-07, "seed": 1234, "sr": 2.8424339478368448}}