{"returned_dict": {"loss": 3.1492211100848806, "r2": -0.14189443923635717, "status": "ok", "start_time": 1697012418.6245859, "duration": 0.5852770805358887}, "current_params": {"N": 500, "iss": 0.9, "lr": 0.33784610522323594, "ridge": 1e-07, "seed": 1234, "sr": 3.416923934914541}}