{"returned_dict": {"loss": 3.1440855765103923, "r2": -0.13781237615908268, "status": "ok", "start_time": 1696931087.1170619, "duration": 0.5745179653167725}, "current_params": {"N": 500, "iss": 0.9, "lr": 0.17391291381476306, "ridge": 1e-07, "seed": 1234, "sr": 0.011739026780685318}}