{"returned_dict": {"loss": 3.1520656318144256, "r2": -0.14362267187910907, "status": "ok", "start_time": 1697006084.991483, "duration": 0.9148640632629395}, "current_params": {"N": 500, "iss": 0.9, "lr": 0.1953924842255818, "ridge": 1e-07, "seed": 1234, "sr": 0.02348225301745763}}