{"returned_dict": {"loss": 3.157526670378282, "r2": -0.14755531401114955, "status": "ok", "start_time": 1696928471.268929, "duration": 0.6505730152130127}, "current_params": {"N": 500, "iss": 0.9, "lr": 0.3314434048357353, "ridge": 1e-07, "seed": 1234, "sr": 6.833596167908428}}