{"returned_dict": {"loss": 3.179107935383048, "r2": -0.1633092744515839, "status": "ok", "start_time": 1696930388.239881, "duration": 0.5386888980865479}, "current_params": {"N": 500, "iss": 0.9, "lr": 0.3567209557257145, "ridge": 1e-07, "seed": 1234, "sr": 0.014411455273543402}}