{"returned_dict": {"loss": 3.175855383661833, "r2": -0.16094170653059048, "status": "ok", "start_time": 1697006077.945154, "duration": 0.894446849822998}, "current_params": {"N": 500, "iss": 0.9, "lr": 0.3544579971335427, "ridge": 1e-07, "seed": 1234, "sr": 0.0544052294998603}}