{"returned_dict": {"loss": 3.1798080143345118, "r2": -0.16381531256326412, "status": "ok", "start_time": 1696928445.1388328, "duration": 0.6605381965637207}, "current_params": {"N": 500, "iss": 0.9, "lr": 0.4679014023329361, "ridge": 1e-07, "seed": 1234, "sr": 0.046727228044946535}}