{"returned_dict": {"loss": 3.1731704676864343, "r2": -0.15904771463716139, "status": "ok", "start_time": 1696931102.5497432, "duration": 0.5472447872161865}, "current_params": {"N": 500, "iss": 0.9, "lr": 0.2048382486866981, "ridge": 1e-07, "seed": 1234, "sr": 0.09169361093299348}}