{"returned_dict": {"loss": 3.1807289548199633, "r2": -0.16448525182950782, "status": "ok", "start_time": 1697006161.097733, "duration": 0.7188129425048828}, "current_params": {"N": 500, "iss": 0.9, "lr": 0.49857928733460954, "ridge": 1e-07, "seed": 1234, "sr": 0.04328771757628488}}