{"returned_dict": {"loss": 3.18241034350562, "r2": -0.16571782391356407, "status": "ok", "start_time": 1697012466.7063198, "duration": 0.5735254287719727}, "current_params": {"N": 500, "iss": 0.9, "lr": 0.4538765718397676, "ridge": 1e-07, "seed": 1234, "sr": 0.011423076308344373}}