{"returned_dict": {"loss": 3.1842725969720056, "r2": -0.20688856212405263, "status": "ok", "start_time": 1696931085.4426749, "duration": 0.5451309680938721}, "current_params": {"N": 500, "iss": 0.9, "lr": 0.004652465849430955, "ridge": 1e-07, "seed": 1234, "sr": 5.580343023547168}}