{"returned_dict": {"loss": 3.184136359372978, "r2": -0.1669739625121225, "status": "ok", "start_time": 1697006216.1133661, "duration": 1.1436078548431396}, "current_params": {"N": 500, "iss": 0.9, "lr": 0.6850520991863419, "ridge": 1e-07, "seed": 1234, "sr": 0.0440605775382449}}