{"returned_dict": {"loss": 3.185961672881021, "r2": -0.16831432634417243, "status": "ok", "start_time": 1697012469.51281, "duration": 0.6994800567626953}, "current_params": {"N": 500, "iss": 0.9, "lr": 0.602096761664795, "ridge": 1e-07, "seed": 1234, "sr": 0.016223651162329426}}