{"returned_dict": {"loss": 3.197465174651915, "r2": -0.1767738089088721, "status": "ok", "start_time": 1696930410.868483, "duration": 0.5883378982543945}, "current_params": {"N": 500, "iss": 0.9, "lr": 0.865053734375228, "ridge": 1e-07, "seed": 1234, "sr": 0.12440910427817788}}