{"returned_dict": {"loss": 3.2041306726412078, "r2": -0.18177586654841127, "status": "ok", "start_time": 1696930401.526956, "duration": 0.6026430130004883}, "current_params": {"N": 500, "iss": 0.9, "lr": 0.4367736203806121, "ridge": 1e-07, "seed": 1234, "sr": 0.13317912806568327}}