{"returned_dict": {"loss": 3.2041306726412078, "r2": -0.18177586654841127, "status": "ok", "start_time": 1696928505.960574, "duration": 0.6894972324371338}, "current_params": {"N": 500, "iss": 0.9, "lr": 0.4367736203806121, "ridge": 1e-07, "seed": 1234, "sr": 0.13317912806568327}}