{"returned_dict": {"loss": 3.206740914829671, "r2": -0.21421031429523021, "status": "ok", "start_time": 1696930374.4527512, "duration": 0.5468807220458984}, "current_params": {"N": 500, "iss": 0.9, "lr": 0.023290415540192212, "ridge": 1e-07, "seed": 1234, "sr": 1.9933094412983583}}