{"returned_dict": {"loss": 3.201123575953288, "r2": -0.1799845099735841, "status": "ok", "start_time": 1697006154.9274619, "duration": 0.7981250286102295}, "current_params": {"N": 500, "iss": 0.9, "lr": 0.36203692104858476, "ridge": 1e-07, "seed": 1234, "sr": 5.987530745926846}}