{"returned_dict": {"loss": 3.211167606828702, "r2": -0.1871657603724426, "status": "ok", "start_time": 1696928544.074579, "duration": 0.6951630115509033}, "current_params": {"N": 500, "iss": 0.9, "lr": 0.46427132973394764, "ridge": 1e-07, "seed": 1234, "sr": 0.5335784501655656}}