{"returned_dict": {"loss": 3.225577384129449, "r2": -15.141469563669972, "status": "ok", "start_time": 1697429078.532508, "duration": 1.8587350845336914}, "current_params": {"N": 500, "iss": 0.10821341880663882, "lr": 0.04203563441395582, "ridge": 7.954624964810484e-07, "seed": 1234, "sr": 3.6652347285793745}}