{"returned_dict": {"loss": 3.222036153652269, "r2": -0.19499086672893387, "status": "ok", "start_time": 1696931079.692069, "duration": 0.5600099563598633}, "current_params": {"N": 500, "iss": 0.9, "lr": 0.11868976127565604, "ridge": 1e-07, "seed": 1234, "sr": 9.903672418680925}}