{"returned_dict": {"loss": 3.2364225132573146, "r2": -0.20595280806464156, "status": "ok", "start_time": 1697006130.97436, "duration": 0.6251580715179443}, "current_params": {"N": 500, "iss": 0.9, "lr": 0.3193275230054053, "ridge": 1e-07, "seed": 1234, "sr": 0.22191193501289097}}