{"returned_dict": {"loss": 3.3847709442388596, "r2": -9.283047687075609, "status": "ok", "start_time": 1696941842.247988, "duration": 2.287463903427124}, "current_params": {"N": 500, "iss": 0.9, "lr": 0.035268880917861616, "ridge": 1e-07, "seed": 1234, "sr": 3.3535990156004383}}