{"returned_dict": {"loss": 3.4515951650834342, "r2": -199.00405771032297, "status": "ok", "start_time": 1695699029.008925, "duration": 4.181664943695068}, "current_params": {"N": 500, "iss": 0.9, "lr": 0.10450923140136353, "ridge": 1e-07, "seed": 1234, "sr": 4.997336540870967}}