{"returned_dict": {"loss": 3.489008989922723, "r2": -0.9081814328175454, "status": "ok", "start_time": 1696928258.5075252, "duration": 0.49219369888305664}, "current_params": {"N": 500, "iss": 0.9, "lr": 0.020947973404360564, "ridge": 1e-07, "seed": 1234, "sr": 5.1267595669393975}}