{"returned_dict": {"loss": 3.480528921294418, "r2": -0.41681850132917475, "status": "ok", "start_time": 1697012444.4575639, "duration": 0.5311641693115234}, "current_params": {"N": 500, "iss": 0.9, "lr": 0.004162641776033228, "ridge": 1e-07, "seed": 1234, "sr": 6.700381333753658}}