{"returned_dict": {"loss": 3.5458322631843835, "r2": -293.78659042263274, "status": "ok", "start_time": 1697097336.6231208, "duration": 0.7450933456420898}, "current_params": {"N": 500, "iss": 0.9, "lr": 0.13565077644388224, "ridge": 1e-07, "seed": 1234, "sr": 2.6286963019006704}}