{"returned_dict": {"loss": 3.665312379458699, "r2": -0.6249516326647251, "status": "ok", "start_time": 1696931293.6838489, "duration": 0.5722622871398926}, "current_params": {"N": 500, "iss": 0.9, "lr": 0.008627726752024523, "ridge": 1e-07, "seed": 1234, "sr": 0.7656474307799984}}