{"returned_dict": {"loss": 3.762838329803236, "r2": -242.0135701553813, "status": "ok", "start_time": 1696932993.969097, "duration": 2.4622511863708496}, "current_params": {"N": 500, "iss": 0.9, "lr": 0.865053734375228, "ridge": 1e-07, "seed": 1234, "sr": 0.12440910427817788}}