{"returned_dict": {"loss": 3.9645078172325383, "r2": -1.0361519180133694, "status": "ok", "start_time": 1697006121.896755, "duration": 0.6150169372558594}, "current_params": {"N": 500, "iss": 0.9, "lr": 0.011631913763100198, "ridge": 1e-07, "seed": 1234, "sr": 2.3820731800209316}}