{"returned_dict": {"loss": 31.876523435727062, "r2": -15301.11861886098, "status": "ok", "start_time": 1696933038.402515, "duration": 2.318089008331299}, "current_params": {"N": 500, "iss": 0.9, "lr": 0.0014504618087973706, "ridge": 1e-07, "seed": 1234, "sr": 0.28962112677540436}}