{"returned_dict": {"loss": 33.83969207664132, "r2": -21305.594971981816, "status": "ok", "start_time": 1697436246.916189, "duration": 1.848135232925415}, "current_params": {"N": 500, "iss": 0.8564670839009341, "lr": 0.004666278320192311, "ridge": 0.0005245567335623266, "seed": 1234, "sr": 9.019468988959579}}