{"returned_dict": {"loss": 33.8415013671828, "r2": -41295.24139893895, "status": "ok", "start_time": 1697097310.654651, "duration": 0.8609950542449951}, "current_params": {"N": 500, "iss": 0.9, "lr": 0.011631913763100198, "ridge": 1e-07, "seed": 1234, "sr": 2.3820731800209316}}