{"returned_dict": {"loss": 35.59563802580504, "r2": -35281.593592717545, "status": "ok", "start_time": 1697006328.735599, "duration": 0.8899579048156738}, "current_params": {"N": 500, "iss": 0.9, "lr": 0.012074538215625902, "ridge": 1e-07, "seed": 1234, "sr": 3.928074544493676}}