{"returned_dict": {"loss": 36.38906558881316, "r2": -20750.623479333077, "status": "ok", "start_time": 1696933008.271971, "duration": 2.283953905105591}, "current_params": {"N": 500, "iss": 0.9, "lr": 0.0010963749428805649, "ridge": 1e-07, "seed": 1234, "sr": 0.03747978558716274}}