{"returned_dict": {"loss": 4.182858849309617, "r2": -2.2164334005521393, "status": "ok", "start_time": 1696928299.8031092, "duration": 0.42252492904663086}, "current_params": {"N": 500, "iss": 0.9, "lr": 0.01837890418829658, "ridge": 1e-07, "seed": 1234, "sr": 1.6346058937885943}}