{"returned_dict": {"loss": 4.456357091827129, "r2": -2.398118427364189, "status": "ok", "start_time": 1697006179.476086, "duration": 1.2674939632415771}, "current_params": {"N": 500, "iss": 0.9, "lr": 0.0018646665439208772, "ridge": 1e-07, "seed": 1234, "sr": 7.567304757039052}}