{"returned_dict": {"loss": 4.773275037313625, "r2": -549.1899630351969, "status": "ok", "start_time": 1695698639.664425, "duration": 0.8307089805603027}, "current_params": {"N": 500, "iss": 0.9, "lr": 0.06675090446914045, "ridge": 1e-07, "seed": 1234, "sr": 2.2042634577971216}}