{"returned_dict": {"loss": 4.803565398230467, "r2": -1.8800556665917183, "status": "ok", "start_time": 1696930393.460948, "duration": 0.5695478916168213}, "current_params": {"N": 500, "iss": 0.9, "lr": 0.00634949608361273, "ridge": 1e-07, "seed": 1234, "sr": 2.9579435824398614}}