{"returned_dict": {"loss": 4.943870593968442, "r2": -355.81456992714334, "status": "ok", "start_time": 1696932898.180606, "duration": 2.599368095397949}, "current_params": {"N": 500, "iss": 0.9, "lr": 0.020195420899796784, "ridge": 1e-07, "seed": 1234, "sr": 0.3157133897830133}}