{"returned_dict": {"loss": 44.12865850433277, "r2": -35009.316728567115, "status": "ok", "start_time": 1697436001.300233, "duration": 1.8554623126983643}, "current_params": {"N": 500, "iss": 0.24236535975373574, "lr": 0.06703300913405115, "ridge": 4.2269285080674205e-08, "seed": 1234, "sr": 2.773816181603311}}