{"returned_dict": {"loss": 45.89614633407365, "r2": -52209.75866277466, "status": "ok", "start_time": 1697097374.921788, "duration": 0.7793629169464111}, "current_params": {"N": 500, "iss": 0.9, "lr": 0.0064297670646757095, "ridge": 1e-07, "seed": 1234, "sr": 6.091700405214507}}