{"returned_dict": {"loss": 465.23534476601526, "r2": -3622787.542826699, "status": "ok", "start_time": 1695699621.2321658, "duration": 4.199938058853149}, "current_params": {"N": 500, "iss": 0.9, "lr": 0.0010345463215508882, "ridge": 1e-07, "seed": 1234, "sr": 0.7476653587619372}}