{"returned_dict": {"loss": 48.586152109804885, "r2": -55013.936833169835, "status": "ok", "start_time": 1697097338.904702, "duration": 0.7891891002655029}, "current_params": {"N": 500, "iss": 0.9, "lr": 0.00634949608361273, "ridge": 1e-07, "seed": 1234, "sr": 2.9579435824398614}}