{"returned_dict": {"loss": 49.34775894311452, "r2": -43634.85331969604, "status": "ok", "start_time": 1697436223.605251, "duration": 1.9793548583984375}, "current_params": {"N": 500, "iss": 0.04455656901228233, "lr": 0.01935540965604909, "ridge": 0.0004870385305496401, "seed": 1234, "sr": 4.425195681471678}}