{"returned_dict": {"loss": 5.0227165102077125, "r2": -22.49785303925954, "status": "ok", "start_time": 1696941858.439952, "duration": 2.3023672103881836}, "current_params": {"N": 500, "iss": 0.9, "lr": 0.01837890418829658, "ridge": 1e-07, "seed": 1234, "sr": 1.6346058937885943}}