{"returned_dict": {"loss": 5.060572188151682, "r2": -2.177899927055162, "status": "ok", "start_time": 1697006222.995956, "duration": 1.171025276184082}, "current_params": {"N": 500, "iss": 0.9, "lr": 0.004412075877965789, "ridge": 1e-07, "seed": 1234, "sr": 4.0906546305123515}}