{"returned_dict": {"loss": 5.170195958202942, "r2": -46.960020938266695, "status": "ok", "start_time": 1697428828.896075, "duration": 1.826632022857666}, "current_params": {"N": 500, "iss": 0.9, "lr": 0.00634949608361273, "ridge": 1e-07, "seed": 1234, "sr": 2.9579435824398614}}