{"returned_dict": {"loss": 5.670511014994294, "r2": -5.2391323038872395, "status": "ok", "start_time": 1696928297.6147158, "duration": 0.4426441192626953}, "current_params": {"N": 500, "iss": 0.9, "lr": 0.0064297670646757095, "ridge": 1e-07, "seed": 1234, "sr": 6.091700405214507}}