{"returned_dict": {"loss": 52.86930871954568, "r2": -67370.8557619145, "status": "ok", "start_time": 1695698420.631615, "duration": 0.7371220588684082}, "current_params": {"N": 500, "iss": 0.9, "lr": 0.0064297670646757095, "ridge": 1e-07, "seed": 1234, "sr": 6.091700405214507}}