{"returned_dict": {"loss": 6.166043593355727, "r2": -710.0953653870396, "status": "ok", "start_time": 1697435971.725311, "duration": 1.8565847873687744}, "current_params": {"N": 500, "iss": 0.33486009438808095, "lr": 0.004100650502354604, "ridge": 0.008206547427376674, "seed": 1234, "sr": 4.224184001973293}}