{"returned_dict": {"loss": 6.507165030652182, "r2": -686.3907907432026, "status": "ok", "start_time": 1696933017.53161, "duration": 2.3250479698181152}, "current_params": {"N": 500, "iss": 0.9, "lr": 0.602096761664795, "ridge": 1e-07, "seed": 1234, "sr": 0.016223651162329426}}