{"returned_dict": {"loss": 6.816726997915982, "r2": -679.3118532468295, "status": "ok", "start_time": 1696932665.917237, "duration": 2.3484201431274414}, "current_params": {"N": 500, "iss": 0.9, "lr": 0.027648495633442953, "ridge": 1e-07, "seed": 1234, "sr": 0.09442721440119983}}