{"returned_dict": {"loss": 7.018957651484702, "r2": -4.773410176584378, "status": "ok", "start_time": 1697012439.390193, "duration": 0.5433850288391113}, "current_params": {"N": 500, "iss": 0.9, "lr": 0.015675637477485127, "ridge": 1e-07, "seed": 1234, "sr": 8.323301293667457}}