{"returned_dict": {"loss": 7.548757622068851, "r2": -1046.6718073858308, "status": "ok", "start_time": 1697436267.705087, "duration": 1.9170291423797607}, "current_params": {"N": 500, "iss": 0.23643093070326449, "lr": 0.01146759760328504, "ridge": 0.004599990623823179, "seed": 1234, "sr": 2.3610670815355883}}