{"returned_dict": {"loss": 7.724291999775628, "r2": -7.480084809087174, "status": "ok", "start_time": 1696931313.027564, "duration": 0.5737709999084473}, "current_params": {"N": 500, "iss": 0.9, "lr": 0.020947973404360564, "ridge": 1e-07, "seed": 1234, "sr": 5.1267595669393975}}