{"returned_dict": {"loss": 71.67345561276974, "r2": -121400.74770146147, "status": "ok", "start_time": 1697006380.470005, "duration": 1.0367560386657715}, "current_params": {"N": 500, "iss": 0.9, "lr": 0.006965147459842892, "ridge": 1e-07, "seed": 1234, "sr": 7.231920572306449}}