{"returned_dict": {"loss": 72.86730597359087, "r2": -138745.8504031353, "status": "ok", "start_time": 1695803488.406441, "duration": 0.7973811626434326}, "current_params": {"N": 500, "iss": 0.9, "lr": 0.00474765619086868, "ridge": 1e-07, "seed": 1234, "sr": 5.974243589442645}}