{"returned_dict": {"loss": 85.8752012226953, "r2": -192400.3289904395, "status": "ok", "start_time": 1697006304.262433, "duration": 1.144230842590332}, "current_params": {"N": 500, "iss": 0.9, "lr": 0.004162641776033228, "ridge": 1e-07, "seed": 1234, "sr": 6.700381333753658}}