{"returned_dict": {"loss": 88.87435049195051, "r2": -6777.877444586654, "status": "ok", "start_time": 1696999541.3177931, "duration": 2.1453607082366943}, "current_params": {"N": 500, "connectivity": 0.046090693269801086, "iss": 0.1170806344466292, "lr": 0.018636394099240717, "noise_rc": 1.0937426423492629e-05, "ridge": 1.1602817506626563e-08, "seed": 1234, "sr": 6.700381333753658}}