{"returned_dict": {"loss": 9.08634688233878, "r2": -9.138648587137874, "status": "ok", "start_time": 1696931349.5395079, "duration": 0.5500922203063965}, "current_params": {"N": 500, "iss": 0.9, "lr": 0.00870996895715053, "ridge": 1e-07, "seed": 1234, "sr": 1.8759964593517806}}