{"returned_dict": {"loss": 9.209403316383726, "r2": -147.29307742006415, "status": "ok", "start_time": 1697429230.680044, "duration": 1.834670066833496}, "current_params": {"N": 500, "iss": 0.8275692027406062, "lr": 0.00921134174257873, "ridge": 7.465489217273001e-08, "seed": 1234, "sr": 2.9579435824398614}}