{"returned_dict": {"loss": 9.396319848330329, "r2": -1290.787139840996, "status": "ok", "start_time": 1696932573.023415, "duration": 2.2851970195770264}, "current_params": {"N": 500, "iss": 0.9, "lr": 0.008627726752024523, "ridge": 1e-07, "seed": 1234, "sr": 0.7656474307799984}}