{"returned_dict": {"loss": 92.99335856366311, "r2": -149141.12592604835, "status": "ok", "start_time": 1695699175.224021, "duration": 4.1493871212005615}, "current_params": {"N": 500, "iss": 0.9, "lr": 0.02295730315688215, "ridge": 1e-07, "seed": 1234, "sr": 7.954497739510178}}