{"returned_dict": {"loss": 0.0079560830144114, "r2": 0.9969450612955265, "status": "ok", "start_time": 1700616702.6084712, "duration": 4.5250396728515625}, "current_params": {"N": 500, "iss": 0.15717970056189712, "lr": 0.07128243944571559, "ridge": 3.2781375924716163e-09, "seed": 5555, "sr": 0.027598683234115115}}