{"returned_dict": {"loss": 0.018966766594127788, "r2": 0.9835826238677664, "status": "ok", "start_time": 1699633862.940507, "duration": 4.64949107170105}, "current_params": {"N": 500, "iss": 0.7044600162750467, "lr": 0.05989081733494548, "ridge": 3.058579821085371e-08, "seed": 5555, "sr": 0.1626795681245935}}