{"returned_dict": {"loss": 0.039787270279278274, "r2": 0.9281559606052646, "status": "ok", "start_time": 1699633891.0950642, "duration": 4.8756468296051025}, "current_params": {"N": 500, "iss": 0.7041340569061305, "lr": 0.02018337832903292, "ridge": 2.3115334421298753e-06, "seed": 5555, "sr": 0.09442721440119983}}