{"returned_dict": {"loss": 0.04124196687405029, "r2": 0.9227898686535064, "status": "ok", "start_time": 1699629039.849378, "duration": 281.4991817474365}, "current_params": {"N": 5000, "iss": 0.6517423997488939, "lr": 0.4485179994925241, "ridge": 2.1919618123313223e-05, "seed": 5555, "sr": 2.76036316173383}}