{"returned_dict": {"loss": 0.07438961331421338, "r2": 0.7498205655326883, "status": "ok", "start_time": 1699633895.973259, "duration": 4.588909149169922}, "current_params": {"N": 500, "iss": 0.9547804466890908, "lr": 0.0063822566002939346, "ridge": 1.9445651653381377e-09, "seed": 5555, "sr": 0.012708968625748275}}