{"returned_dict": {"loss": 12.928056447011011, "r2": -9487.058464087751, "status": "ok", "start_time": 1700616729.575008, "duration": 4.402841091156006}, "current_params": {"N": 500, "iss": 0.5734609694174653, "lr": 0.0014528929731718976, "ridge": 0.0002509953774283313, "seed": 5555, "sr": 1.4787515437601555}}