{"returned_dict": {"loss": 167.38088156799373, "r2": -1400229.2100434813, "status": "ok", "start_time": 1699633900.564437, "duration": 4.569498300552368}, "current_params": {"N": 500, "iss": 0.30780459889893874, "lr": 0.0020629649586181636, "ridge": 1.807451674082109e-05, "seed": 5555, "sr": 2.2042634577971216}}