{"returned_dict": {"loss": 0.006295052824816359, "r2": 0.9992131111885, "status": "ok", "start_time": 1699264251.185063, "duration": 2.1843340396881104}, "current_params": {"N": 500, "iss": 0.12355157400567263, "lr": 0.35065431611638176, "ridge": 0.00016882662561943463, "seed": 1234, "sr": 0.011739026780685318}}