{"returned_dict": {"loss": 0.006906810652372727, "r2": 0.9990513740500936, "status": "ok", "start_time": 1699264293.045287, "duration": 2.258223056793213}, "current_params": {"N": 500, "iss": 0.9120267528405163, "lr": 0.10377622163746929, "ridge": 0.0009493042476638647, "seed": 1234, "sr": 1.1747727724200443}}