{"returned_dict": {"loss": 0.0009357775076330581, "r2": 0.999982548268111, "status": "ok", "start_time": 1699256033.833359, "duration": 2.5182878971099854}, "current_params": {"N": 500, "iss": 0.6062643158179813, "lr": 0.48657161636196294, "ridge": 0.00019371347794085468, "seed": 1234, "sr": 1.3671630828846324}}