{"returned_dict": {"loss": 1.2336388396018565e-05, "r2": 0.9999999969671242, "status": "ok", "start_time": 1699255736.472236, "duration": 2.3339579105377197}, "current_params": {"N": 500, "iss": 0.15716834911966804, "lr": 0.8156304946175557, "ridge": 4.290374941230941e-08, "seed": 1234, "sr": 1.0385323042151453}}