{"returned_dict": {"loss": 0.0029574801725548577, "r2": 0.9998290967925773, "status": "ok", "start_time": 1699264841.354872, "duration": 1.9127271175384521}, "current_params": {"N": 500, "iss": 0.2298357960090034, "lr": 0.8472268156639914, "ridge": 9.801931216645321e-05, "seed": 1234, "sr": 0.2197712027474747}}