{"returned_dict": {"loss": 0.00012464171201443056, "r2": 0.9999996798945426, "status": "ok", "start_time": 1699265027.2914948, "duration": 2.1604573726654053}, "current_params": {"N": 500, "iss": 0.22844120631577203, "lr": 0.5068843153791186, "ridge": 1.748641447561754e-09, "seed": 1234, "sr": 1.2556711601352721}}