{"returned_dict": {"loss": 0.00929243124284214, "r2": 0.9982934906514505, "status": "ok", "start_time": 1699264826.726486, "duration": 2.0130088329315186}, "current_params": {"N": 500, "iss": 0.21686967585707428, "lr": 0.06719120770962762, "ridge": 0.00012890720812140736, "seed": 1234, "sr": 0.07071032186253305}}