{"returned_dict": {"loss": 0.003595460942157895, "r2": 0.9997444162584062, "status": "ok", "start_time": 1699255947.000244, "duration": 2.5694451332092285}, "current_params": {"N": 500, "iss": 0.040938266600104134, "lr": 0.3659512815680789, "ridge": 0.0021047798903734414, "seed": 1234, "sr": 0.3797757622392174}}