{"returned_dict": {"loss": 0.019807266129865986, "r2": 0.9921734277796473, "status": "ok", "start_time": 1699243954.664588, "duration": 1.8369159698486328}, "current_params": {"N": 500, "iss": 0.33697973924510827, "lr": 0.17543139583076806, "ridge": 0.0006465876818538902, "seed": 1234, "sr": 0.015590519612759524}}