{"returned_dict": {"loss": 0.010906412737573487, "r2": 0.997648238365538, "status": "ok", "start_time": 1699256013.029349, "duration": 2.609571933746338}, "current_params": {"N": 500, "iss": 0.32792488571889467, "lr": 0.22465500878777248, "ridge": 0.0003014232201482745, "seed": 1234, "sr": 0.09835763510258089}}