{"returned_dict": {"loss": 0.012421603856177197, "r2": 0.9969821561377934, "status": "ok", "start_time": 1699264989.994271, "duration": 2.153193950653076}, "current_params": {"N": 500, "iss": 0.4183352059788139, "lr": 0.7699157917998888, "ridge": 1.5491027325251184e-06, "seed": 1234, "sr": 1.9933094412983583}}