{"returned_dict": {"loss": 0.029714329915569025, "r2": 0.9823390544031213, "status": "ok", "start_time": 1699243958.337465, "duration": 1.8335058689117432}, "current_params": {"N": 500, "iss": 0.7041340569061305, "lr": 0.02018337832903292, "ridge": 2.3115334421298753e-06, "seed": 1234, "sr": 0.09442721440119983}}