{"returned_dict": {"loss": 0.024425482065701196, "r2": 0.9880615381942336, "status": "ok", "start_time": 1699264382.923659, "duration": 2.3438987731933594}, "current_params": {"N": 500, "iss": 0.9655801894967717, "lr": 0.5494681828865383, "ridge": 2.0065307823836486e-09, "seed": 1234, "sr": 0.01418389479892628}}