{"returned_dict": {"loss": 0.02640690203442511, "r2": 0.9864365854795182, "status": "ok", "start_time": 1699265166.9785972, "duration": 2.5557949542999268}, "current_params": {"N": 500, "iss": 0.26934464895629684, "lr": 0.0839574815743966, "ridge": 0.003061173980554755, "seed": 1234, "sr": 0.016223651162329426}}