{"returned_dict": {"loss": 0.027694462973367154, "r2": 0.9847239964222677, "status": "ok", "start_time": 1699255910.446028, "duration": 2.835068941116333}, "current_params": {"N": 500, "iss": 0.9135989958833419, "lr": 0.4700604405485768, "ridge": 5.192783797391785e-07, "seed": 1234, "sr": 0.02684390359598015}}