{"returned_dict": {"loss": 0.025673255389550967, "r2": 0.9872228957501856, "status": "ok", "start_time": 1699265044.173918, "duration": 2.5884950160980225}, "current_params": {"N": 500, "iss": 0.10044612037411704, "lr": 0.07898613150169653, "ridge": 0.005230035728447981, "seed": 1234, "sr": 0.03524277949039688}}