{"returned_dict": {"loss": 0.020228306750644576, "r2": 0.9918966659045166, "status": "ok", "start_time": 1699264186.8957398, "duration": 2.5803701877593994}, "current_params": {"N": 500, "iss": 0.33697973924510827, "lr": 0.17543139583076806, "ridge": 0.0006465876818538902, "seed": 1234, "sr": 0.015590519612759524}}