{"returned_dict": {"loss": 0.020722084764874592, "r2": 0.9916116692599917, "status": "ok", "start_time": 1699265256.28654, "duration": 2.2737998962402344}, "current_params": {"N": 500, "iss": 0.3829699328467736, "lr": 0.026695530015763223, "ridge": 3.993947976599462e-07, "seed": 1234, "sr": 0.013649509767262393}}