{"returned_dict": {"loss": 0.029866417047273396, "r2": 0.9826974347865166, "status": "ok", "start_time": 1699265249.353484, "duration": 2.3140900135040283}, "current_params": {"N": 500, "iss": 0.9022140321763757, "lr": 0.28243759923765877, "ridge": 6.331779330149328e-07, "seed": 1234, "sr": 0.014132040674737733}}