{"returned_dict": {"loss": 0.02470427073457761, "r2": 0.9881714120648984, "status": "ok", "start_time": 1699265104.993839, "duration": 2.112846851348877}, "current_params": {"N": 500, "iss": 0.5923323236902225, "lr": 0.09414420070801902, "ridge": 0.0014474323274106797, "seed": 1234, "sr": 0.13317912806568327}}