{"returned_dict": {"loss": 0.02025508455560413, "r2": 0.9920355893122447, "status": "ok", "start_time": 1699265217.18994, "duration": 2.873744010925293}, "current_params": {"N": 500, "iss": 0.61465928198713, "lr": 0.01646090380035458, "ridge": 1.416582108410998e-05, "seed": 1234, "sr": 0.6672376898037004}}