{"returned_dict": {"loss": 0.03727752302648174, "r2": 0.9725264934548506, "status": "ok", "start_time": 1699256047.513543, "duration": 2.1445140838623047}, "current_params": {"N": 500, "iss": 0.9492451986094536, "lr": 0.012192269780560696, "ridge": 1.0355816851799808e-08, "seed": 1234, "sr": 0.03438139057492874}}