{"returned_dict": {"loss": 0.03898278879041254, "r2": 0.9699788167515294, "status": "ok", "start_time": 1699255661.817012, "duration": 2.8116698265075684}, "current_params": {"N": 500, "iss": 0.18640085674470974, "lr": 0.008316425906674767, "ridge": 3.822116394355239e-05, "seed": 1234, "sr": 0.02745813794912951}}