{"returned_dict": {"loss": 0.03868008165026187, "r2": 0.9709801418117382, "status": "ok", "start_time": 1699265048.8977559, "duration": 2.2567222118377686}, "current_params": {"N": 500, "iss": 0.6914803299511233, "lr": 0.4989873629451257, "ridge": 0.0009024714119816998, "seed": 1234, "sr": 0.014411455273543402}}