{"returned_dict": {"loss": 0.030619845114385407, "r2": 0.9814690340262215, "status": "ok", "start_time": 1699256031.7033222, "duration": 2.125234842300415}, "current_params": {"N": 500, "iss": 0.9022140321763757, "lr": 0.28243759923765877, "ridge": 6.331779330149328e-07, "seed": 1234, "sr": 0.014132040674737733}}