{"returned_dict": {"loss": 0.03393159356484324, "r2": 0.9776104753595863, "status": "ok", "start_time": 1699264980.4825568, "duration": 2.222670078277588}, "current_params": {"N": 500, "iss": 0.4893385543018618, "lr": 0.02143015081924661, "ridge": 1.1102605111730034e-05, "seed": 1234, "sr": 0.02572013644212619}}