{"returned_dict": {"loss": 0.03897995868657996, "r2": 0.9705477255982604, "status": "ok", "start_time": 1699264865.690826, "duration": 2.38067889213562}, "current_params": {"N": 500, "iss": 0.8710694708540748, "lr": 0.5093800439838342, "ridge": 3.613494953765636e-08, "seed": 1234, "sr": 5.580343023547168}}