{"returned_dict": {"loss": 0.03459608362071939, "r2": 0.9767436821058751, "status": "ok", "start_time": 1699264982.708435, "duration": 2.401857852935791}, "current_params": {"N": 500, "iss": 0.6922327390139184, "lr": 0.034601111100789846, "ridge": 0.0009597922173967499, "seed": 1234, "sr": 0.17537309143779847}}