{"returned_dict": {"loss": 0.03689862096781146, "r2": 0.9729516521589406, "status": "ok", "start_time": 1699256022.513759, "duration": 2.427631139755249}, "current_params": {"N": 500, "iss": 0.3945156093805232, "lr": 0.015128007637960973, "ridge": 3.182563639108543e-06, "seed": 1234, "sr": 0.012260384608014823}}