{"returned_dict": {"loss": 0.03772575196717485, "r2": 0.9718882909697383, "status": "ok", "start_time": 1699255935.978473, "duration": 2.468446969985962}, "current_params": {"N": 500, "iss": 0.8091744524034417, "lr": 0.9358123326900604, "ridge": 3.7883632037985046e-08, "seed": 1234, "sr": 5.974243589442645}}