{"returned_dict": {"loss": 0.03126858902449398, "r2": 0.9805858148243765, "status": "ok", "start_time": 1699264192.6727989, "duration": 2.6685080528259277}, "current_params": {"N": 500, "iss": 0.7041340569061305, "lr": 0.02018337832903292, "ridge": 2.3115334421298753e-06, "seed": 1234, "sr": 0.09442721440119983}}