{"returned_dict": {"loss": 0.0345747953818463, "r2": 0.9763125782448973, "status": "ok", "start_time": 1699255778.657877, "duration": 2.211176872253418}, "current_params": {"N": 500, "iss": 0.4893385543018618, "lr": 0.02143015081924661, "ridge": 1.1102605111730034e-05, "seed": 1234, "sr": 0.02572013644212619}}