{"returned_dict": {"loss": 0.04523881427049444, "r2": 0.9595575288298855, "status": "ok", "start_time": 1699255618.350878, "duration": 2.301831007003784}, "current_params": {"N": 500, "iss": 0.9547804466890908, "lr": 0.0063822566002939346, "ridge": 1.9445651653381377e-09, "seed": 1234, "sr": 0.012708968625748275}}