{"returned_dict": {"loss": 0.04296749814008157, "r2": 0.9632840013095224, "status": "ok", "start_time": 1699255908.387109, "duration": 2.051669120788574}, "current_params": {"N": 500, "iss": 0.975796083487275, "lr": 0.36345335286724006, "ridge": 3.344756996651249e-07, "seed": 1234, "sr": 3.928074544493676}}