{"returned_dict": {"loss": 0.05001277510218821, "r2": 0.950572529788991, "status": "ok", "start_time": 1699264489.990678, "duration": 2.2455408573150635}, "current_params": {"N": 500, "iss": 0.735910449821011, "lr": 0.03687802163588743, "ridge": 0.0019711206562567562, "seed": 1234, "sr": 0.04328771757628488}}