{"returned_dict": {"loss": 0.05366539162636769, "r2": 0.9431080068982647, "status": "ok", "start_time": 1699255821.860971, "duration": 2.133744955062866}, "current_params": {"N": 500, "iss": 0.20923040118546266, "lr": 0.0077355403142878795, "ridge": 0.0023425261581026765, "seed": 1234, "sr": 0.026761175701104346}}