{"returned_dict": {"loss": 0.06735739801704638, "r2": 0.9119443649517076, "status": "ok", "start_time": 1699265272.505557, "duration": 2.256654977798462}, "current_params": {"N": 500, "iss": 0.5345246533740329, "lr": 0.0016821487193693313, "ridge": 8.527242136552148e-08, "seed": 1234, "sr": 0.016130653781102525}}