{"returned_dict": {"loss": 0.06885730321169083, "r2": 0.9062865126527049, "status": "ok", "start_time": 1699264311.078305, "duration": 2.2730581760406494}, "current_params": {"N": 500, "iss": 0.28766435081673314, "lr": 0.0012105913148246156, "ridge": 1.9057127432713242e-07, "seed": 1234, "sr": 0.07964860203040938}}