{"returned_dict": {"loss": 0.06292795706014935, "r2": 0.9232216574645092, "status": "ok", "start_time": 1699264835.42743, "duration": 2.2333521842956543}, "current_params": {"N": 500, "iss": 0.451625695847095, "lr": 0.2824777807824228, "ridge": 0.0004995561065461233, "seed": 1234, "sr": 4.434072756135233}}