{"returned_dict": {"loss": 0.06515555245512754, "r2": 0.9160426096952735, "status": "ok", "start_time": 1699264210.944302, "duration": 2.5271658897399902}, "current_params": {"N": 500, "iss": 0.451625695847095, "lr": 0.2824777807824228, "ridge": 0.0004995561065461233, "seed": 1234, "sr": 4.434072756135233}}