{"returned_dict": {"loss": 0.0760207625066517, "r2": 0.8618284455746203, "status": "ok", "start_time": 1699265193.563112, "duration": 2.3817498683929443}, "current_params": {"N": 500, "iss": 0.26089228108771545, "lr": 0.004924674001327178, "ridge": 2.381485979423505e-09, "seed": 1234, "sr": 0.28962112677540436}}