{"returned_dict": {"loss": 0.07894096002216805, "r2": 0.8769219159992926, "status": "ok", "start_time": 1699255951.649914, "duration": 2.7642359733581543}, "current_params": {"N": 500, "iss": 0.0026462177202568604, "lr": 0.021333081512378033, "ridge": 0.00025791954558242, "seed": 1234, "sr": 0.011405319213458769}}