{"returned_dict": {"loss": 0.08578369578912827, "r2": 0.8573538806558801, "status": "ok", "start_time": 1699264977.474217, "duration": 3.0059032440185547}, "current_params": {"N": 500, "iss": 0.6128741432342986, "lr": 0.0015415307981808321, "ridge": 0.0004080879909316024, "seed": 1234, "sr": 0.0108079776956026}}