{"returned_dict": {"loss": 0.08156959155313791, "r2": 0.8710484892670625, "status": "ok", "start_time": 1699265089.962246, "duration": 2.145637035369873}, "current_params": {"N": 500, "iss": 0.7889351766743528, "lr": 0.00398609258790173, "ridge": 0.0026164567787443195, "seed": 1234, "sr": 0.012580639725311055}}