{"returned_dict": {"loss": 0.09961098217812976, "r2": 0.8076966445576373, "status": "ok", "start_time": 1699264830.638067, "duration": 2.3257551193237305}, "current_params": {"N": 500, "iss": 0.9739479466464522, "lr": 0.0011253563603354569, "ridge": 0.0021883735119396686, "seed": 1234, "sr": 0.04981749804245153}}