{"returned_dict": {"loss": 0.1133878736406209, "r2": 0.746027975765123, "status": "ok", "start_time": 1699255627.279925, "duration": 2.2196059226989746}, "current_params": {"N": 500, "iss": 0.9739479466464522, "lr": 0.0011253563603354569, "ridge": 0.0021883735119396686, "seed": 1234, "sr": 0.04981749804245153}}