{"returned_dict": {"loss": 0.1286489932848711, "r2": 0.6776521571570635, "status": "ok", "start_time": 1699265190.4147031, "duration": 3.1462838649749756}, "current_params": {"N": 500, "iss": 0.5315682009230276, "lr": 0.1775950750495892, "ridge": 0.0002207334426427236, "seed": 1234, "sr": 6.954268155528048}}