{"returned_dict": {"loss": 0.15716930919004612, "r2": 0.5209629862450397, "status": "ok", "start_time": 1699265212.548289, "duration": 2.3561840057373047}, "current_params": {"N": 500, "iss": 0.6743270588841205, "lr": 0.0014402248070585332, "ridge": 0.0006137812121664229, "seed": 1234, "sr": 0.3554664959628415}}