{"returned_dict": {"loss": 0.22293948952320622, "r2": -0.03990403132370709, "status": "ok", "start_time": 1699264278.863513, "duration": 2.3511669635772705}, "current_params": {"N": 500, "iss": 0.45903012586393255, "lr": 0.008993216326780393, "ridge": 3.098662816361876e-05, "seed": 1234, "sr": 1.038057705082271}}