{"returned_dict": {"loss": 0.25448964164083004, "r2": -0.281375160117104, "status": "ok", "start_time": 1699255963.950451, "duration": 2.2636542320251465}, "current_params": {"N": 500, "iss": 0.05969594889932428, "lr": 0.22834501963548878, "ridge": 4.079252477787997e-06, "seed": 1234, "sr": 3.3535990156004383}}