{"returned_dict": {"loss": 0.288844648307609, "r2": -0.6684707852465192, "status": "ok", "start_time": 1699255785.153467, "duration": 3.027958869934082}, "current_params": {"N": 500, "iss": 0.11994602555379685, "lr": 0.16859893208998253, "ridge": 6.132193847282312e-09, "seed": 1234, "sr": 2.3297993110223385}}