{"returned_dict": {"loss": 0.29915840130045723, "r2": -0.8039447591608418, "status": "ok", "start_time": 1699264239.927217, "duration": 2.2481608390808105}, "current_params": {"N": 500, "iss": 0.13238073196516953, "lr": 0.13864624141183712, "ridge": 5.1447095217047094e-05, "seed": 1234, "sr": 4.997336540870967}}