{"returned_dict": {"loss": 0.44864471602599726, "r2": -3.463240934069882, "status": "ok", "start_time": 1699264930.5438669, "duration": 2.494734048843384}, "current_params": {"N": 500, "iss": 0.6217356289422551, "lr": 0.0029999570595545273, "ridge": 1.822408392802496e-08, "seed": 1234, "sr": 0.38114750465916947}}