{"returned_dict": {"loss": 0.712294982249845, "r2": -9.444403172246236, "status": "ok", "start_time": 1699264558.0145211, "duration": 2.3125619888305664}, "current_params": {"N": 500, "iss": 0.36454979801819787, "lr": 0.001817436335305465, "ridge": 1.2856827057907244e-05, "seed": 1234, "sr": 0.5391304566113871}}