{"returned_dict": {"loss": 1.3220697160116013, "r2": -33.54466102225317, "status": "ok", "start_time": 1699255640.6753569, "duration": 2.0837621688842773}, "current_params": {"N": 500, "iss": 0.27955000672950736, "lr": 0.050891035673396985, "ridge": 6.92305207076248e-05, "seed": 1234, "sr": 9.903672418680925}}