{"returned_dict": {"loss": 1.4000457854982937, "r2": -38.20705383937172, "status": "ok", "start_time": 1699264255.976179, "duration": 2.131498098373413}, "current_params": {"N": 500, "iss": 0.34711880645906334, "lr": 0.0017068361591199817, "ridge": 1.2839800042841107e-06, "seed": 1234, "sr": 0.7839491567314942}}