{"returned_dict": {"loss": 1.4243959314536294, "r2": -62.36465023950035, "status": "ok", "start_time": 1699264446.443699, "duration": 2.212125062942505}, "current_params": {"N": 500, "iss": 0.4503628369957513, "lr": 0.03709140133925175, "ridge": 2.6234435504939386e-09, "seed": 1234, "sr": 1.665278509291293}}