{"returned_dict": {"loss": 1.6816611727775255, "r2": -77.88128517770711, "status": "ok", "start_time": 1699265080.455657, "duration": 2.8203001022338867}, "current_params": {"N": 500, "iss": 0.4503628369957513, "lr": 0.03709140133925175, "ridge": 2.6234435504939386e-09, "seed": 1234, "sr": 1.665278509291293}}