{"returned_dict": {"loss": 12.334620357218943, "r2": -3296.0549283177456, "status": "ok", "start_time": 1699255899.779268, "duration": 2.108242988586426}, "current_params": {"N": 500, "iss": 0.35464883466252195, "lr": 0.02580145195828277, "ridge": 7.502821787034914e-05, "seed": 1234, "sr": 3.1162051286367416}}