{"returned_dict": {"loss": 17.705318774578707, "r2": -6968.833332346759, "status": "ok", "start_time": 1699255732.011352, "duration": 2.3128247261047363}, "current_params": {"N": 500, "iss": 0.8564670839009341, "lr": 0.004666278320192311, "ridge": 0.0005245567335623266, "seed": 1234, "sr": 9.019468988959579}}