{"returned_dict": {"loss": 2.0463841846898174, "r2": -136.64421975455534, "status": "ok", "start_time": 1699265125.301395, "duration": 2.3248162269592285}, "current_params": {"N": 500, "iss": 0.15855990557256594, "lr": 0.0013530394390112253, "ridge": 3.771243674444087e-05, "seed": 1234, "sr": 1.2072384196976096}}