{"returned_dict": {"loss": 2.5821092352729287, "r2": -200.88583261231327, "status": "ok", "start_time": 1699256051.938858, "duration": 2.189840078353882}, "current_params": {"N": 500, "iss": 0.7111875236481379, "lr": 0.014953523366352292, "ridge": 0.003917533648237141, "seed": 1234, "sr": 1.908865762249811}}