{"returned_dict": {"loss": 32.96730042399941, "r2": -32359.292485233313, "status": "ok", "start_time": 1699255605.149376, "duration": 3.337210178375244}, "current_params": {"N": 500, "iss": 0.7231479244442287, "lr": 0.021175330384294096, "ridge": 1.3401973668525895e-08, "seed": 1234, "sr": 1.8373084854604944}}