{"returned_dict": {"loss": 4.365320075092576, "r2": -392.94226962061094, "status": "ok", "start_time": 1699264958.6228008, "duration": 2.168670177459717}, "current_params": {"N": 500, "iss": 0.23643093070326449, "lr": 0.01146759760328504, "ridge": 0.004599990623823179, "seed": 1234, "sr": 2.3610670815355883}}