{"returned_dict": {"loss": 4.557774290597531, "r2": -445.3245641052922, "status": "ok", "start_time": 1699255757.6063712, "duration": 2.449896812438965}, "current_params": {"N": 500, "iss": 0.23643093070326449, "lr": 0.01146759760328504, "ridge": 0.004599990623823179, "seed": 1234, "sr": 2.3610670815355883}}