{"returned_dict": {"loss": 4.826297029385518, "r2": -486.3388805011179, "status": "ok", "start_time": 1699243969.37124, "duration": 1.7895870208740234}, "current_params": {"N": 500, "iss": 0.33486009438808095, "lr": 0.004100650502354604, "ridge": 0.008206547427376674, "seed": 1234, "sr": 4.224184001973293}}