{"returned_dict": {"loss": 4.970284797767504, "r2": -488.19752726231604, "status": "ok", "start_time": 1699255774.097007, "duration": 2.1689600944519043}, "current_params": {"N": 500, "iss": 0.9406587057968023, "lr": 0.02207977188453779, "ridge": 0.0007602478909161272, "seed": 1234, "sr": 6.833596167908428}}