{"returned_dict": {"loss": 5.512930393427124, "r2": -637.5006199920189, "status": "ok", "start_time": 1699264468.9464629, "duration": 2.463327169418335}, "current_params": {"N": 500, "iss": 0.4016192513767243, "lr": 0.023565820546423054, "ridge": 0.0009341644724743216, "seed": 1234, "sr": 5.987530745926846}}