{"returned_dict": {"loss": 5.640496504406488, "r2": -645.8619758765204, "status": "ok", "start_time": 1699264975.218902, "duration": 2.244201898574829}, "current_params": {"N": 500, "iss": 0.9406587057968023, "lr": 0.02207977188453779, "ridge": 0.0007602478909161272, "seed": 1234, "sr": 6.833596167908428}}