{"returned_dict": {"loss": 56.19996156658988, "r2": -80433.04083391544, "status": "ok", "start_time": 1699265022.835683, "duration": 2.254775047302246}, "current_params": {"N": 500, "iss": 0.10204618018844569, "lr": 0.0022976484367460367, "ridge": 6.435132499791384e-09, "seed": 1234, "sr": 1.1658340735577972}}