{"returned_dict": {"loss": 58.064820105360205, "r2": -68685.22237510166, "status": "ok", "start_time": 1699264320.067223, "duration": 2.4907021522521973}, "current_params": {"N": 500, "iss": 0.4318098058036459, "lr": 0.012600442759985371, "ridge": 1.4978972663732007e-06, "seed": 1234, "sr": 7.954497739510178}}