{"returned_dict": {"loss": 74.15966592603881, "r2": -110441.33313730366, "status": "ok", "start_time": 1699264541.95399, "duration": 2.3273680210113525}, "current_params": {"N": 500, "iss": 0.6029258260507978, "lr": 0.012445144152847186, "ridge": 2.3571184655130715e-07, "seed": 1234, "sr": 9.272462266637495}}