{"returned_dict": {"loss": 81.3476790043506, "r2": -133455.95823220952, "status": "ok", "start_time": 1699265127.629063, "duration": 2.397041082382202}, "current_params": {"N": 500, "iss": 0.32045037207585336, "lr": 0.013663130602244231, "ridge": 5.368010723935917e-07, "seed": 1234, "sr": 2.6411464130177205}}