{"returned_dict": {"loss": 0.006869371963361061, "r2": 0.9984637416737944, "status": "ok", "start_time": 1697697528.498678, "duration": 0.9219179153442383}, "current_params": {"N": 500, "iss": 0.9, "lr": 0.014579511085556102, "ridge": 1e-07, "seed": 1234, "sr": 0.02684390359598015}}