{"returned_dict": {"loss": 0.0014512217967744738, "r2": 0.9999502934561727, "status": "ok", "start_time": 1697096880.5540428, "duration": 0.7865641117095947}, "current_params": {"N": 500, "iss": 0.9, "lr": 0.1953924842255818, "ridge": 1e-07, "seed": 1234, "sr": 0.02348225301745763}}