{"returned_dict": {"loss": 0.002576961200658511, "r2": 0.9998380140461212, "status": "ok", "start_time": 1697096630.067132, "duration": 0.8065710067749023}, "current_params": {"N": 500, "iss": 0.9, "lr": 0.09201201301388376, "ridge": 1e-07, "seed": 1234, "sr": 0.02745813794912951}}