{"returned_dict": {"loss": 0.0014054950247416808, "r2": 0.9999540864758895, "status": "ok", "start_time": 1697155254.641205, "duration": 0.9137430191040039}, "current_params": {"N": 500, "iss": 0.9, "lr": 0.20854872441770467, "ridge": 1e-07, "seed": 1234, "sr": 0.011405319213458769}}