{"returned_dict": {"loss": 0.00871453753943869, "r2": 0.9982116077008517, "status": "ok", "start_time": 1697096636.424413, "duration": 0.8091959953308105}, "current_params": {"N": 500, "iss": 0.9, "lr": 0.05748154012762825, "ridge": 1e-07, "seed": 1234, "sr": 0.14848409471568397}}