{"returned_dict": {"loss": 0.002505361108396119, "r2": 0.9999099306335895, "status": "ok", "start_time": 1697416661.672436, "duration": 0.776540994644165}, "current_params": {"N": 500, "iss": 0.911210058605431, "lr": 0.2183850802283866, "ridge": 1.4229800128550176e-05, "seed": 1234, "sr": 0.22833541526599072}}