{"returned_dict": {"loss": 0.00039936360982910525, "r2": 0.999996278204032, "status": "ok", "start_time": 1697096691.1888719, "duration": 0.8031423091888428}, "current_params": {"N": 500, "iss": 0.9, "lr": 0.7574590139415617, "ridge": 1e-07, "seed": 1234, "sr": 0.03524277949039688}}