{"returned_dict": {"loss": 0.001315358768432478, "r2": 0.9986186058944618, "status": "ok", "start_time": 1697451621.764659, "duration": 1.7982230186462402}, "current_params": {"N": 500, "iss": 0.12355157400567263, "lr": 0.35065431611638176, "ridge": 0.00016882662561943463, "seed": 1234, "sr": 0.011739026780685318}}