{"returned_dict": {"loss": 0.008858552085604496, "r2": 0.9373774546146679, "status": "ok", "start_time": 1697451703.553545, "duration": 1.859321117401123}, "current_params": {"N": 500, "iss": 0.4893385543018618, "lr": 0.02143015081924661, "ridge": 1.1102605111730034e-05, "seed": 1234, "sr": 0.02572013644212619}}