{"returned_dict": {"loss": 0.0012852611189816206, "r2": 0.9999375776135265, "status": "ok", "start_time": 1697189431.543694, "duration": 4.467618942260742}, "current_params": {"N": 1000, "iss": 0.09801956882183527, "lr": 0.21207672046475814, "ridge": 4.6581639384163866e-05, "seed": 1234, "sr": 0.21354604962375795}}