{"returned_dict": {"loss": 0.00048228444298943954, "r2": 0.9998147936512854, "status": "ok", "start_time": 1697665693.230408, "duration": 998.6661932468414}, "current_params": {"N": 4997.0, "iss": 0.32792488571889467, "lr": 0.22465500878777248, "ridge": 0.0003014232201482745, "seed": 1234, "sr": 0.09835763510258089}}