{"returned_dict": {"loss": 0.004913291021957488, "r2": 0.9994556382925567, "status": "ok", "start_time": 1697438256.6606138, "duration": 1.85695219039917}, "current_params": {"N": 500, "iss": 0.9547804466890908, "lr": 0.0063822566002939346, "ridge": 1.9445651653381377e-09, "seed": 1234, "sr": 0.012708968625748275}}