{"returned_dict": {"loss": 0.007742891223022665, "r2": 0.9980861767240552, "status": "ok", "start_time": 1697697294.6332889, "duration": 0.9300680160522461}, "current_params": {"N": 500, "iss": 0.9, "lr": 0.013028269821287615, "ridge": 1e-07, "seed": 1234, "sr": 0.013649509767262393}}