{"returned_dict": {"loss": 0.004466359322735671, "r2": 0.999250371463717, "status": "ok", "start_time": 1697192436.887902, "duration": 4.570087194442749}, "current_params": {"N": 1000, "iss": 0.12355157400567263, "lr": 0.35065431611638176, "ridge": 0.00016882662561943463, "seed": 1234, "sr": 0.011739026780685318}}