{"returned_dict": {"loss": 0.0005804286225268082, "r2": 0.9999920603847802, "status": "ok", "start_time": 1697096933.5027058, "duration": 0.7888932228088379}, "current_params": {"N": 500, "iss": 0.9, "lr": 0.9489133937634464, "ridge": 1e-07, "seed": 1234, "sr": 0.014438974945890222}}