{"returned_dict": {"loss": 0.001088685329824291, "r2": 0.9999700841920984, "status": "ok", "start_time": 1697438490.5976572, "duration": 1.911630630493164}, "current_params": {"N": 500, "iss": 0.794303432239716, "lr": 0.7725304602957936, "ridge": 1.3376623261071025e-07, "seed": 1234, "sr": 0.026191894186955052}}