{"returned_dict": {"loss": 0.009780579245756302, "r2": 0.9977597332684726, "status": "ok", "start_time": 1697096994.5218189, "duration": 0.7957842350006104}, "current_params": {"N": 500, "iss": 0.9, "lr": 0.05979777023560263, "ridge": 1e-07, "seed": 1234, "sr": 0.1378790157061615}}