{"returned_dict": {"loss": 0.0018199977542823365, "r2": 0.9999535700513991, "status": "ok", "start_time": 1697183710.2992342, "duration": 0.8671908378601074}, "current_params": {"N": 500, "iss": 0.14258024657972923, "lr": 0.5516837456874331, "ridge": 3.7433235003717447e-07, "seed": 1234, "sr": 0.1931498404234262}}