{"returned_dict": {"loss": 0.0014014421849868795, "r2": 0.9999266546376856, "status": "ok", "start_time": 1697416641.737553, "duration": 0.8079581260681152}, "current_params": {"N": 500, "iss": 0.8644046911873131, "lr": 0.6156368875066843, "ridge": 8.186416440991658e-08, "seed": 1234, "sr": 1.6722388684853167}}