{"returned_dict": {"loss": 0.0012685899042688676, "r2": 0.999959629206673, "status": "ok", "start_time": 1697156767.044631, "duration": 0.8414709568023682}, "current_params": {"N": 500, "iss": 0.9, "lr": 0.15492403550483747, "ridge": 1e-07, "seed": 1234, "sr": 0.07071032186253305}}