{"returned_dict": {"loss": 0.006694452627281931, "r2": 0.9643903858932298, "status": "ok", "start_time": 1697667667.046649, "duration": 10.708096027374268}, "current_params": {"N": 1096.0, "iss": 0.9252782203468204, "lr": 0.026818040062708853, "ridge": 7.673078281627973e-07, "seed": 1234, "sr": 0.08930926502440488}}