{"returned_dict": {"loss": 0.0050684596725885335, "r2": 0.9796380627064946, "status": "ok", "start_time": 1697662491.476235, "duration": 136.59022116661072}, "current_params": {"N": 3707.0, "iss": 0.134697453845536, "lr": 0.005584438526231021, "ridge": 0.0021703951793471516, "seed": 1234, "sr": 0.11855799312403709}}