{"returned_dict": {"loss": 0.004115476485521405, "r2": 0.9997620733171196, "status": "ok", "start_time": 1697185005.198482, "duration": 0.8302528858184814}, "current_params": {"N": 500, "iss": 0.3991084746243321, "lr": 0.2279250676188654, "ridge": 3.316996532799217e-06, "seed": 1234, "sr": 0.13048071254874868}}