{"returned_dict": {"loss": 0.003854987250407241, "r2": 0.9996655254662553, "status": "ok", "start_time": 1697438307.136909, "duration": 1.9082019329071045}, "current_params": {"N": 500, "iss": 0.47860011851145334, "lr": 0.4166356911062447, "ridge": 1.2751646272541625e-05, "seed": 1234, "sr": 0.14848409471568397}}