{"returned_dict": {"loss": 0.001473126479931706, "r2": 0.9999495090897571, "status": "ok", "start_time": 1697097563.177303, "duration": 0.7807118892669678}, "current_params": {"N": 500, "iss": 0.9, "lr": 0.20854872441770467, "ridge": 1e-07, "seed": 1234, "sr": 0.011405319213458769}}