{"returned_dict": {"loss": 0.009214579610571216, "r2": 0.9974783768773849, "status": "ok", "start_time": 1697697157.464606, "duration": 1.0043067932128906}, "current_params": {"N": 500, "iss": 0.9, "lr": 0.012671399492344065, "ridge": 1e-07, "seed": 1234, "sr": 0.1931498404234262}}