{"returned_dict": {"loss": 0.001885132985073862, "r2": 0.9971304677826439, "status": "ok", "start_time": 1697451861.166264, "duration": 1.963819980621338}, "current_params": {"N": 500, "iss": 0.23999648673506557, "lr": 0.14755529525122685, "ridge": 2.191167299174609e-09, "seed": 1234, "sr": 0.023462246374277934}}