{"returned_dict": {"loss": 0.00784642287869352, "r2": 0.9982159815592552, "status": "ok", "start_time": 1697697447.398452, "duration": 0.9440407752990723}, "current_params": {"N": 500, "iss": 0.9, "lr": 0.01194012324967483, "ridge": 1e-07, "seed": 1234, "sr": 0.13073371451589708}}