{"returned_dict": {"loss": 0.0005052512359132889, "r2": 0.9999929222127069, "status": "ok", "start_time": 1697159063.685749, "duration": 0.9919140338897705}, "current_params": {"N": 500, "iss": 0.9, "lr": 0.4538765718397676, "ridge": 1e-07, "seed": 1234, "sr": 0.011423076308344373}}