{"returned_dict": {"loss": 0.00778243695081807, "r2": 0.9519881577048434, "status": "ok", "start_time": 1697648426.807683, "duration": 109.00111603736877}, "current_params": {"N": 3437.0, "iss": 0.7041340569061305, "lr": 0.02018337832903292, "ridge": 2.3115334421298753e-06, "seed": 1234, "sr": 0.09442721440119983}}