{"returned_dict": {"loss": 0.0021342593728390503, "r2": 0.9998742823541217, "status": "ok", "start_time": 1697697496.748904, "duration": 0.9246909618377686}, "current_params": {"N": 500, "iss": 0.9, "lr": 0.05729573294171989, "ridge": 1e-07, "seed": 1234, "sr": 0.03414048410383786}}