{"returned_dict": {"loss": 0.000539629603907459, "r2": 0.9999918074018512, "status": "ok", "start_time": 1697696233.3307898, "duration": 1.0070703029632568}, "current_params": {"N": 500, "iss": 0.9, "lr": 0.23878797952771846, "ridge": 1e-07, "seed": 1234, "sr": 0.05298748174805132}}