{"returned_dict": {"loss": 0.00957866358955075, "r2": 0.9979198348182101, "status": "ok", "start_time": 1697436925.6824782, "duration": 1.8022136688232422}, "current_params": {"N": 500, "iss": 0.9526407636866457, "lr": 0.03942187518677715, "ridge": 0.00016087888046694687, "seed": 1234, "sr": 0.03600276409094316}}