{"returned_dict": {"loss": 0.000567427377084231, "r2": 0.9999910530938046, "status": "ok", "start_time": 1697158999.335157, "duration": 0.9996240139007568}, "current_params": {"N": 500, "iss": 0.9, "lr": 0.3546662046669203, "ridge": 1e-07, "seed": 1234, "sr": 0.015928787718820343}}