{"returned_dict": {"loss": 0.0006538539750194015, "r2": 0.9999878602956184, "status": "ok", "start_time": 1697697173.868285, "duration": 0.9122850894927979}, "current_params": {"N": 500, "iss": 0.9, "lr": 0.22465784634152086, "ridge": 1e-07, "seed": 1234, "sr": 0.04049959618384302}}