{"returned_dict": {"loss": 0.0022788927656588135, "r2": 0.9999271099544296, "status": "ok", "start_time": 1697183714.813272, "duration": 0.9077589511871338}, "current_params": {"N": 500, "iss": 0.7077176383000704, "lr": 0.08645762464145056, "ridge": 2.45461325245235e-09, "seed": 1234, "sr": 0.013953269187234588}}