{"returned_dict": {"loss": 0.009691082886088519, "r2": 0.9249407649074567, "status": "ok", "start_time": 1697456021.943986, "duration": 9.731208086013794}, "current_params": {"N": 1000, "iss": 0.5933563673798359, "lr": 0.8382221591273349, "ridge": 1.1082393000534913e-06, "seed": 1234, "sr": 0.7323231724059845}}