{"returned_dict": {"loss": 0.00959228987935274, "r2": 0.926539710221402, "status": "ok", "start_time": 1697478670.2469602, "duration": 52.24567985534668}, "current_params": {"N": 2591.0, "iss": 0.5252220340132849, "lr": 0.5269856938769655, "ridge": 0.0071301806348985485, "seed": 1234, "sr": 0.12440910427817788}}