{"returned_dict": {"loss": 0.0016843663536251915, "r2": 0.9999333845306575, "status": "ok", "start_time": 1697155257.206133, "duration": 0.8135292530059814}, "current_params": {"N": 500, "iss": 0.9, "lr": 0.1583702239951588, "ridge": 1e-07, "seed": 1234, "sr": 0.020788245498133077}}