{"returned_dict": {"loss": 0.0002384588878348135, "r2": 0.9999984482844958, "status": "ok", "start_time": 1697696195.62932, "duration": 1.1577770709991455}, "current_params": {"N": 500, "iss": 0.9, "lr": 0.3193275230054053, "ridge": 1e-07, "seed": 1234, "sr": 0.22191193501289097}}