{"returned_dict": {"loss": 0.001075801763647132, "r2": 0.9999684236516817, "status": "ok", "start_time": 1697696322.079967, "duration": 0.9094898700714111}, "current_params": {"N": 500, "iss": 0.9, "lr": 0.9794034504292509, "ridge": 1e-07, "seed": 1234, "sr": 1.2509379966926149}}