{"returned_dict": {"loss": 0.002722918804064698, "r2": 0.9998329052646261, "status": "ok", "start_time": 1697436968.98427, "duration": 1.8240408897399902}, "current_params": {"N": 500, "iss": 0.5314055739748769, "lr": 0.5869419714703692, "ridge": 2.5739572117002763e-07, "seed": 1234, "sr": 0.030264242037118992}}