{"returned_dict": {"loss": 0.009680031504873642, "r2": 0.9977369246158535, "status": "ok", "start_time": 1697155285.905323, "duration": 0.8285691738128662}, "current_params": {"N": 500, "iss": 0.9, "lr": 0.01723516935753249, "ridge": 1e-07, "seed": 1234, "sr": 0.08930926502440488}}