{"returned_dict": {"loss": 0.0010933281020384634, "r2": 0.9999670287674475, "status": "ok", "start_time": 1697159067.652042, "duration": 1.0095610618591309}, "current_params": {"N": 500, "iss": 0.9, "lr": 0.20854872441770467, "ridge": 1e-07, "seed": 1234, "sr": 0.011405319213458769}}