{"returned_dict": {"loss": 0.0003911580589229825, "r2": 0.9999964373160525, "status": "ok", "start_time": 1697096758.929142, "duration": 0.822361946105957}, "current_params": {"N": 500, "iss": 0.9, "lr": 0.6850520991863419, "ridge": 1e-07, "seed": 1234, "sr": 0.0440605775382449}}