{"returned_dict": {"loss": 0.0012903672526028767, "r2": 0.9999581085698023, "status": "ok", "start_time": 1697096868.962723, "duration": 0.7838590145111084}, "current_params": {"N": 500, "iss": 0.9, "lr": 0.15492403550483747, "ridge": 1e-07, "seed": 1234, "sr": 0.07071032186253305}}