{"returned_dict": {"loss": 0.009225797252065895, "r2": 0.9325916747893667, "status": "ok", "start_time": 1697663758.395403, "duration": 120.5611662864685}, "current_params": {"N": 3659.0, "iss": 0.629186932886679, "lr": 0.9385365458738638, "ridge": 4.279595777669173e-09, "seed": 1234, "sr": 7.567304757039052}}