{"returned_dict": {"loss": 0.0003518242603298258, "r2": 0.9999971326793671, "status": "ok", "start_time": 1697155234.1047502, "duration": 0.8016147613525391}, "current_params": {"N": 500, "iss": 0.9, "lr": 0.4367736203806121, "ridge": 1e-07, "seed": 1234, "sr": 0.13317912806568327}}