{"returned_dict": {"loss": 0.0033076487732918674, "r2": 0.9912627496583677, "status": "ok", "start_time": 1697451574.422587, "duration": 1.9255590438842773}, "current_params": {"N": 500, "iss": 0.33697973924510827, "lr": 0.17543139583076806, "ridge": 0.0006465876818538902, "seed": 1234, "sr": 0.015590519612759524}}