{"returned_dict": {"loss": 0.0006219251533889555, "r2": 0.9999909875578096, "status": "ok", "start_time": 1697096954.72871, "duration": 0.7838170528411865}, "current_params": {"N": 500, "iss": 0.9, "lr": 0.5629225816283605, "ridge": 1e-07, "seed": 1234, "sr": 0.012580639725311055}}