{"returned_dict": {"loss": 0.0018788302652210489, "r2": 0.9971857118408921, "status": "ok", "start_time": 1697658533.170339, "duration": 11.386427879333496}, "current_params": {"N": 1161.0, "iss": 0.6914803299511233, "lr": 0.4989873629451257, "ridge": 0.0009024714119816998, "seed": 1234, "sr": 0.014411455273543402}}