{"returned_dict": {"loss": 0.005300662266652288, "r2": 0.9776687649963577, "status": "ok", "start_time": 1697658743.733991, "duration": 52.05605912208557}, "current_params": {"N": 2530.0, "iss": 0.21506092759674977, "lr": 0.0037871077443508176, "ridge": 7.866367247447239e-05, "seed": 1234, "sr": 0.01969702873562671}}