{"returned_dict": {"loss": 0.0092093690909012, "r2": 0.9988178171809774, "status": "ok", "start_time": 1697184972.158251, "duration": 0.7899971008300781}, "current_params": {"N": 500, "iss": 0.9120267528405163, "lr": 0.10377622163746929, "ridge": 0.0009493042476638647, "seed": 1234, "sr": 1.1747727724200443}}