{"returned_dict": {"loss": 0.005734602874047232, "r2": 0.9737800199878351, "status": "ok", "start_time": 1697660974.5674229, "duration": 32.603307008743286}, "current_params": {"N": 2041.0, "iss": 0.9526407636866457, "lr": 0.03942187518677715, "ridge": 0.00016087888046694687, "seed": 1234, "sr": 0.03600276409094316}}