{"returned_dict": {"loss": 0.007355345703721531, "r2": 0.9992439589628747, "status": "ok", "start_time": 1697185064.992178, "duration": 0.7848050594329834}, "current_params": {"N": 500, "iss": 0.8161326333926638, "lr": 0.07816106311699304, "ridge": 7.358885705656805e-05, "seed": 1234, "sr": 0.8542795536342308}}