{"returned_dict": {"loss": 0.0004559783830369074, "r2": 0.9999951326544946, "status": "ok", "start_time": 1697154575.500027, "duration": 0.8109390735626221}, "current_params": {"N": 500, "iss": 0.9, "lr": 0.8066803683138792, "ridge": 1e-07, "seed": 1234, "sr": 0.02045819673305219}}