{"returned_dict": {"loss": 0.008616728361986714, "r2": 0.9971992701642316, "status": "ok", "start_time": 1697189440.39245, "duration": 4.250523805618286}, "current_params": {"N": 1000, "iss": 0.10044612037411704, "lr": 0.07898613150169653, "ridge": 0.005230035728447981, "seed": 1234, "sr": 0.03524277949039688}}