{"returned_dict": {"loss": 0.009855731694225685, "r2": 0.9977208059148911, "status": "ok", "start_time": 1697096715.788368, "duration": 0.8088560104370117}, "current_params": {"N": 500, "iss": 0.9, "lr": 0.014579511085556102, "ridge": 1e-07, "seed": 1234, "sr": 0.02684390359598015}}