{"returned_dict": {"loss": 0.0008700329203802688, "r2": 0.9999811448917612, "status": "ok", "start_time": 1697096655.475866, "duration": 0.7995719909667969}, "current_params": {"N": 500, "iss": 0.9, "lr": 0.2048382486866981, "ridge": 1e-07, "seed": 1234, "sr": 0.09169361093299348}}