{"returned_dict": {"loss": 0.00036027086847263256, "r2": 0.9999964416378685, "status": "ok", "start_time": 1697697128.521975, "duration": 0.9792120456695557}, "current_params": {"N": 500, "iss": 0.9, "lr": 0.3544579971335427, "ridge": 1e-07, "seed": 1234, "sr": 0.0544052294998603}}