{"returned_dict": {"loss": 0.0033146387951824576, "r2": 0.999573517615862, "status": "ok", "start_time": 1697702684.2900858, "duration": 89.50011229515076}, "current_params": {"N": 3077.0, "iss": 0.15717970056189712, "lr": 0.07128243944571559, "ridge": 3.2781375924716163e-09, "seed": 1234, "sr": 0.027598683234115115}}