{"returned_dict": {"loss": 0.006539150679755278, "r2": 0.9989863281678834, "status": "ok", "start_time": 1697096869.748343, "duration": 0.7925820350646973}, "current_params": {"N": 500, "iss": 0.9, "lr": 0.025202620361693902, "ridge": 1e-07, "seed": 1234, "sr": 0.015931944006093716}}