{"returned_dict": {"loss": 0.007206646195331328, "r2": 0.9992655519698722, "status": "ok", "start_time": 1697183709.419882, "duration": 0.875694990158081}, "current_params": {"N": 500, "iss": 0.2841990386572327, "lr": 0.4297960808148079, "ridge": 3.4827616605209123e-06, "seed": 1234, "sr": 0.020006202812672045}}