{"returned_dict": {"loss": 9.968507078311524e-05, "r2": 0.9999998613408317, "status": "ok", "start_time": 1697185001.964119, "duration": 0.8194770812988281}, "current_params": {"N": 500, "iss": 0.900126341412187, "lr": 0.6751854428024655, "ridge": 1.6359488069904826e-09, "seed": 1234, "sr": 0.050152765364070276}}