{"returned_dict": {"loss": 0.00039978462670225696, "r2": 0.9999962928599294, "status": "ok", "start_time": 1697155143.02274, "duration": 0.8553149700164795}, "current_params": {"N": 500, "iss": 0.9, "lr": 0.3299059340936598, "ridge": 1e-07, "seed": 1234, "sr": 0.18658183701753261}}