{"returned_dict": {"loss": 0.0005105656815357736, "r2": 0.9999927601319679, "status": "ok", "start_time": 1697696165.077396, "duration": 0.9217550754547119}, "current_params": {"N": 500, "iss": 0.9, "lr": 0.2048382486866981, "ridge": 1e-07, "seed": 1234, "sr": 0.09169361093299348}}