{"returned_dict": {"loss": 0.009891396875095148, "r2": 0.9977903369476607, "status": "ok", "start_time": 1697436838.548778, "duration": 1.7743489742279053}, "current_params": {"N": 500, "iss": 0.4497287205163476, "lr": 0.009807938072620976, "ridge": 6.297475344208429e-09, "seed": 1234, "sr": 0.05016138018026818}}