{"returned_dict": {"loss": 0.0004060423593694673, "r2": 0.9999961598816838, "status": "ok", "start_time": 1697096756.533351, "duration": 0.7842862606048584}, "current_params": {"N": 500, "iss": 0.9, "lr": 0.46427132973394764, "ridge": 1e-07, "seed": 1234, "sr": 0.5335784501655656}}