{"returned_dict": {"loss": 0.0009648038471552186, "r2": 0.9999739343317066, "status": "ok", "start_time": 1697696364.2834198, "duration": 0.9655721187591553}, "current_params": {"N": 500, "iss": 0.9, "lr": 0.10803678961379123, "ridge": 1e-07, "seed": 1234, "sr": 0.21210441974152222}}