{"returned_dict": {"loss": 0.001465212796320004, "r2": 0.9999487592446868, "status": "ok", "start_time": 1697154525.518815, "duration": 0.8012449741363525}, "current_params": {"N": 500, "iss": 0.9, "lr": 0.17035572356640263, "ridge": 1e-07, "seed": 1234, "sr": 0.03600276409094316}}