{"returned_dict": {"loss": 0.000608581854220426, "r2": 0.9999898894601427, "status": "ok", "start_time": 1697696200.657053, "duration": 0.9669291973114014}, "current_params": {"N": 500, "iss": 0.9, "lr": 0.15693214219369525, "ridge": 1e-07, "seed": 1234, "sr": 0.20760447792478667}}