{"returned_dict": {"loss": 0.0034277516921367786, "r2": 0.9998345472101237, "status": "ok", "start_time": 1697183756.6080651, "duration": 0.8342819213867188}, "current_params": {"N": 500, "iss": 0.19717791279794772, "lr": 0.8908311505278818, "ridge": 0.00013283966567113832, "seed": 1234, "sr": 0.20760447792478667}}