{"returned_dict": {"loss": 0.0003077054475567353, "r2": 0.9999974183351323, "status": "ok", "start_time": 1697696236.215551, "duration": 0.930272102355957}, "current_params": {"N": 500, "iss": 0.9, "lr": 0.49857928733460954, "ridge": 1e-07, "seed": 1234, "sr": 0.04328771757628488}}