{"returned_dict": {"loss": 0.004254183233669934, "r2": 0.9995902414993235, "status": "ok", "start_time": 1697699066.8296251, "duration": 1.7527837753295898}, "current_params": {"N": 500, "iss": 0.6381446788022263, "lr": 0.011295567117425407, "ridge": 7.933169942060012e-08, "seed": 1234, "sr": 0.20877503732087163}}