{"returned_dict": {"loss": 0.0016342672089760888, "r2": 0.9999339622570643, "status": "ok", "start_time": 1697097450.43241, "duration": 0.8783040046691895}, "current_params": {"N": 500, "iss": 0.9, "lr": 0.13776330861630057, "ridge": 1e-07, "seed": 1234, "sr": 0.2197712027474747}}