{"returned_dict": {"loss": 0.0008325053823012322, "r2": 0.9994364982564168, "status": "ok", "start_time": 1697651304.4144042, "duration": 41.840290784835815}, "current_params": {"N": 2241.0, "iss": 0.12355157400567263, "lr": 0.35065431611638176, "ridge": 0.00016882662561943463, "seed": 1234, "sr": 0.011739026780685318}}