{"returned_dict": {"loss": 0.00027636038796056836, "r2": 0.9999979066329338, "status": "ok", "start_time": 1697157717.720622, "duration": 0.9722640514373779}, "current_params": {"N": 500, "iss": 0.9, "lr": 0.7574590139415617, "ridge": 1e-07, "seed": 1234, "sr": 0.03524277949039688}}