{"returned_dict": {"loss": 0.001227725845939451, "r2": 0.9999585145380611, "status": "ok", "start_time": 1697696346.788555, "duration": 0.9379241466522217}, "current_params": {"N": 500, "iss": 0.9, "lr": 0.17391291381476306, "ridge": 1e-07, "seed": 1234, "sr": 0.011739026780685318}}