{"returned_dict": {"loss": 0.00942351038790634, "r2": 0.9290784907990242, "status": "ok", "start_time": 1697455798.357546, "duration": 9.537621974945068}, "current_params": {"N": 1000, "iss": 0.5314055739748769, "lr": 0.5869419714703692, "ridge": 2.5739572117002763e-07, "seed": 1234, "sr": 0.030264242037118992}}