{"returned_dict": {"loss": 0.0006438104074825465, "r2": 0.9999905477962504, "status": "ok", "start_time": 1697698962.9362078, "duration": 1.8793931007385254}, "current_params": {"N": 500, "iss": 0.8493027570387159, "lr": 0.08352474609695261, "ridge": 1.2092867049259064e-08, "seed": 1234, "sr": 0.1521671071513882}}