{"returned_dict": {"loss": 0.0009456382940995703, "r2": 0.9992913414206853, "status": "ok", "start_time": 1697653369.084599, "duration": 42.98788785934448}, "current_params": {"N": 2320.0, "iss": 0.911210058605431, "lr": 0.2183850802283866, "ridge": 1.4229800128550176e-05, "seed": 1234, "sr": 0.22833541526599072}}