{"returned_dict": {"loss": 0.0025869085623717093, "r2": 0.9998426350654057, "status": "ok", "start_time": 1697096648.378496, "duration": 0.7801339626312256}, "current_params": {"N": 500, "iss": 0.9, "lr": 0.10803678961379123, "ridge": 1e-07, "seed": 1234, "sr": 0.21210441974152222}}