{"returned_dict": {"loss": 0.004294304040795509, "r2": 0.9994700026116297, "status": "ok", "start_time": 1697697288.1077912, "duration": 0.9336597919464111}, "current_params": {"N": 500, "iss": 0.9, "lr": 0.031709557696495, "ridge": 1e-07, "seed": 1234, "sr": 0.012260384608014823}}