{"returned_dict": {"loss": 0.0009741954383973716, "r2": 0.9999778242773325, "status": "ok", "start_time": 1697096865.051252, "duration": 0.8002622127532959}, "current_params": {"N": 500, "iss": 0.9, "lr": 0.3092209407645961, "ridge": 1e-07, "seed": 1234, "sr": 0.015590519612759524}}