{"returned_dict": {"loss": 0.00958639558226475, "r2": 0.9977808013029984, "status": "ok", "start_time": 1697155285.079159, "duration": 0.8236038684844971}, "current_params": {"N": 500, "iss": 0.9, "lr": 0.013028269821287615, "ridge": 1e-07, "seed": 1234, "sr": 0.013649509767262393}}