{"returned_dict": {"loss": 0.0003103067040126891, "r2": 0.9999977477431244, "status": "ok", "start_time": 1697155249.73789, "duration": 0.8178329467773438}, "current_params": {"N": 500, "iss": 0.9, "lr": 0.6053395945549397, "ridge": 1e-07, "seed": 1234, "sr": 0.5858648234147782}}