{"returned_dict": {"loss": 0.00583300646019675, "r2": 0.9989620095123852, "status": "ok", "start_time": 1697158979.69903, "duration": 1.0197010040283203}, "current_params": {"N": 500, "iss": 0.9, "lr": 0.021499031132021465, "ridge": 1e-07, "seed": 1234, "sr": 0.01061907053409471}}