{"returned_dict": {"loss": 0.002085042388536103, "r2": 0.9965249156159537, "status": "ok", "start_time": 1697451565.2864718, "duration": 1.846217155456543}, "current_params": {"N": 500, "iss": 0.15717970056189712, "lr": 0.07128243944571559, "ridge": 3.2781375924716163e-09, "seed": 1234, "sr": 0.027598683234115115}}