{"returned_dict": {"loss": 0.0003819182897313957, "r2": 0.99999662386012, "status": "ok", "start_time": 1697097550.6002471, "duration": 0.7564318180084229}, "current_params": {"N": 500, "iss": 0.9, "lr": 0.3788937840048821, "ridge": 1e-07, "seed": 1234, "sr": 0.16300115584611943}}