{"returned_dict": {"loss": 0.003044450376915288, "r2": 0.9997287774311939, "status": "ok", "start_time": 1697697199.7505322, "duration": 0.9472858905792236}, "current_params": {"N": 500, "iss": 0.9, "lr": 0.03227681862698132, "ridge": 1e-07, "seed": 1234, "sr": 0.13048071254874868}}