{"returned_dict": {"loss": 0.0010050794084381608, "r2": 0.9999761460255513, "status": "ok", "start_time": 1697155232.484586, "duration": 0.8206000328063965}, "current_params": {"N": 500, "iss": 0.9, "lr": 0.26781603924522474, "ridge": 1e-07, "seed": 1234, "sr": 0.02786727306368867}}