{"returned_dict": {"loss": 0.003179534655904282, "r2": 0.9916504103861069, "status": "ok", "start_time": 1697667520.035085, "duration": 147.00480389595032}, "current_params": {"N": 4184.0, "iss": 0.3829699328467736, "lr": 0.026695530015763223, "ridge": 3.993947976599462e-07, "seed": 1234, "sr": 0.013649509767262393}}