{"returned_dict": {"loss": 0.0009175003634137304, "r2": 0.9999794626654754, "status": "ok", "start_time": 1697154527.1667469, "duration": 0.8106522560119629}, "current_params": {"N": 500, "iss": 0.9, "lr": 0.23878797952771846, "ridge": 1e-07, "seed": 1234, "sr": 0.05298748174805132}}