{"returned_dict": {"loss": 0.002000189448426597, "r2": 0.999886801874104, "status": "ok", "start_time": 1697697146.758795, "duration": 0.9667959213256836}, "current_params": {"N": 500, "iss": 0.9, "lr": 0.05748154012762825, "ridge": 1e-07, "seed": 1234, "sr": 0.14848409471568397}}