{"returned_dict": {"loss": 0.0007793584098114764, "r2": 0.9999849228151007, "status": "ok", "start_time": 1697096750.952815, "duration": 0.7921607494354248}, "current_params": {"N": 500, "iss": 0.9, "lr": 0.2229557041536738, "ridge": 1e-07, "seed": 1234, "sr": 0.09835763510258089}}