{"returned_dict": {"loss": 0.0027560100557918053, "r2": 0.9939101512899243, "status": "ok", "start_time": 1697451840.981556, "duration": 1.8264729976654053}, "current_params": {"N": 500, "iss": 0.040938266600104134, "lr": 0.3659512815680789, "ridge": 0.0021047798903734414, "seed": 1234, "sr": 0.3797757622392174}}