{"returned_dict": {"loss": 0.00880323166249698, "r2": 0.9380573193374456, "status": "ok", "start_time": 1697451813.569647, "duration": 1.88385009765625}, "current_params": {"N": 500, "iss": 0.735910449821011, "lr": 0.03687802163588743, "ridge": 0.0019711206562567562, "seed": 1234, "sr": 0.04328771757628488}}