{"returned_dict": {"loss": 0.00872368816649524, "r2": 0.9977048515810837, "status": "ok", "start_time": 1697697160.3917608, "duration": 0.9188113212585449}, "current_params": {"N": 500, "iss": 0.9, "lr": 0.3645399937282733, "ridge": 1e-07, "seed": 1234, "sr": 1.1747727724200443}}