{"returned_dict": {"loss": 0.0003636924233391422, "r2": 0.9999969364179487, "status": "ok", "start_time": 1697096960.232308, "duration": 0.7740499973297119}, "current_params": {"N": 500, "iss": 0.9, "lr": 0.4367736203806121, "ridge": 1e-07, "seed": 1234, "sr": 0.13317912806568327}}