{"returned_dict": {"loss": 0.0016835817141658826, "r2": 0.9999334438115802, "status": "ok", "start_time": 1697154545.981656, "duration": 0.8045358657836914}, "current_params": {"N": 500, "iss": 0.9, "lr": 0.1583702239951588, "ridge": 1e-07, "seed": 1234, "sr": 0.020788245498133077}}