{"returned_dict": {"loss": 0.00115660293927852, "r2": 0.999962985776543, "status": "ok", "start_time": 1697695509.643044, "duration": 0.903933048248291}, "current_params": {"N": 500, "iss": 0.9, "lr": 0.1583702239951588, "ridge": 1e-07, "seed": 1234, "sr": 0.020788245498133077}}