{"returned_dict": {"loss": 0.00031936203333832213, "r2": 0.9999188086891376, "status": "ok", "start_time": 1697667261.0133388, "duration": 62.70040011405945}, "current_params": {"N": 2809.0, "iss": 0.2892949225345609, "lr": 0.26564196963566705, "ridge": 0.001669043615883305, "seed": 1234, "sr": 0.5335784501655656}}