{"returned_dict": {"loss": 0.004354352006871914, "r2": 0.9995488797381739, "status": "ok", "start_time": 1697155170.430353, "duration": 0.8662850856781006}, "current_params": {"N": 500, "iss": 0.9, "lr": 0.039950389623756244, "ridge": 1e-07, "seed": 1234, "sr": 0.01695935124689556}}