{"returned_dict": {"loss": 0.004878318644811693, "r2": 0.9809237937507973, "status": "ok", "start_time": 1697451837.334072, "duration": 1.8191397190093994}, "current_params": {"N": 500, "iss": 0.2752328727257135, "lr": 0.062196381712238125, "ridge": 0.0015831477712927589, "seed": 1234, "sr": 0.011423076308344373}}