{"returned_dict": {"loss": 0.00454568736622154, "r2": 0.9832169711892629, "status": "ok", "start_time": 1697451650.776541, "duration": 1.8045318126678467}, "current_params": {"N": 500, "iss": 0.911210058605431, "lr": 0.2183850802283866, "ridge": 1.4229800128550176e-05, "seed": 1234, "sr": 0.22833541526599072}}