{"returned_dict": {"loss": 0.0016299116588847065, "r2": 0.9978632595229214, "status": "ok", "start_time": 1697451672.467345, "duration": 1.8094408512115479}, "current_params": {"N": 500, "iss": 0.4965873842307338, "lr": 0.31430549026306187, "ridge": 0.00024733891965125694, "seed": 1234, "sr": 0.09169361093299348}}