{"returned_dict": {"loss": 0.00017914087960522389, "r2": 0.9999991263876865, "status": "ok", "start_time": 1697696243.6415648, "duration": 0.9175522327423096}, "current_params": {"N": 500, "iss": 0.9, "lr": 0.865053734375228, "ridge": 1e-07, "seed": 1234, "sr": 0.12440910427817788}}