{"returned_dict": {"loss": 0.008872390251943911, "r2": 0.9980872026371204, "status": "ok", "start_time": 1697155196.720864, "duration": 0.8293380737304688}, "current_params": {"N": 500, "iss": 0.9, "lr": 0.017842200331087264, "ridge": 1e-07, "seed": 1234, "sr": 0.07326940168674866}}