{"returned_dict": {"loss": 0.015108218147905273, "r2": 0.9948603995698595, "status": "ok", "start_time": 1697699116.659002, "duration": 1.8719840049743652}, "current_params": {"N": 500, "iss": 0.40978014885751834, "lr": 0.003188301860373708, "ridge": 2.4347267941306313e-08, "seed": 1234, "sr": 0.050704131972421025}}