{"returned_dict": {"loss": 0.01133014016205651, "r2": 0.9956319884594279, "status": "ok", "start_time": 1697695546.559444, "duration": 0.9019389152526855}, "current_params": {"N": 500, "iss": 0.9, "lr": 0.006721858994363475, "ridge": 1e-07, "seed": 1234, "sr": 0.016130653781102525}}