{"returned_dict": {"loss": 0.012855089824222782, "r2": 0.9952049414810228, "status": "ok", "start_time": 1697159020.947217, "duration": 0.967167854309082}, "current_params": {"N": 500, "iss": 0.9, "lr": 0.003562915550473451, "ridge": 1e-07, "seed": 1234, "sr": 0.015217119086357022}}