{"returned_dict": {"loss": 0.01994721105155522, "r2": 0.9850214174255497, "status": "ok", "start_time": 1697189770.266677, "duration": 4.192476987838745}, "current_params": {"N": 1000, "iss": 0.6913380290583117, "lr": 0.7766456097348572, "ridge": 0.0022490571107960764, "seed": 1234, "sr": 3.382940283445415}}