{"returned_dict": {"loss": 0.012251607622967639, "r2": 0.9950616364409464, "status": "ok", "start_time": 1697159031.859186, "duration": 0.9745321273803711}, "current_params": {"N": 500, "iss": 0.9, "lr": 0.0066607915672958085, "ridge": 1e-07, "seed": 1234, "sr": 0.06204230622513381}}