{"returned_dict": {"loss": 0.0165724704290232, "r2": 0.779986443804558, "status": "ok", "start_time": 1697448900.519001, "duration": 3.9416940212249756}, "current_params": {"N": 1000, "iss": 0.20923040118546266, "lr": 0.0077355403142878795, "ridge": 0.0023425261581026765, "seed": 1234, "sr": 0.026761175701104346}}