{"returned_dict": {"loss": 0.016535843911448248, "r2": 0.9925525542454082, "status": "ok", "start_time": 1697158966.897398, "duration": 0.9604527950286865}, "current_params": {"N": 500, "iss": 0.9, "lr": 0.0014693850044619381, "ridge": 1e-07, "seed": 1234, "sr": 0.013953269187234588}}