{"returned_dict": {"loss": 0.01822685216544836, "r2": 0.995273184744808, "status": "ok", "start_time": 1697185013.2031722, "duration": 0.778850793838501}, "current_params": {"N": 500, "iss": 0.347012423797356, "lr": 0.09201940994765088, "ridge": 1.2655675147834042e-05, "seed": 1234, "sr": 0.03414048410383786}}