{"returned_dict": {"loss": 0.011745226386317998, "r2": 0.9968942811594905, "status": "ok", "start_time": 1697436829.646739, "duration": 1.7879998683929443}, "current_params": {"N": 500, "iss": 0.6922327390139184, "lr": 0.034601111100789846, "ridge": 0.0009597922173967499, "seed": 1234, "sr": 0.17537309143779847}}