{"returned_dict": {"loss": 0.0160813741688543, "r2": 0.7934791183379687, "status": "ok", "start_time": 1697475976.9605691, "duration": 36.50677680969238}, "current_params": {"N": 2174.0, "iss": 0.8251862354360314, "lr": 0.007413342720100155, "ridge": 0.00017690591223905197, "seed": 1234, "sr": 0.0925852425060542}}