{"returned_dict": {"loss": 0.015207749424642425, "r2": 0.9947511283519429, "status": "ok", "start_time": 1697436954.508974, "duration": 1.7850289344787598}, "current_params": {"N": 500, "iss": 0.9822234508984979, "lr": 0.006521274464604564, "ridge": 0.0030997822726422258, "seed": 1234, "sr": 0.5858648234147782}}