{"returned_dict": {"loss": 0.014386143197142565, "r2": 0.8342729957819075, "status": "ok", "start_time": 1697443200.8759592, "duration": 1.8820068836212158}, "current_params": {"N": 500, "iss": 0.26934464895629684, "lr": 0.0839574815743966, "ridge": 0.003061173980554755, "seed": 1234, "sr": 0.016223651162329426}}