{"returned_dict": {"loss": 0.01975371193376942, "r2": 0.6478263391689293, "status": "ok", "start_time": 1697451793.492092, "duration": 1.8246550559997559}, "current_params": {"N": 500, "iss": 0.1123239562263062, "lr": 0.0017394860367737678, "ridge": 8.18392101434674e-09, "seed": 1234, "sr": 0.05019484139736029}}