{"returned_dict": {"loss": 0.012585607419217111, "r2": 0.8731032279799117, "status": "ok", "start_time": 1697443181.4304562, "duration": 1.8790719509124756}, "current_params": {"N": 500, "iss": 0.5252220340132849, "lr": 0.5269856938769655, "ridge": 0.0071301806348985485, "seed": 1234, "sr": 0.12440910427817788}}