{"returned_dict": {"loss": 0.011880526547935798, "r2": 0.8869741938353544, "status": "ok", "start_time": 1697448772.493084, "duration": 4.223316192626953}, "current_params": {"N": 1000, "iss": 0.3045451369845007, "lr": 0.27036282441620346, "ridge": 0.00030682003342967967, "seed": 1234, "sr": 0.04049959618384302}}