{"returned_dict": {"loss": 0.01724185145876894, "r2": 0.7618068597726767, "status": "ok", "start_time": 1697665213.423381, "duration": 12.585969924926758}, "current_params": {"N": 1219.0, "iss": 0.61465928198713, "lr": 0.01646090380035458, "ridge": 1.416582108410998e-05, "seed": 1234, "sr": 0.6672376898037004}}