{"returned_dict": {"loss": 0.015570764600792097, "r2": 0.9945441899152373, "status": "ok", "start_time": 1697698973.9161952, "duration": 1.7588107585906982}, "current_params": {"N": 500, "iss": 0.25996136073869425, "lr": 0.01122030491707982, "ridge": 8.347574467203145e-08, "seed": 1234, "sr": 0.06204230622513381}}