{"returned_dict": {"loss": 0.011663788786970851, "r2": 0.9968152522022047, "status": "ok", "start_time": 1697096965.624727, "duration": 0.7892680168151855}, "current_params": {"N": 500, "iss": 0.9, "lr": 0.014579511085556102, "ridge": 1e-07, "seed": 1234, "sr": 0.02684390359598015}}