{"returned_dict": {"loss": 0.015439986984481019, "r2": 0.8079874332664625, "status": "ok", "start_time": 1697443164.440524, "duration": 1.9426398277282715}, "current_params": {"N": 500, "iss": 0.9135989958833419, "lr": 0.4700604405485768, "ridge": 5.192783797391785e-07, "seed": 1234, "sr": 0.02684390359598015}}