{"returned_dict": {"loss": 0.016257551903114262, "r2": 0.9927865102808283, "status": "ok", "start_time": 1697695504.2896671, "duration": 0.8684098720550537}, "current_params": {"N": 500, "iss": 0.9, "lr": 0.0010963749428805649, "ridge": 1e-07, "seed": 1234, "sr": 0.03747978558716274}}