{"returned_dict": {"loss": 0.012334966242010808, "r2": 0.9978571556593822, "status": "ok", "start_time": 1697184944.755883, "duration": 0.8000099658966064}, "current_params": {"N": 500, "iss": 0.976525304162185, "lr": 0.011273269250899024, "ridge": 5.267135160255618e-09, "seed": 1234, "sr": 0.09437285509046839}}