{"returned_dict": {"loss": 0.0178170389540537, "r2": 0.9955015239169908, "status": "ok", "start_time": 1697185033.244819, "duration": 0.7913851737976074}, "current_params": {"N": 500, "iss": 0.40735440327681793, "lr": 0.27568095723189284, "ridge": 0.000462329948563324, "seed": 1234, "sr": 0.02786727306368867}}