{"returned_dict": {"loss": 0.01946036344985429, "r2": 0.9896292965424361, "status": "ok", "start_time": 1697157807.541089, "duration": 0.9361720085144043}, "current_params": {"N": 500, "iss": 0.9, "lr": 0.6692322890454032, "ridge": 1e-07, "seed": 1234, "sr": 1.908865762249811}}