{"returned_dict": {"loss": 0.01323765415978336, "r2": 0.8596768933203154, "status": "ok", "start_time": 1697448640.426017, "duration": 4.351487874984741}, "current_params": {"N": 1000, "iss": 0.12355157400567263, "lr": 0.35065431611638176, "ridge": 0.00016882662561943463, "seed": 1234, "sr": 0.011739026780685318}}