{"returned_dict": {"loss": 0.010240769590017414, "r2": 0.9162702585440163, "status": "ok", "start_time": 1697470764.318346, "duration": 74.42004799842834}, "current_params": {"N": 2989.0, "iss": 0.3045451369845007, "lr": 0.27036282441620346, "ridge": 0.00030682003342967967, "seed": 1234, "sr": 0.04049959618384302}}