{"returned_dict": {"loss": 0.014509615636597197, "r2": 0.9942786324915557, "status": "ok", "start_time": 1697159098.017251, "duration": 0.9852249622344971}, "current_params": {"N": 500, "iss": 0.9, "lr": 0.031315298214446584, "ridge": 1e-07, "seed": 1234, "sr": 0.575269795679041}}