{"returned_dict": {"loss": 0.010512571150780034, "r2": 0.9117281847561673, "status": "ok", "start_time": 1697478916.0218549, "duration": 5.021692991256714}, "current_params": {"N": 577.0, "iss": 0.5458161363201689, "lr": 0.1927391235133893, "ridge": 3.4731611050513896e-08, "seed": 1234, "sr": 0.017275455370965257}}