{"returned_dict": {"loss": 0.01309703656848815, "r2": 0.8630206869964163, "status": "ok", "start_time": 1697454517.6275258, "duration": 10.014430284500122}, "current_params": {"N": 1000, "iss": 0.51533056692996, "lr": 0.034790822993190244, "ridge": 0.006492379836402213, "seed": 1234, "sr": 0.2237449778907503}}