{"returned_dict": {"loss": 0.016257551903114262, "r2": 0.9927865102808283, "status": "ok", "start_time": 1697697542.7697642, "duration": 1.0241937637329102}, "current_params": {"N": 500, "iss": 0.9, "lr": 0.0010963749428805649, "ridge": 1e-07, "seed": 1234, "sr": 0.03747978558716274}}