{"returned_dict": {"loss": 0.011954186414486576, "r2": 0.998007076122659, "status": "ok", "start_time": 1697183691.906389, "duration": 0.8437590599060059}, "current_params": {"N": 500, "iss": 0.44727779774125975, "lr": 0.36822455888750405, "ridge": 0.0002215397496700079, "seed": 1234, "sr": 0.02348225301745763}}