{"returned_dict": {"loss": 0.016884486411645236, "r2": 0.9959964498857978, "status": "ok", "start_time": 1697416727.25875, "duration": 0.7612929344177246}, "current_params": {"N": 500, "iss": 0.46362690696575914, "lr": 0.1556591544481278, "ridge": 0.0003537494244538186, "seed": 1234, "sr": 0.05298748174805132}}