{"returned_dict": {"loss": 0.01948791777236923, "r2": 0.9946904813539353, "status": "ok", "start_time": 1697183844.555688, "duration": 0.8985130786895752}, "current_params": {"N": 500, "iss": 0.40978014885751834, "lr": 0.003188301860373708, "ridge": 2.4347267941306313e-08, "seed": 1234, "sr": 0.050704131972421025}}