{"returned_dict": {"loss": 0.010140605789014075, "r2": 0.9179000017330302, "status": "ok", "start_time": 1697456108.7492428, "duration": 9.548241138458252}, "current_params": {"N": 1000, "iss": 0.9022140321763757, "lr": 0.28243759923765877, "ridge": 6.331779330149328e-07, "seed": 1234, "sr": 0.014132040674737733}}