{"returned_dict": {"loss": 0.019285719679228135, "r2": 0.7015689081928116, "status": "ok", "start_time": 1697448957.535399, "duration": 3.9304051399230957}, "current_params": {"N": 1000, "iss": 0.10906298691030492, "lr": 0.9218534144690985, "ridge": 0.007620699289978396, "seed": 1234, "sr": 1.810409666530886}}