{"returned_dict": {"loss": 0.012232979373732364, "r2": 0.9966276605207653, "status": "ok", "start_time": 1697438492.515339, "duration": 1.9023051261901855}, "current_params": {"N": 500, "iss": 0.46362690696575914, "lr": 0.1556591544481278, "ridge": 0.0003537494244538186, "seed": 1234, "sr": 0.05298748174805132}}