{"returned_dict": {"loss": 0.011031523960940851, "r2": 0.9028136692207491, "status": "ok", "start_time": 1697473314.831809, "duration": 35.60198402404785}, "current_params": {"N": 2066.0, "iss": 0.22844120631577203, "lr": 0.5068843153791186, "ridge": 1.748641447561754e-09, "seed": 1234, "sr": 1.2556711601352721}}