{"returned_dict": {"loss": 0.011216419965282694, "r2": 0.996881756257033, "status": "ok", "start_time": 1697097441.961319, "duration": 0.9429528713226318}, "current_params": {"N": 500, "iss": 0.9, "lr": 0.027648495633442953, "ridge": 1e-07, "seed": 1234, "sr": 0.09442721440119983}}