{"returned_dict": {"loss": 0.013479917130732941, "r2": 0.8548020181831545, "status": "ok", "start_time": 1697474516.335187, "duration": 33.28554320335388}, "current_params": {"N": 2082.0, "iss": 0.9228386144334726, "lr": 0.10752060708924599, "ridge": 1.1106829899616503e-06, "seed": 1234, "sr": 0.3157133897830133}}