{"returned_dict": {"loss": 0.014363615998680539, "r2": 0.8330009467656071, "status": "ok", "start_time": 1697454634.145283, "duration": 9.6720290184021}, "current_params": {"N": 1000, "iss": 0.8967736623178844, "lr": 0.1298405957476471, "ridge": 9.418213809531775e-09, "seed": 1234, "sr": 0.3105316802728771}}