{"returned_dict": {"loss": 0.014783418002177645, "r2": 0.8254991023700721, "status": "ok", "start_time": 1697455218.8372, "duration": 9.912499189376831}, "current_params": {"N": 1000, "iss": 0.20923040118546266, "lr": 0.0077355403142878795, "ridge": 0.0023425261581026765, "seed": 1234, "sr": 0.026761175701104346}}