{"returned_dict": {"loss": 0.014156616964433133, "r2": 0.8393423074897864, "status": "ok", "start_time": 1697451601.793063, "duration": 1.7833709716796875}, "current_params": {"N": 500, "iss": 0.9326851510627013, "lr": 0.01313978174667569, "ridge": 0.0007520446577387131, "seed": 1234, "sr": 0.18658183701753261}}