{"returned_dict": {"loss": 0.015379481272144948, "r2": 0.8092719059028619, "status": "ok", "start_time": 1697448880.5649998, "duration": 4.031468152999878}, "current_params": {"N": 1000, "iss": 0.3991084746243321, "lr": 0.2279250676188654, "ridge": 3.316996532799217e-06, "seed": 1234, "sr": 0.13048071254874868}}