{"returned_dict": {"loss": 0.015449287760120195, "r2": 0.809438055223846, "status": "ok", "start_time": 1697469866.839099, "duration": 121.79361295700073}, "current_params": {"N": 3674.0, "iss": 0.04057815748077798, "lr": 0.048306005915739574, "ridge": 0.0009201974723122006, "seed": 1234, "sr": 1.0784585589734712}}