{"returned_dict": {"loss": 0.019442236400213312, "r2": 0.9819252263527707, "status": "ok", "start_time": 1697192604.968628, "duration": 4.193924188613892}, "current_params": {"N": 1000, "iss": 0.06694893716285133, "lr": 0.0012469785034749062, "ridge": 8.136540810461886e-08, "seed": 1234, "sr": 0.13504276379966784}}