{"returned_dict": {"loss": 0.011340825539036458, "r2": 0.8970053409867133, "status": "ok", "start_time": 1697448698.908874, "duration": 4.188837051391602}, "current_params": {"N": 1000, "iss": 0.2841990386572327, "lr": 0.4297960808148079, "ridge": 3.4827616605209123e-06, "seed": 1234, "sr": 0.020006202812672045}}