{"returned_dict": {"loss": 0.013739416550936238, "r2": 0.8492788207115772, "status": "ok", "start_time": 1697483753.979257, "duration": 8.125431060791016}, "current_params": {"N": 896.0, "iss": 0.49705680256102114, "lr": 0.047125995444646136, "ridge": 0.006057640163977123, "seed": 1234, "sr": 0.02045819673305219}}