{"returned_dict": {"loss": 0.011622525872891401, "r2": 0.8921295288149649, "status": "ok", "start_time": 1697455267.994142, "duration": 10.262588024139404}, "current_params": {"N": 1000, "iss": 0.347012423797356, "lr": 0.09201940994765088, "ridge": 1.2655675147834042e-05, "seed": 1234, "sr": 0.03414048410383786}}