{"returned_dict": {"loss": 0.014842855809400791, "r2": 0.9950420004516142, "status": "ok", "start_time": 1697438585.184795, "duration": 1.8624091148376465}, "current_params": {"N": 500, "iss": 0.19784990317265738, "lr": 0.31008930988824535, "ridge": 0.00013246781832067779, "seed": 1234, "sr": 0.08438326345409637}}