{"returned_dict": {"loss": 0.018680331643356248, "r2": 0.9921469438245669, "status": "ok", "start_time": 1697698944.989291, "duration": 1.7576682567596436}, "current_params": {"N": 500, "iss": 0.09801956882183527, "lr": 0.21207672046475814, "ridge": 4.6581639384163866e-05, "seed": 1234, "sr": 0.21354604962375795}}