{"returned_dict": {"loss": 0.012916724923307215, "r2": 0.9976663204704654, "status": "ok", "start_time": 1697183699.813186, "duration": 0.8993749618530273}, "current_params": {"N": 500, "iss": 0.600022312535927, "lr": 0.6571588388986347, "ridge": 0.001699652520124697, "seed": 1234, "sr": 0.046727228044946535}}