{"returned_dict": {"loss": 0.016068025863683954, "r2": 0.9940247309788353, "status": "ok", "start_time": 1697097544.284972, "duration": 0.7806940078735352}, "current_params": {"N": 500, "iss": 0.9, "lr": 0.008152510284277657, "ridge": 1e-07, "seed": 1234, "sr": 0.026191894186955052}}