{"returned_dict": {"loss": 0.019176072947073724, "r2": 0.9905426826522611, "status": "ok", "start_time": 1697155126.048106, "duration": 0.8285062313079834}, "current_params": {"N": 500, "iss": 0.9, "lr": 0.0016633478315350963, "ridge": 1e-07, "seed": 1234, "sr": 0.027598683234115115}}