{"returned_dict": {"loss": 0.014387674692345642, "r2": 0.8342435129313944, "status": "ok", "start_time": 1697448932.631265, "duration": 4.080657958984375}, "current_params": {"N": 1000, "iss": 0.10044612037411704, "lr": 0.07898613150169653, "ridge": 0.005230035728447981, "seed": 1234, "sr": 0.03524277949039688}}