{"returned_dict": {"loss": 0.014149798518876952, "r2": 0.8407661593206112, "status": "ok", "start_time": 1697662207.3755069, "duration": 6.073803186416626}, "current_params": {"N": 723.0, "iss": 0.7008147713041682, "lr": 0.005199088611116443, "ridge": 0.0010388211610285532, "seed": 1234, "sr": 0.16300115584611943}}