{"returned_dict": {"loss": 0.013843228162977984, "r2": 0.8470116044381072, "status": "ok", "start_time": 1697451824.538351, "duration": 1.79762601852417}, "current_params": {"N": 500, "iss": 0.35807336738969764, "lr": 0.8619303140116904, "ridge": 1.0115479045381332e-07, "seed": 1234, "sr": 4.881086179748358}}