{"returned_dict": {"loss": 0.01563582617218932, "r2": 0.9932761542841084, "status": "ok", "start_time": 1697696190.050485, "duration": 0.9132113456726074}, "current_params": {"N": 500, "iss": 0.9, "lr": 0.0012348539342148224, "ridge": 1e-07, "seed": 1234, "sr": 0.050152765364070276}}