{"returned_dict": {"loss": 0.012222264638624173, "r2": 0.9979124980083744, "status": "ok", "start_time": 1697184966.507746, "duration": 0.8262829780578613}, "current_params": {"N": 500, "iss": 0.562902674279726, "lr": 0.08451910338656304, "ridge": 2.98495308723598e-07, "seed": 1234, "sr": 0.020489195252075855}}