{"returned_dict": {"loss": 0.014917744827400665, "r2": 0.8217239026590777, "status": "ok", "start_time": 1697450049.2265549, "duration": 2.157851219177246}, "current_params": {"N": 500, "iss": 0.10044612037411704, "lr": 0.07898613150169653, "ridge": 0.005230035728447981, "seed": 1234, "sr": 0.03524277949039688}}