{"returned_dict": {"loss": 0.01114698279018883, "r2": 0.9007924392386765, "status": "ok", "start_time": 1697455516.31695, "duration": 9.798545837402344}, "current_params": {"N": 1000, "iss": 0.40735440327681793, "lr": 0.27568095723189284, "ridge": 0.000462329948563324, "seed": 1234, "sr": 0.02786727306368867}}