{"returned_dict": {"loss": 0.013931746761972327, "r2": 0.845038435522818, "status": "ok", "start_time": 1697479505.463613, "duration": 4.754512071609497}, "current_params": {"N": 533.0, "iss": 0.040938266600104134, "lr": 0.3659512815680789, "ridge": 0.0021047798903734414, "seed": 1234, "sr": 0.3797757622392174}}