{"returned_dict": {"loss": 0.015006229711409106, "r2": 0.8193628537233897, "status": "ok", "start_time": 1697450053.2043798, "duration": 1.7938382625579834}, "current_params": {"N": 500, "iss": 0.6914803299511233, "lr": 0.4989873629451257, "ridge": 0.0009024714119816998, "seed": 1234, "sr": 0.014411455273543402}}