{"returned_dict": {"loss": 0.012855089824222782, "r2": 0.9952049414810228, "status": "ok", "start_time": 1697696209.103287, "duration": 0.914708137512207}, "current_params": {"N": 500, "iss": 0.9, "lr": 0.003562915550473451, "ridge": 1e-07, "seed": 1234, "sr": 0.015217119086357022}}