{"returned_dict": {"loss": 0.012219945070976344, "r2": 0.8804008382037686, "status": "ok", "start_time": 1697448616.3504472, "duration": 4.0882697105407715}, "current_params": {"N": 1000, "iss": 0.44727779774125975, "lr": 0.36822455888750405, "ridge": 0.0002215397496700079, "seed": 1234, "sr": 0.02348225301745763}}