{"returned_dict": {"loss": 0.014620086392525414, "r2": 0.995187543400187, "status": "ok", "start_time": 1697436871.443758, "duration": 1.7780239582061768}, "current_params": {"N": 500, "iss": 0.347012423797356, "lr": 0.09201940994765088, "ridge": 1.2655675147834042e-05, "seed": 1234, "sr": 0.03414048410383786}}