{"returned_dict": {"loss": 0.011360126499649717, "r2": 0.9968957279352866, "status": "ok", "start_time": 1697097595.142736, "duration": 0.7795460224151611}, "current_params": {"N": 500, "iss": 0.9, "lr": 0.013028269821287615, "ridge": 1e-07, "seed": 1234, "sr": 0.013649509767262393}}