{"returned_dict": {"loss": 0.01743323027414191, "r2": 0.7571959539306211, "status": "ok", "start_time": 1697455081.0347588, "duration": 9.752676248550415}, "current_params": {"N": 1000, "iss": 0.8088601787647725, "lr": 0.010820249488204384, "ridge": 2.157571970097535e-05, "seed": 1234, "sr": 0.19935467732696538}}