{"returned_dict": {"loss": 0.013780740165637987, "r2": 0.8459821926305854, "status": "ok", "start_time": 1697443001.211147, "duration": 1.7644569873809814}, "current_params": {"N": 500, "iss": 0.14258024657972923, "lr": 0.5516837456874331, "ridge": 3.7433235003717447e-07, "seed": 1234, "sr": 0.1931498404234262}}