{"returned_dict": {"loss": 0.014339414481772757, "r2": 0.9943961030039872, "status": "ok", "start_time": 1697696211.897229, "duration": 0.9850430488586426}, "current_params": {"N": 500, "iss": 0.9, "lr": 0.8900744887793847, "ridge": 1e-07, "seed": 1234, "sr": 1.810409666530886}}