{"returned_dict": {"loss": 0.015215838547235424, "r2": 0.8145404869393499, "status": "ok", "start_time": 1697450178.527679, "duration": 1.8161630630493164}, "current_params": {"N": 500, "iss": 0.5879201405915621, "lr": 0.017942623962965615, "ridge": 0.003711472688952436, "seed": 1234, "sr": 0.10149855100477383}}