{"returned_dict": {"loss": 0.010565498132731778, "r2": 0.9957574248467608, "status": "ok", "start_time": 1697192454.934099, "duration": 4.480246067047119}, "current_params": {"N": 1000, "iss": 0.47860011851145334, "lr": 0.4166356911062447, "ridge": 1.2751646272541625e-05, "seed": 1234, "sr": 0.14848409471568397}}