{"returned_dict": {"loss": 0.015288202764625737, "r2": 0.8123170219363104, "status": "ok", "start_time": 1697449142.4325492, "duration": 4.221216678619385}, "current_params": {"N": 1000, "iss": 0.5619647530716958, "lr": 0.12251552188440552, "ridge": 0.00013569741429282753, "seed": 1234, "sr": 0.020788245498133077}}