{"returned_dict": {"loss": 0.017271115457689324, "r2": 0.9887329732340623, "status": "ok", "start_time": 1697189030.566172, "duration": 4.2237701416015625}, "current_params": {"N": 1000, "iss": 0.21686967585707428, "lr": 0.06719120770962762, "ridge": 0.00012890720812140736, "seed": 1234, "sr": 0.07071032186253305}}