{"returned_dict": {"loss": 0.016153025715013054, "r2": 0.9939395978201423, "status": "ok", "start_time": 1697096640.418137, "duration": 0.7981090545654297}, "current_params": {"N": 500, "iss": 0.9, "lr": 0.004574935585135073, "ridge": 1e-07, "seed": 1234, "sr": 0.03073430140568509}}