{"returned_dict": {"loss": 0.01753456058774101, "r2": 0.995699473122035, "status": "ok", "start_time": 1697183840.9498339, "duration": 0.8993160724639893}, "current_params": {"N": 500, "iss": 0.9492451986094536, "lr": 0.012192269780560696, "ridge": 1.0355816851799808e-08, "seed": 1234, "sr": 0.03438139057492874}}