{"returned_dict": {"loss": 0.017287412555633135, "r2": 0.7579788226033591, "status": "ok", "start_time": 1697451727.155207, "duration": 1.7820420265197754}, "current_params": {"N": 500, "iss": 0.17176002567391113, "lr": 0.22199089728115365, "ridge": 0.0006020999816891316, "seed": 1234, "sr": 2.0711751271159318}}