{"returned_dict": {"loss": 0.013496557525094805, "r2": 0.8555351048708504, "status": "ok", "start_time": 1697667696.6009321, "duration": 272.19523882865906}, "current_params": {"N": 4846.0, "iss": 0.9492451986094536, "lr": 0.012192269780560696, "ridge": 1.0355816851799808e-08, "seed": 1234, "sr": 0.03438139057492874}}