{"returned_dict": {"loss": 0.015914601790203434, "r2": 0.9931072828395712, "status": "ok", "start_time": 1697696260.121411, "duration": 0.8876669406890869}, "current_params": {"N": 500, "iss": 0.9, "lr": 0.0013995995750949496, "ridge": 1e-07, "seed": 1234, "sr": 0.023462246374277934}}