{"returned_dict": {"loss": 0.01725601373488933, "r2": 0.9958523307312012, "status": "ok", "start_time": 1697183806.9292958, "duration": 0.8834452629089355}, "current_params": {"N": 500, "iss": 0.5619647530716958, "lr": 0.12251552188440552, "ridge": 0.00013569741429282753, "seed": 1234, "sr": 0.020788245498133077}}