{"returned_dict": {"loss": 0.014700437296196136, "r2": 0.8274525754647414, "status": "ok", "start_time": 1697465677.310312, "duration": 156.57489705085754}, "current_params": {"N": 3954.0, "iss": 0.9326851510627013, "lr": 0.01313978174667569, "ridge": 0.0007520446577387131, "seed": 1234, "sr": 0.18658183701753261}}