{"returned_dict": {"loss": 0.018631098135367383, "r2": 0.9913347928700816, "status": "ok", "start_time": 1697097477.426964, "duration": 0.7838578224182129}, "current_params": {"N": 500, "iss": 0.9, "lr": 0.01194012324967483, "ridge": 1e-07, "seed": 1234, "sr": 0.13073371451589708}}