{"returned_dict": {"loss": 0.012986669382594768, "r2": 0.8650681119927116, "status": "ok", "start_time": 1697667677.761315, "duration": 11.00929307937622}, "current_params": {"N": 1144.0, "iss": 0.7229931611804811, "lr": 0.02801415255330273, "ridge": 3.8239824132656686e-09, "seed": 1234, "sr": 0.2090196583408564}}