{"returned_dict": {"loss": 0.014101293821693395, "r2": 0.9924840411445759, "status": "ok", "start_time": 1697192579.0075562, "duration": 4.472370862960815}, "current_params": {"N": 1000, "iss": 0.3045451369845007, "lr": 0.27036282441620346, "ridge": 0.00030682003342967967, "seed": 1234, "sr": 0.04049959618384302}}