{"returned_dict": {"loss": 0.014590985674228197, "r2": 0.993994611852893, "status": "ok", "start_time": 1697696479.007019, "duration": 0.898993968963623}, "current_params": {"N": 500, "iss": 0.9, "lr": 0.06013171745318184, "ridge": 1e-07, "seed": 1234, "sr": 0.6672376898037004}}