{"returned_dict": {"loss": 0.010319412212621781, "r2": 0.9149772536354558, "status": "ok", "start_time": 1697473709.2562602, "duration": 394.5817449092865}, "current_params": {"N": 4966.0, "iss": 0.347012423797356, "lr": 0.09201940994765088, "ridge": 1.2655675147834042e-05, "seed": 1234, "sr": 0.03414048410383786}}