{"returned_dict": {"loss": 0.017134523958872726, "r2": 0.7630649746669912, "status": "ok", "start_time": 1697449041.507854, "duration": 4.046380996704102}, "current_params": {"N": 1000, "iss": 0.9526407636866457, "lr": 0.03942187518677715, "ridge": 0.00016087888046694687, "seed": 1234, "sr": 0.03600276409094316}}