{"returned_dict": {"loss": 0.01734109484611136, "r2": 0.759194628204944, "status": "ok", "start_time": 1697443117.51427, "duration": 1.7534470558166504}, "current_params": {"N": 500, "iss": 0.10906298691030492, "lr": 0.9218534144690985, "ridge": 0.007620699289978396, "seed": 1234, "sr": 1.810409666530886}}