{"returned_dict": {"loss": 0.024967154323665242, "r2": 0.9912801769673946, "status": "ok", "start_time": 1697416624.4083562, "duration": 1.3597288131713867}, "current_params": {"N": 500, "iss": 0.33697973924510827, "lr": 0.17543139583076806, "ridge": 0.0006465876818538902, "seed": 1234, "sr": 0.015590519612759524}}