{"returned_dict": {"loss": 0.021172279964303906, "r2": 0.6420994523762298, "status": "ok", "start_time": 1697471197.4379678, "duration": 114.6309871673584}, "current_params": {"N": 3236.0, "iss": 0.616731567531399, "lr": 0.6954288762234999, "ridge": 0.0061302022177938354, "seed": 1234, "sr": 6.834465647289925}}