{"returned_dict": {"loss": 0.022425663010528115, "r2": 0.59848332457748, "status": "ok", "start_time": 1697466241.51936, "duration": 243.0823678970337}, "current_params": {"N": 4886.0, "iss": 0.08315064051214127, "lr": 0.934961690273177, "ridge": 1.4389924675211044e-08, "seed": 1234, "sr": 2.4229663969229636}}