{"returned_dict": {"loss": 0.02127116438016402, "r2": 0.6350313009139693, "status": "ok", "start_time": 1697442994.151057, "duration": 1.7867648601531982}, "current_params": {"N": 500, "iss": 0.562902674279726, "lr": 0.08451910338656304, "ridge": 2.98495308723598e-07, "seed": 1234, "sr": 0.020489195252075855}}