{"returned_dict": {"loss": 0.021429109031109898, "r2": 0.613981644837779, "status": "ok", "start_time": 1697443189.275955, "duration": 1.8879759311676025}, "current_params": {"N": 500, "iss": 0.5458161363201689, "lr": 0.1927391235133893, "ridge": 3.4731611050513896e-08, "seed": 1234, "sr": 0.017275455370965257}}