{"returned_dict": {"loss": 0.027667744255774576, "r2": 0.34767043222246824, "status": "ok", "start_time": 1697449231.710233, "duration": 4.0318522453308105}, "current_params": {"N": 1000, "iss": 0.5933563673798359, "lr": 0.8382221591273349, "ridge": 1.1082393000534913e-06, "seed": 1234, "sr": 0.7323231724059845}}