{"returned_dict": {"loss": 0.02360528591383855, "r2": 0.9857609431896882, "status": "ok", "start_time": 1697436768.837174, "duration": 1.7788760662078857}, "current_params": {"N": 500, "iss": 0.45903012586393255, "lr": 0.008993216326780393, "ridge": 3.098662816361876e-05, "seed": 1234, "sr": 1.038057705082271}}