{"returned_dict": {"loss": 0.025439460127717112, "r2": 0.45512062443231577, "status": "ok", "start_time": 1697657127.7001238, "duration": 53.0726683139801}, "current_params": {"N": 2590.0, "iss": 0.006972115376929322, "lr": 0.012836594720886324, "ridge": 1.4561222069260244e-09, "seed": 1234, "sr": 0.7794764412014389}}