{"returned_dict": {"loss": 0.02474445683394161, "r2": 0.991459669201749, "status": "ok", "start_time": 1697185091.344245, "duration": 0.7817049026489258}, "current_params": {"N": 500, "iss": 0.5345246533740329, "lr": 0.0016821487193693313, "ridge": 8.527242136552148e-08, "seed": 1234, "sr": 0.016130653781102525}}