{"returned_dict": {"loss": 0.020453169537534885, "r2": 0.6638023222423636, "status": "ok", "start_time": 1697448856.523603, "duration": 3.955801010131836}, "current_params": {"N": 1000, "iss": 0.5323854646527727, "lr": 0.003573156992234659, "ridge": 0.0008903885178857998, "seed": 1234, "sr": 0.015928787718820343}}