{"returned_dict": {"loss": 0.020390954865453236, "r2": 0.6670467742199371, "status": "ok", "start_time": 1697455189.088247, "duration": 10.106958866119385}, "current_params": {"N": 1000, "iss": 0.3158924367205628, "lr": 0.0016930941327325617, "ridge": 0.0006969765320479288, "seed": 1234, "sr": 0.22191193501289097}}