{"returned_dict": {"loss": 0.024279972816759254, "r2": 0.5274549489275865, "status": "ok", "start_time": 1697449902.445623, "duration": 1.824125051498413}, "current_params": {"N": 500, "iss": 0.08315064051214127, "lr": 0.934961690273177, "ridge": 1.4389924675211044e-08, "seed": 1234, "sr": 2.4229663969229636}}