{"returned_dict": {"loss": 0.021439975510093356, "r2": 0.9873867387611531, "status": "ok", "start_time": 1697696354.189704, "duration": 0.8926730155944824}, "current_params": {"N": 500, "iss": 0.9, "lr": 0.7193342821146759, "ridge": 1e-07, "seed": 1234, "sr": 1.9577985037865835}}