{"returned_dict": {"loss": 0.028311931887466852, "r2": 0.9819618125656553, "status": "ok", "start_time": 1697436854.807128, "duration": 2.061741828918457}, "current_params": {"N": 500, "iss": 0.006972115376929322, "lr": 0.012836594720886324, "ridge": 1.4561222069260244e-09, "seed": 1234, "sr": 0.7794764412014389}}