{"returned_dict": {"loss": 0.02008819852643492, "r2": 0.6760647116126021, "status": "ok", "start_time": 1697443138.1407151, "duration": 1.820631980895996}, "current_params": {"N": 500, "iss": 0.7889351766743528, "lr": 0.00398609258790173, "ridge": 0.0026164567787443195, "seed": 1234, "sr": 0.012580639725311055}}