{"returned_dict": {"loss": 0.021911687258844324, "r2": 0.986013008266024, "status": "ok", "start_time": 1697155261.283776, "duration": 0.8346619606018066}, "current_params": {"N": 500, "iss": 0.9, "lr": 0.0013995995750949496, "ridge": 1e-07, "seed": 1234, "sr": 0.023462246374277934}}