{"returned_dict": {"loss": 0.022270502603163118, "r2": 0.9871516732295326, "status": "ok", "start_time": 1697096977.386718, "duration": 0.7596619129180908}, "current_params": {"N": 500, "iss": 0.9, "lr": 0.0010963749428805649, "ridge": 1e-07, "seed": 1234, "sr": 0.03747978558716274}}