{"returned_dict": {"loss": 0.029514731933814015, "r2": 0.9666833620466838, "status": "ok", "start_time": 1697189528.454686, "duration": 4.362612962722778}, "current_params": {"N": 1000, "iss": 0.9408397105778058, "lr": 0.3594469868947466, "ridge": 2.899155403260927e-08, "seed": 1234, "sr": 0.953319122623503}}