{"returned_dict": {"loss": 0.027588930336088637, "r2": 0.9713787514602169, "status": "ok", "start_time": 1697192600.761815, "duration": 4.202117919921875}, "current_params": {"N": 1000, "iss": 0.616731567531399, "lr": 0.6954288762234999, "ridge": 0.0061302022177938354, "seed": 1234, "sr": 6.834465647289925}}