{"returned_dict": {"loss": 0.02862362981979873, "r2": 0.29704440589017767, "status": "ok", "start_time": 1697479117.6650398, "duration": 387.76763820648193}, "current_params": {"N": 4593.0, "iss": 0.6371089578578937, "lr": 0.026813811448575312, "ridge": 1.2394753758655106e-09, "seed": 1234, "sr": 0.03747978558716274}}