{"returned_dict": {"loss": 0.02197637205937608, "r2": 0.9886559040075769, "status": "ok", "start_time": 1697155174.635649, "duration": 0.832495927810669}, "current_params": {"N": 500, "iss": 0.9, "lr": 0.009487842647350041, "ridge": 1e-07, "seed": 1234, "sr": 0.07964860203040938}}