{"returned_dict": {"loss": 0.026175574116429238, "r2": 0.4512096478760374, "status": "ok", "start_time": 1697448608.47694, "duration": 3.903378963470459}, "current_params": {"N": 1000, "iss": 0.08315064051214127, "lr": 0.934961690273177, "ridge": 1.4389924675211044e-08, "seed": 1234, "sr": 2.4229663969229636}}