{"returned_dict": {"loss": 0.027073953104871974, "r2": 0.9824150375583818, "status": "ok", "start_time": 1697155225.775599, "duration": 0.8409230709075928}, "current_params": {"N": 500, "iss": 0.9, "lr": 0.0066607915672958085, "ridge": 1e-07, "seed": 1234, "sr": 0.06204230622513381}}