{"returned_dict": {"loss": 0.026080970368699784, "r2": 0.41192239094859273, "status": "ok", "start_time": 1697451905.407386, "duration": 1.9961297512054443}, "current_params": {"N": 500, "iss": 0.15890994153775684, "lr": 0.00792332805983459, "ridge": 3.0909972660202036e-06, "seed": 1234, "sr": 0.575269795679041}}