{"returned_dict": {"loss": 0.021422716157684332, "r2": 0.9896556252964933, "status": "ok", "start_time": 1697699012.97858, "duration": 1.8556668758392334}, "current_params": {"N": 500, "iss": 0.7008147713041682, "lr": 0.005199088611116443, "ridge": 0.0010388211610285532, "seed": 1234, "sr": 0.16300115584611943}}