{"returned_dict": {"loss": 0.02482157895531657, "r2": 0.9828258968550417, "status": "ok", "start_time": 1697697179.458217, "duration": 0.9041872024536133}, "current_params": {"N": 500, "iss": 0.9, "lr": 0.006588095974939943, "ridge": 1e-07, "seed": 1234, "sr": 0.13504276379966784}}