{"returned_dict": {"loss": 0.025485331348065295, "r2": 0.47957186918263606, "status": "ok", "start_time": 1697454399.3489249, "duration": 9.618510246276855}, "current_params": {"N": 1000, "iss": 0.9739479466464522, "lr": 0.0011253563603354569, "ridge": 0.0021883735119396686, "seed": 1234, "sr": 0.04981749804245153}}