{"returned_dict": {"loss": 0.02120278340286953, "r2": 0.9876172404829576, "status": "ok", "start_time": 1697696374.581373, "duration": 0.9416229724884033}, "current_params": {"N": 500, "iss": 0.9, "lr": 0.008045090803265967, "ridge": 1e-07, "seed": 1234, "sr": 0.28327116807958513}}