{"returned_dict": {"loss": 0.02150544022428801, "r2": 0.6296813688963524, "status": "ok", "start_time": 1697450174.908695, "duration": 1.7913520336151123}, "current_params": {"N": 500, "iss": 0.0011867504507336868, "lr": 0.4402251533661025, "ridge": 1.398293408194846e-05, "seed": 1234, "sr": 0.1378790157061615}}