{"returned_dict": {"loss": 0.020119702605881102, "r2": 0.9943421846966687, "status": "ok", "start_time": 1697183831.132067, "duration": 0.9291841983795166}, "current_params": {"N": 500, "iss": 0.3945156093805232, "lr": 0.015128007637960973, "ridge": 3.182563639108543e-06, "seed": 1234, "sr": 0.012260384608014823}}