{"returned_dict": {"loss": 0.026963978625797722, "r2": 0.9835689310616847, "status": "ok", "start_time": 1697436713.629128, "duration": 1.7743971347808838}, "current_params": {"N": 500, "iss": 0.9739479466464522, "lr": 0.0011253563603354569, "ridge": 0.0021883735119396686, "seed": 1234, "sr": 0.04981749804245153}}