{"returned_dict": {"loss": 0.026974683717277407, "r2": 0.9825568086265233, "status": "ok", "start_time": 1697156855.77586, "duration": 0.8368749618530273}, "current_params": {"N": 500, "iss": 0.9, "lr": 0.0066607915672958085, "ridge": 1e-07, "seed": 1234, "sr": 0.06204230622513381}}