{"returned_dict": {"loss": 0.023634415819191994, "r2": 0.979509070011155, "status": "ok", "start_time": 1697158997.346483, "duration": 1.006052017211914}, "current_params": {"N": 500, "iss": 0.9, "lr": 0.0022003912952545212, "ridge": 1e-07, "seed": 1234, "sr": 0.05016138018026818}}