{"returned_dict": {"loss": 0.02104915459518648, "r2": 0.6343558311657662, "status": "ok", "start_time": 1697467037.295083, "duration": 21.54424285888672}, "current_params": {"N": 1592.0, "iss": 0.8710694708540748, "lr": 0.5093800439838342, "ridge": 3.613494953765636e-08, "seed": 1234, "sr": 5.580343023547168}}