{"returned_dict": {"loss": 0.028038188808559655, "r2": 0.37502822776696565, "status": "ok", "start_time": 1697656887.99407, "duration": 62.291770935058594}, "current_params": {"N": 2831.0, "iss": 0.17176002567391113, "lr": 0.22199089728115365, "ridge": 0.0006020999816891316, "seed": 1234, "sr": 2.0711751271159318}}