{"returned_dict": {"loss": 0.0204742392050989, "r2": 0.6627107128739994, "status": "ok", "start_time": 1697443173.943271, "duration": 1.8558681011199951}, "current_params": {"N": 500, "iss": 0.7008147713041682, "lr": 0.005199088611116443, "ridge": 0.0010388211610285532, "seed": 1234, "sr": 0.16300115584611943}}