{"returned_dict": {"loss": 0.02693627294980978, "r2": 0.9828457598705699, "status": "ok", "start_time": 1697096899.444436, "duration": 0.752281904220581}, "current_params": {"N": 500, "iss": 0.9, "lr": 0.3645399937282733, "ridge": 1e-07, "seed": 1234, "sr": 1.1747727724200443}}