{"returned_dict": {"loss": 0.03691031020072593, "r2": 0.9807843134340185, "status": "ok", "start_time": 1697183679.990356, "duration": 0.8413748741149902}, "current_params": {"N": 500, "iss": 0.8820998106981124, "lr": 0.0018473770505347527, "ridge": 1.8622584812397071e-06, "seed": 1234, "sr": 0.015931944006093716}}