{"returned_dict": {"loss": 0.03504133536899093, "r2": 0.9928426500246865, "status": "ok", "start_time": 1697168318.623322, "duration": 0.8751041889190674}, "current_params": {"N": 500, "iss": 0.9, "lr": 0.0013477819629193828, "ridge": 1e-07, "seed": 1234, "sr": 0.01418389479892628}}