{"returned_dict": {"loss": 0.0395879543362753, "r2": 0.9780520188292853, "status": "ok", "start_time": 1697183753.2269728, "duration": 0.8442339897155762}, "current_params": {"N": 500, "iss": 0.9345866417401569, "lr": 0.04017882290811124, "ridge": 0.008848344280085078, "seed": 1234, "sr": 0.014438974945890222}}