{"returned_dict": {"loss": 0.03223403807109527, "r2": 0.9716896623692186, "status": "ok", "start_time": 1697158917.992983, "duration": 1.055222988128662}, "current_params": {"N": 500, "iss": 0.9, "lr": 0.004331629980965586, "ridge": 1e-07, "seed": 1234, "sr": 0.1626795681245935}}