{"returned_dict": {"loss": 0.03537931646051786, "r2": 0.9824279040529961, "status": "ok", "start_time": 1697184997.957493, "duration": 0.7866239547729492}, "current_params": {"N": 500, "iss": 0.8088601787647725, "lr": 0.010820249488204384, "ridge": 2.157571970097535e-05, "seed": 1234, "sr": 0.19935467732696538}}