{"returned_dict": {"loss": 0.036468491342121205, "r2": 0.9814535600998578, "status": "ok", "start_time": 1697185041.2591412, "duration": 1.5426256656646729}, "current_params": {"N": 500, "iss": 0.735910449821011, "lr": 0.03687802163588743, "ridge": 0.0019711206562567562, "seed": 1234, "sr": 0.04328771757628488}}