{"returned_dict": {"loss": 0.03606959864437438, "r2": 0.9816380452282457, "status": "ok", "start_time": 1697183726.327311, "duration": 0.849675178527832}, "current_params": {"N": 500, "iss": 0.837083721656963, "lr": 0.001117795359631473, "ridge": 1.2852197972507888e-06, "seed": 1234, "sr": 0.01061907053409471}}