{"returned_dict": {"loss": 0.039831688437816766, "r2": 0.9623673724642622, "status": "ok", "start_time": 1697155263.73085, "duration": 0.8152511119842529}, "current_params": {"N": 500, "iss": 0.9, "lr": 0.12183627042316367, "ridge": 1e-07, "seed": 1234, "sr": 0.8542795536342308}}