{"returned_dict": {"loss": 0.034664500806617926, "r2": 0.967142168022284, "status": "ok", "start_time": 1697696381.224849, "duration": 0.9200060367584229}, "current_params": {"N": 500, "iss": 0.9, "lr": 0.7169143323529686, "ridge": 1e-07, "seed": 1234, "sr": 2.3610670815355883}}