{"returned_dict": {"loss": 0.030305991080002505, "r2": 0.2687801079091346, "status": "ok", "start_time": 1697654130.29552, "duration": 74.72772598266602}, "current_params": {"N": 3010.0, "iss": 0.28766435081673314, "lr": 0.0012105913148246156, "ridge": 1.9057127432713242e-07, "seed": 1234, "sr": 0.07964860203040938}}