{"returned_dict": {"loss": 0.03545786803479493, "r2": -0.01962161326658803, "status": "ok", "start_time": 1697449977.10977, "duration": 1.773442029953003}, "current_params": {"N": 500, "iss": 0.837083721656963, "lr": 0.001117795359631473, "ridge": 1.2852197972507888e-06, "seed": 1234, "sr": 0.01061907053409471}}