{"returned_dict": {"loss": 0.034055087960470784, "r2": 0.9929919423925669, "status": "ok", "start_time": 1697168898.112405, "duration": 0.8500311374664307}, "current_params": {"N": 500, "iss": 0.9, "lr": 0.0011414997148981286, "ridge": 1e-07, "seed": 1234, "sr": 0.30993658351244163}}