{"returned_dict": {"loss": 0.03986528271174276, "r2": 0.9623174181600586, "status": "ok", "start_time": 1697154552.3114161, "duration": 0.796677827835083}, "current_params": {"N": 500, "iss": 0.9, "lr": 0.12183627042316367, "ridge": 1e-07, "seed": 1234, "sr": 0.8542795536342308}}