{"returned_dict": {"loss": 0.03560678854238142, "r2": 0.99265106752313, "status": "ok", "start_time": 1697168254.739923, "duration": 0.8790249824523926}, "current_params": {"N": 500, "iss": 0.9, "lr": 0.0020381971895498943, "ridge": 1e-07, "seed": 1234, "sr": 0.09437285509046839}}