{"returned_dict": {"loss": 0.0338303000030738, "r2": 0.9707358069944325, "status": "ok", "start_time": 1697096924.992298, "duration": 0.7643370628356934}, "current_params": {"N": 500, "iss": 0.9, "lr": 0.0022003912952545212, "ridge": 1e-07, "seed": 1234, "sr": 0.05016138018026818}}