{"returned_dict": {"loss": 0.03346398322184107, "r2": 0.9736933530173347, "status": "ok", "start_time": 1697096891.490483, "duration": 0.895334005355835}, "current_params": {"N": 500, "iss": 0.9, "lr": 0.7193342821146759, "ridge": 1e-07, "seed": 1234, "sr": 1.9577985037865835}}