{"returned_dict": {"loss": 0.03309853946675059, "r2": 0.08399221837302673, "status": "ok", "start_time": 1697449857.247735, "duration": 1.8161721229553223}, "current_params": {"N": 500, "iss": 0.6517423997488939, "lr": 0.4485179994925241, "ridge": 2.1919618123313223e-05, "seed": 1234, "sr": 2.76036316173383}}