{"returned_dict": {"loss": 0.03555881319299083, "r2": 0.9697038281466649, "status": "ok", "start_time": 1697096957.9235709, "duration": 0.7704582214355469}, "current_params": {"N": 500, "iss": 0.9, "lr": 0.0024618930592986486, "ridge": 1e-07, "seed": 1234, "sr": 0.05019484139736029}}