{"returned_dict": {"loss": 0.03247830525841799, "r2": 0.15044616769035468, "status": "ok", "start_time": 1697661458.9951649, "duration": 218.40837621688843}, "current_params": {"N": 4933.0, "iss": 0.975796083487275, "lr": 0.36345335286724006, "ridge": 3.344756996651249e-07, "seed": 1234, "sr": 3.928074544493676}}