{"returned_dict": {"loss": 0.03235103545087049, "r2": 0.1712315765611182, "status": "ok", "start_time": 1697650894.638716, "duration": 4.477851152420044}, "current_params": {"N": 509.0, "iss": 0.13238073196516953, "lr": 0.13864624141183712, "ridge": 5.1447095217047094e-05, "seed": 1234, "sr": 4.997336540870967}}