{"returned_dict": {"loss": 0.04157360459020515, "r2": 0.9587938503064125, "status": "ok", "start_time": 1697157447.47581, "duration": 0.9607338905334473}, "current_params": {"N": 500, "iss": 0.9, "lr": 0.0016633478315350963, "ridge": 1e-07, "seed": 1234, "sr": 0.027598683234115115}}