{"returned_dict": {"loss": 0.04128988689535049, "r2": 0.9762369192949647, "status": "ok", "start_time": 1697416741.227165, "duration": 0.8405849933624268}, "current_params": {"N": 500, "iss": 0.040938266600104134, "lr": 0.3659512815680789, "ridge": 0.0021047798903734414, "seed": 1234, "sr": 0.3797757622392174}}