{"returned_dict": {"loss": 0.04254558894259824, "r2": -0.44535997085852214, "status": "ok", "start_time": 1697648961.348141, "duration": 256.2193250656128}, "current_params": {"N": 3914.0, "iss": 0.8820998106981124, "lr": 0.0018473770505347527, "ridge": 1.8622584812397071e-06, "seed": 1234, "sr": 0.015931944006093716}}