{"returned_dict": {"loss": 0.040091788682545586, "r2": 0.9548494774049733, "status": "ok", "start_time": 1697697115.415474, "duration": 0.9450840950012207}, "current_params": {"N": 500, "iss": 0.9, "lr": 0.001949548020519852, "ridge": 1e-07, "seed": 1234, "sr": 0.3226348405474758}}