{"returned_dict": {"loss": 0.04525721082508752, "r2": 0.9714477412024888, "status": "ok", "start_time": 1697183836.528202, "duration": 0.9165737628936768}, "current_params": {"N": 500, "iss": 0.3648171195318186, "lr": 0.06815247173845063, "ridge": 0.004137027458330782, "seed": 1234, "sr": 0.0440605775382449}}