{"returned_dict": {"loss": 0.04984365008002562, "r2": 0.9063480690262796, "status": "ok", "start_time": 1697189579.889591, "duration": 4.245733022689819}, "current_params": {"N": 1000, "iss": 0.735910449821011, "lr": 0.03687802163588743, "ridge": 0.0019711206562567562, "seed": 1234, "sr": 0.04328771757628488}}