{"returned_dict": {"loss": 0.04686349577309296, "r2": 0.9171334902030647, "status": "ok", "start_time": 1697189826.0671518, "duration": 4.124916315078735}, "current_params": {"N": 1000, "iss": 0.49705680256102114, "lr": 0.047125995444646136, "ridge": 0.006057640163977123, "seed": 1234, "sr": 0.02045819673305219}}