{"returned_dict": {"loss": 0.04618510971239375, "r2": 0.9702994513514301, "status": "ok", "start_time": 1697183792.7878988, "duration": 0.8828353881835938}, "current_params": {"N": 500, "iss": 0.7008147713041682, "lr": 0.005199088611116443, "ridge": 0.0010388211610285532, "seed": 1234, "sr": 0.16300115584611943}}