{"returned_dict": {"loss": 0.049280554367066826, "r2": 0.9842481829628266, "status": "ok", "start_time": 1697168939.7652102, "duration": 0.8393537998199463}, "current_params": {"N": 500, "iss": 0.9, "lr": 0.002001738706933608, "ridge": 1e-07, "seed": 1234, "sr": 0.39936841111501603}}