{"returned_dict": {"loss": 0.04010933945845261, "r2": -0.32749503013987086, "status": "ok", "start_time": 1697448544.6363819, "duration": 4.0327911376953125}, "current_params": {"N": 1000, "iss": 0.7041340569061305, "lr": 0.02018337832903292, "ridge": 2.3115334421298753e-06, "seed": 1234, "sr": 0.09442721440119983}}