{"returned_dict": {"loss": 0.047032013166103004, "r2": 0.9691621600589583, "status": "ok", "start_time": 1697416759.468265, "duration": 0.8102891445159912}, "current_params": {"N": 500, "iss": 0.5879201405915621, "lr": 0.017942623962965615, "ridge": 0.003711472688952436, "seed": 1234, "sr": 0.10149855100477383}}