{"returned_dict": {"loss": 0.043325981529567875, "r2": 0.9738385026363133, "status": "ok", "start_time": 1697183715.724823, "duration": 0.871985912322998}, "current_params": {"N": 500, "iss": 0.4472250816990909, "lr": 0.001490692182461561, "ridge": 5.456100711555596e-06, "seed": 1234, "sr": 0.01695935124689556}}