{"returned_dict": {"loss": 0.049363719957436776, "r2": -0.934714965279171, "status": "ok", "start_time": 1697664558.023396, "duration": 38.45096302032471}, "current_params": {"N": 2093.0, "iss": 0.8640890518452584, "lr": 0.056175796579322784, "ridge": 8.914132777984633e-07, "seed": 1234, "sr": 1.6346058937885943}}