{"returned_dict": {"loss": 0.04114517585026828, "r2": 0.9763615567646556, "status": "ok", "start_time": 1697183720.206197, "duration": 0.9063880443572998}, "current_params": {"N": 500, "iss": 0.28766435081673314, "lr": 0.0012105913148246156, "ridge": 1.9057127432713242e-07, "seed": 1234, "sr": 0.07964860203040938}}