{"returned_dict": {"loss": 0.04634821043333246, "r2": 0.9512091071170081, "status": "ok", "start_time": 1697436815.363796, "duration": 1.7689971923828125}, "current_params": {"N": 500, "iss": 0.06694893716285133, "lr": 0.0012469785034749062, "ridge": 8.136540810461886e-08, "seed": 1234, "sr": 0.13504276379966784}}