{"returned_dict": {"loss": 0.04359104469684812, "r2": 0.9735325341134692, "status": "ok", "start_time": 1697183691.0578089, "duration": 0.8449761867523193}, "current_params": {"N": 500, "iss": 0.51533056692996, "lr": 0.034790822993190244, "ridge": 0.006492379836402213, "seed": 1234, "sr": 0.2237449778907503}}