{"returned_dict": {"loss": 0.046999252192635954, "r2": 0.9692075446509069, "status": "ok", "start_time": 1697184952.036742, "duration": 0.7869558334350586}, "current_params": {"N": 500, "iss": 0.51533056692996, "lr": 0.034790822993190244, "ridge": 0.006492379836402213, "seed": 1234, "sr": 0.2237449778907503}}