{"returned_dict": {"loss": 0.04487455871473064, "r2": 0.9719165463170424, "status": "ok", "start_time": 1697416774.34506, "duration": 0.7902228832244873}, "current_params": {"N": 500, "iss": 0.49705680256102114, "lr": 0.047125995444646136, "ridge": 0.006057640163977123, "seed": 1234, "sr": 0.02045819673305219}}