{"returned_dict": {"loss": 0.049018039284923744, "r2": 0.9664965777800693, "status": "ok", "start_time": 1697416771.20158, "duration": 0.7955148220062256}, "current_params": {"N": 500, "iss": 0.3648171195318186, "lr": 0.06815247173845063, "ridge": 0.004137027458330782, "seed": 1234, "sr": 0.0440605775382449}}