{"returned_dict": {"loss": 0.04139184897099648, "r2": -0.47987167149773496, "status": "ok", "start_time": 1697443063.011125, "duration": 1.7505970001220703}, "current_params": {"N": 500, "iss": 0.4183352059788139, "lr": 0.7699157917998888, "ridge": 1.5491027325251184e-06, "seed": 1234, "sr": 1.9933094412983583}}