{"returned_dict": {"loss": 0.04639909143141374, "r2": -0.8426087925420456, "status": "ok", "start_time": 1697448936.717879, "duration": 4.051322937011719}, "current_params": {"N": 1000, "iss": 0.9228386144334726, "lr": 0.10752060708924599, "ridge": 1.1106829899616503e-06, "seed": 1234, "sr": 0.3157133897830133}}