{"returned_dict": {"loss": 0.04014678092071312, "r2": 0.953833916191306, "status": "ok", "start_time": 1697696476.255044, "duration": 0.9228451251983643}, "current_params": {"N": 500, "iss": 0.9, "lr": 0.006517013347114697, "ridge": 1e-07, "seed": 1234, "sr": 0.20877503732087163}}