{"returned_dict": {"loss": 0.04755526557661308, "r2": 0.9684710811948468, "status": "ok", "start_time": 1697184974.5705202, "duration": 0.7907156944274902}, "current_params": {"N": 500, "iss": 0.4472250816990909, "lr": 0.001490692182461561, "ridge": 5.456100711555596e-06, "seed": 1234, "sr": 0.01695935124689556}}