{"returned_dict": {"loss": 0.05316272834365678, "r2": 0.8887025628221071, "status": "ok", "start_time": 1697195216.191134, "duration": 12.049229145050049}, "current_params": {"N": 1000, "iss": 0.900126341412187, "lr": 0.6751854428024655, "ridge": 1.6359488069904826e-09, "seed": 1234, "sr": 0.050152765364070276}}