{"returned_dict": {"loss": 0.05910352513995996, "r2": 0.9154454960293673, "status": "ok", "start_time": 1697155280.1894882, "duration": 0.8196039199829102}, "current_params": {"N": 500, "iss": 0.9, "lr": 0.031315298214446584, "ridge": 1e-07, "seed": 1234, "sr": 0.575269795679041}}