{"returned_dict": {"loss": 0.05293706908545079, "r2": 0.8897928395703687, "status": "ok", "start_time": 1697194388.7962828, "duration": 11.97567629814148}, "current_params": {"N": 1000, "iss": 0.2298357960090034, "lr": 0.8472268156639914, "ridge": 9.801931216645321e-05, "seed": 1234, "sr": 0.2197712027474747}}