{"returned_dict": {"loss": 0.05459159372337618, "r2": 0.8879514736183923, "status": "ok", "start_time": 1697189396.07817, "duration": 4.476410865783691}, "current_params": {"N": 1000, "iss": 0.9345866417401569, "lr": 0.04017882290811124, "ridge": 0.008848344280085078, "seed": 1234, "sr": 0.014438974945890222}}