{"returned_dict": {"loss": 0.05822239450816274, "r2": 0.8666801416480169, "status": "ok", "start_time": 1697195443.372145, "duration": 11.873191118240356}, "current_params": {"N": 1000, "iss": 0.6914803299511233, "lr": 0.4989873629451257, "ridge": 0.0009024714119816998, "seed": 1234, "sr": 0.014411455273543402}}