{"returned_dict": {"loss": 0.054549476431310445, "r2": 0.8829765968197938, "status": "ok", "start_time": 1697195347.7544162, "duration": 11.918044805526733}, "current_params": {"N": 1000, "iss": 0.19717791279794772, "lr": 0.8908311505278818, "ridge": 0.00013283966567113832, "seed": 1234, "sr": 0.20760447792478667}}