{"returned_dict": {"loss": 0.05963197039072024, "r2": -1.9193395416895254, "status": "ok", "start_time": 1697463942.006121, "duration": 81.13283610343933}, "current_params": {"N": 2778.0, "iss": 0.869355916285306, "lr": 0.0017588986916506517, "ridge": 0.009525997633827816, "seed": 1234, "sr": 1.2509379966926149}}