{"returned_dict": {"loss": 0.059897648720967624, "r2": -1.9045169309780003, "status": "ok", "start_time": 1697475325.799542, "duration": 263.6624310016632}, "current_params": {"N": 4991.0, "iss": 0.9243526866471957, "lr": 0.1542815995343576, "ridge": 8.50499153424126e-08, "seed": 1234, "sr": 1.7459748086870097}}