{"returned_dict": {"loss": 0.05111181179849259, "r2": -1.3338298816443928, "status": "ok", "start_time": 1697468250.0058, "duration": 150.85939502716064}, "current_params": {"N": 4211.0, "iss": 0.4363515860498989, "lr": 0.0016156588507471406, "ridge": 3.474547834739471e-08, "seed": 1234, "sr": 0.03073430140568509}}