{"returned_dict": {"loss": 0.05301823021991531, "r2": 0.9608161583045333, "status": "ok", "start_time": 1697185052.609823, "duration": 0.7846782207489014}, "current_params": {"N": 500, "iss": 0.2752328727257135, "lr": 0.062196381712238125, "ridge": 0.0015831477712927589, "seed": 1234, "sr": 0.011423076308344373}}