{"returned_dict": {"loss": 0.0501281823647814, "r2": 0.9047631201071655, "status": "ok", "start_time": 1697192634.457624, "duration": 4.31330418586731}, "current_params": {"N": 1000, "iss": 0.4893385543018618, "lr": 0.02143015081924661, "ridge": 1.1102605111730034e-05, "seed": 1234, "sr": 0.02572013644212619}}