{"returned_dict": {"loss": 0.056293650034104414, "r2": 0.9237825542487913, "status": "ok", "start_time": 1697097494.549026, "duration": 0.7881560325622559}, "current_params": {"N": 500, "iss": 0.9, "lr": 0.006588095974939943, "ridge": 1e-07, "seed": 1234, "sr": 0.13504276379966784}}