{"returned_dict": {"loss": 0.051020823310145215, "r2": 0.9016735570082419, "status": "ok", "start_time": 1697189558.3299189, "duration": 4.300940036773682}, "current_params": {"N": 1000, "iss": 0.9526407636866457, "lr": 0.03942187518677715, "ridge": 0.00016087888046694687, "seed": 1234, "sr": 0.03600276409094316}}