{"returned_dict": {"loss": 0.05585095201841735, "r2": 0.9565765328768169, "status": "ok", "start_time": 1697183820.313677, "duration": 0.8474297523498535}, "current_params": {"N": 500, "iss": 0.6743270588841205, "lr": 0.0014402248070585332, "ridge": 0.0006137812121664229, "seed": 1234, "sr": 0.3554664959628415}}