{"returned_dict": {"loss": 0.05052489202609384, "r2": 0.9355659449073332, "status": "ok", "start_time": 1697156845.059469, "duration": 0.8331122398376465}, "current_params": {"N": 500, "iss": 0.9, "lr": 0.020195420899796784, "ridge": 1e-07, "seed": 1234, "sr": 0.3157133897830133}}