{"returned_dict": {"loss": 0.057185949150457195, "r2": 0.9061530438121568, "status": "ok", "start_time": 1697697442.747236, "duration": 0.9288220405578613}, "current_params": {"N": 500, "iss": 0.9, "lr": 0.08409864424316024, "ridge": 1e-07, "seed": 1234, "sr": 1.038057705082271}}