{"returned_dict": {"loss": 0.058223866069018214, "r2": 0.9527446120585349, "status": "ok", "start_time": 1697416645.8584409, "duration": 0.7746081352233887}, "current_params": {"N": 500, "iss": 0.18640085674470974, "lr": 0.008316425906674767, "ridge": 3.822116394355239e-05, "seed": 1234, "sr": 0.02745813794912951}}