{"returned_dict": {"loss": 0.05749030010062617, "r2": 0.870015964696906, "status": "ok", "start_time": 1697194724.559305, "duration": 12.141972064971924}, "current_params": {"N": 1000, "iss": 0.2841990386572327, "lr": 0.4297960808148079, "ridge": 3.4827616605209123e-06, "seed": 1234, "sr": 0.020006202812672045}}