{"returned_dict": {"loss": 0.06898019890522954, "r2": 0.8703793596042398, "status": "ok", "start_time": 1697696192.8113039, "duration": 0.903745174407959}, "current_params": {"N": 500, "iss": 0.9, "lr": 0.2999168282397612, "ridge": 1e-07, "seed": 1234, "sr": 2.0711751271159318}}