{"returned_dict": {"loss": 0.06856533814537648, "r2": 0.8229012690071148, "status": "ok", "start_time": 1697416573.239569, "duration": 6.154260158538818}, "current_params": {"N": 1000, "iss": 0.33697973924510827, "lr": 0.17543139583076806, "ridge": 0.0006465876818538902, "seed": 1234, "sr": 0.015590519612759524}}