{"returned_dict": {"loss": 0.06315071444214317, "r2": 0.8499420036783706, "status": "ok", "start_time": 1697192360.1557891, "duration": 4.446241855621338}, "current_params": {"N": 1000, "iss": 0.451625695847095, "lr": 0.2824777807824228, "ridge": 0.0004995561065461233, "seed": 1234, "sr": 4.434072756135233}}