{"returned_dict": {"loss": 0.060135338115374325, "r2": 0.8644093657344936, "status": "ok", "start_time": 1697192923.9838378, "duration": 4.958055257797241}, "current_params": {"N": 1000, "iss": 0.892885997800422, "lr": 0.49981993643396744, "ridge": 3.2585212389411373e-07, "seed": 1234, "sr": 0.13073371451589708}}