{"returned_dict": {"loss": 0.06733640801361733, "r2": 0.8298832427497772, "status": "ok", "start_time": 1697189653.60746, "duration": 4.220566749572754}, "current_params": {"N": 1000, "iss": 0.0026462177202568604, "lr": 0.021333081512378033, "ridge": 0.00025791954558242, "seed": 1234, "sr": 0.011405319213458769}}