{"returned_dict": {"loss": 0.062436342941834776, "r2": 0.8538138235136697, "status": "ok", "start_time": 1697193487.768678, "duration": 4.338868856430054}, "current_params": {"N": 1000, "iss": 0.32792488571889467, "lr": 0.22465500878777248, "ridge": 0.0003014232201482745, "seed": 1234, "sr": 0.09835763510258089}}