{"returned_dict": {"loss": 0.06811483282561463, "r2": 0.8432788328257178, "status": "ok", "start_time": 1697696267.648152, "duration": 0.9143810272216797}, "current_params": {"N": 500, "iss": 0.9, "lr": 0.0010345463215508882, "ridge": 1e-07, "seed": 1234, "sr": 0.7476653587619372}}