{"returned_dict": {"loss": 0.0675255215269439, "r2": 0.8290302275774803, "status": "ok", "start_time": 1697192933.61258, "duration": 5.083340167999268}, "current_params": {"N": 1000, "iss": 0.20874949204266458, "lr": 0.07729401267577381, "ridge": 5.55904979401799e-05, "seed": 1234, "sr": 0.21210441974152222}}