{"returned_dict": {"loss": 0.0664477846406844, "r2": 0.9371440083626933, "status": "ok", "start_time": 1697183675.699926, "duration": 0.8432831764221191}, "current_params": {"N": 500, "iss": 0.5734609694174653, "lr": 0.0014528929731718976, "ridge": 0.0002509953774283313, "seed": 1234, "sr": 1.4787515437601555}}