{"returned_dict": {"loss": 0.06278324704123402, "r2": 0.8480753756241463, "status": "ok", "start_time": 1697696251.030166, "duration": 0.8896341323852539}, "current_params": {"N": 500, "iss": 0.9, "lr": 0.0011414997148981286, "ridge": 1e-07, "seed": 1234, "sr": 0.30993658351244163}}