{"returned_dict": {"loss": 0.061793185143301545, "r2": 0.9466988412062327, "status": "ok", "start_time": 1697185070.643829, "duration": 0.7771499156951904}, "current_params": {"N": 500, "iss": 0.6743270588841205, "lr": 0.0014402248070585332, "ridge": 0.0006137812121664229, "seed": 1234, "sr": 0.3554664959628415}}