{"returned_dict": {"loss": 0.06452352647822225, "r2": 0.8438357661710235, "status": "ok", "start_time": 1697193410.360359, "duration": 4.3114659786224365}, "current_params": {"N": 1000, "iss": 0.23999648673506557, "lr": 0.14755529525122685, "ridge": 2.191167299174609e-09, "seed": 1234, "sr": 0.023462246374277934}}