{"returned_dict": {"loss": 0.0663718177835408, "r2": 0.938597963141322, "status": "ok", "start_time": 1697416704.8380978, "duration": 0.7406682968139648}, "current_params": {"N": 500, "iss": 0.10044612037411704, "lr": 0.07898613150169653, "ridge": 0.005230035728447981, "seed": 1234, "sr": 0.03524277949039688}}