{"returned_dict": {"loss": 0.07813245278588188, "r2": 0.7773130347141178, "status": "ok", "start_time": 1697187580.281185, "duration": 4.326308965682983}, "current_params": {"N": 1000, "iss": 0.47860011851145334, "lr": 0.4166356911062447, "ridge": 1.2751646272541625e-05, "seed": 1234, "sr": 0.14848409471568397}}