{"returned_dict": {"loss": 0.07843967333029608, "r2": 0.7579911080501738, "status": "ok", "start_time": 1697195324.0475268, "duration": 11.872290134429932}, "current_params": {"N": 1000, "iss": 0.20923040118546266, "lr": 0.0077355403142878795, "ridge": 0.0023425261581026765, "seed": 1234, "sr": 0.026761175701104346}}