{"returned_dict": {"loss": 0.07378973826690638, "r2": 0.7957863313197818, "status": "ok", "start_time": 1697192820.194419, "duration": 4.2319769859313965}, "current_params": {"N": 1000, "iss": 0.51533056692996, "lr": 0.034790822993190244, "ridge": 0.006492379836402213, "seed": 1234, "sr": 0.2237449778907503}}