{"returned_dict": {"loss": 0.07539067723309599, "r2": 0.7897959927303342, "status": "ok", "start_time": 1697449651.095283, "duration": 1.7563529014587402}, "current_params": {"N": 500, "iss": 0.33697973924510827, "lr": 0.17543139583076806, "ridge": 0.0006465876818538902, "seed": 1234, "sr": 0.015590519612759524}}