{"returned_dict": {"loss": 0.07170557789388793, "r2": 0.7977493687077314, "status": "ok", "start_time": 1697195097.038582, "duration": 11.885137796401978}, "current_params": {"N": 1000, "iss": 0.4893385543018618, "lr": 0.02143015081924661, "ridge": 1.1102605111730034e-05, "seed": 1234, "sr": 0.02572013644212619}}