{"returned_dict": {"loss": 0.07331282464210313, "r2": -3.8120848577615827, "status": "ok", "start_time": 1697443108.6464698, "duration": 1.7690989971160889}, "current_params": {"N": 500, "iss": 0.9228386144334726, "lr": 0.10752060708924599, "ridge": 1.1106829899616503e-06, "seed": 1234, "sr": 0.3157133897830133}}