{"returned_dict": {"loss": 0.07809157901628068, "r2": 0.7775504350658591, "status": "ok", "start_time": 1697187865.827381, "duration": 4.3539862632751465}, "current_params": {"N": 1000, "iss": 0.09801956882183527, "lr": 0.21207672046475814, "ridge": 4.6581639384163866e-05, "seed": 1234, "sr": 0.21354604962375795}}