{"returned_dict": {"loss": 0.07092729576014893, "r2": 0.8021421374912984, "status": "ok", "start_time": 1697196443.996097, "duration": 12.106047868728638}, "current_params": {"N": 1000, "iss": 0.3648171195318186, "lr": 0.06815247173845063, "ridge": 0.004137027458330782, "seed": 1234, "sr": 0.0440605775382449}}