{"returned_dict": {"loss": 0.07904132440203826, "r2": 0.7657487637808159, "status": "ok", "start_time": 1697193504.902257, "duration": 4.320590019226074}, "current_params": {"N": 1000, "iss": 0.3945156093805232, "lr": 0.015128007637960973, "ridge": 3.182563639108543e-06, "seed": 1234, "sr": 0.012260384608014823}}