{"returned_dict": {"loss": 0.07794363341498818, "r2": 0.7721014100604155, "status": "ok", "start_time": 1697193134.440255, "duration": 4.29679012298584}, "current_params": {"N": 1000, "iss": 0.22844120631577203, "lr": 0.5068843153791186, "ridge": 1.748641447561754e-09, "seed": 1234, "sr": 1.2556711601352721}}