{"returned_dict": {"loss": 0.07619935655232545, "r2": 0.7822892441087376, "status": "ok", "start_time": 1697193281.606993, "duration": 4.298527956008911}, "current_params": {"N": 1000, "iss": 0.9526407636866457, "lr": 0.03942187518677715, "ridge": 0.00016087888046694687, "seed": 1234, "sr": 0.03600276409094316}}