{"returned_dict": {"loss": 0.07847130092235488, "r2": 0.7753739200074152, "status": "ok", "start_time": 1697188213.735187, "duration": 4.634663105010986}, "current_params": {"N": 1000, "iss": 0.19784990317265738, "lr": 0.31008930988824535, "ridge": 0.00013246781832067779, "seed": 1234, "sr": 0.08438326345409637}}