{"returned_dict": {"loss": 0.07636186968090196, "r2": 0.8638215122524867, "status": "ok", "start_time": 1697096872.819705, "duration": 0.7646539211273193}, "current_params": {"N": 500, "iss": 0.9, "lr": 0.0020381971895498943, "ridge": 1e-07, "seed": 1234, "sr": 0.09437285509046839}}