{"returned_dict": {"loss": 0.0782681803987325, "r2": 0.8332536356943933, "status": "ok", "start_time": 1697695435.407368, "duration": 0.8934803009033203}, "current_params": {"N": 500, "iss": 0.9, "lr": 0.351101881861253, "ridge": 1e-07, "seed": 1234, "sr": 2.8424339478368448}}