{"returned_dict": {"loss": 0.07327218276445767, "r2": 0.788860215254329, "status": "ok", "start_time": 1697195743.583186, "duration": 12.02672004699707}, "current_params": {"N": 1000, "iss": 0.9526407636866457, "lr": 0.03942187518677715, "ridge": 0.00016087888046694687, "seed": 1234, "sr": 0.03600276409094316}}