{"returned_dict": {"loss": 0.07195858561553757, "r2": 0.7963631693511807, "status": "ok", "start_time": 1697195984.05378, "duration": 12.423088073730469}, "current_params": {"N": 1000, "iss": 0.040938266600104134, "lr": 0.3659512815680789, "ridge": 0.0021047798903734414, "seed": 1234, "sr": 0.3797757622392174}}