{"returned_dict": {"loss": 0.07684477680409275, "r2": 0.7758019093214448, "status": "ok", "start_time": 1697192481.513746, "duration": 4.2917468547821045}, "current_params": {"N": 1000, "iss": 0.6722112091210425, "lr": 0.002569219109514612, "ridge": 0.007174915864539121, "seed": 1234, "sr": 0.05675258102871899}}