{"returned_dict": {"loss": 0.07357010059704455, "r2": 0.7970599385608303, "status": "ok", "start_time": 1697193535.167806, "duration": 4.294692039489746}, "current_params": {"N": 1000, "iss": 0.3829699328467736, "lr": 0.026695530015763223, "ridge": 3.993947976599462e-07, "seed": 1234, "sr": 0.013649509767262393}}