{"returned_dict": {"loss": 0.07032804105549088, "r2": 0.9275033255898056, "status": "ok", "start_time": 1697183751.507835, "duration": 0.8529970645904541}, "current_params": {"N": 500, "iss": 0.006972115376929322, "lr": 0.012836594720886324, "ridge": 1.4561222069260244e-09, "seed": 1234, "sr": 0.7794764412014389}}