{"returned_dict": {"loss": 0.07186341737155479, "r2": 0.8593538556917005, "status": "ok", "start_time": 1697158946.384483, "duration": 0.9499337673187256}, "current_params": {"N": 500, "iss": 0.9, "lr": 0.9886841501638685, "ridge": 1e-07, "seed": 1234, "sr": 4.574545330611019}}