{"returned_dict": {"loss": 0.07520537844334352, "r2": 0.7878345691704363, "status": "ok", "start_time": 1697193358.8920681, "duration": 4.2443647384643555}, "current_params": {"N": 1000, "iss": 0.2752328727257135, "lr": 0.062196381712238125, "ridge": 0.0015831477712927589, "seed": 1234, "sr": 0.011423076308344373}}