{"returned_dict": {"loss": 0.07688141935948235, "r2": 0.7675316959774596, "status": "ok", "start_time": 1697194508.534148, "duration": 12.036960124969482}, "current_params": {"N": 1000, "iss": 0.18640085674470974, "lr": 0.008316425906674767, "ridge": 3.822116394355239e-05, "seed": 1234, "sr": 0.02745813794912951}}