{"returned_dict": {"loss": 0.07793526644138461, "r2": 0.7948519603239158, "status": "ok", "start_time": 1697182169.0721889, "duration": 1.0363702774047852}, "current_params": {"N": 500, "iss": 0.19717791279794772, "lr": 0.8908311505278818, "ridge": 0.00013283966567113832, "seed": 1234, "sr": 0.20760447792478667}}