{"returned_dict": {"loss": 0.0892749444334886, "r2": 0.7307661525406437, "status": "ok", "start_time": 1697170349.089886, "duration": 0.8921599388122559}, "current_params": {"N": 500, "iss": 0.9, "lr": 0.7574590139415617, "ridge": 1e-07, "seed": 1234, "sr": 0.03524277949039688}}