{"returned_dict": {"loss": 0.08652535176410814, "r2": 0.7268925610500497, "status": "ok", "start_time": 1697187163.877541, "duration": 1.8674278259277344}, "current_params": {"N": 500, "iss": 0.3045451369845007, "lr": 0.27036282441620346, "ridge": 0.00030682003342967967, "seed": 1234, "sr": 0.04049959618384302}}