{"returned_dict": {"loss": 0.08103780738132392, "r2": 0.7604370853981451, "status": "ok", "start_time": 1697188236.108768, "duration": 4.333540201187134}, "current_params": {"N": 1000, "iss": 0.2892949225345609, "lr": 0.26564196963566705, "ridge": 0.001669043615883305, "seed": 1234, "sr": 0.5335784501655656}}