{"returned_dict": {"loss": 0.08841879685982175, "r2": 0.7148205457948485, "status": "ok", "start_time": 1697187294.597713, "duration": 1.8382461071014404}, "current_params": {"N": 500, "iss": 0.46362690696575914, "lr": 0.1556591544481278, "ridge": 0.0003537494244538186, "seed": 1234, "sr": 0.05298748174805132}}