{"returned_dict": {"loss": 0.0822281399507781, "r2": 0.8473204407654507, "status": "ok", "start_time": 1697437037.323174, "duration": 1.7766790390014648}, "current_params": {"N": 500, "iss": 0.6913380290583117, "lr": 0.7766456097348572, "ridge": 0.0022490571107960764, "seed": 1234, "sr": 3.382940283445415}}