{"returned_dict": {"loss": 0.08492923160997423, "r2": 0.7563516442939228, "status": "ok", "start_time": 1697181669.3156228, "duration": 1.097224235534668}, "current_params": {"N": 500, "iss": 0.6111605371168316, "lr": 0.6850520991863419, "ridge": 1e-07, "seed": 1234, "sr": 0.0440605775382449}}