{"returned_dict": {"loss": 0.08643852266921898, "r2": 0.7274373656369179, "status": "ok", "start_time": 1697187381.965835, "duration": 1.8647348880767822}, "current_params": {"N": 500, "iss": 0.32792488571889467, "lr": 0.22465500878777248, "ridge": 0.0003014232201482745, "seed": 1234, "sr": 0.09835763510258089}}