{"returned_dict": {"loss": 0.08665743509442331, "r2": 0.7463519803551089, "status": "ok", "start_time": 1697182090.347991, "duration": 1.0471689701080322}, "current_params": {"N": 500, "iss": 0.44727779774125975, "lr": 0.36822455888750405, "ridge": 0.0002215397496700079, "seed": 1234, "sr": 0.02348225301745763}}