{"returned_dict": {"loss": 0.08075410125054293, "r2": 0.8453751268573114, "status": "ok", "start_time": 1697156830.906564, "duration": 0.8200268745422363}, "current_params": {"N": 500, "iss": 0.9, "lr": 0.0017793789683264896, "ridge": 1e-07, "seed": 1234, "sr": 0.10594870634350116}}