{"returned_dict": {"loss": 0.08140330260040486, "r2": 0.8466391511860077, "status": "ok", "start_time": 1697155137.015149, "duration": 0.7917838096618652}, "current_params": {"N": 500, "iss": 0.9, "lr": 0.9187802178509046, "ridge": 1e-07, "seed": 1234, "sr": 4.224184001973293}}