{"returned_dict": {"loss": 0.08335017338604621, "r2": 0.7653061544291379, "status": "ok", "start_time": 1697182173.333444, "duration": 1.0208938121795654}, "current_params": {"N": 500, "iss": 0.09801956882183527, "lr": 0.21207672046475814, "ridge": 4.6581639384163866e-05, "seed": 1234, "sr": 0.21354604962375795}}