{"returned_dict": {"loss": 0.08898790673624897, "r2": 0.7111364160272914, "status": "ok", "start_time": 1697187347.857941, "duration": 1.863067865371704}, "current_params": {"N": 500, "iss": 0.23999648673506557, "lr": 0.14755529525122685, "ridge": 2.191167299174609e-09, "seed": 1234, "sr": 0.023462246374277934}}