{"returned_dict": {"loss": 0.08954624718251619, "r2": 0.6828630614844133, "status": "ok", "start_time": 1697194329.189735, "duration": 11.858151197433472}, "current_params": {"N": 1000, "iss": 0.9739479466464522, "lr": 0.0011253563603354569, "ridge": 0.0021883735119396686, "seed": 1234, "sr": 0.04981749804245153}}