{"returned_dict": {"loss": 0.08165856458086426, "r2": 0.7567601321940352, "status": "ok", "start_time": 1697187109.715842, "duration": 1.8934979438781738}, "current_params": {"N": 500, "iss": 0.47860011851145334, "lr": 0.4166356911062447, "ridge": 1.2751646272541625e-05, "seed": 1234, "sr": 0.14848409471568397}}