{"returned_dict": {"loss": 0.08991054965049183, "r2": 0.7269668795754723, "status": "ok", "start_time": 1697182255.930731, "duration": 1.073763132095337}, "current_params": {"N": 500, "iss": 0.32792488571889467, "lr": 0.22465500878777248, "ridge": 0.0003014232201482745, "seed": 1234, "sr": 0.09835763510258089}}