{"returned_dict": {"loss": 0.0835811640091888, "r2": 0.7252404496646276, "status": "ok", "start_time": 1697195001.538173, "duration": 11.992980003356934}, "current_params": {"N": 1000, "iss": 0.616731567531399, "lr": 0.6954288762234999, "ridge": 0.0061302022177938354, "seed": 1234, "sr": 6.834465647289925}}