{"returned_dict": {"loss": 0.08275684860628875, "r2": 0.7404707389797566, "status": "ok", "start_time": 1697189571.369558, "duration": 4.218118906021118}, "current_params": {"N": 1000, "iss": 0.975796083487275, "lr": 0.36345335286724006, "ridge": 3.344756996651249e-07, "seed": 1234, "sr": 3.928074544493676}}