{"returned_dict": {"loss": 0.08237789664554908, "r2": 0.7524379375820919, "status": "ok", "start_time": 1697187385.703518, "duration": 1.8934831619262695}, "current_params": {"N": 500, "iss": 0.19784990317265738, "lr": 0.31008930988824535, "ridge": 0.00013246781832067779, "seed": 1234, "sr": 0.08438326345409637}}