{"returned_dict": {"loss": 0.08254433026862452, "r2": 0.7697889373418566, "status": "ok", "start_time": 1697181569.405004, "duration": 0.9921720027923584}, "current_params": {"N": 500, "iss": 0.5346657364553119, "lr": 0.9489133937634464, "ridge": 1e-07, "seed": 1234, "sr": 0.014438974945890222}}