{"returned_dict": {"loss": 0.08282392592481318, "r2": 0.7497620908239634, "status": "ok", "start_time": 1697187698.7747982, "duration": 4.199639797210693}, "current_params": {"N": 1000, "iss": 0.3045451369845007, "lr": 0.27036282441620346, "ridge": 0.00030682003342967967, "seed": 1234, "sr": 0.04049959618384302}}