{"returned_dict": {"loss": 0.08127496623976375, "r2": 0.7768920510989988, "status": "ok", "start_time": 1697181484.931776, "duration": 1.0026710033416748}, "current_params": {"N": 500, "iss": 0.017096689947744492, "lr": 0.5214286704332637, "ridge": 1e-07, "seed": 1234, "sr": 0.04981749804245153}}