{"returned_dict": {"loss": 0.08246317456270824, "r2": 0.7703093168852105, "status": "ok", "start_time": 1697181673.9420958, "duration": 1.0113253593444824}, "current_params": {"N": 500, "iss": 0.5577535123112541, "lr": 0.8066803683138792, "ridge": 1e-07, "seed": 1234, "sr": 0.02045819673305219}}