{"returned_dict": {"loss": 0.08738959086105756, "r2": 0.7420584139778629, "status": "ok", "start_time": 1697170428.294572, "duration": 0.8863379955291748}, "current_params": {"N": 500, "iss": 0.9, "lr": 0.8066803683138792, "ridge": 1e-07, "seed": 1234, "sr": 0.02045819673305219}}