{"returned_dict": {"loss": 0.08317284355224043, "r2": 0.7404354254881097, "status": "ok", "start_time": 1697192802.266104, "duration": 4.236328125}, "current_params": {"N": 1000, "iss": 0.9326851510627013, "lr": 0.01313978174667569, "ridge": 0.0007520446577387131, "seed": 1234, "sr": 0.18658183701753261}}