{"returned_dict": {"loss": 0.08010105113880893, "r2": 0.7475746316969598, "status": "ok", "start_time": 1697195623.419418, "duration": 12.074218988418579}, "current_params": {"N": 1000, "iss": 0.7889351766743528, "lr": 0.00398609258790173, "ridge": 0.0026164567787443195, "seed": 1234, "sr": 0.012580639725311055}}