{"returned_dict": {"loss": 0.08290808489522793, "r2": 0.7678384060784671, "status": "ok", "start_time": 1697181560.115926, "duration": 1.0142710208892822}, "current_params": {"N": 500, "iss": 0.1843506993427273, "lr": 0.3546662046669203, "ridge": 1e-07, "seed": 1234, "sr": 0.015928787718820343}}