{"returned_dict": {"loss": 0.08368569068067715, "r2": 0.7634488446966509, "status": "ok", "start_time": 1697182258.0291, "duration": 1.084895133972168}, "current_params": {"N": 500, "iss": 0.19784990317265738, "lr": 0.31008930988824535, "ridge": 0.00013246781832067779, "seed": 1234, "sr": 0.08438326345409637}}