{"returned_dict": {"loss": 0.08368328991135177, "r2": 0.7244541324765515, "status": "ok", "start_time": 1697195156.514444, "duration": 12.011058807373047}, "current_params": {"N": 1000, "iss": 0.8088601787647725, "lr": 0.010820249488204384, "ridge": 2.157571970097535e-05, "seed": 1234, "sr": 0.19935467732696538}}