{"returned_dict": {"loss": 0.08847827407719845, "r2": 0.7144195511608045, "status": "ok", "start_time": 1697187644.551598, "duration": 4.164052963256836}, "current_params": {"N": 1000, "iss": 0.20874949204266458, "lr": 0.07729401267577381, "ridge": 5.55904979401799e-05, "seed": 1234, "sr": 0.21210441974152222}}