{"returned_dict": {"loss": 0.08430517880241817, "r2": 0.7333274255119325, "status": "ok", "start_time": 1697193182.1222231, "duration": 4.2620909214019775}, "current_params": {"N": 1000, "iss": 0.21506092759674977, "lr": 0.0037871077443508176, "ridge": 7.866367247447239e-05, "seed": 1234, "sr": 0.01969702873562671}}