{"returned_dict": {"loss": 0.08083031793671498, "r2": 0.7430548734468386, "status": "ok", "start_time": 1697195923.814719, "duration": 11.9203200340271}, "current_params": {"N": 1000, "iss": 0.8091744524034417, "lr": 0.9358123326900604, "ridge": 3.7883632037985046e-08, "seed": 1234, "sr": 5.974243589442645}}