{"returned_dict": {"loss": 0.08391816032380883, "r2": 0.7222952409372572, "status": "ok", "start_time": 1697189017.78352, "duration": 4.3142290115356445}, "current_params": {"N": 1000, "iss": 0.7041340569061305, "lr": 0.02018337832903292, "ridge": 2.3115334421298753e-06, "seed": 1234, "sr": 0.09442721440119983}}