{"returned_dict": {"loss": 0.08470268141613385, "r2": 0.7382753345450804, "status": "ok", "start_time": 1697187090.570712, "duration": 1.8906939029693604}, "current_params": {"N": 500, "iss": 0.44727779774125975, "lr": 0.36822455888750405, "ridge": 0.0002215397496700079, "seed": 1234, "sr": 0.02348225301745763}}