{"returned_dict": {"loss": 0.08934707720536299, "r2": 0.7088008386922505, "status": "ok", "start_time": 1697187981.4457119, "duration": 4.302006959915161}, "current_params": {"N": 1000, "iss": 0.5923323236902225, "lr": 0.09414420070801902, "ridge": 0.0014474323274106797, "seed": 1234, "sr": 0.13317912806568327}}