{"returned_dict": {"loss": 0.08816302203359518, "r2": 0.716462438505986, "status": "ok", "start_time": 1697188104.12615, "duration": 4.387917995452881}, "current_params": {"N": 1000, "iss": 0.5619647530716958, "lr": 0.12251552188440552, "ridge": 0.00013569741429282753, "seed": 1234, "sr": 0.020788245498133077}}