{"returned_dict": {"loss": 0.09553083216021742, "r2": 0.6916436700977854, "status": "ok", "start_time": 1697182187.685451, "duration": 1.1115520000457764}, "current_params": {"N": 500, "iss": 0.5287332640862811, "lr": 0.20878183455914587, "ridge": 8.070436813924713e-08, "seed": 1234, "sr": 0.02857977758285706}}