{"returned_dict": {"loss": 0.09750466187941324, "r2": 0.6370156564655896, "status": "ok", "start_time": 1697189701.150686, "duration": 4.22792387008667}, "current_params": {"N": 1000, "iss": 0.8161326333926638, "lr": 0.07816106311699304, "ridge": 7.358885705656805e-05, "seed": 1234, "sr": 0.8542795536342308}}