{"returned_dict": {"loss": 0.09468361774509122, "r2": 0.6727562963573299, "status": "ok", "start_time": 1697187433.912798, "duration": 4.20815896987915}, "current_params": {"N": 1000, "iss": 0.15717970056189712, "lr": 0.07128243944571559, "ridge": 3.2781375924716163e-09, "seed": 1234, "sr": 0.027598683234115115}}