{"returned_dict": {"loss": 0.09318191912365496, "r2": 0.7066536218918591, "status": "ok", "start_time": 1697172144.110377, "duration": 1.0395989418029785}, "current_params": {"N": 500, "iss": 0.9, "lr": 0.6539127865872252, "ridge": 1e-07, "seed": 1234, "sr": 0.10149855100477383}}