{"returned_dict": {"loss": 0.09632800718597191, "r2": 0.6865346282288094, "status": "ok", "start_time": 1697181604.321758, "duration": 0.9945039749145508}, "current_params": {"N": 500, "iss": 0.657931190864675, "lr": 0.4367736203806121, "ridge": 1e-07, "seed": 1234, "sr": 0.13317912806568327}}