{"returned_dict": {"loss": 0.09506982281095727, "r2": 0.7961016249726716, "status": "ok", "start_time": 1697438448.5309298, "duration": 1.882323980331421}, "current_params": {"N": 500, "iss": 0.10906298691030492, "lr": 0.9218534144690985, "ridge": 0.007620699289978396, "seed": 1234, "sr": 1.810409666530886}}