{"returned_dict": {"loss": 0.09980009392640372, "r2": 0.6635937239132466, "status": "ok", "start_time": 1697182089.279841, "duration": 1.0644190311431885}, "current_params": {"N": 500, "iss": 0.51533056692996, "lr": 0.034790822993190244, "ridge": 0.006492379836402213, "seed": 1234, "sr": 0.2237449778907503}}