{"returned_dict": {"loss": 0.09175268061044832, "r2": 0.7155853949366965, "status": "ok", "start_time": 1697171980.171818, "duration": 0.9801199436187744}, "current_params": {"N": 500, "iss": 0.9, "lr": 0.5214286704332637, "ridge": 1e-07, "seed": 1234, "sr": 0.04981749804245153}}