{"returned_dict": {"loss": 0.0941331274564212, "r2": -6.220963232982737, "status": "ok", "start_time": 1697443061.269166, "duration": 1.7363522052764893}, "current_params": {"N": 500, "iss": 0.11994602555379685, "lr": 0.16859893208998253, "ridge": 6.132193847282312e-09, "seed": 1234, "sr": 2.3297993110223385}}