{"returned_dict": {"loss": 0.09623135172126616, "r2": 0.6872134194258205, "status": "ok", "start_time": 1697182074.384327, "duration": 1.0956270694732666}, "current_params": {"N": 500, "iss": 0.21686967585707428, "lr": 0.06719120770962762, "ridge": 0.00012890720812140736, "seed": 1234, "sr": 0.07071032186253305}}