{"returned_dict": {"loss": 0.09638679769719542, "r2": 0.6602867718482653, "status": "ok", "start_time": 1697188209.43268, "duration": 4.297760009765625}, "current_params": {"N": 1000, "iss": 0.6913380290583117, "lr": 0.7766456097348572, "ridge": 0.0022490571107960764, "seed": 1234, "sr": 3.382940283445415}}