{"returned_dict": {"loss": 0.09400921320549703, "r2": 0.7014917694345874, "status": "ok", "start_time": 1697181630.67, "duration": 1.0741119384765625}, "current_params": {"N": 500, "iss": 0.4430178642584375, "lr": 0.20854872441770467, "ridge": 1e-07, "seed": 1234, "sr": 0.011405319213458769}}