{"returned_dict": {"loss": 0.09081165058859501, "r2": 0.7213189916104805, "status": "ok", "start_time": 1697170293.385418, "duration": 0.9126510620117188}, "current_params": {"N": 500, "iss": 0.9, "lr": 0.8673756090827982, "ridge": 1e-07, "seed": 1234, "sr": 0.05675258102871899}}