{"returned_dict": {"loss": 0.091854080187928, "r2": 0.714981400830715, "status": "ok", "start_time": 1697181477.906128, "duration": 1.0031330585479736}, "current_params": {"N": 500, "iss": 0.7480357729604008, "lr": 0.3092209407645961, "ridge": 1e-07, "seed": 1234, "sr": 0.015590519612759524}}