{"returned_dict": {"loss": 0.09349366089824095, "r2": 0.6721016656474585, "status": "ok", "start_time": 1697193011.514576, "duration": 4.191938877105713}, "current_params": {"N": 1000, "iss": 0.616731567531399, "lr": 0.6954288762234999, "ridge": 0.0061302022177938354, "seed": 1234, "sr": 6.834465647289925}}