{"returned_dict": {"loss": 0.09769096514684152, "r2": 0.651876960023042, "status": "ok", "start_time": 1697187080.905988, "duration": 2.1362130641937256}, "current_params": {"N": 500, "iss": 0.9326851510627013, "lr": 0.01313978174667569, "ridge": 0.0007520446577387131, "seed": 1234, "sr": 0.18658183701753261}}