{"returned_dict": {"loss": 0.09707121171367068, "r2": 0.6562770270478248, "status": "ok", "start_time": 1697187754.0126321, "duration": 4.268754959106445}, "current_params": {"N": 1000, "iss": 0.4893385543018618, "lr": 0.02143015081924661, "ridge": 1.1102605111730034e-05, "seed": 1234, "sr": 0.02572013644212619}}