{"returned_dict": {"loss": 0.09539819166931236, "r2": -6.901073987421344, "status": "ok", "start_time": 1697450216.207158, "duration": 1.8305609226226807}, "current_params": {"N": 500, "iss": 0.9492451986094536, "lr": 0.012192269780560696, "ridge": 1.0355816851799808e-08, "seed": 1234, "sr": 0.03438139057492874}}