{"returned_dict": {"loss": 0.09023154550803832, "r2": 0.6496819049815205, "status": "ok", "start_time": 1697195659.636678, "duration": 11.950350999832153}, "current_params": {"N": 1000, "iss": 0.9408397105778058, "lr": 0.3594469868947466, "ridge": 2.899155403260927e-08, "seed": 1234, "sr": 0.953319122623503}}