{"returned_dict": {"loss": 0.095976110150967, "r2": 0.6639934387490308, "status": "ok", "start_time": 1697187332.365055, "duration": 1.955216884613037}, "current_params": {"N": 500, "iss": 0.0026462177202568604, "lr": 0.021333081512378033, "ridge": 0.00025791954558242, "seed": 1234, "sr": 0.011405319213458769}}