{"returned_dict": {"loss": 0.09003100200868204, "r2": 0.704275115131046, "status": "ok", "start_time": 1697187383.8352242, "duration": 1.8636877536773682}, "current_params": {"N": 500, "iss": 0.6913380290583117, "lr": 0.7766456097348572, "ridge": 0.0022490571107960764, "seed": 1234, "sr": 3.382940283445415}}