{"returned_dict": {"loss": 0.09595604549106024, "r2": 0.664133713474353, "status": "ok", "start_time": 1697187188.722985, "duration": 2.015338897705078}, "current_params": {"N": 500, "iss": 0.4893385543018618, "lr": 0.02143015081924661, "ridge": 1.1102605111730034e-05, "seed": 1234, "sr": 0.02572013644212619}}