{"returned_dict": {"loss": 0.09284514629573554, "r2": 0.7087777401034648, "status": "ok", "start_time": 1697170350.8753889, "duration": 0.8818402290344238}, "current_params": {"N": 500, "iss": 0.9, "lr": 0.3567209557257145, "ridge": 1e-07, "seed": 1234, "sr": 0.014411455273543402}}