{"returned_dict": {"loss": 0.09800929791289052, "r2": 0.6495885128030164, "status": "ok", "start_time": 1697187094.388094, "duration": 1.9283671379089355}, "current_params": {"N": 500, "iss": 0.18640085674470974, "lr": 0.008316425906674767, "ridge": 3.822116394355239e-05, "seed": 1234, "sr": 0.02745813794912951}}