{"returned_dict": {"loss": 0.09389546221571753, "r2": 0.7020858554759238, "status": "ok", "start_time": 1697181568.2827258, "duration": 1.1187090873718262}, "current_params": {"N": 500, "iss": 0.07622703490219795, "lr": 0.3193275230054053, "ridge": 1e-07, "seed": 1234, "sr": 0.22191193501289097}}