{"returned_dict": {"loss": 0.09383303774746754, "r2": 0.7003658899723696, "status": "ok", "start_time": 1697181653.335371, "duration": 1.2716920375823975}, "current_params": {"N": 500, "iss": 0.417961985130599, "lr": 0.6539127865872252, "ridge": 1e-07, "seed": 1234, "sr": 0.10149855100477383}}