{"returned_dict": {"loss": 0.0918756555549864, "r2": 0.6920827538163593, "status": "ok", "start_time": 1697187311.350806, "duration": 1.872304916381836}, "current_params": {"N": 500, "iss": 0.35807336738969764, "lr": 0.8619303140116904, "ridge": 1.0115479045381332e-07, "seed": 1234, "sr": 4.881086179748358}}