{"returned_dict": {"loss": 0.0903464263373231, "r2": -13.943747604903868, "status": "ok", "start_time": 1697449045.560183, "duration": 4.229370832443237}, "current_params": {"N": 1000, "iss": 0.794303432239716, "lr": 0.7725304602957936, "ridge": 1.3376623261071025e-07, "seed": 1234, "sr": 0.026191894186955052}}