{"returned_dict": {"loss": 0.09920572802613652, "r2": 0.6272587117015146, "status": "ok", "start_time": 1697189492.825845, "duration": 4.205009937286377}, "current_params": {"N": 1000, "iss": 0.9243526866471957, "lr": 0.1542815995343576, "ridge": 8.50499153424126e-08, "seed": 1234, "sr": 1.7459748086870097}}