{"returned_dict": {"loss": 0.09668767252608627, "r2": 0.6841327688999769, "status": "ok", "start_time": 1697181616.711641, "duration": 1.119217872619629}, "current_params": {"N": 500, "iss": 0.2386424064774083, "lr": 0.3788937840048821, "ridge": 1e-07, "seed": 1234, "sr": 0.16300115584611943}}