{"returned_dict": {"loss": 0.09643917880923375, "r2": 0.6854506032603221, "status": "ok", "start_time": 1697172112.896289, "duration": 1.071199893951416}, "current_params": {"N": 500, "iss": 0.9, "lr": 0.865053734375228, "ridge": 1e-07, "seed": 1234, "sr": 0.12440910427817788}}