{"returned_dict": {"loss": 0.10221093374036078, "r2": -7.384592909995438, "status": "ok", "start_time": 1697456060.558081, "duration": 9.526671886444092}, "current_params": {"N": 1000, "iss": 0.8097531217575742, "lr": 0.04708253287367831, "ridge": 9.2648288823008e-08, "seed": 1234, "sr": 7.231920572306449}}