{"returned_dict": {"loss": 0.10096960896659608, "r2": 0.6170034162113524, "status": "ok", "start_time": 1697193067.9814851, "duration": 5.017550706863403}, "current_params": {"N": 1000, "iss": 0.8088601787647725, "lr": 0.010820249488204384, "ridge": 2.157571970097535e-05, "seed": 1234, "sr": 0.19935467732696538}}