{"returned_dict": {"loss": 0.10256180927008833, "r2": 0.5834247631368532, "status": "ok", "start_time": 1697189787.390891, "duration": 4.248680830001831}, "current_params": {"N": 1000, "iss": 0.15890994153775684, "lr": 0.00792332805983459, "ridge": 3.0909972660202036e-06, "seed": 1234, "sr": 0.575269795679041}}