{"returned_dict": {"loss": 0.10158590456129091, "r2": 0.6187979924545868, "status": "ok", "start_time": 1697187196.5749388, "duration": 1.929990291595459}, "current_params": {"N": 500, "iss": 0.4183352059788139, "lr": 0.7699157917998888, "ridge": 1.5491027325251184e-06, "seed": 1234, "sr": 1.9933094412983583}}