{"returned_dict": {"loss": 0.10357191576018643, "r2": 0.7342600240496221, "status": "ok", "start_time": 1697155126.8788428, "duration": 0.8186790943145752}, "current_params": {"N": 500, "iss": 0.9, "lr": 0.004331629980965586, "ridge": 1e-07, "seed": 1234, "sr": 0.1626795681245935}}