{"returned_dict": {"loss": 0.1065419933709313, "r2": 0.6035100804952834, "status": "ok", "start_time": 1697185535.405515, "duration": 0.7519750595092773}, "current_params": {"N": 500, "iss": 0.5923323236902225, "lr": 0.09414420070801902, "ridge": 0.0014474323274106797, "seed": 1234, "sr": 0.13317912806568327}}