{"returned_dict": {"loss": 0.1058968519981257, "r2": 0.6212126565810748, "status": "ok", "start_time": 1697182115.370999, "duration": 1.1587698459625244}, "current_params": {"N": 500, "iss": 0.911210058605431, "lr": 0.2183850802283866, "ridge": 1.4229800128550176e-05, "seed": 1234, "sr": 0.22833541526599072}}