{"returned_dict": {"loss": 0.10972182111708724, "r2": 0.5928651953065448, "status": "ok", "start_time": 1697181655.6379259, "duration": 1.0837092399597168}, "current_params": {"N": 500, "iss": 0.5145184055450011, "lr": 0.07548680318122616, "ridge": 1e-07, "seed": 1234, "sr": 0.01769587598402526}}