{"returned_dict": {"loss": 0.10028684663469072, "r2": 0.6601290375463772, "status": "ok", "start_time": 1697172096.50912, "duration": 1.114436149597168}, "current_params": {"N": 500, "iss": 0.9, "lr": 0.4367736203806121, "ridge": 1e-07, "seed": 1234, "sr": 0.13317912806568327}}