{"returned_dict": {"loss": 0.10977533487354342, "r2": 0.5928446827157823, "status": "ok", "start_time": 1697182167.00728, "duration": 1.0404019355773926}, "current_params": {"N": 500, "iss": 0.20923040118546266, "lr": 0.0077355403142878795, "ridge": 0.0023425261581026765, "seed": 1234, "sr": 0.026761175701104346}}