{"returned_dict": {"loss": 0.10803477278155098, "r2": 0.6055178114303851, "status": "ok", "start_time": 1697172108.918371, "duration": 1.0175321102142334}, "current_params": {"N": 500, "iss": 0.9, "lr": 0.3788937840048821, "ridge": 1e-07, "seed": 1234, "sr": 0.16300115584611943}}