{"returned_dict": {"loss": 0.10889876415743976, "r2": 0.7331312810118221, "status": "ok", "start_time": 1697438517.613626, "duration": 1.9637889862060547}, "current_params": {"N": 500, "iss": 0.8091744524034417, "lr": 0.9358123326900604, "ridge": 3.7883632037985046e-08, "seed": 1234, "sr": 5.974243589442645}}