{"returned_dict": {"loss": 0.10181404116234165, "r2": 0.6497115465792183, "status": "ok", "start_time": 1697172031.6720982, "duration": 0.9676499366760254}, "current_params": {"N": 500, "iss": 0.9, "lr": 0.22465784634152086, "ridge": 1e-07, "seed": 1234, "sr": 0.04049959618384302}}