{"returned_dict": {"loss": 0.10711737102654502, "r2": 0.5813548769841512, "status": "ok", "start_time": 1697187366.8727198, "duration": 1.836900234222412}, "current_params": {"N": 500, "iss": 0.6743270588841205, "lr": 0.0014402248070585332, "ridge": 0.0006137812121664229, "seed": 1234, "sr": 0.3554664959628415}}