{"returned_dict": {"loss": 0.10414450873368523, "r2": 0.60433727194996, "status": "ok", "start_time": 1697187404.321174, "duration": 1.9363689422607422}, "current_params": {"N": 500, "iss": 0.9252782203468204, "lr": 0.026818040062708853, "ridge": 7.673078281627973e-07, "seed": 1234, "sr": 0.08930926502440488}}