{"returned_dict": {"loss": 0.10108588378952015, "r2": 0.6536884924937053, "status": "ok", "start_time": 1697417341.388196, "duration": 2.3346168994903564}, "current_params": {"N": 1000, "iss": 0.0011867504507336868, "lr": 0.4402251533661025, "ridge": 1.398293408194846e-05, "seed": 1234, "sr": 0.1378790157061615}}