{"returned_dict": {"loss": 0.10071964709035151, "r2": 0.6299430131140156, "status": "ok", "start_time": 1697187268.6283698, "duration": 1.8364291191101074}, "current_params": {"N": 500, "iss": 0.8251862354360314, "lr": 0.007413342720100155, "ridge": 0.00017690591223905197, "seed": 1234, "sr": 0.0925852425060542}}