{"returned_dict": {"loss": 0.10200453394039133, "r2": 0.6202758154439313, "status": "ok", "start_time": 1697187121.04356, "duration": 1.8680591583251953}, "current_params": {"N": 500, "iss": 0.6722112091210425, "lr": 0.002569219109514612, "ridge": 0.007174915864539121, "seed": 1234, "sr": 0.05675258102871899}}