{"returned_dict": {"loss": 0.10390572328368047, "r2": 0.6352463861951563, "status": "ok", "start_time": 1697182025.481751, "duration": 0.7185120582580566}, "current_params": {"N": 100, "iss": 0.08885184806583746, "lr": 0.025202620361693902, "ridge": 1e-07, "seed": 1234, "sr": 0.015931944006093716}}