{"returned_dict": {"loss": 0.1022997804949964, "r2": -8.510226138432524, "status": "ok", "start_time": 1697449309.970428, "duration": 4.089214086532593}, "current_params": {"N": 1000, "iss": 0.5345246533740329, "lr": 0.0016821487193693313, "ridge": 8.527242136552148e-08, "seed": 1234, "sr": 0.016130653781102525}}