{"returned_dict": {"loss": 0.10495173462162756, "r2": 0.6136480997790117, "status": "ok", "start_time": 1697185482.6563258, "duration": 0.7904109954833984}, "current_params": {"N": 500, "iss": 0.4965873842307338, "lr": 0.31430549026306187, "ridge": 0.00024733891965125694, "seed": 1234, "sr": 0.09169361093299348}}