{"returned_dict": {"loss": 0.10329771731551196, "r2": 0.6389675982090203, "status": "ok", "start_time": 1697182032.4990022, "duration": 0.6778407096862793}, "current_params": {"N": 100, "iss": 0.36023384172959416, "lr": 0.13440662792423172, "ridge": 1e-07, "seed": 1234, "sr": 1.959651331974383}}