{"returned_dict": {"loss": 0.10343601523798769, "r2": 0.6385272651216138, "status": "ok", "start_time": 1697172101.758545, "duration": 0.9969141483306885}, "current_params": {"N": 500, "iss": 0.9, "lr": 0.23878797952771846, "ridge": 1e-07, "seed": 1234, "sr": 0.05298748174805132}}