{"returned_dict": {"loss": 0.1006681328570282, "r2": 0.6464303132525641, "status": "ok", "start_time": 1697185508.154755, "duration": 0.7963309288024902}, "current_params": {"N": 500, "iss": 0.9345866417401569, "lr": 0.04017882290811124, "ridge": 0.008848344280085078, "seed": 1234, "sr": 0.014438974945890222}}