{"returned_dict": {"loss": 0.10643994638722243, "r2": 0.5751631076569156, "status": "ok", "start_time": 1697449663.581983, "duration": 1.831920862197876}, "current_params": {"N": 500, "iss": 0.9739479466464522, "lr": 0.0011253563603354569, "ridge": 0.0021883735119396686, "seed": 1234, "sr": 0.04981749804245153}}