{"returned_dict": {"loss": 0.10860955520852796, "r2": 0.6002050780149665, "status": "ok", "start_time": 1697417362.660744, "duration": 2.380176067352295}, "current_params": {"N": 1000, "iss": 0.19784990317265738, "lr": 0.31008930988824535, "ridge": 0.00013246781832067779, "seed": 1234, "sr": 0.08438326345409637}}