{"returned_dict": {"loss": 0.10249022953968129, "r2": 0.6164571858510263, "status": "ok", "start_time": 1697187517.742096, "duration": 4.0974109172821045}, "current_params": {"N": 1000, "iss": 0.9326851510627013, "lr": 0.01313978174667569, "ridge": 0.0007520446577387131, "seed": 1234, "sr": 0.18658183701753261}}