{"returned_dict": {"loss": 0.10429729535521497, "r2": 0.5947071497855526, "status": "ok", "start_time": 1697188060.514221, "duration": 4.209573984146118}, "current_params": {"N": 1000, "iss": 0.8091744524034417, "lr": 0.9358123326900604, "ridge": 3.7883632037985046e-08, "seed": 1234, "sr": 5.974243589442645}}