{"returned_dict": {"loss": 0.10609534439419732, "r2": 0.5546148489590997, "status": "ok", "start_time": 1697189214.071132, "duration": 4.243323087692261}, "current_params": {"N": 1000, "iss": 0.4472250816990909, "lr": 0.001490692182461561, "ridge": 5.456100711555596e-06, "seed": 1234, "sr": 0.01695935124689556}}