{"returned_dict": {"loss": 0.10115392333166329, "r2": 0.6430183718578565, "status": "ok", "start_time": 1697185554.889971, "duration": 0.7407689094543457}, "current_params": {"N": 500, "iss": 0.26934464895629684, "lr": 0.0839574815743966, "ridge": 0.003061173980554755, "seed": 1234, "sr": 0.016223651162329426}}