{"returned_dict": {"loss": 0.10870779370941847, "r2": 0.6782773554343823, "status": "ok", "start_time": 1697696438.7138581, "duration": 0.8787257671356201}, "current_params": {"N": 500, "iss": 0.9, "lr": 0.6811753255192898, "ridge": 1e-07, "seed": 1234, "sr": 7.505573307332538}}