{"returned_dict": {"loss": 0.10301599991093287, "r2": 0.6415472895015198, "status": "ok", "start_time": 1697182232.6780171, "duration": 1.0732316970825195}, "current_params": {"N": 500, "iss": 0.629186932886679, "lr": 0.9385365458738638, "ridge": 4.279595777669173e-09, "seed": 1234, "sr": 7.567304757039052}}