{"returned_dict": {"loss": 0.10546277107020335, "r2": 0.6119420146916643, "status": "ok", "start_time": 1697185541.39846, "duration": 0.7394821643829346}, "current_params": {"N": 500, "iss": 0.735910449821011, "lr": 0.03687802163588743, "ridge": 0.0019711206562567562, "seed": 1234, "sr": 0.04328771757628488}}