{"returned_dict": {"loss": 0.10696251666413602, "r2": 0.6121755391490152, "status": "ok", "start_time": 1697417286.094285, "duration": 2.3389909267425537}, "current_params": {"N": 1000, "iss": 0.2752328727257135, "lr": 0.062196381712238125, "ridge": 0.0015831477712927589, "seed": 1234, "sr": 0.011423076308344373}}