{"returned_dict": {"loss": 0.11695240111729883, "r2": 0.5357972569237609, "status": "ok", "start_time": 1697417039.1239738, "duration": 2.4522340297698975}, "current_params": {"N": 1000, "iss": 0.2841990386572327, "lr": 0.4297960808148079, "ridge": 3.4827616605209123e-06, "seed": 1234, "sr": 0.020006202812672045}}