{"returned_dict": {"loss": 0.11719221230169663, "r2": -10.44506006469508, "status": "ok", "start_time": 1697443275.3115141, "duration": 2.0842509269714355}, "current_params": {"N": 500, "iss": 0.7229931611804811, "lr": 0.02801415255330273, "ridge": 3.8239824132656686e-09, "seed": 1234, "sr": 0.2090196583408564}}