{"returned_dict": {"loss": 0.11899601344856413, "r2": 0.519968275846709, "status": "ok", "start_time": 1697417346.0783732, "duration": 2.346796751022339}, "current_params": {"N": 1000, "iss": 0.5879201405915621, "lr": 0.017942623962965615, "ridge": 0.003711472688952436, "seed": 1234, "sr": 0.10149855100477383}}