{"returned_dict": {"loss": 0.118282651246101, "r2": 0.6738727894100837, "status": "ok", "start_time": 1697096914.18309, "duration": 0.7383358478546143}, "current_params": {"N": 500, "iss": 0.9, "lr": 0.8108075271225141, "ridge": 1e-07, "seed": 1234, "sr": 6.834465647289925}}