{"returned_dict": {"loss": 0.1111629082986137, "r2": 0.5482262458854946, "status": "ok", "start_time": 1697187255.5475788, "duration": 1.8712661266326904}, "current_params": {"N": 500, "iss": 0.8493027570387159, "lr": 0.08352474609695261, "ridge": 1.2092867049259064e-08, "seed": 1234, "sr": 0.1521671071513882}}