{"returned_dict": {"loss": 0.11505264997926506, "r2": 0.5523704738515521, "status": "ok", "start_time": 1697181595.112132, "duration": 1.001565933227539}, "current_params": {"N": 500, "iss": 0.29000469269797524, "lr": 0.17743219883537267, "ridge": 1e-07, "seed": 1234, "sr": 0.0925852425060542}}