{"returned_dict": {"loss": 0.11162703622157848, "r2": -9.078642673327813, "status": "ok", "start_time": 1697450010.133499, "duration": 1.831463098526001}, "current_params": {"N": 500, "iss": 0.4497287205163476, "lr": 0.009807938072620976, "ridge": 6.297475344208429e-09, "seed": 1234, "sr": 0.05016138018026818}}