{"returned_dict": {"loss": 0.11646466153839274, "r2": 0.5413360235540403, "status": "ok", "start_time": 1697170310.1518772, "duration": 0.8895339965820312}, "current_params": {"N": 500, "iss": 0.9, "lr": 0.2048382486866981, "ridge": 1e-07, "seed": 1234, "sr": 0.09169361093299348}}