{"returned_dict": {"loss": 0.11152799515297655, "r2": -8.959919402486365, "status": "ok", "start_time": 1697470599.0909922, "duration": 165.1977777481079}, "current_params": {"N": 4245.0, "iss": 0.06016013465638104, "lr": 0.23962511288825833, "ridge": 0.0007949579169258338, "seed": 1234, "sr": 3.416923934914541}}