{"returned_dict": {"loss": 0.11798094842546021, "r2": 0.48991636918756715, "status": "ok", "start_time": 1697188170.71083, "duration": 4.212989091873169}, "current_params": {"N": 1000, "iss": 0.6743270588841205, "lr": 0.0014402248070585332, "ridge": 0.0006137812121664229, "seed": 1234, "sr": 0.3554664959628415}}