{"returned_dict": {"loss": 0.11385852116194106, "r2": 0.5591013484480645, "status": "ok", "start_time": 1697417182.588565, "duration": 2.400223970413208}, "current_params": {"N": 1000, "iss": 0.6914803299511233, "lr": 0.4989873629451257, "ridge": 0.0009024714119816998, "seed": 1234, "sr": 0.014411455273543402}}