{"returned_dict": {"loss": 0.11952397878051961, "r2": 0.6237883213992933, "status": "ok", "start_time": 1697097528.596738, "duration": 0.7935070991516113}, "current_params": {"N": 500, "iss": 0.9, "lr": 0.002910322515656923, "ridge": 1e-07, "seed": 1234, "sr": 0.1521671071513882}}