{"returned_dict": {"loss": 0.11516536510366532, "r2": 0.7010469028340719, "status": "ok", "start_time": 1697698803.117137, "duration": 1.8555450439453125}, "current_params": {"N": 500, "iss": 0.8710694708540748, "lr": 0.5093800439838342, "ridge": 3.613494953765636e-08, "seed": 1234, "sr": 5.580343023547168}}