{"returned_dict": {"loss": 0.11758898886061903, "r2": -10.978444187334063, "status": "ok", "start_time": 1697449964.330718, "duration": 2.0470221042633057}, "current_params": {"N": 500, "iss": 0.28766435081673314, "lr": 0.0012105913148246156, "ridge": 1.9057127432713242e-07, "seed": 1234, "sr": 0.07964860203040938}}