{"returned_dict": {"loss": 0.11201280856472721, "r2": 0.5618861331084717, "status": "ok", "start_time": 1697185537.6471128, "duration": 0.745657205581665}, "current_params": {"N": 500, "iss": 0.9526407636866457, "lr": 0.03942187518677715, "ridge": 0.00016087888046694687, "seed": 1234, "sr": 0.03600276409094316}}