{"returned_dict": {"loss": 0.11685365758253065, "r2": 0.46135877755364935, "status": "ok", "start_time": 1697192994.5139909, "duration": 4.28153920173645}, "current_params": {"N": 1000, "iss": 0.837083721656963, "lr": 0.001117795359631473, "ridge": 1.2852197972507888e-06, "seed": 1234, "sr": 0.01061907053409471}}