{"returned_dict": {"loss": 0.12474482044944495, "r2": 0.45327003351783124, "status": "ok", "start_time": 1697182030.3889222, "duration": 0.7334117889404297}, "current_params": {"N": 100, "iss": 0.5688804297347647, "lr": 0.11868976127565604, "ridge": 1e-07, "seed": 1234, "sr": 9.903672418680925}}