{"returned_dict": {"loss": 0.12174676685814186, "r2": 0.49740676202716044, "status": "ok", "start_time": 1697417073.121979, "duration": 2.420022964477539}, "current_params": {"N": 1000, "iss": 0.4965873842307338, "lr": 0.31430549026306187, "ridge": 0.00024733891965125694, "seed": 1234, "sr": 0.09169361093299348}}