{"returned_dict": {"loss": 0.12609404622503118, "r2": -11.655732078364018, "status": "ok", "start_time": 1697656473.692331, "duration": 156.36640787124634}, "current_params": {"N": 4284.0, "iss": 0.9232478994758182, "lr": 0.001009158010588956, "ridge": 8.318524365251139e-07, "seed": 1234, "sr": 0.07326940168674866}}