{"returned_dict": {"loss": 0.12172142139450869, "r2": -10.926666570563619, "status": "ok", "start_time": 1697450197.3082728, "duration": 1.9236211776733398}, "current_params": {"N": 500, "iss": 0.15890994153775684, "lr": 0.00792332805983459, "ridge": 3.0909972660202036e-06, "seed": 1234, "sr": 0.575269795679041}}