{"returned_dict": {"loss": 0.12854929926855438, "r2": 0.7696568093181697, "status": "ok", "start_time": 1697416742.909847, "duration": 0.8142127990722656}, "current_params": {"N": 500, "iss": 0.0026462177202568604, "lr": 0.021333081512378033, "ridge": 0.00025791954558242, "seed": 1234, "sr": 0.011405319213458769}}