{"returned_dict": {"loss": 0.12467830828394898, "r2": 0.35451311008569286, "status": "ok", "start_time": 1697187096.325811, "duration": 1.839359998703003}, "current_params": {"N": 500, "iss": 0.8710694708540748, "lr": 0.5093800439838342, "ridge": 3.613494953765636e-08, "seed": 1234, "sr": 5.580343023547168}}