{"returned_dict": {"loss": 0.12267636597694702, "r2": -11.50423451104178, "status": "ok", "start_time": 1697472803.955892, "duration": 84.64994382858276}, "current_params": {"N": 3029.0, "iss": 0.6871632474113247, "lr": 0.0033668417829176823, "ridge": 3.836716623456785e-09, "seed": 1234, "sr": 0.10594870634350116}}