{"returned_dict": {"loss": 0.13456629465482076, "r2": 0.5924519342450284, "status": "ok", "start_time": 1697699043.717818, "duration": 1.7658870220184326}, "current_params": {"N": 500, "iss": 0.629186932886679, "lr": 0.9385365458738638, "ridge": 4.279595777669173e-09, "seed": 1234, "sr": 7.567304757039052}}