{"returned_dict": {"loss": 0.13585278039634682, "r2": -19.167807947666017, "status": "ok", "start_time": 1697477501.6860318, "duration": 220.27621221542358}, "current_params": {"N": 4933.0, "iss": 0.975796083487275, "lr": 0.36345335286724006, "ridge": 3.344756996651249e-07, "seed": 1234, "sr": 3.928074544493676}}