{"returned_dict": {"loss": 0.13358768084988576, "r2": 0.3898362485637281, "status": "ok", "start_time": 1697417303.264235, "duration": 2.4009690284729004}, "current_params": {"N": 1000, "iss": 0.5619647530716958, "lr": 0.12251552188440552, "ridge": 0.00013569741429282753, "seed": 1234, "sr": 0.020788245498133077}}