{"returned_dict": {"loss": 0.1319773563856861, "r2": 0.4089691071143949, "status": "ok", "start_time": 1697417170.6869812, "duration": 2.4075095653533936}, "current_params": {"N": 1000, "iss": 0.347012423797356, "lr": 0.09201940994765088, "ridge": 1.2655675147834042e-05, "seed": 1234, "sr": 0.03414048410383786}}