{"returned_dict": {"loss": 0.13326172055969968, "r2": 0.35075997701875145, "status": "ok", "start_time": 1697187202.410848, "duration": 1.9269580841064453}, "current_params": {"N": 500, "iss": 0.9232478994758182, "lr": 0.001009158010588956, "ridge": 8.318524365251139e-07, "seed": 1234, "sr": 0.07326940168674866}}