{"returned_dict": {"loss": 0.13934048349345524, "r2": 0.5100575315117389, "status": "ok", "start_time": 1697155286.7363992, "duration": 0.8194959163665771}, "current_params": {"N": 500, "iss": 0.9, "lr": 0.0017768454950958875, "ridge": 1e-07, "seed": 1234, "sr": 0.2090196583408564}}