{"returned_dict": {"loss": 0.13342454663375747, "r2": -14.447670824723273, "status": "ok", "start_time": 1697451723.53851, "duration": 1.8043699264526367}, "current_params": {"N": 500, "iss": 0.6871632474113247, "lr": 0.0033668417829176823, "ridge": 3.836716623456785e-09, "seed": 1234, "sr": 0.10594870634350116}}