{"returned_dict": {"loss": 0.14477006176069962, "r2": 0.5140454482490003, "status": "ok", "start_time": 1697155234.908868, "duration": 0.7897670269012451}, "current_params": {"N": 500, "iss": 0.9, "lr": 0.6811753255192898, "ridge": 1e-07, "seed": 1234, "sr": 7.505573307332538}}