{"returned_dict": {"loss": 0.14063386290566762, "r2": 0.3202475939068584, "status": "ok", "start_time": 1697182151.025543, "duration": 1.0368199348449707}, "current_params": {"N": 500, "iss": 0.4183352059788139, "lr": 0.7699157917998888, "ridge": 1.5491027325251184e-06, "seed": 1234, "sr": 1.9933094412983583}}