{"returned_dict": {"loss": 0.14507270393548508, "r2": 0.4890001703641688, "status": "ok", "start_time": 1697183702.447382, "duration": 0.8946859836578369}, "current_params": {"N": 500, "iss": 0.48683979711786196, "lr": 0.0041878954202570285, "ridge": 1.5267158874357313e-07, "seed": 1234, "sr": 0.7656474307799984}}