{"returned_dict": {"loss": 0.14996577012797477, "r2": -21.738161463931075, "status": "ok", "start_time": 1697443068.36173, "duration": 1.7877309322357178}, "current_params": {"N": 500, "iss": 0.9232478994758182, "lr": 0.001009158010588956, "ridge": 8.318524365251139e-07, "seed": 1234, "sr": 0.07326940168674866}}