{"returned_dict": {"loss": 0.14017908669371767, "r2": 0.31401859301885016, "status": "ok", "start_time": 1697185507.420456, "duration": 0.7302441596984863}, "current_params": {"N": 500, "iss": 0.3158924367205628, "lr": 0.0016930941327325617, "ridge": 0.0006969765320479288, "seed": 1234, "sr": 0.22191193501289097}}