{"returned_dict": {"loss": 0.1487058165014685, "r2": 0.24812546929719867, "status": "ok", "start_time": 1697172070.096687, "duration": 0.9850678443908691}, "current_params": {"N": 500, "iss": 0.9, "lr": 0.05729573294171989, "ridge": 1e-07, "seed": 1234, "sr": 0.03414048410383786}}