{"returned_dict": {"loss": 0.14108443578503646, "r2": -14.9189019444801, "status": "ok", "start_time": 1697454302.3415658, "duration": 9.659048080444336}, "current_params": {"N": 1000, "iss": 0.34611859763450203, "lr": 0.0072789537441323385, "ridge": 4.7480197822394035e-09, "seed": 1234, "sr": 0.3226348405474758}}