{"returned_dict": {"loss": 0.15844255466462823, "r2": 0.08041887582592426, "status": "ok", "start_time": 1697187438.125228, "duration": 4.158740043640137}, "current_params": {"N": 1000, "iss": 0.7044600162750467, "lr": 0.05989081733494548, "ridge": 3.058579821085371e-08, "seed": 1234, "sr": 0.1626795681245935}}