{"returned_dict": {"loss": 0.15940932194933943, "r2": 0.07287971054775348, "status": "ok", "start_time": 1697171890.813231, "duration": 1.0137529373168945}, "current_params": {"N": 500, "iss": 0.9, "lr": 0.17743219883537267, "ridge": 1e-07, "seed": 1234, "sr": 0.0925852425060542}}