{"returned_dict": {"loss": 0.15639539163309535, "r2": 0.1077208691569902, "status": "ok", "start_time": 1697171914.49173, "duration": 0.9413330554962158}, "current_params": {"N": 500, "iss": 0.9, "lr": 0.865053734375228, "ridge": 1e-07, "seed": 1234, "sr": 0.12440910427817788}}