{"returned_dict": {"loss": 0.15059966588498097, "r2": 0.3402467278557511, "status": "ok", "start_time": 1697697283.3923671, "duration": 0.9816126823425293}, "current_params": {"N": 500, "iss": 0.9, "lr": 0.0201763660586179, "ridge": 1e-07, "seed": 1234, "sr": 0.7323231724059845}}