{"returned_dict": {"loss": 0.15615396707471346, "r2": 0.17070772378487123, "status": "ok", "start_time": 1697417015.0655308, "duration": 2.4261112213134766}, "current_params": {"N": 1000, "iss": 0.47860011851145334, "lr": 0.4166356911062447, "ridge": 1.2751646272541625e-05, "seed": 1234, "sr": 0.14848409471568397}}