{"returned_dict": {"loss": 0.15091650866391512, "r2": 0.1691355968100345, "status": "ok", "start_time": 1697171892.795836, "duration": 0.9523591995239258}, "current_params": {"N": 500, "iss": 0.9, "lr": 0.5629225816283605, "ridge": 1e-07, "seed": 1234, "sr": 0.012580639725311055}}