{"returned_dict": {"loss": 0.15903286483653734, "r2": 0.07725039888568808, "status": "ok", "start_time": 1697171804.4783528, "duration": 0.9156742095947266}, "current_params": {"N": 500, "iss": 0.9, "lr": 0.09201201301388376, "ridge": 1e-07, "seed": 1234, "sr": 0.02745813794912951}}