{"returned_dict": {"loss": 0.1504399842122527, "r2": 0.13403888056458288, "status": "ok", "start_time": 1697189004.578457, "duration": 4.321762800216675}, "current_params": {"N": 1000, "iss": 0.869355916285306, "lr": 0.0017588986916506517, "ridge": 0.009525997633827816, "seed": 1234, "sr": 1.2509379966926149}}