{"returned_dict": {"loss": 0.15723092786334283, "r2": -19.239175161440546, "status": "ok", "start_time": 1697449933.655304, "duration": 1.7973511219024658}, "current_params": {"N": 500, "iss": 0.4363515860498989, "lr": 0.0016156588507471406, "ridge": 3.474547834739471e-08, "seed": 1234, "sr": 0.03073430140568509}}