{"returned_dict": {"loss": 0.15394142510835726, "r2": 0.13544430694686113, "status": "ok", "start_time": 1697171904.144107, "duration": 0.9390130043029785}, "current_params": {"N": 500, "iss": 0.9, "lr": 0.23878797952771846, "ridge": 1e-07, "seed": 1234, "sr": 0.05298748174805132}}