{"returned_dict": {"loss": 0.15924647078510376, "r2": 0.10289197330092854, "status": "ok", "start_time": 1697182047.045542, "duration": 0.6670398712158203}, "current_params": {"N": 100, "iss": 0.6423182937433641, "lr": 0.011499726306602578, "ridge": 1e-07, "seed": 1234, "sr": 0.020489195252075855}}