{"returned_dict": {"loss": 0.1538952968928893, "r2": 0.10602284553491999, "status": "ok", "start_time": 1697192928.947077, "duration": 4.651080131530762}, "current_params": {"N": 1000, "iss": 0.9120267528405163, "lr": 0.10377622163746929, "ridge": 0.0009493042476638647, "seed": 1234, "sr": 1.1747727724200443}}