{"returned_dict": {"loss": 0.1512439080868935, "r2": 0.1655181621178827, "status": "ok", "start_time": 1697171783.993581, "duration": 0.9282538890838623}, "current_params": {"N": 500, "iss": 0.9, "lr": 0.3092209407645961, "ridge": 1e-07, "seed": 1234, "sr": 0.015590519612759524}}