{"returned_dict": {"loss": 0.16184561650749596, "r2": 0.014532502379097015, "status": "ok", "start_time": 1697192872.487805, "duration": 4.370427131652832}, "current_params": {"N": 1000, "iss": 0.8967736623178844, "lr": 0.1298405957476471, "ridge": 9.418213809531775e-09, "seed": 1234, "sr": 0.3105316802728771}}