{"returned_dict": {"loss": 0.16161479503835405, "r2": 0.0041319133945295254, "status": "ok", "start_time": 1697192776.5351071, "duration": 4.191912889480591}, "current_params": {"N": 1000, "iss": 0.451625695847095, "lr": 0.2824777807824228, "ridge": 0.0004995561065461233, "seed": 1234, "sr": 4.434072756135233}}