{"returned_dict": {"loss": 0.16780481249900162, "r2": -23.81347328670087, "status": "ok", "start_time": 1697448592.6472309, "duration": 3.964977979660034}, "current_params": {"N": 1000, "iss": 0.3753069435292018, "lr": 0.14684610291088665, "ridge": 1.1598652159348575e-08, "seed": 1234, "sr": 1.0993945835225667}}