{"returned_dict": {"loss": 0.16409954252807105, "r2": 0.017539736390210597, "status": "ok", "start_time": 1697171789.603497, "duration": 0.9108121395111084}, "current_params": {"N": 500, "iss": 0.9, "lr": 0.025202620361693902, "ridge": 1e-07, "seed": 1234, "sr": 0.015931944006093716}}