{"returned_dict": {"loss": 0.1696303564992929, "r2": 0.0232738153475656, "status": "ok", "start_time": 1697170265.0049222, "duration": 0.9113810062408447}, "current_params": {"N": 500, "iss": 0.9, "lr": 0.025202620361693902, "ridge": 1e-07, "seed": 1234, "sr": 0.015931944006093716}}