{"returned_dict": {"loss": 0.17975149432803797, "r2": -0.0969038191295416, "status": "ok", "start_time": 1697171967.288272, "duration": 1.0817792415618896}, "current_params": {"N": 500, "iss": 0.9, "lr": 0.06679554327816328, "ridge": 1e-07, "seed": 1234, "sr": 0.07966435869333038}}