{"returned_dict": {"loss": 0.174926187025046, "r2": -0.07290274697651448, "status": "ok", "start_time": 1697185495.405349, "duration": 0.7545318603515625}, "current_params": {"N": 500, "iss": 0.4893385543018618, "lr": 0.02143015081924661, "ridge": 1.1102605111730034e-05, "seed": 1234, "sr": 0.02572013644212619}}