{"returned_dict": {"loss": 0.17784144119062492, "r2": -0.15389534104676983, "status": "ok", "start_time": 1697171917.279763, "duration": 0.9431972503662109}, "current_params": {"N": 500, "iss": 0.9, "lr": 0.6053395945549397, "ridge": 1e-07, "seed": 1234, "sr": 0.5858648234147782}}