{"returned_dict": {"loss": 0.1772422601141711, "r2": -24.317817398677757, "status": "ok", "start_time": 1697449887.925399, "duration": 1.814361810684204}, "current_params": {"N": 500, "iss": 0.976525304162185, "lr": 0.011273269250899024, "ridge": 5.267135160255618e-09, "seed": 1234, "sr": 0.09437285509046839}}