{"returned_dict": {"loss": 0.17615636275892022, "r2": -0.13212699443123407, "status": "ok", "start_time": 1697171921.0587258, "duration": 0.9543442726135254}, "current_params": {"N": 500, "iss": 0.9, "lr": 0.5127972912670764, "ridge": 1e-07, "seed": 1234, "sr": 0.3797757622392174}}