{"returned_dict": {"loss": 0.17526341500905307, "r2": -0.053817932232501975, "status": "ok", "start_time": 1697416995.8537312, "duration": 2.3912949562072754}, "current_params": {"N": 1000, "iss": 0.18640085674470974, "lr": 0.008316425906674767, "ridge": 3.822116394355239e-05, "seed": 1234, "sr": 0.02745813794912951}}