{"returned_dict": {"loss": 0.1771453909651565, "r2": -0.19746647029580688, "status": "ok", "start_time": 1697187200.5009851, "duration": 1.9056587219238281}, "current_params": {"N": 500, "iss": 0.4497287205163476, "lr": 0.009807938072620976, "ridge": 6.297475344208429e-09, "seed": 1234, "sr": 0.05016138018026818}}