{"returned_dict": {"loss": 0.17690728176765047, "r2": 0.10604192757129378, "status": "ok", "start_time": 1697697144.9164748, "duration": 0.9097442626953125}, "current_params": {"N": 500, "iss": 0.9, "lr": 0.021490140480106088, "ridge": 1e-07, "seed": 1234, "sr": 0.7839491567314942}}