{"returned_dict": {"loss": 0.189006510153521, "r2": -27.543692550739014, "status": "ok", "start_time": 1697451730.752701, "duration": 1.7886528968811035}, "current_params": {"N": 500, "iss": 0.006972115376929322, "lr": 0.012836594720886324, "ridge": 1.4561222069260244e-09, "seed": 1234, "sr": 0.7794764412014389}}