{"returned_dict": {"loss": 0.18018797761886993, "r2": -0.23789643351809253, "status": "ok", "start_time": 1697193565.4318552, "duration": 4.280206680297852}, "current_params": {"N": 1000, "iss": 0.5345246533740329, "lr": 0.0016821487193693313, "ridge": 8.527242136552148e-08, "seed": 1234, "sr": 0.016130653781102525}}