{"returned_dict": {"loss": 0.18866381305687593, "r2": 0.5039358118754539, "status": "ok", "start_time": 1697183807.816671, "duration": 0.8500432968139648}, "current_params": {"N": 500, "iss": 0.629186932886679, "lr": 0.9385365458738638, "ridge": 4.279595777669173e-09, "seed": 1234, "sr": 7.567304757039052}}