{"returned_dict": {"loss": 0.1808129402775909, "r2": -0.23414480695829434, "status": "ok", "start_time": 1697188272.571369, "duration": 4.404732942581177}, "current_params": {"N": 1000, "iss": 0.9492451986094536, "lr": 0.012192269780560696, "ridge": 1.0355816851799808e-08, "seed": 1234, "sr": 0.03438139057492874}}