{"returned_dict": {"loss": 0.18676583490495388, "r2": -0.2752133243961996, "status": "ok", "start_time": 1697171941.7867038, "duration": 1.047760248184204}, "current_params": {"N": 500, "iss": 0.9, "lr": 0.05979777023560263, "ridge": 1e-07, "seed": 1234, "sr": 0.1378790157061615}}