{"returned_dict": {"loss": 0.18413303071842776, "r2": -0.23789524229095474, "status": "ok", "start_time": 1697171841.8593621, "duration": 0.8927187919616699}, "current_params": {"N": 500, "iss": 0.9, "lr": 0.7169143323529686, "ridge": 1e-07, "seed": 1234, "sr": 2.3610670815355883}}