{"returned_dict": {"loss": 0.1918430969365373, "r2": -0.24331211606377715, "status": "ok", "start_time": 1697182247.554202, "duration": 1.0225889682769775}, "current_params": {"N": 500, "iss": 0.6743270588841205, "lr": 0.0014402248070585332, "ridge": 0.0006137812121664229, "seed": 1234, "sr": 0.3554664959628415}}