{"returned_dict": {"loss": 0.1915446661125002, "r2": 0.09800560316200531, "status": "ok", "start_time": 1697438454.334093, "duration": 1.8902199268341064}, "current_params": {"N": 500, "iss": 0.9907096740516865, "lr": 0.011152501138346385, "ridge": 4.549840392506736e-07, "seed": 1234, "sr": 1.4037266612887527}}