{"returned_dict": {"loss": 0.19127687788559825, "r2": -0.33521809028261723, "status": "ok", "start_time": 1697171900.4230962, "duration": 0.9402468204498291}, "current_params": {"N": 500, "iss": 0.9, "lr": 0.6811753255192898, "ridge": 1e-07, "seed": 1234, "sr": 7.505573307332538}}