{"returned_dict": {"loss": 0.19383394920490626, "r2": -0.3810361250370336, "status": "ok", "start_time": 1697187119.160813, "duration": 1.8784940242767334}, "current_params": {"N": 500, "iss": 0.4363515860498989, "lr": 0.0016156588507471406, "ridge": 3.474547834739471e-08, "seed": 1234, "sr": 0.03073430140568509}}