{"returned_dict": {"loss": 0.1980794906457033, "r2": -0.32669307566693506, "status": "ok", "start_time": 1697181573.4458518, "duration": 1.0033950805664062}, "current_params": {"N": 500, "iss": 0.9832651316699232, "lr": 0.15693214219369525, "ridge": 1e-07, "seed": 1234, "sr": 0.20760447792478667}}