{"returned_dict": {"loss": 0.19581656901332498, "r2": -0.4113706601671064, "status": "ok", "start_time": 1697187151.716934, "duration": 1.859248161315918}, "current_params": {"N": 500, "iss": 0.28766435081673314, "lr": 0.0012105913148246156, "ridge": 1.9057127432713242e-07, "seed": 1234, "sr": 0.07964860203040938}}