{"returned_dict": {"loss": 0.19617930839564282, "r2": -0.4077431948232159, "status": "ok", "start_time": 1697171925.09502, "duration": 1.0413918495178223}, "current_params": {"N": 500, "iss": 0.9, "lr": 0.010792320963354871, "ridge": 1e-07, "seed": 1234, "sr": 0.030264242037118992}}