{"returned_dict": {"loss": 0.1925576907855032, "r2": -0.47421980805603026, "status": "ok", "start_time": 1697189584.140138, "duration": 4.168329954147339}, "current_params": {"N": 1000, "iss": 0.15855990557256594, "lr": 0.0013530394390112253, "ridge": 3.771243674444087e-05, "seed": 1234, "sr": 1.2072384196976096}}