{"returned_dict": {"loss": 0.19896189238300874, "r2": -30.389014847622324, "status": "ok", "start_time": 1697656212.887591, "duration": 120.22241401672363}, "current_params": {"N": 3522.0, "iss": 0.11994602555379685, "lr": 0.16859893208998253, "ridge": 6.132193847282312e-09, "seed": 1234, "sr": 2.3297993110223385}}