{"returned_dict": {"loss": 0.19381690529528098, "r2": -0.27624368454129616, "status": "ok", "start_time": 1697417041.582001, "duration": 2.5321691036224365}, "current_params": {"N": 1000, "iss": 0.14258024657972923, "lr": 0.5516837456874331, "ridge": 3.7433235003717447e-07, "seed": 1234, "sr": 0.1931498404234262}}