{"returned_dict": {"loss": 0.20156891063486385, "r2": -0.6550726324596357, "status": "ok", "start_time": 1697192660.767105, "duration": 4.268304824829102}, "current_params": {"N": 1000, "iss": 0.4497287205163476, "lr": 0.009807938072620976, "ridge": 6.297475344208429e-09, "seed": 1234, "sr": 0.05016138018026818}}