{"returned_dict": {"loss": 0.20335371557645834, "r2": -0.40338760352593445, "status": "ok", "start_time": 1697417111.3479629, "duration": 2.319369316101074}, "current_params": {"N": 1000, "iss": 0.6128741432342986, "lr": 0.0015415307981808321, "ridge": 0.0004080879909316024, "seed": 1234, "sr": 0.0108079776956026}}