{"returned_dict": {"loss": 0.20399260712411127, "r2": -0.13733220328585952, "status": "ok", "start_time": 1697696370.2792692, "duration": 0.884091854095459}, "current_params": {"N": 500, "iss": 0.9, "lr": 0.28270899609503314, "ridge": 1e-07, "seed": 1234, "sr": 9.019468988959579}}