{"returned_dict": {"loss": 0.2011993909539582, "r2": -34.896601314690265, "status": "ok", "start_time": 1697443128.1455202, "duration": 1.7911958694458008}, "current_params": {"N": 500, "iss": 0.9243526866471957, "lr": 0.1542815995343576, "ridge": 8.50499153424126e-08, "seed": 1234, "sr": 1.7459748086870097}}