{"returned_dict": {"loss": 0.20675945601324916, "r2": -0.45604396706776423, "status": "ok", "start_time": 1697416969.89737, "duration": 2.3408899307250977}, "current_params": {"N": 1000, "iss": 0.4171626881853736, "lr": 0.002422315386294973, "ridge": 0.0008891693515095883, "seed": 1234, "sr": 0.0544052294998603}}