{"returned_dict": {"loss": 0.2008554165943135, "r2": -32.43536685808223, "status": "ok", "start_time": 1697442995.943491, "duration": 1.7390720844268799}, "current_params": {"N": 500, "iss": 0.45903012586393255, "lr": 0.008993216326780393, "ridge": 3.098662816361876e-05, "seed": 1234, "sr": 1.038057705082271}}