{"returned_dict": {"loss": 0.2081602161834278, "r2": -0.06709910704512663, "status": "ok", "start_time": 1697155185.59668, "duration": 0.8641672134399414}, "current_params": {"N": 500, "iss": 0.9, "lr": 0.009517044749879343, "ridge": 1e-07, "seed": 1234, "sr": 0.5693766752526698}}