{"returned_dict": {"loss": 0.21540150474072228, "r2": -59.29468418082117, "status": "ok", "start_time": 1697443172.03142, "duration": 1.899444818496704}, "current_params": {"N": 500, "iss": 0.7671193949876551, "lr": 0.5744555263071301, "ridge": 1.5608892276244172e-07, "seed": 1234, "sr": 1.8759964593517806}}