{"returned_dict": {"loss": 0.21498154417804696, "r2": -37.34378978473258, "status": "ok", "start_time": 1697449305.9711611, "duration": 3.9929590225219727}, "current_params": {"N": 1000, "iss": 0.7111875236481379, "lr": 0.014953523366352292, "ridge": 0.003917533648237141, "seed": 1234, "sr": 1.908865762249811}}