{"returned_dict": {"loss": 0.21765651511343134, "r2": -0.6045829707789026, "status": "ok", "start_time": 1697182129.567947, "duration": 1.0757272243499756}, "current_params": {"N": 500, "iss": 0.7714539695031645, "lr": 0.16766766519886953, "ridge": 1.2968971939683203e-07, "seed": 1234, "sr": 0.28327116807958513}}