{"returned_dict": {"loss": 0.2180723738331377, "r2": -37.86959572744842, "status": "ok", "start_time": 1697443221.883359, "duration": 2.098757028579712}, "current_params": {"N": 500, "iss": 0.8640890518452584, "lr": 0.056175796579322784, "ridge": 8.914132777984633e-07, "seed": 1234, "sr": 1.6346058937885943}}