{"returned_dict": {"loss": 0.21688913170027332, "r2": -53.77992621353459, "status": "ok", "start_time": 1697448520.699658, "duration": 4.038012981414795}, "current_params": {"N": 1000, "iss": 0.7044600162750467, "lr": 0.05989081733494548, "ridge": 3.058579821085371e-08, "seed": 1234, "sr": 0.1626795681245935}}