{"returned_dict": {"loss": 0.22982893569027538, "r2": 0.26319514585346515, "status": "ok", "start_time": 1697185046.9324448, "duration": 0.774834394454956}, "current_params": {"N": 500, "iss": 0.35807336738969764, "lr": 0.8619303140116904, "ridge": 1.0115479045381332e-07, "seed": 1234, "sr": 4.881086179748358}}