{"returned_dict": {"loss": 0.22962628752772526, "r2": -0.22268738491818008, "status": "ok", "start_time": 1697155173.844395, "duration": 0.7888369560241699}, "current_params": {"N": 500, "iss": 0.9, "lr": 0.28270899609503314, "ridge": 1e-07, "seed": 1234, "sr": 9.019468988959579}}