{"returned_dict": {"loss": 0.22839779835550797, "r2": -0.7631096117953377, "status": "ok", "start_time": 1697181489.966499, "duration": 0.9945018291473389}, "current_params": {"N": 500, "iss": 0.9759998977389169, "lr": 0.13776330861630057, "ridge": 1e-07, "seed": 1234, "sr": 0.2197712027474747}}