{"returned_dict": {"loss": 0.22640309341120646, "r2": -50.74998523715985, "status": "ok", "start_time": 1697451865.0719528, "duration": 1.982475996017456}, "current_params": {"N": 500, "iss": 0.26089228108771545, "lr": 0.004924674001327178, "ridge": 2.381485979423505e-09, "seed": 1234, "sr": 0.28962112677540436}}