{"returned_dict": {"loss": 0.2213153194462986, "r2": -0.6688412174110062, "status": "ok", "start_time": 1697417204.088154, "duration": 2.434688091278076}, "current_params": {"N": 1000, "iss": 0.5287332640862811, "lr": 0.20878183455914587, "ridge": 8.070436813924713e-08, "seed": 1234, "sr": 0.02857977758285706}}