{"returned_dict": {"loss": 0.23763423632928493, "r2": -0.9547211508345678, "status": "ok", "start_time": 1697182045.7064362, "duration": 0.6662399768829346}, "current_params": {"N": 100, "iss": 0.06944988802098995, "lr": 0.004574935585135073, "ridge": 1e-07, "seed": 1234, "sr": 0.03073430140568509}}