{"returned_dict": {"loss": 0.2390880349753398, "r2": 0.2018392677781099, "status": "ok", "start_time": 1697416677.8778281, "duration": 0.7584419250488281}, "current_params": {"N": 500, "iss": 0.616731567531399, "lr": 0.6954288762234999, "ridge": 0.0061302022177938354, "seed": 1234, "sr": 6.834465647289925}}