{"returned_dict": {"loss": 0.23998802638668393, "r2": -1.1278239300938242, "status": "ok", "start_time": 1697187418.0590222, "duration": 1.8736367225646973}, "current_params": {"N": 500, "iss": 0.40978014885751834, "lr": 0.003188301860373708, "ridge": 2.4347267941306313e-08, "seed": 1234, "sr": 0.050704131972421025}}