{"returned_dict": {"loss": 0.23384451935914974, "r2": -0.8547374284328692, "status": "ok", "start_time": 1697172167.396532, "duration": 0.9598240852355957}, "current_params": {"N": 500, "iss": 0.9, "lr": 0.006721858994363475, "ridge": 1e-07, "seed": 1234, "sr": 0.016130653781102525}}