{"returned_dict": {"loss": 0.23311708089037397, "r2": -0.8445353907471725, "status": "ok", "start_time": 1697181639.42275, "duration": 1.0032801628112793}, "current_params": {"N": 500, "iss": 0.7229849331494907, "lr": 0.0013995995750949496, "ridge": 1e-07, "seed": 1234, "sr": 0.023462246374277934}}