{"returned_dict": {"loss": 0.23141301419025115, "r2": -0.872710478151636, "status": "ok", "start_time": 1697185437.890696, "duration": 0.779088020324707}, "current_params": {"N": 500, "iss": 0.15717970056189712, "lr": 0.07128243944571559, "ridge": 3.2781375924716163e-09, "seed": 1234, "sr": 0.027598683234115115}}