{"returned_dict": {"loss": 0.2324724978515121, "r2": -0.8336033121420403, "status": "ok", "start_time": 1697417264.393352, "duration": 2.384634017944336}, "current_params": {"N": 1000, "iss": 0.7008147713041682, "lr": 0.005199088611116443, "ridge": 0.0010388211610285532, "seed": 1234, "sr": 0.16300115584611943}}