{"returned_dict": {"loss": 0.23087256672633075, "r2": -0.4594612888384129, "status": "ok", "start_time": 1697157774.3361988, "duration": 0.9633941650390625}, "current_params": {"N": 500, "iss": 0.9, "lr": 0.19508739133158107, "ridge": 1e-07, "seed": 1234, "sr": 6.954268155528048}}