{"returned_dict": {"loss": 0.24961922536770223, "r2": -1.1393899791130657, "status": "ok", "start_time": 1697182049.752767, "duration": 0.661470890045166}, "current_params": {"N": 100, "iss": 0.9138967294950389, "lr": 0.012671399492344065, "ridge": 1e-07, "seed": 1234, "sr": 0.1931498404234262}}