{"returned_dict": {"loss": 0.24212054317148732, "r2": -1.144438191503598, "status": "ok", "start_time": 1697171863.8625221, "duration": 0.9203629493713379}, "current_params": {"N": 500, "iss": 0.9, "lr": 0.03227681862698132, "ridge": 1e-07, "seed": 1234, "sr": 0.13048071254874868}}