{"returned_dict": {"loss": 0.24522448806438257, "r2": -1.0449033071876392, "status": "ok", "start_time": 1697182123.094479, "duration": 1.1624767780303955}, "current_params": {"N": 500, "iss": 0.04057815748077798, "lr": 0.048306005915739574, "ridge": 0.0009201974723122006, "seed": 1234, "sr": 1.0784585589734712}}