{"returned_dict": {"loss": 0.24158560991057376, "r2": -0.9782959377776134, "status": "ok", "start_time": 1697182078.687389, "duration": 1.1065049171447754}, "current_params": {"N": 500, "iss": 0.451625695847095, "lr": 0.2824777807824228, "ridge": 0.0004995561065461233, "seed": 1234, "sr": 4.434072756135233}}