{"returned_dict": {"loss": 0.25680921416983526, "r2": -0.9627596946756216, "status": "ok", "start_time": 1697096889.90975, "duration": 0.7924559116363525}, "current_params": {"N": 500, "iss": 0.9, "lr": 0.008627726752024523, "ridge": 1e-07, "seed": 1234, "sr": 0.7656474307799984}}