{"returned_dict": {"loss": 0.25306603189290333, "r2": -1.1778888029552312, "status": "ok", "start_time": 1697172057.665309, "duration": 1.0600361824035645}, "current_params": {"N": 500, "iss": 0.9, "lr": 0.0013477819629193828, "ridge": 1e-07, "seed": 1234, "sr": 0.01418389479892628}}