{"returned_dict": {"loss": 0.26496960877770703, "r2": 0.5936156356451135, "status": "ok", "start_time": 1697168323.0096068, "duration": 0.9791011810302734}, "current_params": {"N": 500, "iss": 0.9, "lr": 0.9489133937634464, "ridge": 1e-07, "seed": 1234, "sr": 0.014438974945890222}}