{"returned_dict": {"loss": 0.26103638521151123, "r2": -1.379132328116263, "status": "ok", "start_time": 1697171974.351774, "duration": 0.9444921016693115}, "current_params": {"N": 500, "iss": 0.9, "lr": 0.2061305930661559, "ridge": 1e-07, "seed": 1234, "sr": 1.4787515437601555}}