{"returned_dict": {"loss": 0.26856111543212147, "r2": -1.7656362736252962, "status": "ok", "start_time": 1697193307.4033291, "duration": 4.3230860233306885}, "current_params": {"N": 1000, "iss": 0.15855990557256594, "lr": 0.0013530394390112253, "ridge": 3.771243674444087e-05, "seed": 1234, "sr": 1.2072384196976096}}