{"returned_dict": {"loss": 0.26665448717679735, "r2": -1.4172435297378525, "status": "ok", "start_time": 1697181577.438237, "duration": 0.9997529983520508}, "current_params": {"N": 500, "iss": 0.7754976662954461, "lr": 0.10015288691890604, "ridge": 1e-07, "seed": 1234, "sr": 0.21354604962375795}}