{"returned_dict": {"loss": 0.2631966357242359, "r2": -0.6084864846715498, "status": "ok", "start_time": 1697154550.749353, "duration": 0.770237922668457}, "current_params": {"N": 500, "iss": 0.9, "lr": 0.19508739133158107, "ridge": 1e-07, "seed": 1234, "sr": 6.954268155528048}}