{"returned_dict": {"loss": 0.26339545515405, "r2": -1.34964346175496, "status": "ok", "start_time": 1697172018.3753731, "duration": 1.0629448890686035}, "current_params": {"N": 500, "iss": 0.9, "lr": 0.10803678961379123, "ridge": 1e-07, "seed": 1234, "sr": 0.21210441974152222}}