{"returned_dict": {"loss": 0.26042953085818304, "r2": -1.30602153378068, "status": "ok", "start_time": 1697170287.957983, "duration": 0.9148669242858887}, "current_params": {"N": 500, "iss": 0.9, "lr": 0.05748154012762825, "ridge": 1e-07, "seed": 1234, "sr": 0.14848409471568397}}