{"returned_dict": {"loss": 0.2773586087820769, "r2": 0.5539584011134723, "status": "ok", "start_time": 1697168320.349764, "duration": 0.8965938091278076}, "current_params": {"N": 500, "iss": 0.9, "lr": 0.03227681862698132, "ridge": 1e-07, "seed": 1234, "sr": 0.13048071254874868}}