{"returned_dict": {"loss": 0.2756141052065842, "r2": -1.597463537918386, "status": "ok", "start_time": 1697181608.338018, "duration": 1.0569050312042236}, "current_params": {"N": 500, "iss": 0.9626385374465636, "lr": 0.008152510284277657, "ridge": 1e-07, "seed": 1234, "sr": 0.026191894186955052}}