{"returned_dict": {"loss": 0.2742703410518387, "r2": 0.5640027039484979, "status": "ok", "start_time": 1697168961.517014, "duration": 0.8656909465789795}, "current_params": {"N": 500, "iss": 0.9, "lr": 0.8066803683138792, "ridge": 1e-07, "seed": 1234, "sr": 0.02045819673305219}}