{"returned_dict": {"loss": 0.2702753777873845, "r2": 0.5773500168110748, "status": "ok", "start_time": 1697168940.607486, "duration": 0.852647066116333}, "current_params": {"N": 500, "iss": 0.9, "lr": 0.0201763660586179, "ridge": 1e-07, "seed": 1234, "sr": 0.7323231724059845}}