{"returned_dict": {"loss": 0.2840654049280782, "r2": -0.8663395507736439, "status": "ok", "start_time": 1697154492.606824, "duration": 0.7758378982543945}, "current_params": {"N": 500, "iss": 0.9, "lr": 0.2999168282397612, "ridge": 1e-07, "seed": 1234, "sr": 2.0711751271159318}}