{"returned_dict": {"loss": 0.2895145425163637, "r2": -1.6922858567105246, "status": "ok", "start_time": 1697696480.8272262, "duration": 0.9004878997802734}, "current_params": {"N": 500, "iss": 0.9, "lr": 0.015577684928036517, "ridge": 1e-07, "seed": 1234, "sr": 0.7507802307193081}}