{"returned_dict": {"loss": 0.2888914457554668, "r2": 0.5147069343983595, "status": "ok", "start_time": 1697168865.656825, "duration": 1.168191909790039}, "current_params": {"N": 500, "iss": 0.9, "lr": 0.26781603924522474, "ridge": 1e-07, "seed": 1234, "sr": 0.02786727306368867}}