{"returned_dict": {"loss": 0.28356788108776204, "r2": 0.5340272362361626, "status": "ok", "start_time": 1697168870.216822, "duration": 0.8503382205963135}, "current_params": {"N": 500, "iss": 0.9, "lr": 0.17035572356640263, "ridge": 1e-07, "seed": 1234, "sr": 0.03600276409094316}}