{"returned_dict": {"loss": 0.2812858495803085, "r2": 0.5409715407608974, "status": "ok", "start_time": 1697168263.532586, "duration": 0.8731398582458496}, "current_params": {"N": 500, "iss": 0.9, "lr": 0.1953924842255818, "ridge": 1e-07, "seed": 1234, "sr": 0.02348225301745763}}