{"returned_dict": {"loss": 0.2891594383002484, "r2": 0.5161715580826877, "status": "ok", "start_time": 1697168240.619443, "duration": 0.8835172653198242}, "current_params": {"N": 500, "iss": 0.9, "lr": 0.06679554327816328, "ridge": 1e-07, "seed": 1234, "sr": 0.07966435869333038}}