{"returned_dict": {"loss": 0.2950081925698637, "r2": -1.1684285854104617, "status": "ok", "start_time": 1697155241.499902, "duration": 0.8037340641021729}, "current_params": {"N": 500, "iss": 0.9, "lr": 0.0914851365421383, "ridge": 1e-07, "seed": 1234, "sr": 1.2072384196976096}}