{"returned_dict": {"loss": 0.2993329950267962, "r2": -2.0549962068514787, "status": "ok", "start_time": 1697170358.8437078, "duration": 0.8868422508239746}, "current_params": {"N": 500, "iss": 0.9, "lr": 0.006565103682340531, "ridge": 1e-07, "seed": 1234, "sr": 0.02857977758285706}}