{"returned_dict": {"loss": 0.29462953883967163, "r2": 0.49619392946504376, "status": "ok", "start_time": 1697168268.7361438, "duration": 0.8655080795288086}, "current_params": {"N": 500, "iss": 0.9, "lr": 0.17391291381476306, "ridge": 1e-07, "seed": 1234, "sr": 0.011739026780685318}}