{"returned_dict": {"loss": 0.29880320795863535, "r2": -2.1599408965145774, "status": "ok", "start_time": 1697185446.3820548, "duration": 0.7589511871337891}, "current_params": {"N": 500, "iss": 0.8820998106981124, "lr": 0.0018473770505347527, "ridge": 1.8622584812397071e-06, "seed": 1234, "sr": 0.015931944006093716}}