{"returned_dict": {"loss": 0.29697134574234735, "r2": -2.5889674802501994, "status": "ok", "start_time": 1697170371.310596, "duration": 0.8505270481109619}, "current_params": {"N": 500, "iss": 0.9, "lr": 0.6811753255192898, "ridge": 1e-07, "seed": 1234, "sr": 7.505573307332538}}