{"returned_dict": {"loss": 0.2931865074351755, "r2": -2.13920767951759, "status": "ok", "start_time": 1697171898.4964201, "duration": 0.9074428081512451}, "current_params": {"N": 500, "iss": 0.9, "lr": 0.36203692104858476, "ridge": 1e-07, "seed": 1234, "sr": 5.987530745926846}}