{"returned_dict": {"loss": 0.29611159363279393, "r2": -2.2952347695842263, "status": "ok", "start_time": 1697193397.502374, "duration": 4.28724217414856}, "current_params": {"N": 1000, "iss": 0.05969594889932428, "lr": 0.22834501963548878, "ridge": 4.079252477787997e-06, "seed": 1234, "sr": 3.3535990156004383}}