{"returned_dict": {"loss": 0.30410170386835694, "r2": 0.462116746613016, "status": "ok", "start_time": 1697168259.940999, "duration": 0.8537278175354004}, "current_params": {"N": 500, "iss": 0.9, "lr": 0.13440662792423172, "ridge": 1e-07, "seed": 1234, "sr": 1.959651331974383}}