{"returned_dict": {"loss": 0.309542836153174, "r2": 0.4446830505206389, "status": "ok", "start_time": 1697168938.8916821, "duration": 0.8705840110778809}, "current_params": {"N": 500, "iss": 0.9, "lr": 0.07548680318122616, "ridge": 1e-07, "seed": 1234, "sr": 0.01769587598402526}}