{"returned_dict": {"loss": 0.30399342053897455, "r2": -2.1289186391498593, "status": "ok", "start_time": 1697182064.945836, "duration": 1.0499420166015625}, "current_params": {"N": 500, "iss": 0.7044600162750467, "lr": 0.05989081733494548, "ridge": 3.058579821085371e-08, "seed": 1234, "sr": 0.1626795681245935}}