{"returned_dict": {"loss": 0.30037469233467723, "r2": -2.062300857281883, "status": "ok", "start_time": 1697172055.569345, "duration": 1.025183916091919}, "current_params": {"N": 500, "iss": 0.9, "lr": 0.0012348539342148224, "ridge": 1e-07, "seed": 1234, "sr": 0.050152765364070276}}