{"returned_dict": {"loss": 0.3024738845759482, "r2": 0.4706827573925785, "status": "ok", "start_time": 1697168272.2150972, "duration": 0.873314619064331}, "current_params": {"N": 500, "iss": 0.9, "lr": 0.05748154012762825, "ridge": 1e-07, "seed": 1234, "sr": 0.14848409471568397}}