{"returned_dict": {"loss": 0.30224896182993305, "r2": 0.47112851152624363, "status": "ok", "start_time": 1697168312.351251, "duration": 0.8762831687927246}, "current_params": {"N": 500, "iss": 0.9, "lr": 0.07201346307149094, "ridge": 1e-07, "seed": 1234, "sr": 0.19935467732696538}}