{"returned_dict": {"loss": 0.3119051676611704, "r2": -78.90949048974426, "status": "ok", "start_time": 1697451777.88543, "duration": 2.052485704421997}, "current_params": {"N": 500, "iss": 0.4503628369957513, "lr": 0.03709140133925175, "ridge": 2.6234435504939386e-09, "seed": 1234, "sr": 1.665278509291293}}