{"returned_dict": {"loss": 0.31522657359749484, "r2": -2.4684608179074243, "status": "ok", "start_time": 1697185440.961869, "duration": 0.7154920101165771}, "current_params": {"N": 500, "iss": 0.869355916285306, "lr": 0.0017588986916506517, "ridge": 0.009525997633827816, "seed": 1234, "sr": 1.2509379966926149}}