{"returned_dict": {"loss": 0.3180111224883898, "r2": -2.482936027214984, "status": "ok", "start_time": 1697172052.28237, "duration": 1.2244889736175537}, "current_params": {"N": 500, "iss": 0.9, "lr": 0.017842200331087264, "ridge": 1e-07, "seed": 1234, "sr": 0.07326940168674866}}