{"returned_dict": {"loss": 0.31907007056654485, "r2": -80.78213568689814, "status": "ok", "start_time": 1697448620.4445682, "duration": 3.9173717498779297}, "current_params": {"N": 1000, "iss": 0.13238073196516953, "lr": 0.13864624141183712, "ridge": 5.1447095217047094e-05, "seed": 1234, "sr": 4.997336540870967}}