{"returned_dict": {"loss": 0.3101273488486051, "r2": -96.12052203552525, "status": "ok", "start_time": 1697451892.044097, "duration": 1.8912708759307861}, "current_params": {"N": 500, "iss": 0.550070835811614, "lr": 0.005273335540171085, "ridge": 5.04991308123115e-09, "seed": 1234, "sr": 0.39936841111501603}}