{"returned_dict": {"loss": 0.3225057352395185, "r2": 0.38575036102748966, "status": "ok", "start_time": 1697168936.208071, "duration": 0.9614739418029785}, "current_params": {"N": 500, "iss": 0.9, "lr": 0.06013171745318184, "ridge": 1e-07, "seed": 1234, "sr": 0.6672376898037004}}