{"returned_dict": {"loss": 0.3280253782035052, "r2": 0.3623257375936273, "status": "ok", "start_time": 1697168941.4631228, "duration": 0.8714911937713623}, "current_params": {"N": 500, "iss": 0.9, "lr": 0.2229557041536738, "ridge": 1e-07, "seed": 1234, "sr": 0.09835763510258089}}