{"returned_dict": {"loss": 0.32113313746015065, "r2": -0.4384610286374347, "status": "ok", "start_time": 1697416646.6385229, "duration": 0.7748551368713379}, "current_params": {"N": 500, "iss": 0.8710694708540748, "lr": 0.5093800439838342, "ridge": 3.613494953765636e-08, "seed": 1234, "sr": 5.580343023547168}}