{"returned_dict": {"loss": 0.3365105141275608, "r2": 0.3438150501060407, "status": "ok", "start_time": 1697168897.2616, "duration": 0.8479621410369873}, "current_params": {"N": 500, "iss": 0.9, "lr": 0.5127972912670764, "ridge": 1e-07, "seed": 1234, "sr": 0.3797757622392174}}