{"returned_dict": {"loss": 0.3314116432988807, "r2": -3.006979094861936, "status": "ok", "start_time": 1697171848.337069, "duration": 0.900749921798706}, "current_params": {"N": 500, "iss": 0.9, "lr": 0.3314434048357353, "ridge": 1e-07, "seed": 1234, "sr": 6.833596167908428}}