{"returned_dict": {"loss": 0.3331263652351296, "r2": -2.8033722897178897, "status": "ok", "start_time": 1697417031.9596622, "duration": 2.4333066940307617}, "current_params": {"N": 1000, "iss": 0.562902674279726, "lr": 0.08451910338656304, "ridge": 2.98495308723598e-07, "seed": 1234, "sr": 0.020489195252075855}}