{"returned_dict": {"loss": 0.33487583971637, "r2": 0.34566065043961586, "status": "ok", "start_time": 1697168262.655658, "duration": 0.8742220401763916}, "current_params": {"N": 500, "iss": 0.9, "lr": 0.8310012558635558, "ridge": 1e-07, "seed": 1234, "sr": 0.2237449778907503}}