{"returned_dict": {"loss": 0.33859624599939897, "r2": -3.0004871978923653, "status": "ok", "start_time": 1697170261.1187851, "duration": 0.906254768371582}, "current_params": {"N": 500, "iss": 0.9, "lr": 0.027648495633442953, "ridge": 1e-07, "seed": 1234, "sr": 0.09442721440119983}}