{"returned_dict": {"loss": 0.3452687330059871, "r2": -2.2420895496832256, "status": "ok", "start_time": 1697697419.313501, "duration": 0.9008262157440186}, "current_params": {"N": 500, "iss": 0.9, "lr": 0.11868976127565604, "ridge": 1e-07, "seed": 1234, "sr": 9.903672418680925}}