{"returned_dict": {"loss": 0.3426075062318843, "r2": -3.3296258082743506, "status": "ok", "start_time": 1697170312.783193, "duration": 0.8529050350189209}, "current_params": {"N": 500, "iss": 0.9, "lr": 0.33784610522323594, "ridge": 1e-07, "seed": 1234, "sr": 3.416923934914541}}