{"returned_dict": {"loss": 0.35298060015913, "r2": -3.243925487210163, "status": "ok", "start_time": 1697170308.3118021, "duration": 0.954561710357666}, "current_params": {"N": 500, "iss": 0.9, "lr": 0.009487842647350041, "ridge": 1e-07, "seed": 1234, "sr": 0.07964860203040938}}