{"returned_dict": {"loss": 0.36336295087360587, "r2": -3.5141952025984273, "status": "ok", "start_time": 1697170299.327436, "duration": 0.8968541622161865}, "current_params": {"N": 500, "iss": 0.9, "lr": 0.06024795953076342, "ridge": 1e-07, "seed": 1234, "sr": 0.22833541526599072}}