{"returned_dict": {"loss": 0.3635742301818315, "r2": 0.17439629693420913, "status": "ok", "start_time": 1697168891.772841, "duration": 0.8678991794586182}, "current_params": {"N": 500, "iss": 0.9, "lr": 0.043542816329557914, "ridge": 1e-07, "seed": 1234, "sr": 3.180379394013653}}