{"returned_dict": {"loss": 0.36599280418274116, "r2": -122.39272970266349, "status": "ok", "start_time": 1697449289.250077, "duration": 4.179157018661499}, "current_params": {"N": 1000, "iss": 0.7229931611804811, "lr": 0.02801415255330273, "ridge": 3.8239824132656686e-09, "seed": 1234, "sr": 0.2090196583408564}}