{"returned_dict": {"loss": 0.3761867654488706, "r2": -2.2983489969312303, "status": "ok", "start_time": 1697155141.264679, "duration": 0.8209371566772461}, "current_params": {"N": 500, "iss": 0.9, "lr": 0.11868976127565604, "ridge": 1e-07, "seed": 1234, "sr": 9.903672418680925}}