{"returned_dict": {"loss": 0.3749406475660604, "r2": -119.61690873652383, "status": "ok", "start_time": 1697451692.760461, "duration": 1.7974369525909424}, "current_params": {"N": 500, "iss": 0.14796761127746416, "lr": 0.0013818551895319936, "ridge": 1.9194269720339747e-07, "seed": 1234, "sr": 0.5693766752526698}}