{"returned_dict": {"loss": 0.38845189459125334, "r2": 0.10667179299445055, "status": "ok", "start_time": 1697168308.859179, "duration": 0.8731060028076172}, "current_params": {"N": 500, "iss": 0.9, "lr": 0.3662606306703129, "ridge": 1e-07, "seed": 1234, "sr": 0.17537309143779847}}