{"returned_dict": {"loss": 0.3820432434226684, "r2": -4.102489251046184, "status": "ok", "start_time": 1697172059.727489, "duration": 1.0102951526641846}, "current_params": {"N": 500, "iss": 0.9, "lr": 0.03227681862698132, "ridge": 1e-07, "seed": 1234, "sr": 0.13048071254874868}}