{"returned_dict": {"loss": 0.39048358696356894, "r2": -120.31024715331728, "status": "ok", "start_time": 1697653838.385429, "duration": 29.24494218826294}, "current_params": {"N": 1891.0, "iss": 0.8383160999911431, "lr": 0.023226759313516834, "ridge": 8.81560223051062e-07, "seed": 1234, "sr": 1.7986325141052368}}