{"returned_dict": {"loss": 0.39239359912712163, "r2": -4.309972229014082, "status": "ok", "start_time": 1697181640.4298549, "duration": 1.1082792282104492}, "current_params": {"N": 500, "iss": 0.7498103060130609, "lr": 0.19508739133158107, "ridge": 1e-07, "seed": 1234, "sr": 6.954268155528048}}