{"returned_dict": {"loss": 0.407887172954061, "r2": -2.7456388454610887, "status": "ok", "start_time": 1697698867.7364402, "duration": 2.127234697341919}, "current_params": {"N": 500, "iss": 0.06016013465638104, "lr": 0.23962511288825833, "ridge": 0.0007949579169258338, "seed": 1234, "sr": 3.416923934914541}}