{"returned_dict": {"loss": 0.40176435779348546, "r2": -5.00861320949402, "status": "ok", "start_time": 1697171824.159689, "duration": 0.9445052146911621}, "current_params": {"N": 500, "iss": 0.9, "lr": 0.01194012324967483, "ridge": 1e-07, "seed": 1234, "sr": 0.13073371451589708}}