{"returned_dict": {"loss": 0.42342207910808805, "r2": -142.68226199320733, "status": "ok", "start_time": 1697448532.757322, "duration": 3.923419713973999}, "current_params": {"N": 1000, "iss": 0.869355916285306, "lr": 0.0017588986916506517, "ridge": 0.009525997633827816, "seed": 1234, "sr": 1.2509379966926149}}