{"returned_dict": {"loss": 0.4274784920678975, "r2": -149.6995262784079, "status": "ok", "start_time": 1697655373.432384, "duration": 191.33500218391418}, "current_params": {"N": 4120.0, "iss": 0.9581135333425491, "lr": 0.026802233205999445, "ridge": 0.0008696490633638283, "seed": 1234, "sr": 2.8424339478368448}}