{"returned_dict": {"loss": 0.4408645466022399, "r2": -6.138909467219584, "status": "ok", "start_time": 1697181582.466766, "duration": 1.0848948955535889}, "current_params": {"N": 500, "iss": 0.13653087251034746, "lr": 0.003562915550473451, "ridge": 1e-07, "seed": 1234, "sr": 0.015217119086357022}}