{"returned_dict": {"loss": 0.4584759491093142, "r2": -6.734594762755498, "status": "ok", "start_time": 1697171862.946754, "duration": 0.9124071598052979}, "current_params": {"N": 500, "iss": 0.9, "lr": 0.2999168282397612, "ridge": 1e-07, "seed": 1234, "sr": 2.0711751271159318}}