{"returned_dict": {"loss": 0.4517071298058936, "r2": -6.445684834493097, "status": "ok", "start_time": 1697171918.226568, "duration": 0.9371910095214844}, "current_params": {"N": 500, "iss": 0.9, "lr": 0.004574152964585012, "ridge": 1e-07, "seed": 1234, "sr": 0.017275455370965257}}