{"returned_dict": {"loss": 0.46107473736214316, "r2": -174.38516083197604, "status": "ok", "start_time": 1697649955.4369001, "duration": 223.36153888702393}, "current_params": {"N": 4859.0, "iss": 0.22424280171073074, "lr": 0.012042080474948267, "ridge": 9.253689703516465e-05, "seed": 1234, "sr": 1.959651331974383}}