{"returned_dict": {"loss": 0.4631853563094306, "r2": -0.25176542416754444, "status": "ok", "start_time": 1697168942.33758, "duration": 0.8375859260559082}, "current_params": {"N": 500, "iss": 0.9, "lr": 0.5275770821221862, "ridge": 1e-07, "seed": 1234, "sr": 3.382940283445415}}