{"returned_dict": {"loss": 0.48115371975694804, "r2": -7.115977506637361, "status": "ok", "start_time": 1697185475.174817, "duration": 0.7353918552398682}, "current_params": {"N": 500, "iss": 0.9120267528405163, "lr": 0.10377622163746929, "ridge": 0.0009493042476638647, "seed": 1234, "sr": 1.1747727724200443}}