{"returned_dict": {"loss": 0.49740206059236236, "r2": -2.4954678033039204, "status": "ok", "start_time": 1697184930.931442, "duration": 0.831834077835083}, "current_params": {"N": 500, "iss": 0.6517423997488939, "lr": 0.4485179994925241, "ridge": 2.1919618123313223e-05, "seed": 1234, "sr": 2.76036316173383}}