{"returned_dict": {"loss": 0.49807124425528393, "r2": -5.961900770805253, "status": "ok", "start_time": 1697695468.833888, "duration": 0.8655049800872803}, "current_params": {"N": 500, "iss": 0.9, "lr": 0.13565077644388224, "ridge": 1e-07, "seed": 1234, "sr": 2.6286963019006704}}