{"returned_dict": {"loss": 0.49573224798011045, "r2": -7.974841469860524, "status": "ok", "start_time": 1697185443.165347, "duration": 0.7964718341827393}, "current_params": {"N": 500, "iss": 0.7041340569061305, "lr": 0.02018337832903292, "ridge": 2.3115334421298753e-06, "seed": 1234, "sr": 0.09442721440119983}}