{"returned_dict": {"loss": 0.5322851853272198, "r2": -9.421277990579352, "status": "ok", "start_time": 1697171792.3576288, "duration": 0.9293231964111328}, "current_params": {"N": 500, "iss": 0.9, "lr": 0.2768537448431134, "ridge": 1e-07, "seed": 1234, "sr": 4.434072756135233}}