{"returned_dict": {"loss": 0.5362338302345836, "r2": -1.205545173035348, "status": "ok", "start_time": 1697168288.9129112, "duration": 0.8421969413757324}, "current_params": {"N": 500, "iss": 0.9, "lr": 0.3597071043773894, "ridge": 1e-07, "seed": 1234, "sr": 1.0784585589734712}}