{"returned_dict": {"loss": 0.5846803232131869, "r2": -11.504518159448821, "status": "ok", "start_time": 1697187270.469067, "duration": 1.8646907806396484}, "current_params": {"N": 500, "iss": 0.18619565979686425, "lr": 0.06289522081324313, "ridge": 2.6051918706653142e-08, "seed": 1234, "sr": 7.227207099998132}}