{"returned_dict": {"loss": 0.5965454978899815, "r2": -333.147924739128, "status": "ok", "start_time": 1697449864.602609, "duration": 1.8054461479187012}, "current_params": {"N": 500, "iss": 0.34611859763450203, "lr": 0.0072789537441323385, "ridge": 4.7480197822394035e-09, "seed": 1234, "sr": 0.3226348405474758}}