{"returned_dict": {"loss": 0.6209017268225706, "r2": -14.567892165379197, "status": "ok", "start_time": 1697194965.6526551, "duration": 11.989261865615845}, "current_params": {"N": 1000, "iss": 0.8899024118416428, "lr": 0.029602141041308122, "ridge": 2.7583086552332414e-08, "seed": 1234, "sr": 3.998119826570731}}