{"returned_dict": {"loss": 0.6373376188153228, "r2": -13.066003005773121, "status": "ok", "start_time": 1697181558.0592792, "duration": 1.029357671737671}, "current_params": {"N": 500, "iss": 0.33052590501502277, "lr": 0.0022003912952545212, "ridge": 1e-07, "seed": 1234, "sr": 0.05016138018026818}}