{"returned_dict": {"loss": 0.6470119064955577, "r2": -340.11121153341105, "status": "ok", "start_time": 1697448739.492277, "duration": 4.032929182052612}, "current_params": {"N": 1000, "iss": 0.6217356289422551, "lr": 0.0029999570595545273, "ridge": 1.822408392802496e-08, "seed": 1234, "sr": 0.38114750465916947}}