{"returned_dict": {"loss": 0.6558740641861475, "r2": -19.499499334267565, "status": "ok", "start_time": 1697182208.414439, "duration": 1.0537710189819336}, "current_params": {"N": 500, "iss": 0.975796083487275, "lr": 0.36345335286724006, "ridge": 3.344756996651249e-07, "seed": 1234, "sr": 3.928074544493676}}