{"returned_dict": {"loss": 0.6512863915427222, "r2": -17.507336888539445, "status": "ok", "start_time": 1697189173.325084, "duration": 4.52810001373291}, "current_params": {"N": 1000, "iss": 0.45903012586393255, "lr": 0.008993216326780393, "ridge": 3.098662816361876e-05, "seed": 1234, "sr": 1.038057705082271}}