{"returned_dict": {"loss": 0.6668486960087133, "r2": -355.26246643155906, "status": "ok", "start_time": 1697449913.5242639, "duration": 1.875277042388916}, "current_params": {"N": 500, "iss": 0.24236535975373574, "lr": 0.06703300913405115, "ridge": 4.2269285080674205e-08, "seed": 1234, "sr": 2.773816181603311}}