{"returned_dict": {"loss": 0.6720588534357934, "r2": -363.79118104202706, "status": "ok", "start_time": 1697480786.1095622, "duration": 163.56665587425232}, "current_params": {"N": 4236.0, "iss": 0.9492310760856882, "lr": 0.03448518184164638, "ridge": 1.082471644281706e-09, "seed": 1234, "sr": 0.7476653587619372}}