{"returned_dict": {"loss": 0.6858203248191769, "r2": -15.075307912161358, "status": "ok", "start_time": 1697170355.27368, "duration": 0.8537771701812744}, "current_params": {"N": 500, "iss": 0.9, "lr": 0.13565077644388224, "ridge": 1e-07, "seed": 1234, "sr": 2.6286963019006704}}