{"returned_dict": {"loss": 0.6877014095151798, "r2": -16.393933568492088, "status": "ok", "start_time": 1697696372.1486201, "duration": 1.2760968208312988}, "current_params": {"N": 500, "iss": 0.9, "lr": 0.005007729021893898, "ridge": 1e-07, "seed": 1234, "sr": 1.0385323042151453}}