{"returned_dict": {"loss": 0.6921233880097679, "r2": -5.681985081581274, "status": "ok", "start_time": 1697416728.025816, "duration": 0.7798280715942383}, "current_params": {"N": 500, "iss": 0.975796083487275, "lr": 0.36345335286724006, "ridge": 3.344756996651249e-07, "seed": 1234, "sr": 3.928074544493676}}