{"returned_dict": {"loss": 0.7095257923623937, "r2": -19.40436330407457, "status": "ok", "start_time": 1697181486.9465852, "duration": 0.9766356945037842}, "current_params": {"N": 500, "iss": 0.816994764213365, "lr": 0.2768537448431134, "ridge": 1e-07, "seed": 1234, "sr": 4.434072756135233}}