{"returned_dict": {"loss": 0.7171407223915677, "r2": -11.67921374285154, "status": "ok", "start_time": 1697698812.2989178, "duration": 1.8831002712249756}, "current_params": {"N": 500, "iss": 0.34711880645906334, "lr": 0.0017068361591199817, "ridge": 1.2839800042841107e-06, "seed": 1234, "sr": 0.7839491567314942}}