{"returned_dict": {"loss": 0.7307454281855006, "r2": -7.117373506289109, "status": "ok", "start_time": 1697416761.840533, "duration": 0.7786920070648193}, "current_params": {"N": 500, "iss": 0.550070835811614, "lr": 0.005273335540171085, "ridge": 5.04991308123115e-09, "seed": 1234, "sr": 0.39936841111501603}}