{"returned_dict": {"loss": 0.7407333228878495, "r2": -20.88625998846749, "status": "ok", "start_time": 1697182237.949976, "duration": 1.0096631050109863}, "current_params": {"N": 500, "iss": 0.5315682009230276, "lr": 0.1775950750495892, "ridge": 0.0002207334426427236, "seed": 1234, "sr": 6.954268155528048}}