{"returned_dict": {"loss": 0.7699983562452214, "r2": -578.4882606287628, "status": "ok", "start_time": 1697443039.6848261, "duration": 1.823974847793579}, "current_params": {"N": 500, "iss": 0.23643093070326449, "lr": 0.01146759760328504, "ridge": 0.004599990623823179, "seed": 1234, "sr": 2.3610670815355883}}