{"returned_dict": {"loss": 0.7655828554263694, "r2": -17.06875685734217, "status": "ok", "start_time": 1697697422.141866, "duration": 0.9020819664001465}, "current_params": {"N": 500, "iss": 0.9, "lr": 0.13440662792423172, "ridge": 1e-07, "seed": 1234, "sr": 1.959651331974383}}