{"returned_dict": {"loss": 0.7807148394722327, "r2": -29.07330432364149, "status": "ok", "start_time": 1697170307.443054, "duration": 0.8657801151275635}, "current_params": {"N": 500, "iss": 0.9, "lr": 0.28270899609503314, "ridge": 1e-07, "seed": 1234, "sr": 9.019468988959579}}