{"returned_dict": {"loss": 0.7976274944809405, "r2": -3.8260436909087012, "status": "ok", "start_time": 1697168288.0318441, "duration": 0.8781750202178955}, "current_params": {"N": 500, "iss": 0.9, "lr": 0.01829156443200663, "ridge": 1e-07, "seed": 1234, "sr": 1.7986325141052368}}