{"returned_dict": {"loss": 0.8030177288622435, "r2": -27.30484856599594, "status": "ok", "start_time": 1697188020.9711308, "duration": 4.278784990310669}, "current_params": {"N": 1000, "iss": 0.15855990557256594, "lr": 0.0013530394390112253, "ridge": 3.771243674444087e-05, "seed": 1234, "sr": 1.2072384196976096}}