{"returned_dict": {"loss": 0.8276264051927168, "r2": -16.290997966720486, "status": "ok", "start_time": 1697096931.950368, "duration": 0.7745680809020996}, "current_params": {"N": 500, "iss": 0.9, "lr": 0.0011747404553185898, "ridge": 1e-07, "seed": 1234, "sr": 0.7794764412014389}}