{"returned_dict": {"loss": 0.8346241324937146, "r2": -557.3236731451238, "status": "ok", "start_time": 1697465362.172863, "duration": 85.99186086654663}, "current_params": {"N": 3042.0, "iss": 0.27955000672950736, "lr": 0.050891035673396985, "ridge": 6.92305207076248e-05, "seed": 1234, "sr": 9.903672418680925}}