{"returned_dict": {"loss": 0.852022174043057, "r2": -25.113247344031453, "status": "ok", "start_time": 1697185443.965739, "duration": 0.75541090965271}, "current_params": {"N": 500, "iss": 0.9547804466890908, "lr": 0.0063822566002939346, "ridge": 1.9445651653381377e-09, "seed": 1234, "sr": 0.012708968625748275}}