{"returned_dict": {"loss": 0.891073807814711, "r2": -662.3132768624528, "status": "ok", "start_time": 1697455389.645267, "duration": 9.962018966674805}, "current_params": {"N": 1000, "iss": 0.9907096740516865, "lr": 0.011152501138346385, "ridge": 4.549840392506736e-07, "seed": 1234, "sr": 1.4037266612887527}}