{"returned_dict": {"loss": 0.9020139226892597, "r2": -714.293808066776, "status": "ok", "start_time": 1697469838.141304, "duration": 28.691462993621826}, "current_params": {"N": 1891.0, "iss": 0.8383160999911431, "lr": 0.023226759313516834, "ridge": 8.81560223051062e-07, "seed": 1234, "sr": 1.7986325141052368}}