{"returned_dict": {"loss": 0.9198901858322581, "r2": -35.09919354094506, "status": "ok", "start_time": 1697185481.160526, "duration": 0.7554078102111816}, "current_params": {"N": 500, "iss": 0.28766435081673314, "lr": 0.0012105913148246156, "ridge": 1.9057127432713242e-07, "seed": 1234, "sr": 0.07964860203040938}}