{"returned_dict": {"loss": 0.9513830467857991, "r2": -31.221126925200007, "status": "ok", "start_time": 1697182040.8765912, "duration": 0.7173759937286377}, "current_params": {"N": 100, "iss": 0.07739727825380371, "lr": 0.021490140480106088, "ridge": 1e-07, "seed": 1234, "sr": 0.7839491567314942}}