{"returned_dict": {"loss": 0.9630040571962871, "r2": -24.87836456108866, "status": "ok", "start_time": 1697695386.294466, "duration": 0.896143913269043}, "current_params": {"N": 500, "iss": 0.9, "lr": 0.0028587399658546522, "ridge": 1e-07, "seed": 1234, "sr": 1.0993945835225667}}