{"returned_dict": {"loss": 0.980086934727122, "r2": -32.02340112262705, "status": "ok", "start_time": 1697181649.08223, "duration": 1.0874149799346924}, "current_params": {"N": 500, "iss": 0.350969346820312, "lr": 0.006517013347114697, "ridge": 1e-07, "seed": 1234, "sr": 0.20877503732087163}}