{"returned_dict": {"loss": 1.0053299248842549, "r2": -34.15719450195846, "status": "ok", "start_time": 1697170427.400714, "duration": 0.8906831741333008}, "current_params": {"N": 500, "iss": 0.9, "lr": 0.0017768454950958875, "ridge": 1e-07, "seed": 1234, "sr": 0.2090196583408564}}