{"returned_dict": {"loss": 1.0147781076480988, "r2": -5.276536051433893, "status": "ok", "start_time": 1697168274.8699698, "duration": 0.8772101402282715}, "current_params": {"N": 500, "iss": 0.9, "lr": 0.0025277744748336503, "ridge": 1e-07, "seed": 1234, "sr": 2.2553242781758827}}