{"returned_dict": {"loss": 1.081362955546976, "r2": -42.346939873433044, "status": "ok", "start_time": 1697181606.305158, "duration": 0.9896690845489502}, "current_params": {"N": 500, "iss": 0.4705480487542444, "lr": 0.12285193029261984, "ridge": 1e-07, "seed": 1234, "sr": 3.1162051286367416}}