{"returned_dict": {"loss": 1.1386542713479162, "r2": -1057.8438460716436, "status": "ok", "start_time": 1697451770.300461, "duration": 1.8927359580993652}, "current_params": {"N": 500, "iss": 0.9907096740516865, "lr": 0.011152501138346385, "ridge": 4.549840392506736e-07, "seed": 1234, "sr": 1.4037266612887527}}