{"returned_dict": {"loss": 1.1516689396681459, "r2": -49.01978324827868, "status": "ok", "start_time": 1697417053.816114, "duration": 2.4863369464874268}, "current_params": {"N": 1000, "iss": 0.7077176383000704, "lr": 0.08645762464145056, "ridge": 2.45461325245235e-09, "seed": 1234, "sr": 0.013953269187234588}}