{"returned_dict": {"loss": 1.1723585232800524, "r2": -47.482771486803905, "status": "ok", "start_time": 1697185442.434507, "duration": 0.7267012596130371}, "current_params": {"N": 500, "iss": 0.5734609694174653, "lr": 0.0014528929731718976, "ridge": 0.0002509953774283313, "seed": 1234, "sr": 1.4787515437601555}}