{"returned_dict": {"loss": 1.2139382747428853, "r2": -52.88708135281829, "status": "ok", "start_time": 1697171780.190979, "duration": 0.9934160709381104}, "current_params": {"N": 500, "iss": 0.9, "lr": 0.004331629980965586, "ridge": 1e-07, "seed": 1234, "sr": 0.1626795681245935}}