{"returned_dict": {"loss": 1.2262052407637176, "r2": -51.591349103735276, "status": "ok", "start_time": 1697185533.106493, "duration": 0.7925429344177246}, "current_params": {"N": 500, "iss": 0.1123239562263062, "lr": 0.0017394860367737678, "ridge": 8.18392101434674e-09, "seed": 1234, "sr": 0.05019484139736029}}