{"returned_dict": {"loss": 1.2225940671632012, "r2": -1211.0984604406842, "status": "ok", "start_time": 1697449195.494282, "duration": 4.001096963882446}, "current_params": {"N": 1000, "iss": 0.9492310760856882, "lr": 0.03448518184164638, "ridge": 1.082471644281706e-09, "seed": 1234, "sr": 0.7476653587619372}}