{"returned_dict": {"loss": 1.2398030847582817, "r2": -52.642351155445624, "status": "ok", "start_time": 1697170391.653067, "duration": 0.8741040229797363}, "current_params": {"N": 500, "iss": 0.9, "lr": 0.0011414997148981286, "ridge": 1e-07, "seed": 1234, "sr": 0.30993658351244163}}