{"returned_dict": {"loss": 1.298728184166665, "r2": -11.374967922120158, "status": "ok", "start_time": 1697168306.254102, "duration": 0.848426103591919}, "current_params": {"N": 500, "iss": 0.9, "lr": 0.3314434048357353, "ridge": 1e-07, "seed": 1234, "sr": 6.833596167908428}}