{"returned_dict": {"loss": 1.2964074852953882, "r2": -67.05093592175712, "status": "ok", "start_time": 1697193419.084085, "duration": 4.311781883239746}, "current_params": {"N": 1000, "iss": 0.26089228108771545, "lr": 0.004924674001327178, "ridge": 2.381485979423505e-09, "seed": 1234, "sr": 0.28962112677540436}}