{"returned_dict": {"loss": 1.3213342276636928, "r2": -9.419995274213727, "status": "ok", "start_time": 1697168261.684902, "duration": 0.967954158782959}, "current_params": {"N": 500, "iss": 0.9, "lr": 0.003135528802871368, "ridge": 1e-07, "seed": 1234, "sr": 2.4229663969229636}}