{"returned_dict": {"loss": 1.3205221838574286, "r2": -1391.9639196503633, "status": "ok", "start_time": 1697651095.447554, "duration": 121.40169382095337}, "current_params": {"N": 3871.0, "iss": 0.24236535975373574, "lr": 0.06703300913405115, "ridge": 4.2269285080674205e-08, "seed": 1234, "sr": 2.773816181603311}}