{"returned_dict": {"loss": 1.3220638447580604, "r2": -45.23086679297008, "status": "ok", "start_time": 1697436702.863561, "duration": 1.7617080211639404}, "current_params": {"N": 500, "iss": 0.5734609694174653, "lr": 0.0014528929731718976, "ridge": 0.0002509953774283313, "seed": 1234, "sr": 1.4787515437601555}}