{"returned_dict": {"loss": 1.370886948254353, "r2": -70.9621785373045, "status": "ok", "start_time": 1697192428.275997, "duration": 4.307032108306885}, "current_params": {"N": 1000, "iss": 0.24236535975373574, "lr": 0.06703300913405115, "ridge": 4.2269285080674205e-08, "seed": 1234, "sr": 2.773816181603311}}