{"returned_dict": {"loss": 1.3910893929544645, "r2": -1575.0231929729034, "status": "ok", "start_time": 1697647923.630786, "duration": 190.55436611175537}, "current_params": {"N": 4579.0, "iss": 0.7231479244442287, "lr": 0.021175330384294096, "ridge": 1.3401973668525895e-08, "seed": 1234, "sr": 1.8373084854604944}}