{"returned_dict": {"loss": 1.4530240495923241, "r2": -74.87860634862234, "status": "ok", "start_time": 1697172028.770087, "duration": 0.9906017780303955}, "current_params": {"N": 500, "iss": 0.9, "lr": 0.008045090803265967, "ridge": 1e-07, "seed": 1234, "sr": 0.28327116807958513}}