{"returned_dict": {"loss": 1.5897713634079647, "r2": -94.4046439133415, "status": "ok", "start_time": 1697187192.692657, "duration": 1.9464449882507324}, "current_params": {"N": 500, "iss": 0.8328177066055172, "lr": 0.026162881037661297, "ridge": 3.0656276565905996e-07, "seed": 1234, "sr": 2.3820731800209316}}