{"returned_dict": {"loss": 1.58984187409507, "r2": -2137.670371510621, "status": "ok", "start_time": 1697479947.724658, "duration": 6.8249897956848145}, "current_params": {"N": 770.0, "iss": 0.6029258260507978, "lr": 0.012445144152847186, "ridge": 2.3571184655130715e-07, "seed": 1234, "sr": 9.272462266637495}}