{"returned_dict": {"loss": 1.591656550688537, "r2": -87.62926902055302, "status": "ok", "start_time": 1697185560.93381, "duration": 0.7300598621368408}, "current_params": {"N": 500, "iss": 0.5315682009230276, "lr": 0.1775950750495892, "ridge": 0.0002207334426427236, "seed": 1234, "sr": 6.954268155528048}}