{"returned_dict": {"loss": 1.6043484869848808, "r2": -3140.21161562984, "status": "ok", "start_time": 1697657518.4433222, "duration": 116.26337671279907}, "current_params": {"N": 3565.0, "iss": 0.5813661769352256, "lr": 0.0010387024872592213, "ridge": 4.333630514338604e-07, "seed": 1234, "sr": 1.0616387878921083}}