{"returned_dict": {"loss": 1.6818617401691347, "r2": -126.03391751298973, "status": "ok", "start_time": 1697185564.83233, "duration": 0.7291431427001953}, "current_params": {"N": 500, "iss": 0.9097376556056701, "lr": 0.3079726626930137, "ridge": 1.4421411301859244e-07, "seed": 1234, "sr": 5.615522331680127}}