{"returned_dict": {"loss": 1.6841383187804275, "r2": -66.14449488822835, "status": "ok", "start_time": 1697155148.0799801, "duration": 0.8453989028930664}, "current_params": {"N": 500, "iss": 0.9, "lr": 0.10450923140136353, "ridge": 1e-07, "seed": 1234, "sr": 4.997336540870967}}