{"returned_dict": {"loss": 1.6874192228828144, "r2": -106.50869139067758, "status": "ok", "start_time": 1697193143.143088, "duration": 4.34825587272644}, "current_params": {"N": 1000, "iss": 0.5813661769352256, "lr": 0.0010387024872592213, "ridge": 4.333630514338604e-07, "seed": 1234, "sr": 1.0616387878921083}}