{"returned_dict": {"loss": 1.7087894085808617, "r2": -2433.934405778094, "status": "ok", "start_time": 1697450110.814589, "duration": 1.8193249702453613}, "current_params": {"N": 500, "iss": 0.15855990557256594, "lr": 0.0013530394390112253, "ridge": 3.771243674444087e-05, "seed": 1234, "sr": 1.2072384196976096}}