{"returned_dict": {"loss": 1.7303944517385002, "r2": -108.54837960776428, "status": "ok", "start_time": 1697171922.0165708, "duration": 0.9527432918548584}, "current_params": {"N": 500, "iss": 0.9, "lr": 0.0011414997148981286, "ridge": 1e-07, "seed": 1234, "sr": 0.30993658351244163}}