{"returned_dict": {"loss": 1.7594823619599087, "r2": -104.15183011828752, "status": "ok", "start_time": 1697417034.398303, "duration": 2.339184045791626}, "current_params": {"N": 1000, "iss": 0.45903012586393255, "lr": 0.008993216326780393, "ridge": 3.098662816361876e-05, "seed": 1234, "sr": 1.038057705082271}}