{"returned_dict": {"loss": 1.768205822201825, "r2": -125.48521472372288, "status": "ok", "start_time": 1697185447.898207, "duration": 0.7516269683837891}, "current_params": {"N": 500, "iss": 0.33486009438808095, "lr": 0.004100650502354604, "ridge": 0.008206547427376674, "seed": 1234, "sr": 4.224184001973293}}