{"returned_dict": {"loss": 1.8351633555005067, "r2": -168.87563428312566, "status": "ok", "start_time": 1697189400.5593522, "duration": 4.32352089881897}, "current_params": {"N": 1000, "iss": 0.10204618018844569, "lr": 0.0022976484367460367, "ridge": 6.435132499791384e-09, "seed": 1234, "sr": 1.1658340735577972}}