{"returned_dict": {"loss": 1.85992866755209, "r2": -2775.0341227202994, "status": "ok", "start_time": 1697651216.855745, "duration": 87.55233693122864}, "current_params": {"N": 3148.0, "iss": 0.49797044830105386, "lr": 0.005473899359991359, "ridge": 0.009737952859572229, "seed": 1234, "sr": 4.574545330611019}}