{"returned_dict": {"loss": 1.919018466719739, "r2": -126.39694389600868, "status": "ok", "start_time": 1697181664.120422, "duration": 1.1070220470428467}, "current_params": {"N": 500, "iss": 0.29963587931897306, "lr": 0.031315298214446584, "ridge": 1e-07, "seed": 1234, "sr": 0.575269795679041}}