{"returned_dict": {"loss": 10.41998301220651, "r2": -3218.7437940067744, "status": "ok", "start_time": 1697158938.540072, "duration": 0.9815371036529541}, "current_params": {"N": 500, "iss": 0.9, "lr": 0.006605373155785381, "ridge": 1e-07, "seed": 1234, "sr": 1.6722388684853167}}