{"returned_dict": {"loss": 10.563834261377162, "r2": -683.8017680229985, "status": "ok", "start_time": 1697168851.14667, "duration": 0.8574228286743164}, "current_params": {"N": 500, "iss": 0.9, "lr": 0.004043788650283284, "ridge": 1e-07, "seed": 1234, "sr": 7.227207099998132}}