{"returned_dict": {"loss": 10.759367478692274, "r2": -4646.317274305781, "status": "ok", "start_time": 1697189000.3969998, "duration": 4.17705512046814}, "current_params": {"N": 1000, "iss": 0.7231479244442287, "lr": 0.021175330384294096, "ridge": 1.3401973668525895e-08, "seed": 1234, "sr": 1.8373084854604944}}