{"returned_dict": {"loss": 10.86891487598612, "r2": -17.18738668303714, "status": "ok", "start_time": 1697092974.9260008, "duration": 5.351731300354004}, "current_params": {"cell_number": 500, "connectivity": 0.44063820339089976, "input_connectivity": 0.2, "input_scaling": 0.26089228108771545, "leak_rate": 0.004924674001327178, "regularization": 3.4542544613401984e-10, "seed": 1234, "spectral_radius": 0.28962112677540436}}