{"returned_dict": {"loss": 10.970428513691582, "r2": -98365.403115443, "status": "ok", "start_time": 1697451907.410068, "duration": 1.9355800151824951}, "current_params": {"N": 500, "iss": 0.7444485210599292, "lr": 0.0020459627481612115, "ridge": 1.674497026534218e-08, "seed": 1234, "sr": 1.182082887824895}}