{"returned_dict": {"loss": 100.37632582682825, "r2": -366491.9102119143, "status": "ok", "start_time": 1697417276.580524, "duration": 2.315694808959961}, "current_params": {"N": 1000, "iss": 0.007930380864134223, "lr": 0.010013001344096634, "ridge": 6.670195090070217e-06, "seed": 1234, "sr": 3.180379394013653}}