{"returned_dict": {"loss": 101.46037019192829, "r2": -407445.4605534261, "status": "ok", "start_time": 1697189462.379487, "duration": 4.29008674621582}, "current_params": {"N": 1000, "iss": 0.4234539619306149, "lr": 0.001055234755253992, "ridge": 2.7873687266175076e-08, "seed": 1234, "sr": 6.700381333753658}}