{"returned_dict": {"loss": 106.41098614715985, "r2": -9261469.48353946, "status": "ok", "start_time": 1697448916.462585, "duration": 3.966352939605713}, "current_params": {"N": 1000, "iss": 0.15399984759321084, "lr": 0.0019431745080725833, "ridge": 6.149769328825335e-07, "seed": 1234, "sr": 8.323301293667457}}