{"returned_dict": {"loss": 109.72718991535555, "r2": -528346.7714571402, "status": "ok", "start_time": 1697187690.591987, "duration": 4.099302291870117}, "current_params": {"N": 1000, "iss": 0.4318098058036459, "lr": 0.012600442759985371, "ridge": 1.4978972663732007e-06, "seed": 1234, "sr": 7.954497739510178}}