{"returned_dict": {"loss": 11.478870911344794, "r2": -4613.9096354918765, "status": "ok", "start_time": 1697185563.323411, "duration": 0.7611010074615479}, "current_params": {"N": 500, "iss": 0.8640890518452584, "lr": 0.056175796579322784, "ridge": 8.914132777984633e-07, "seed": 1234, "sr": 1.6346058937885943}}