{"returned_dict": {"loss": 11.47809612545687, "r2": -2603.9250671608534, "status": "ok", "start_time": 1697416768.0644622, "duration": 0.7683236598968506}, "current_params": {"N": 500, "iss": 0.7444485210599292, "lr": 0.0020459627481612115, "ridge": 1.674497026534218e-08, "seed": 1234, "sr": 1.182082887824895}}