{"returned_dict": {"loss": 11.603520159067545, "r2": -126662.56027360873, "status": "ok", "start_time": 1697475122.583182, "duration": 14.335356950759888}, "current_params": {"N": 1321.0, "iss": 0.8275692027406062, "lr": 0.00921134174257873, "ridge": 7.465489217273001e-08, "seed": 1234, "sr": 2.9579435824398614}}