{"returned_dict": {"loss": 11.764753774389462, "r2": -2304.437795980122, "status": "ok", "start_time": 1697184949.676126, "duration": 0.7780089378356934}, "current_params": {"N": 500, "iss": 0.22424280171073074, "lr": 0.012042080474948267, "ridge": 9.253689703516465e-05, "seed": 1234, "sr": 1.959651331974383}}