{"returned_dict": {"loss": 11.825622170635816, "r2": -5157.131467175706, "status": "ok", "start_time": 1697185480.413825, "duration": 0.7427718639373779}, "current_params": {"N": 500, "iss": 0.8564670839009341, "lr": 0.004666278320192311, "ridge": 0.0005245567335623266, "seed": 1234, "sr": 9.019468988959579}}