{"returned_dict": {"loss": 117.39888831961848, "r2": -557080.3538367314, "status": "ok", "start_time": 1697181536.797624, "duration": 1.0147418975830078}, "current_params": {"N": 500, "iss": 0.366795268606385, "lr": 0.02295730315688215, "ridge": 1e-07, "seed": 1234, "sr": 7.954497739510178}}