{"returned_dict": {"loss": 1186.6849828532436, "r2": -216803.76282444215, "status": "ok", "start_time": 1697092949.554775, "duration": 9.807597160339355}, "current_params": {"cell_number": 500, "connectivity": 0.7788699843443709, "input_connectivity": 0.2, "input_scaling": 0.8468296018182028, "leak_rate": 0.0016562209632395857, "regularization": 4.9429262702013776e-08, "seed": 1234, "spectral_radius": 6.091700405214507}}