{"returned_dict": {"loss": 12.060215362799509, "r2": -5480.430947099434, "status": "ok", "start_time": 1697185493.9393952, "duration": 0.7386360168457031}, "current_params": {"N": 500, "iss": 0.9406587057968023, "lr": 0.02207977188453779, "ridge": 0.0007602478909161272, "seed": 1234, "sr": 6.833596167908428}}