{"returned_dict": {"loss": 12.243847391013437, "r2": -5068.385150111249, "status": "ok", "start_time": 1697437046.322365, "duration": 1.8046607971191406}, "current_params": {"N": 500, "iss": 0.7444485210599292, "lr": 0.0020459627481612115, "ridge": 1.674497026534218e-08, "seed": 1234, "sr": 1.182082887824895}}