{"returned_dict": {"loss": 12.243022943070878, "r2": -5125.312801520419, "status": "ok", "start_time": 1697156761.128803, "duration": 0.836561918258667}, "current_params": {"N": 500, "iss": 0.9, "lr": 0.003041391485982446, "ridge": 1e-07, "seed": 1234, "sr": 1.8373084854604944}}