{"returned_dict": {"loss": 12.380597871878301, "r2": -5368.30623822332, "status": "ok", "start_time": 1697697464.170135, "duration": 0.9279160499572754}, "current_params": {"N": 500, "iss": 0.9, "lr": 0.0014657043717974704, "ridge": 1e-07, "seed": 1234, "sr": 3.3229413943755635}}