{"returned_dict": {"loss": 12.407450538482863, "r2": -138862.98028785447, "status": "ok", "start_time": 1697443096.449107, "duration": 2.3688361644744873}, "current_params": {"N": 500, "iss": 0.5813661769352256, "lr": 0.0010387024872592213, "ridge": 4.333630514338604e-07, "seed": 1234, "sr": 1.0616387878921083}}