{"returned_dict": {"loss": 12.636644624978059, "r2": -23.584505091305648, "status": "ok", "start_time": 1697092292.237468, "duration": 6.706336975097656}, "current_params": {"cell_number": 500, "connectivity": 0.562351601862043, "input_connectivity": 0.2, "input_scaling": 0.6217356289422551, "leak_rate": 0.0029999570595545273, "regularization": 6.3229891750495415e-09, "seed": 1234, "spectral_radius": 0.38114750465916947}}