{"returned_dict": {"loss": 13.586612309601392, "r2": -4686.539499220781, "status": "ok", "start_time": 1697097502.3592288, "duration": 0.7846002578735352}, "current_params": {"N": 500, "iss": 0.9, "lr": 0.0021754527786438816, "ridge": 1e-07, "seed": 1234, "sr": 2.3297993110223385}}