{"returned_dict": {"loss": 13.782747185974827, "r2": -5539.821475830123, "status": "ok", "start_time": 1697097481.3863308, "duration": 0.7798061370849609}, "current_params": {"N": 500, "iss": 0.9, "lr": 0.01829156443200663, "ridge": 1e-07, "seed": 1234, "sr": 1.7986325141052368}}