{"returned_dict": {"loss": 130.5469810786005, "r2": -402824.97311795613, "status": "ok", "start_time": 1697438301.401066, "duration": 1.8322868347167969}, "current_params": {"N": 500, "iss": 0.10821341880663882, "lr": 0.04203563441395582, "ridge": 7.954624964810484e-07, "seed": 1234, "sr": 3.6652347285793745}}