{"returned_dict": {"loss": 14.223228396474363, "r2": -5257.362594143805, "status": "ok", "start_time": 1697096690.362529, "duration": 0.8243389129638672}, "current_params": {"N": 500, "iss": 0.9, "lr": 0.03353770330253128, "ridge": 1e-07, "seed": 1234, "sr": 2.1198068680338693}}