{"returned_dict": {"loss": 14.75587929585761, "r2": -5929.405776379371, "status": "ok", "start_time": 1697696170.662434, "duration": 0.911794900894165}, "current_params": {"N": 500, "iss": 0.9, "lr": 0.00414398685863738, "ridge": 1e-07, "seed": 1234, "sr": 3.998119826570731}}