{"returned_dict": {"loss": 14.761508324548544, "r2": -201193.1408237377, "status": "ok", "start_time": 1697470070.0379798, "duration": 57.470996379852295}, "current_params": {"N": 2504.0, "iss": 0.8564670839009341, "lr": 0.004666278320192311, "ridge": 0.0005245567335623266, "seed": 1234, "sr": 9.019468988959579}}