{"returned_dict": {"loss": 14.934453281107531, "r2": -33.338125443487634, "status": "ok", "start_time": 1697092824.106869, "duration": 7.698437929153442}, "current_params": {"cell_number": 500, "connectivity": 0.6710488599314507, "input_connectivity": 0.2, "input_scaling": 0.32045037207585336, "leak_rate": 0.013663130602244231, "regularization": 7.938407570833539e-07, "seed": 1234, "spectral_radius": 2.6411464130177205}}