{"returned_dict": {"loss": 149.72585453308616, "r2": -920804.0211013766, "status": "ok", "start_time": 1697172033.6252, "duration": 0.9568779468536377}, "current_params": {"N": 500, "iss": 0.9, "lr": 0.00414398685863738, "ridge": 1e-07, "seed": 1234, "sr": 3.998119826570731}}