{"returned_dict": {"loss": 15.246041686936323, "r2": -8439.263040973217, "status": "ok", "start_time": 1697157751.8496928, "duration": 0.9621503353118896}, "current_params": {"N": 500, "iss": 0.9, "lr": 0.00870996895715053, "ridge": 1e-07, "seed": 1234, "sr": 1.8759964593517806}}