{"returned_dict": {"loss": 15.336379309110251, "r2": -3367.3323451726114, "status": "ok", "start_time": 1697416676.368934, "duration": 0.7420740127563477}, "current_params": {"N": 500, "iss": 0.2092695124165096, "lr": 0.20792063760808668, "ridge": 2.4402906778962044e-09, "seed": 1234, "sr": 3.3229413943755635}}