{"returned_dict": {"loss": 16.043079530681116, "r2": -206210.88967851756, "status": "ok", "start_time": 1697468815.451576, "duration": 228.32151007652283}, "current_params": {"N": 4541.0, "iss": 0.04455656901228233, "lr": 0.01935540965604909, "ridge": 0.0004870385305496401, "seed": 1234, "sr": 4.425195681471678}}