{"returned_dict": {"loss": 16.801532802117936, "r2": -8607.10720447387, "status": "ok", "start_time": 1697156813.580843, "duration": 0.8228209018707275}, "current_params": {"N": 500, "iss": 0.9, "lr": 0.0014657043717974704, "ridge": 1e-07, "seed": 1234, "sr": 3.3229413943755635}}