{"returned_dict": {"loss": 162.62014516577005, "r2": -895612.61544913, "status": "ok", "start_time": 1697181589.7664351, "duration": 1.0309488773345947}, "current_params": {"N": 500, "iss": 0.3214409650043264, "lr": 0.00634949608361273, "ridge": 1e-07, "seed": 1234, "sr": 2.9579435824398614}}