{"returned_dict": {"loss": 168.46965243943953, "r2": -679131.5185708491, "status": "ok", "start_time": 1697436875.0002759, "duration": 1.7921879291534424}, "current_params": {"N": 500, "iss": 0.41480029454318923, "lr": 0.005647264982798819, "ridge": 3.627252116587822e-06, "seed": 1234, "sr": 2.1198068680338693}}