{"returned_dict": {"loss": 168.9229820898885, "r2": -1224419.1830767433, "status": "ok", "start_time": 1697193311.731308, "duration": 4.309659957885742}, "current_params": {"N": 1000, "iss": 0.32045037207585336, "lr": 0.013663130602244231, "ridge": 5.368010723935917e-07, "seed": 1234, "sr": 2.6411464130177205}}