{"returned_dict": {"loss": 17.56102360196063, "r2": -6972.567006742636, "status": "ok", "start_time": 1697436918.327251, "duration": 1.7689599990844727}, "current_params": {"N": 500, "iss": 0.4016192513767243, "lr": 0.023565820546423054, "ridge": 0.0009341644724743216, "seed": 1234, "sr": 5.987530745926846}}