{"returned_dict": {"loss": 174.19840090670013, "r2": -1144506.9267351355, "status": "ok", "start_time": 1697185484.2168078, "duration": 0.7380082607269287}, "current_params": {"N": 500, "iss": 0.4318098058036459, "lr": 0.012600442759985371, "ridge": 1.4978972663732007e-06, "seed": 1234, "sr": 7.954497739510178}}