{"returned_dict": {"loss": 18.12685042376965, "r2": -7724.8613580536085, "status": "ok", "start_time": 1697155178.084466, "duration": 0.9166200160980225}, "current_params": {"N": 500, "iss": 0.9, "lr": 0.02295730315688215, "ridge": 1e-07, "seed": 1234, "sr": 7.954497739510178}}