{"returned_dict": {"loss": 18.352570540335893, "r2": -7889.1803381543505, "status": "ok", "start_time": 1697156859.9260852, "duration": 0.8236589431762695}, "current_params": {"N": 500, "iss": 0.9, "lr": 0.005534144396068831, "ridge": 1e-07, "seed": 1234, "sr": 1.7053539993996638}}