{"returned_dict": {"loss": 18.546527294089415, "r2": -10568.847515769628, "status": "ok", "start_time": 1697697164.210614, "duration": 0.9278900623321533}, "current_params": {"N": 500, "iss": 0.9, "lr": 0.01829156443200663, "ridge": 1e-07, "seed": 1234, "sr": 1.7986325141052368}}