{"returned_dict": {"loss": 19.161349783839736, "r2": -12931.86480634285, "status": "ok", "start_time": 1697097531.7452679, "duration": 0.7734861373901367}, "current_params": {"N": 500, "iss": 0.9, "lr": 0.006714336361084555, "ridge": 1e-07, "seed": 1234, "sr": 1.7459748086870097}}