{"returned_dict": {"loss": 19.29933406169446, "r2": -8965.362457866118, "status": "ok", "start_time": 1697155171.2992551, "duration": 0.839655876159668}, "current_params": {"N": 500, "iss": 0.9, "lr": 0.01829156443200663, "ridge": 1e-07, "seed": 1234, "sr": 1.7986325141052368}}