{"returned_dict": {"loss": 19.363133876164458, "r2": -16965.8405714062, "status": "ok", "start_time": 1697155224.017344, "duration": 0.861407995223999}, "current_params": {"N": 500, "iss": 0.9, "lr": 0.006714336361084555, "ridge": 1e-07, "seed": 1234, "sr": 1.7459748086870097}}