{"returned_dict": {"loss": 19.321234254543764, "r2": -9644.496105662043, "status": "ok", "start_time": 1697097568.250807, "duration": 1.07496976852417}, "current_params": {"N": 500, "iss": 0.9, "lr": 0.035268880917861616, "ridge": 1e-07, "seed": 1234, "sr": 3.3535990156004383}}