{"returned_dict": {"loss": 19.900444862695398, "r2": -14537.998583108565, "status": "ok", "start_time": 1697185506.6589, "duration": 0.7572829723358154}, "current_params": {"N": 500, "iss": 0.006972115376929322, "lr": 0.012836594720886324, "ridge": 1.4561222069260244e-09, "seed": 1234, "sr": 0.7794764412014389}}