{"returned_dict": {"loss": 192.06709848850576, "r2": -1269992.0663744458, "status": "ok", "start_time": 1697181610.407348, "duration": 1.038973093032837}, "current_params": {"N": 500, "iss": 0.8534828931967611, "lr": 0.012074538215625902, "ridge": 1e-07, "seed": 1234, "sr": 3.928074544493676}}