{"returned_dict": {"loss": 2.007435677621077, "r2": -165.26575103251014, "status": "ok", "start_time": 1697194628.629942, "duration": 11.967424154281616}, "current_params": {"N": 1000, "iss": 0.48683979711786196, "lr": 0.0041878954202570285, "ridge": 1.5267158874357313e-07, "seed": 1234, "sr": 0.7656474307799984}}