{"returned_dict": {"loss": 2.0426280162531705, "r2": 0.3576429511006032, "status": "ok", "start_time": 1697092352.6315, "duration": 9.432523012161255}, "current_params": {"cell_number": 500, "connectivity": 0.8337159327803707, "input_connectivity": 0.2, "input_scaling": 0.837083721656963, "leak_rate": 0.001117795359631473, "regularization": 2.7630980432584984e-06, "seed": 1234, "spectral_radius": 0.01061907053409471}}