{"returned_dict": {"loss": 2.0634555452314824, "r2": -166.71028298560046, "status": "ok", "start_time": 1697195635.500469, "duration": 12.057156085968018}, "current_params": {"N": 1000, "iss": 0.09111729583113959, "lr": 0.019364061327381353, "ridge": 2.8302701017808404e-08, "seed": 1234, "sr": 6.7303288800603305}}