{"returned_dict": {"loss": 2.08771508216678, "r2": -3479.865675826544, "status": "ok", "start_time": 1697467188.995605, "duration": 95.48060202598572}, "current_params": {"N": 3148.0, "iss": 0.49797044830105386, "lr": 0.005473899359991359, "ridge": 0.009737952859572229, "seed": 1234, "sr": 4.574545330611019}}