{"returned_dict": {"loss": 2.092302111269407, "r2": -174.6992073788706, "status": "ok", "start_time": 1697182043.695909, "duration": 0.6688101291656494}, "current_params": {"N": 100, "iss": 0.20733194265999033, "lr": 0.008627726752024523, "ridge": 1e-07, "seed": 1234, "sr": 0.7656474307799984}}