{"returned_dict": {"loss": 2.196945961991019, "r2": 0.2569177318030531, "status": "ok", "start_time": 1697090941.416301, "duration": 2.3352839946746826}, "current_params": {"N": 500, "iss": 0.9, "lr": 0.0014693850044619381, "ridge": 1e-07, "seed": 1234, "sr": 0.013953269187234588}}