{"returned_dict": {"loss": 2.2060305278727963, "r2": -3886.295020234593, "status": "ok", "start_time": 1697476068.0574322, "duration": 12.074523687362671}, "current_params": {"N": 1149.0, "iss": 0.09111729583113959, "lr": 0.019364061327381353, "ridge": 2.8302701017808404e-08, "seed": 1234, "sr": 6.7303288800603305}}