{"returned_dict": {"loss": 2.2287756984861695, "r2": -159.0812811354849, "status": "ok", "start_time": 1697155175.47048, "duration": 0.8198990821838379}, "current_params": {"N": 500, "iss": 0.9, "lr": 0.005007729021893898, "ridge": 1e-07, "seed": 1234, "sr": 1.0385323042151453}}