{"returned_dict": {"loss": 2.2489482568210613, "r2": -4068.840297115734, "status": "ok", "start_time": 1697450002.709933, "duration": 1.8302080631256104}, "current_params": {"N": 500, "iss": 0.8328177066055172, "lr": 0.026162881037661297, "ridge": 3.0656276565905996e-07, "seed": 1234, "sr": 2.3820731800209316}}