{"returned_dict": {"loss": 2.2519926857633026, "r2": -190.02678782962894, "status": "ok", "start_time": 1697185543.633003, "duration": 0.7298150062561035}, "current_params": {"N": 500, "iss": 0.7671193949876551, "lr": 0.5744555263071301, "ridge": 1.5608892276244172e-07, "seed": 1234, "sr": 1.8759964593517806}}