{"returned_dict": {"loss": 2.3553205287941097, "r2": -172.20029400323583, "status": "ok", "start_time": 1697695372.081701, "duration": 0.898292064666748}, "current_params": {"N": 500, "iss": 0.9, "lr": 0.003041391485982446, "ridge": 1e-07, "seed": 1234, "sr": 1.8373084854604944}}