{"returned_dict": {"loss": 2.382152582375984, "r2": -212.40356700249177, "status": "ok", "start_time": 1697192378.101151, "duration": 4.466618061065674}, "current_params": {"N": 1000, "iss": 0.27955000672950736, "lr": 0.050891035673396985, "ridge": 6.92305207076248e-05, "seed": 1234, "sr": 9.903672418680925}}