{"returned_dict": {"loss": 2.3923529239016545, "r2": 0.11885288953761908, "status": "ok", "start_time": 1697092911.391655, "duration": 6.7975499629974365}, "current_params": {"cell_number": 500, "connectivity": 0.5837026252412505, "input_connectivity": 0.2, "input_scaling": 0.0026462177202568604, "leak_rate": 0.021333081512378033, "regularization": 0.005378879223360764, "seed": 1234, "spectral_radius": 0.011405319213458769}}