{"returned_dict": {"loss": 2.4050048577980743, "r2": -39.734464525879524, "status": "ok", "start_time": 1697168912.3302112, "duration": 0.8345546722412109}, "current_params": {"N": 500, "iss": 0.9, "lr": 0.0018646665439208772, "ridge": 1e-07, "seed": 1234, "sr": 7.567304757039052}}