{"returned_dict": {"loss": 2.4316920895442764, "r2": -225.4677663592541, "status": "ok", "start_time": 1697189026.371232, "duration": 4.190221071243286}, "current_params": {"N": 1000, "iss": 0.30780459889893874, "lr": 0.0020629649586181636, "ridge": 1.807451674082109e-05, "seed": 1234, "sr": 2.2042634577971216}}