{"returned_dict": {"loss": 2.442871889162958, "r2": -211.23453637174325, "status": "ok", "start_time": 1697185487.986065, "duration": 0.7297472953796387}, "current_params": {"N": 500, "iss": 0.2092695124165096, "lr": 0.20792063760808668, "ridge": 2.4402906778962044e-09, "seed": 1234, "sr": 3.3229413943755635}}