{"returned_dict": {"loss": 2.5465824878546552, "r2": 0.001579655157305515, "status": "ok", "start_time": 1697091341.9008482, "duration": 3.0554168224334717}, "current_params": {"cell_number": 500, "connectivity": 0.2045197104790265, "input_connectivity": 0.2, "input_scaling": 0.6722112091210425, "leak_rate": 0.002569219109514612, "regularization": 0.6223347018122442, "seed": 1234, "spectral_radius": 0.05675258102871899}}