{"returned_dict": {"loss": 2.5595355529564756, "r2": -191.07686412052632, "status": "ok", "start_time": 1697695446.2315378, "duration": 0.9038002490997314}, "current_params": {"N": 500, "iss": 0.9, "lr": 0.001438234015621399, "ridge": 1e-07, "seed": 1234, "sr": 2.540247736115996}}