{"returned_dict": {"loss": 2.5595355529564756, "r2": -191.07686412052632, "status": "ok", "start_time": 1697159000.337392, "duration": 1.0176689624786377}, "current_params": {"N": 500, "iss": 0.9, "lr": 0.001438234015621399, "ridge": 1e-07, "seed": 1234, "sr": 2.540247736115996}}