{"returned_dict": {"loss": 2.5888484490652677, "r2": -0.0318371994251021, "status": "ok", "start_time": 1697093203.931954, "duration": 10.48152208328247}, "current_params": {"cell_number": 500, "connectivity": 0.9063706486041464, "input_connectivity": 0.2, "input_scaling": 0.40978014885751834, "leak_rate": 0.003188301860373708, "regularization": 9.564079844499153e-09, "seed": 1234, "spectral_radius": 0.050704131972421025}}