{"returned_dict": {"loss": 2.6079644980511243, "r2": -6331.640595133275, "status": "ok", "start_time": 1697448800.8765929, "duration": 3.9737191200256348}, "current_params": {"N": 1000, "iss": 0.14796761127746416, "lr": 0.0013818551895319936, "ridge": 1.9194269720339747e-07, "seed": 1234, "sr": 0.5693766752526698}}