{"returned_dict": {"loss": 2.6277177986340132, "r2": -0.06305411040835729, "status": "ok", "start_time": 1697091245.7179468, "duration": 9.587145328521729}, "current_params": {"cell_number": 500, "connectivity": 0.8920693475844459, "input_connectivity": 0.2, "input_scaling": 0.18640085674470974, "leak_rate": 0.008316425906674767, "regularization": 0.000351680623417992, "seed": 1234, "spectral_radius": 0.02745813794912951}}