{"returned_dict": {"loss": 2.653966112752615, "r2": -0.0844182105128662, "status": "ok", "start_time": 1697090834.590754, "duration": 2.615992784500122}, "current_params": {"N": 500, "iss": 0.9, "lr": 0.027648495633442953, "ridge": 1e-07, "seed": 1234, "sr": 0.09442721440119983}}