{"returned_dict": {"loss": 2.6526259494178994, "r2": -0.08331380483174011, "status": "ok", "start_time": 1697090972.2423291, "duration": 2.310598850250244}, "current_params": {"N": 500, "iss": 0.9, "lr": 0.021499031132021465, "ridge": 1e-07, "seed": 1234, "sr": 0.01061907053409471}}