{"returned_dict": {"loss": 2.659391162586498, "r2": -0.08883574077596457, "status": "ok", "start_time": 1697092632.439757, "duration": 2.632462739944458}, "current_params": {"cell_number": 500, "connectivity": 0.09315548497086745, "input_connectivity": 0.2, "input_scaling": 0.10906298691030492, "leak_rate": 0.9218534144690985, "regularization": 0.678299002466893, "seed": 1234, "spectral_radius": 1.810409666530886}}