{"returned_dict": {"loss": 2.664216842582721, "r2": -0.09279088672765923, "status": "ok", "start_time": 1697092895.422979, "duration": 10.188283920288086}, "current_params": {"cell_number": 500, "connectivity": 0.9095702794544465, "input_connectivity": 0.2, "input_scaling": 0.6371089578578937, "leak_rate": 0.026813811448575312, "regularization": 1.3589297444164153e-10, "seed": 1234, "spectral_radius": 0.03747978558716274}}