{"returned_dict": {"loss": 2.6681944433686247, "r2": -0.0961095683912702, "status": "ok", "start_time": 1697090903.5972521, "duration": 2.3058817386627197}, "current_params": {"N": 500, "iss": 0.9, "lr": 0.05748154012762825, "ridge": 1e-07, "seed": 1234, "sr": 0.14848409471568397}}