{"returned_dict": {"loss": 2.6758909270729085, "r2": -0.10238866647621081, "status": "ok", "start_time": 1697092581.933548, "duration": 9.916958093643188}, "current_params": {"cell_number": 500, "connectivity": 0.8968438862577143, "input_connectivity": 0.2, "input_scaling": 0.09801956882183527, "leak_rate": 0.21207672046475814, "regularization": 0.00046652856617394173, "seed": 1234, "spectral_radius": 0.21354604962375795}}