{"returned_dict": {"loss": 2.688724981416692, "r2": -0.11298853388121821, "status": "ok", "start_time": 1697091094.3588638, "duration": 11.09467625617981}, "current_params": {"cell_number": 500, "connectivity": 0.9934060256752314, "input_connectivity": 0.2, "input_scaling": 0.5734609694174653, "leak_rate": 0.0014528929731718976, "regularization": 0.005173782600616552, "seed": 1234, "spectral_radius": 1.4787515437601555}}