{"returned_dict": {"loss": 2.689595136708022, "r2": -0.11370904608135612, "status": "ok", "start_time": 1697093046.347523, "duration": 3.0136752128601074}, "current_params": {"cell_number": 500, "connectivity": 0.159144280288406, "input_connectivity": 0.2, "input_scaling": 0.5879201405915621, "leak_rate": 0.017942623962965615, "regularization": 0.24269794483752657, "seed": 1234, "spectral_radius": 0.10149855100477383}}