{"returned_dict": {"loss": 2.688726123448222, "r2": -255.08186182819915, "status": "ok", "start_time": 1697185542.1421912, "duration": 0.7329447269439697}, "current_params": {"N": 500, "iss": 0.15855990557256594, "lr": 0.0013530394390112253, "ridge": 3.771243674444087e-05, "seed": 1234, "sr": 1.2072384196976096}}