{"returned_dict": {"loss": 2.6893841746051828, "r2": -0.11353434232406823, "status": "ok", "start_time": 1697091065.591711, "duration": 2.301265001296997}, "current_params": {"cell_number": 500, "connectivity": 0.07391654532551917, "input_connectivity": 0.2, "input_scaling": 0.7044600162750467, "leak_rate": 0.05989081733494548, "regularization": 1.3248636052189766e-08, "seed": 1234, "spectral_radius": 0.1626795681245935}}