{"returned_dict": {"loss": 2.69277883093722, "r2": -0.1163472183147849, "status": "ok", "start_time": 1697092597.57422, "duration": 8.46258807182312}, "current_params": {"cell_number": 500, "connectivity": 0.7098752476186899, "input_connectivity": 0.2, "input_scaling": 0.10044612037411704, "leak_rate": 0.07898613150169653, "regularization": 0.3961537705749339, "seed": 1234, "spectral_radius": 0.03524277949039688}}