{"returned_dict": {"loss": 2.6955272980254983, "r2": -60.04159343532188, "status": "ok", "start_time": 1697168866.827848, "duration": 0.8402690887451172}, "current_params": {"N": 500, "iss": 0.9, "lr": 0.36203692104858476, "ridge": 1e-07, "seed": 1234, "sr": 5.987530745926846}}