{"returned_dict": {"loss": 2.699241495597439, "r2": -0.12171211135429849, "status": "ok", "start_time": 1697092073.222316, "duration": 9.63112187385559}, "current_params": {"cell_number": 500, "connectivity": 0.7524974088206525, "input_connectivity": 0.2, "input_scaling": 0.51533056692996, "leak_rate": 0.034790822993190244, "regularization": 0.5395175797593457, "seed": 1234, "spectral_radius": 0.2237449778907503}}