{"returned_dict": {"loss": 2.6950336065136113, "r2": -5887.851797648796, "status": "ok", "start_time": 1697465065.2236748, "duration": 195.95389318466187}, "current_params": {"N": 4358.0, "iss": 0.33486009438808095, "lr": 0.004100650502354604, "ridge": 0.008206547427376674, "seed": 1234, "sr": 4.224184001973293}}