{"returned_dict": {"loss": 2.716104539512559, "r2": -0.13577129518049058, "status": "ok", "start_time": 1697092918.191139, "duration": 6.545447111129761}, "current_params": {"cell_number": 500, "connectivity": 0.5385141854129485, "input_connectivity": 0.2, "input_scaling": 0.26934464895629684, "leak_rate": 0.0839574815743966, "regularization": 0.18431229405845453, "seed": 1234, "spectral_radius": 0.016223651162329426}}