{"returned_dict": {"loss": 2.7186250601189683, "r2": -0.1378802443819378, "status": "ok", "start_time": 1697092501.816268, "duration": 3.3172669410705566}, "current_params": {"cell_number": 500, "connectivity": 0.18876119744753928, "input_connectivity": 0.2, "input_scaling": 0.9655801894967717, "leak_rate": 0.5494681828865383, "regularization": 2.7043659965391906e-10, "seed": 1234, "spectral_radius": 0.01418389479892628}}