{"returned_dict": {"loss": 2.718493188414957, "r2": -0.13776985728246927, "status": "ok", "start_time": 1697093079.841409, "duration": 11.464442014694214}, "current_params": {"cell_number": 500, "connectivity": 0.9992294820309576, "input_connectivity": 0.2, "input_scaling": 0.32792488571889467, "leak_rate": 0.22465500878777248, "regularization": 0.006720402629642628, "seed": 1234, "spectral_radius": 0.09835763510258089}}