{"returned_dict": {"loss": 2.7170740329686445, "r2": -0.13658487043492284, "status": "ok", "start_time": 1697090969.887031, "duration": 2.353742837905884}, "current_params": {"N": 500, "iss": 0.9, "lr": 0.22465784634152086, "ridge": 1e-07, "seed": 1234, "sr": 0.04049959618384302}}