{"returned_dict": {"loss": 2.7161027956699897, "r2": -0.1357847595319824, "status": "ok", "start_time": 1697090826.7837481, "duration": 2.609961986541748}, "current_params": {"N": 500, "iss": 0.9, "lr": 0.9794034504292509, "ridge": 1e-07, "seed": 1234, "sr": 1.2509379966926149}}