{"returned_dict": {"loss": 2.7170591352415556, "r2": -0.13656978650314855, "status": "ok", "start_time": 1697091166.5523388, "duration": 3.748789072036743}, "current_params": {"cell_number": 500, "connectivity": 0.2604203242985834, "input_connectivity": 0.2, "input_scaling": 0.2298357960090034, "leak_rate": 0.8472268156639914, "regularization": 0.0013503464752344582, "seed": 1234, "spectral_radius": 0.2197712027474747}}