{"returned_dict": {"loss": 2.71812523137201, "r2": -0.13746377515896469, "status": "ok", "start_time": 1697090894.1305091, "duration": 2.401463031768799}, "current_params": {"N": 500, "iss": 0.9, "lr": 0.17391291381476306, "ridge": 1e-07, "seed": 1234, "sr": 0.011739026780685318}}