{"returned_dict": {"loss": 2.7202639504876864, "r2": -0.13925257269975155, "status": "ok", "start_time": 1697093001.557496, "duration": 6.769572973251343}, "current_params": {"cell_number": 500, "connectivity": 0.5829698592542585, "input_connectivity": 0.2, "input_scaling": 0.9097376556056701, "leak_rate": 0.3079726626930137, "regularization": 1.2142183854094815e-07, "seed": 1234, "spectral_radius": 5.615522331680127}}