{"returned_dict": {"loss": 2.722623262682575, "r2": -0.14122971954439753, "status": "ok", "start_time": 1697090877.709635, "duration": 2.356896162033081}, "current_params": {"N": 500, "iss": 0.9, "lr": 0.8310012558635558, "ridge": 1e-07, "seed": 1234, "sr": 0.2237449778907503}}