{"returned_dict": {"loss": 2.725370019106131, "r2": -0.14353345235582382, "status": "ok", "start_time": 1697092870.8151941, "duration": 7.211179733276367}, "current_params": {"cell_number": 500, "connectivity": 0.6251953426689489, "input_connectivity": 0.2, "input_scaling": 0.8091744524034417, "leak_rate": 0.9358123326900604, "regularization": 1.7985846017773054e-08, "seed": 1234, "spectral_radius": 5.974243589442645}}