{"returned_dict": {"loss": 2.7226175509796717, "r2": -0.1412248117385455, "status": "ok", "start_time": 1697092346.190751, "duration": 6.438825845718384}, "current_params": {"cell_number": 500, "connectivity": 0.5530813368276913, "input_connectivity": 0.2, "input_scaling": 0.3045451369845007, "leak_rate": 0.27036282441620346, "regularization": 0.00689295279247452, "seed": 1234, "spectral_radius": 0.04049959618384302}}