{"returned_dict": {"loss": 2.721330077381511, "r2": -269.3975691339311, "status": "ok", "start_time": 1697185460.87484, "duration": 0.723010778427124}, "current_params": {"N": 500, "iss": 0.49797044830105386, "lr": 0.005473899359991359, "ridge": 0.009737952859572229, "seed": 1234, "sr": 4.574545330611019}}