{"returned_dict": {"loss": 2.7368220881063383, "r2": -0.153163952720065, "status": "ok", "start_time": 1697091998.6484559, "duration": 4.208786249160767}, "current_params": {"cell_number": 500, "connectivity": 0.3104380862936379, "input_connectivity": 0.2, "input_scaling": 0.451625695847095, "leak_rate": 0.2824777807824228, "regularization": 0.013830397885653939, "seed": 1234, "spectral_radius": 4.434072756135233}}