{"returned_dict": {"loss": 2.734418973490787, "r2": -0.15118287058066637, "status": "ok", "start_time": 1697090912.949545, "duration": 2.510727882385254}, "current_params": {"N": 500, "iss": 0.9, "lr": 0.7193342821146759, "ridge": 1e-07, "seed": 1234, "sr": 1.9577985037865835}}