{"returned_dict": {"loss": 2.7328324905878163, "r2": -0.149805059131203, "status": "ok", "start_time": 1697090917.9081879, "duration": 2.378796100616455}, "current_params": {"N": 500, "iss": 0.9, "lr": 0.8673756090827982, "ridge": 1e-07, "seed": 1234, "sr": 0.05675258102871899}}