{"returned_dict": {"loss": 2.7515357468076034, "r2": -0.16572506481205238, "status": "ok", "start_time": 1697090967.5974689, "duration": 2.2881150245666504}, "current_params": {"N": 500, "iss": 0.9, "lr": 0.33784610522323594, "ridge": 1e-07, "seed": 1234, "sr": 3.416923934914541}}