{"returned_dict": {"loss": 2.7704791035394294, "r2": -279.90738188180393, "status": "ok", "start_time": 1697171813.0358322, "duration": 0.9308948516845703}, "current_params": {"N": 500, "iss": 0.9, "lr": 0.002614659205052392, "ridge": 1e-07, "seed": 1234, "sr": 0.3105316802728771}}