{"returned_dict": {"loss": 2.774629799452477, "r2": -0.18527008188477603, "status": "ok", "start_time": 1697090983.948138, "duration": 2.3879029750823975}, "current_params": {"N": 500, "iss": 0.9, "lr": 0.006588095974939943, "ridge": 1e-07, "seed": 1234, "sr": 0.13504276379966784}}