{"returned_dict": {"loss": 2.7777593977677397, "r2": -6132.481506490633, "status": "ok", "start_time": 1697660553.524894, "duration": 385.17361307144165}, "current_params": {"N": 4871.0, "iss": 0.5308233319012376, "lr": 0.010754552393914138, "ridge": 0.00408260583459009, "seed": 1234, "sr": 7.505573307332538}}