{"returned_dict": {"loss": 2.796837989739539, "r2": -298.37854548637085, "status": "ok", "start_time": 1697417046.533952, "duration": 2.431208848953247}, "current_params": {"N": 1000, "iss": 0.892885997800422, "lr": 0.49981993643396744, "ridge": 3.2585212389411373e-07, "seed": 1234, "sr": 0.13073371451589708}}