{"returned_dict": {"loss": 2.799465175428734, "r2": -6901.307048221578, "status": "ok", "start_time": 1697443045.1318882, "duration": 1.7862138748168945}, "current_params": {"N": 500, "iss": 0.14796761127746416, "lr": 0.0013818551895319936, "ridge": 1.9194269720339747e-07, "seed": 1234, "sr": 0.5693766752526698}}