{"returned_dict": {"loss": 2.8179732033807454, "r2": -269.3254763798645, "status": "ok", "start_time": 1697172023.787956, "duration": 1.0389270782470703}, "current_params": {"N": 500, "iss": 0.9, "lr": 0.003469578608187846, "ridge": 1e-07, "seed": 1234, "sr": 0.38114750465916947}}