{"returned_dict": {"loss": 2.8542214236388177, "r2": -84.01441435151902, "status": "ok", "start_time": 1697168963.250813, "duration": 21.66195797920227}, "current_params": {"N": 500, "iss": 0.9, "lr": 0.004412075877965789, "ridge": 1e-07, "seed": 1234, "sr": 4.0906546305123515}}