{"returned_dict": {"loss": 2.916551586187339, "r2": -133.59363748174698, "status": "ok", "start_time": 1697183842.7432692, "duration": 0.8720977306365967}, "current_params": {"N": 500, "iss": 0.7111875236481379, "lr": 0.014953523366352292, "ridge": 0.003917533648237141, "seed": 1234, "sr": 1.908865762249811}}