{"returned_dict": {"loss": 2.9362056520628883, "r2": -303.6938409288356, "status": "ok", "start_time": 1697417097.262113, "duration": 2.3354129791259766}, "current_params": {"N": 1000, "iss": 0.06694893716285133, "lr": 0.0012469785034749062, "ridge": 8.136540810461886e-08, "seed": 1234, "sr": 0.13504276379966784}}