{"returned_dict": {"loss": 2.977905270832279, "r2": -305.8360145129259, "status": "ok", "start_time": 1697181647.916415, "duration": 1.1619141101837158}, "current_params": {"N": 500, "iss": 0.512544173460651, "lr": 0.0010345463215508882, "ridge": 1e-07, "seed": 1234, "sr": 0.7476653587619372}}