{"returned_dict": {"loss": 20.139705391024016, "r2": -15389.672652926185, "status": "ok", "start_time": 1697192854.455389, "duration": 4.392121076583862}, "current_params": {"N": 1000, "iss": 0.10821341880663882, "lr": 0.04203563441395582, "ridge": 7.954624964810484e-07, "seed": 1234, "sr": 3.6652347285793745}}