{"returned_dict": {"loss": 20.412771704949684, "r2": -12224.303615284009, "status": "ok", "start_time": 1697438341.6232462, "duration": 1.9038846492767334}, "current_params": {"N": 500, "iss": 0.8383160999911431, "lr": 0.023226759313516834, "ridge": 8.81560223051062e-07, "seed": 1234, "sr": 1.7986325141052368}}