{"returned_dict": {"loss": 20.84728116441539, "r2": -15282.886516994326, "status": "ok", "start_time": 1697181491.981011, "duration": 0.9974572658538818}, "current_params": {"N": 500, "iss": 0.7222874751489327, "lr": 0.0028587399658546522, "ridge": 1e-07, "seed": 1234, "sr": 1.0993945835225667}}