{"returned_dict": {"loss": 203.9803823050925, "r2": -1724388.9185942088, "status": "ok", "start_time": 1697182186.587347, "duration": 1.0942349433898926}, "current_params": {"N": 500, "iss": 0.8275692027406062, "lr": 0.00921134174257873, "ridge": 7.465489217273001e-08, "seed": 1234, "sr": 2.9579435824398614}}