{"returned_dict": {"loss": 206.2043373563919, "r2": -1495346.8745775062, "status": "ok", "start_time": 1697185462.344059, "duration": 0.7279210090637207}, "current_params": {"N": 500, "iss": 0.10821341880663882, "lr": 0.04203563441395582, "ridge": 7.954624964810484e-07, "seed": 1234, "sr": 3.6652347285793745}}