{"returned_dict": {"loss": 207.01856706493868, "r2": -1616847.8744432132, "status": "ok", "start_time": 1697185586.02855, "duration": 1.7835419178009033}, "current_params": {"N": 500, "iss": 0.5797760318934376, "lr": 0.001358642199806875, "ridge": 3.1927648709671725e-08, "seed": 1234, "sr": 4.0906546305123515}}