{"returned_dict": {"loss": 21.109758745016503, "r2": -11975.451218373628, "status": "ok", "start_time": 1697155242.306033, "duration": 0.8279740810394287}, "current_params": {"N": 500, "iss": 0.9, "lr": 0.014788360119021833, "ridge": 1e-07, "seed": 1234, "sr": 2.6411464130177205}}