{"returned_dict": {"loss": 2163.3217736549677, "r2": -202332018.20258018, "status": "ok", "start_time": 1697189717.86165, "duration": 4.159548997879028}, "current_params": {"N": 1000, "iss": 0.14075425983870582, "lr": 0.004542545207344772, "ridge": 1.7619615210880348e-09, "seed": 1234, "sr": 9.335710032985542}}