{"returned_dict": {"loss": 22.284154947857058, "r2": -75.45224884797756, "status": "ok", "start_time": 1697092702.702131, "duration": 2.2174339294433594}, "current_params": {"cell_number": 500, "connectivity": 0.01766495459930717, "input_connectivity": 0.2, "input_scaling": 0.18619565979686425, "leak_rate": 0.06289522081324313, "regularization": 1.053484531840667e-08, "seed": 1234, "spectral_radius": 7.227207099998132}}