{"returned_dict": {"loss": 22.36513942546092, "r2": -17984.31704176609, "status": "ok", "start_time": 1697417324.904207, "duration": 2.359713077545166}, "current_params": {"N": 1000, "iss": 0.8640890518452584, "lr": 0.056175796579322784, "ridge": 8.914132777984633e-07, "seed": 1234, "sr": 1.6346058937885943}}