{"returned_dict": {"loss": 22.65245088347146, "r2": -17535.645224800577, "status": "ok", "start_time": 1697181600.240973, "duration": 1.033416986465454}, "current_params": {"N": 500, "iss": 0.8518782824799728, "lr": 0.004233385166803992, "ridge": 1e-07, "seed": 1234, "sr": 0.953319122623503}}