{"returned_dict": {"loss": 220.0282109996234, "r2": -42614346.64964712, "status": "ok", "start_time": 1697455257.960587, "duration": 10.02734112739563}, "current_params": {"N": 1000, "iss": 0.15399984759321084, "lr": 0.0019431745080725833, "ridge": 6.149769328825335e-07, "seed": 1234, "sr": 8.323301293667457}}