{"returned_dict": {"loss": 227.04224075813227, "r2": -2161366.377474155, "status": "ok", "start_time": 1697181540.832628, "duration": 1.033452033996582}, "current_params": {"N": 500, "iss": 0.49044104117278087, "lr": 0.00414398685863738, "ridge": 1e-07, "seed": 1234, "sr": 3.998119826570731}}