{"returned_dict": {"loss": 229.1169427847958, "r2": -1791953.8059714735, "status": "ok", "start_time": 1697170386.325839, "duration": 0.8611800670623779}, "current_params": {"N": 500, "iss": 0.9, "lr": 0.00474765619086868, "ridge": 1e-07, "seed": 1234, "sr": 5.974243589442645}}