{"returned_dict": {"loss": 23.30323766478217, "r2": -19566.610963042713, "status": "ok", "start_time": 1697185478.1507561, "duration": 0.7583937644958496}, "current_params": {"N": 500, "iss": 0.8383160999911431, "lr": 0.023226759313516834, "ridge": 8.81560223051062e-07, "seed": 1234, "sr": 1.7986325141052368}}