{"returned_dict": {"loss": 23.81738741877874, "r2": -25432.186752593745, "status": "ok", "start_time": 1697195503.410298, "duration": 11.992979049682617}, "current_params": {"N": 1000, "iss": 0.5806915954693277, "lr": 0.005250222770550053, "ridge": 9.454792365744235e-05, "seed": 1234, "sr": 2.6286963019006704}}