{"returned_dict": {"loss": 23.918513165035467, "r2": -20168.147160842385, "status": "ok", "start_time": 1697417036.7428212, "duration": 2.3757197856903076}, "current_params": {"N": 1000, "iss": 0.04455656901228233, "lr": 0.01935540965604909, "ridge": 0.0004870385305496401, "seed": 1234, "sr": 4.425195681471678}}