{"returned_dict": {"loss": 2336.1301522783206, "r2": -216254465.76475665, "status": "ok", "start_time": 1697193440.430253, "duration": 4.221827030181885}, "current_params": {"N": 1000, "iss": 0.14075425983870582, "lr": 0.004542545207344772, "ridge": 1.7619615210880348e-09, "seed": 1234, "sr": 9.335710032985542}}