{"returned_dict": {"loss": 236.06809643211292, "r2": -798820.2662586682, "status": "ok", "start_time": 1697185079.350934, "duration": 0.809168815612793}, "current_params": {"N": 500, "iss": 0.8097531217575742, "lr": 0.04708253287367831, "ridge": 9.2648288823008e-08, "seed": 1234, "sr": 7.231920572306449}}