{"returned_dict": {"loss": 238.41443043565508, "r2": -2433278.84380741, "status": "ok", "start_time": 1697181553.985588, "duration": 1.0276777744293213}, "current_params": {"N": 500, "iss": 0.4725618554939679, "lr": 0.011631913763100198, "ridge": 1e-07, "seed": 1234, "sr": 2.3820731800209316}}