{"returned_dict": {"loss": 24.780554560483647, "r2": -531267.1139156324, "status": "ok", "start_time": 1697443170.137066, "duration": 1.8880410194396973}, "current_params": {"N": 500, "iss": 0.32045037207585336, "lr": 0.013663130602244231, "ridge": 5.368010723935917e-07, "seed": 1234, "sr": 2.6411464130177205}}