{"returned_dict": {"loss": 25.093025199081193, "r2": -518845.2925534209, "status": "ok", "start_time": 1697451857.417789, "duration": 1.8201041221618652}, "current_params": {"N": 500, "iss": 0.6029258260507978, "lr": 0.012445144152847186, "ridge": 2.3571184655130715e-07, "seed": 1234, "sr": 9.272462266637495}}