{"returned_dict": {"loss": 250.102083247294, "r2": -2175956.3404073133, "status": "ok", "start_time": 1697170281.420002, "duration": 0.9147651195526123}, "current_params": {"N": 500, "iss": 0.9, "lr": 0.004652465849430955, "ridge": 1e-07, "seed": 1234, "sr": 5.580343023547168}}