{"returned_dict": {"loss": 256.89114229064467, "r2": -11873.810899713673, "status": "ok", "start_time": 1697090875.4041338, "duration": 2.3041021823883057}, "current_params": {"N": 500, "iss": 0.9, "lr": 0.003135528802871368, "ridge": 1e-07, "seed": 1234, "sr": 2.4229663969229636}}