{"returned_dict": {"loss": 26.725999502145953, "r2": -26580.458093551337, "status": "ok", "start_time": 1697182134.907457, "duration": 1.0679559707641602}, "current_params": {"N": 500, "iss": 0.8899024118416428, "lr": 0.029602141041308122, "ridge": 2.7583086552332414e-08, "seed": 1234, "sr": 3.998119826570731}}