{"returned_dict": {"loss": 266.59569905842113, "r2": -2909886.9412520486, "status": "ok", "start_time": 1697171887.912472, "duration": 0.9298009872436523}, "current_params": {"N": 500, "iss": 0.9, "lr": 0.006714336361084555, "ridge": 1e-07, "seed": 1234, "sr": 1.7459748086870097}}