{"returned_dict": {"loss": 27.534563887139893, "r2": -27194.166134962335, "status": "ok", "start_time": 1697182272.939559, "duration": 1.0974750518798828}, "current_params": {"N": 500, "iss": 0.5797760318934376, "lr": 0.001358642199806875, "ridge": 3.1927648709671725e-08, "seed": 1234, "sr": 4.0906546305123515}}