{"returned_dict": {"loss": 27.876730906912886, "r2": -19807.97938395376, "status": "ok", "start_time": 1697155150.619798, "duration": 0.8244318962097168}, "current_params": {"N": 500, "iss": 0.9, "lr": 0.004975856135800747, "ridge": 1e-07, "seed": 1234, "sr": 2.773816181603311}}