{"returned_dict": {"loss": 27.916223076406524, "r2": -19891.405318544326, "status": "ok", "start_time": 1697156782.9686358, "duration": 0.8180873394012451}, "current_params": {"N": 500, "iss": 0.9, "lr": 0.004975856135800747, "ridge": 1e-07, "seed": 1234, "sr": 2.773816181603311}}