{"returned_dict": {"loss": 270.2320124577036, "r2": -2540359.8616238595, "status": "ok", "start_time": 1697416938.951631, "duration": 2.421921730041504}, "current_params": {"N": 1000, "iss": 0.7231479244442287, "lr": 0.021175330384294096, "ridge": 1.3401973668525895e-08, "seed": 1234, "sr": 1.8373084854604944}}