{"returned_dict": {"loss": 282.90897491440745, "r2": -4368975.242902714, "status": "ok", "start_time": 1697187346.0198112, "duration": 1.8337726593017578}, "current_params": {"N": 500, "iss": 0.8468296018182028, "lr": 0.0016562209632395857, "ridge": 7.687566626413539e-08, "seed": 1234, "sr": 6.091700405214507}}