{"returned_dict": {"loss": 283.6872008681815, "r2": -1144164.3511361715, "status": "ok", "start_time": 1697183770.292982, "duration": 0.8656129837036133}, "current_params": {"N": 500, "iss": 0.8275692027406062, "lr": 0.00921134174257873, "ridge": 7.465489217273001e-08, "seed": 1234, "sr": 2.9579435824398614}}