{"returned_dict": {"loss": 284.0227421595002, "r2": -1569252.9249638265, "status": "ok", "start_time": 1697183727.180803, "duration": 0.9494028091430664}, "current_params": {"N": 500, "iss": 0.8899024118416428, "lr": 0.029602141041308122, "ridge": 2.7583086552332414e-08, "seed": 1234, "sr": 3.998119826570731}}