{"returned_dict": {"loss": 286.67368753301236, "r2": -2924877.651912386, "status": "ok", "start_time": 1697172136.768685, "duration": 1.0060958862304688}, "current_params": {"N": 500, "iss": 0.9, "lr": 0.008419553121357429, "ridge": 1e-07, "seed": 1234, "sr": 5.615522331680127}}