{"returned_dict": {"loss": 288.7293234102797, "r2": -2934336.5231019654, "status": "ok", "start_time": 1697172129.494677, "duration": 1.1054210662841797}, "current_params": {"N": 500, "iss": 0.9, "lr": 0.0064297670646757095, "ridge": 1e-07, "seed": 1234, "sr": 6.091700405214507}}