{"returned_dict": {"loss": 29.082151727784264, "r2": -684546.9527783968, "status": "ok", "start_time": 1697443124.562932, "duration": 1.7573399543762207}, "current_params": {"N": 500, "iss": 0.8275692027406062, "lr": 0.00921134174257873, "ridge": 7.465489217273001e-08, "seed": 1234, "sr": 2.9579435824398614}}