{"returned_dict": {"loss": 29.395419969711174, "r2": -32097.690918911427, "status": "ok", "start_time": 1697181496.28444, "duration": 1.059648036956787}, "current_params": {"N": 500, "iss": 0.9902646053910817, "lr": 0.003135528802871368, "ridge": 1e-07, "seed": 1234, "sr": 2.4229663969229636}}