{"returned_dict": {"loss": 293.0576276107377, "r2": -1206008.2113667447, "status": "ok", "start_time": 1697416736.474933, "duration": 0.7708139419555664}, "current_params": {"N": 500, "iss": 0.007930380864134223, "lr": 0.010013001344096634, "ridge": 6.670195090070217e-06, "seed": 1234, "sr": 3.180379394013653}}