{"returned_dict": {"loss": 296.7026996700602, "r2": -3246713.3732363745, "status": "ok", "start_time": 1697185487.24369, "duration": 0.7384488582611084}, "current_params": {"N": 500, "iss": 0.8899024118416428, "lr": 0.029602141041308122, "ridge": 2.7583086552332414e-08, "seed": 1234, "sr": 3.998119826570731}}