{"returned_dict": {"loss": 299.9789519845372, "r2": -4009622.2944478164, "status": "ok", "start_time": 1697187249.911071, "duration": 1.9040989875793457}, "current_params": {"N": 500, "iss": 0.4234539619306149, "lr": 0.001055234755253992, "ridge": 2.7873687266175076e-08, "seed": 1234, "sr": 6.700381333753658}}