{"returned_dict": {"loss": 3.000408383576366, "r2": -7904.585246840065, "status": "ok", "start_time": 1697449978.889089, "duration": 1.7926650047302246}, "current_params": {"N": 500, "iss": 0.8899024118416428, "lr": 0.029602141041308122, "ridge": 2.7583086552332414e-08, "seed": 1234, "sr": 3.998119826570731}}