{"returned_dict": {"loss": 3.032190525438391, "r2": -219.46598707754424, "status": "ok", "start_time": 1697096946.9064598, "duration": 0.7556133270263672}, "current_params": {"N": 500, "iss": 0.9, "lr": 0.13565077644388224, "ridge": 1e-07, "seed": 1234, "sr": 2.6286963019006704}}