{"returned_dict": {"loss": 3.0555675116428134, "r2": -393.78409658001965, "status": "ok", "start_time": 1697187378.181646, "duration": 1.8477439880371094}, "current_params": {"N": 500, "iss": 0.550070835811614, "lr": 0.005273335540171085, "ridge": 5.04991308123115e-09, "seed": 1234, "sr": 0.39936841111501603}}