{"returned_dict": {"loss": 3.077053505525916, "r2": -380.0770071635825, "status": "ok", "start_time": 1697194917.618933, "duration": 11.923457145690918}, "current_params": {"N": 1000, "iss": 0.4318098058036459, "lr": 0.012600442759985371, "ridge": 1.4978972663732007e-06, "seed": 1234, "sr": 7.954497739510178}}