{"returned_dict": {"loss": 3.0916273893690813, "r2": -0.47410039274793386, "status": "ok", "start_time": 1697090922.614648, "duration": 2.2938458919525146}, "current_params": {"N": 500, "iss": 0.9, "lr": 0.08409864424316024, "ridge": 1e-07, "seed": 1234, "sr": 1.038057705082271}}