{"returned_dict": {"loss": 3.126656266945107, "r2": -358.13037314690786, "status": "ok", "start_time": 1697187933.2567601, "duration": 4.691267728805542}, "current_params": {"N": 1000, "iss": 0.4503628369957513, "lr": 0.03709140133925175, "ridge": 2.6234435504939386e-09, "seed": 1234, "sr": 1.665278509291293}}