{"returned_dict": {"loss": 3.249574647767165, "r2": -0.6290670693697772, "status": "ok", "start_time": 1697090818.9263942, "duration": 2.6061887741088867}, "current_params": {"N": 500, "iss": 0.9, "lr": 0.004331629980965586, "ridge": 1e-07, "seed": 1234, "sr": 0.1626795681245935}}