{"returned_dict": {"loss": 3.3132689449411608, "r2": -16588.879534808195, "status": "ok", "start_time": 1697455208.9729578, "duration": 9.857792139053345}, "current_params": {"N": 1000, "iss": 0.10204618018844569, "lr": 0.0022976484367460367, "ridge": 6.435132499791384e-09, "seed": 1234, "sr": 1.1658340735577972}}