{"returned_dict": {"loss": 3.39682909513717, "r2": -10886.913038634078, "status": "ok", "start_time": 1697448731.5723279, "duration": 4.011466026306152}, "current_params": {"N": 1000, "iss": 0.8383160999911431, "lr": 0.023226759313516834, "ridge": 8.81560223051062e-07, "seed": 1234, "sr": 1.7986325141052368}}