{"returned_dict": {"loss": 3.412037586724253, "r2": -162.34176786948436, "status": "ok", "start_time": 1697183808.67078, "duration": 0.8509459495544434}, "current_params": {"N": 500, "iss": 0.05969594889932428, "lr": 0.22834501963548878, "ridge": 4.079252477787997e-06, "seed": 1234, "sr": 3.3535990156004383}}