{"returned_dict": {"loss": 3.4194751688916813, "r2": -416.4345378746396, "status": "ok", "start_time": 1697182241.201685, "duration": 1.10418701171875}, "current_params": {"N": 500, "iss": 0.8640890518452584, "lr": 0.056175796579322784, "ridge": 8.914132777984633e-07, "seed": 1234, "sr": 1.6346058937885943}}