{"returned_dict": {"loss": 3.4244682473295107, "r2": -429.39446342719793, "status": "ok", "start_time": 1697171830.713984, "duration": 0.9307498931884766}, "current_params": {"N": 500, "iss": 0.9, "lr": 0.003469578608187846, "ridge": 1e-07, "seed": 1234, "sr": 0.38114750465916947}}