{"returned_dict": {"loss": 3.4749848081010963, "r2": -408.174309062307, "status": "ok", "start_time": 1697181780.1685472, "duration": 1.030456781387329}, "current_params": {"N": 500, "iss": 0.8839266254726155, "lr": 0.07250316961973834, "ridge": 1e-07, "seed": 1234, "sr": 2.76036316173383}}