{"returned_dict": {"loss": 3.487867616122229, "r2": -486.46346424004196, "status": "ok", "start_time": 1697449708.312911, "duration": 1.8601109981536865}, "current_params": {"N": 500, "iss": 0.48683979711786196, "lr": 0.0041878954202570285, "ridge": 1.5267158874357313e-07, "seed": 1234, "sr": 0.7656474307799984}}