{"returned_dict": {"loss": 3.515987158219533, "r2": -406.6663424741715, "status": "ok", "start_time": 1697697517.291498, "duration": 0.9465160369873047}, "current_params": {"N": 500, "iss": 0.9, "lr": 0.005534144396068831, "ridge": 1e-07, "seed": 1234, "sr": 1.7053539993996638}}