{"returned_dict": {"loss": 3.515987158219533, "r2": -406.6663424741715, "status": "ok", "start_time": 1697157736.285996, "duration": 0.9698960781097412}, "current_params": {"N": 500, "iss": 0.9, "lr": 0.005534144396068831, "ridge": 1e-07, "seed": 1234, "sr": 1.7053539993996638}}