{"returned_dict": {"loss": 3.5387091409096256, "r2": -474.6970840225408, "status": "ok", "start_time": 1697187555.246637, "duration": 4.1421918869018555}, "current_params": {"N": 1000, "iss": 0.24236535975373574, "lr": 0.06703300913405115, "ridge": 4.2269285080674205e-08, "seed": 1234, "sr": 2.773816181603311}}