{"returned_dict": {"loss": 3.648308576607428, "r2": -10826.509168370989, "status": "ok", "start_time": 1697454981.094785, "duration": 10.3322172164917}, "current_params": {"N": 1000, "iss": 0.029495943205165465, "lr": 0.015679192953865242, "ridge": 3.171371461069988e-05, "seed": 1234, "sr": 7.78867384430367}}