{"returned_dict": {"loss": 3.646187382026845, "r2": -10698.200962882134, "status": "ok", "start_time": 1697449025.698851, "duration": 3.9065358638763428}, "current_params": {"N": 1000, "iss": 0.4016192513767243, "lr": 0.023565820546423054, "ridge": 0.0009341644724743216, "seed": 1234, "sr": 5.987530745926846}}