{"returned_dict": {"loss": 3.657647353002387, "r2": -488.06020985117874, "status": "ok", "start_time": 1697171946.873823, "duration": 0.9549360275268555}, "current_params": {"N": 500, "iss": 0.9, "lr": 0.002001738706933608, "ridge": 1e-07, "seed": 1234, "sr": 0.39936841111501603}}