{"returned_dict": {"loss": 3.7985388466488366, "r2": -559.114177221228, "status": "ok", "start_time": 1697187283.51299, "duration": 1.8042209148406982}, "current_params": {"N": 500, "iss": 0.4016192513767243, "lr": 0.023565820546423054, "ridge": 0.0009341644724743216, "seed": 1234, "sr": 5.987530745926846}}