{"returned_dict": {"loss": 3.8653760952689553, "r2": -576.3686938226612, "status": "ok", "start_time": 1697193500.642765, "duration": 4.254459857940674}, "current_params": {"N": 1000, "iss": 0.8097531217575742, "lr": 0.04708253287367831, "ridge": 9.2648288823008e-08, "seed": 1234, "sr": 7.231920572306449}}