{"returned_dict": {"loss": 3.883648401621685, "r2": -13790.686429138395, "status": "ok", "start_time": 1697448969.570799, "duration": 4.030010938644409}, "current_params": {"N": 1000, "iss": 0.9907096740516865, "lr": 0.011152501138346385, "ridge": 4.549840392506736e-07, "seed": 1234, "sr": 1.4037266612887527}}