{"returned_dict": {"loss": 3.905488297286919, "r2": -524.4900494121861, "status": "ok", "start_time": 1697417388.828098, "duration": 2.438394784927368}, "current_params": {"N": 1000, "iss": 0.7229931611804811, "lr": 0.02801415255330273, "ridge": 3.8239824132656686e-09, "seed": 1234, "sr": 0.2090196583408564}}