{"returned_dict": {"loss": 30.437791841515224, "r2": -40759.57287124971, "status": "ok", "start_time": 1697170403.131099, "duration": 0.8778829574584961}, "current_params": {"N": 500, "iss": 0.9, "lr": 0.01837890418829658, "ridge": 1e-07, "seed": 1234, "sr": 1.6346058937885943}}