{"returned_dict": {"loss": 30.69560273554284, "r2": -32427.767805299878, "status": "ok", "start_time": 1697181588.762122, "duration": 1.0007281303405762}, "current_params": {"N": 500, "iss": 0.3491240920808356, "lr": 0.013776573458598628, "ridge": 1e-07, "seed": 1234, "sr": 1.4037266612887527}}