{"returned_dict": {"loss": 306.7944050885365, "r2": -4341429.592304115, "status": "ok", "start_time": 1697170418.21134, "duration": 0.8619410991668701}, "current_params": {"N": 500, "iss": 0.9, "lr": 0.006965147459842892, "ridge": 1e-07, "seed": 1234, "sr": 7.231920572306449}}