{"returned_dict": {"loss": 31.199521897155847, "r2": -874812.8361665175, "status": "ok", "start_time": 1697449971.750391, "duration": 1.7761449813842773}, "current_params": {"N": 500, "iss": 0.4318098058036459, "lr": 0.012600442759985371, "ridge": 1.4978972663732007e-06, "seed": 1234, "sr": 7.954497739510178}}