{"returned_dict": {"loss": 31.239678799937337, "r2": -1066738.6696451418, "status": "ok", "start_time": 1697443139.9671848, "duration": 2.312566041946411}, "current_params": {"N": 500, "iss": 0.09111729583113959, "lr": 0.019364061327381353, "ridge": 2.8302701017808404e-08, "seed": 1234, "sr": 6.7303288800603305}}