{"returned_dict": {"loss": 31.205801618659592, "r2": -37813.51038267739, "status": "ok", "start_time": 1697172081.7583308, "duration": 0.9729430675506592}, "current_params": {"N": 500, "iss": 0.9, "lr": 0.013776573458598628, "ridge": 1e-07, "seed": 1234, "sr": 1.4037266612887527}}