{"returned_dict": {"loss": 34.22259242964466, "r2": -27277.239281232807, "status": "ok", "start_time": 1697096938.242687, "duration": 0.7660181522369385}, "current_params": {"N": 500, "iss": 0.9, "lr": 0.015675637477485127, "ridge": 1e-07, "seed": 1234, "sr": 8.323301293667457}}