{"returned_dict": {"loss": 341.04219160817155, "r2": -21607.80365925383, "status": "ok", "start_time": 1697090976.8531551, "duration": 2.421531915664673}, "current_params": {"N": 500, "iss": 0.9, "lr": 0.0014657043717974704, "ridge": 1e-07, "seed": 1234, "sr": 3.3229413943755635}}