{"returned_dict": {"loss": 35.35138520808041, "r2": -30651.081826603408, "status": "ok", "start_time": 1697154447.3498309, "duration": 0.7844421863555908}, "current_params": {"N": 500, "iss": 0.9, "lr": 0.01750341268204161, "ridge": 1e-07, "seed": 1234, "sr": 3.6652347285793745}}