{"returned_dict": {"loss": 35.494125357182504, "r2": -35788.491436458695, "status": "ok", "start_time": 1697096626.862207, "duration": 0.784574031829834}, "current_params": {"N": 500, "iss": 0.9, "lr": 0.003135528802871368, "ridge": 1e-07, "seed": 1234, "sr": 2.4229663969229636}}