{"returned_dict": {"loss": 35.50907734947904, "r2": -31009.09440782572, "status": "ok", "start_time": 1697155153.072521, "duration": 0.8084652423858643}, "current_params": {"N": 500, "iss": 0.9, "lr": 0.01750341268204161, "ridge": 1e-07, "seed": 1234, "sr": 3.6652347285793745}}