{"returned_dict": {"loss": 3502.460719660367, "r2": -184223258.20977494, "status": "ok", "start_time": 1697416690.924564, "duration": 0.7708532810211182}, "current_params": {"N": 500, "iss": 0.3415352429252124, "lr": 0.024081733532461607, "ridge": 2.334903649885824e-09, "seed": 1234, "sr": 2.540247736115996}}