{"returned_dict": {"loss": 352.07030244261637, "r2": -5955461.144201293, "status": "ok", "start_time": 1697171875.790433, "duration": 0.9343760013580322}, "current_params": {"N": 500, "iss": 0.9, "lr": 0.03353770330253128, "ridge": 1e-07, "seed": 1234, "sr": 2.1198068680338693}}