{"returned_dict": {"loss": 36.05167411137095, "r2": -39783.96880899443, "status": "ok", "start_time": 1697157687.231147, "duration": 0.9550960063934326}, "current_params": {"N": 500, "iss": 0.9, "lr": 0.020947973404360564, "ridge": 1e-07, "seed": 1234, "sr": 5.1267595669393975}}