{"returned_dict": {"loss": 38.88544754767111, "r2": -39850.04561645537, "status": "ok", "start_time": 1697096984.4307919, "duration": 0.7766921520233154}, "current_params": {"N": 500, "iss": 0.9, "lr": 0.010392855525269688, "ridge": 1e-07, "seed": 1234, "sr": 9.272462266637495}}