{"returned_dict": {"loss": 38.96245023622176, "r2": -41382.80460572256, "status": "ok", "start_time": 1697697432.373004, "duration": 0.9692070484161377}, "current_params": {"N": 500, "iss": 0.9, "lr": 0.01750341268204161, "ridge": 1e-07, "seed": 1234, "sr": 3.6652347285793745}}