{"returned_dict": {"loss": 39.6491703776536, "r2": -50315.239153018316, "status": "ok", "start_time": 1697159014.093577, "duration": 0.9566478729248047}, "current_params": {"N": 500, "iss": 0.9, "lr": 0.015675637477485127, "ridge": 1e-07, "seed": 1234, "sr": 8.323301293667457}}