{"returned_dict": {"loss": 39.66694772503634, "r2": -48654.60190404711, "status": "ok", "start_time": 1697697263.3667672, "duration": 0.9224298000335693}, "current_params": {"N": 500, "iss": 0.9, "lr": 0.0018646665439208772, "ridge": 1e-07, "seed": 1234, "sr": 7.567304757039052}}