{"returned_dict": {"loss": 395.87585307846786, "r2": -6776814.719773705, "status": "ok", "start_time": 1697188276.981031, "duration": 4.299951076507568}, "current_params": {"N": 1000, "iss": 0.5797760318934376, "lr": 0.001358642199806875, "ridge": 3.1927648709671725e-08, "seed": 1234, "sr": 4.0906546305123515}}