{"returned_dict": {"loss": 4.005534102865731, "r2": -683.3916948299064, "status": "ok", "start_time": 1697192772.231572, "duration": 4.29886531829834}, "current_params": {"N": 1000, "iss": 0.33486009438808095, "lr": 0.004100650502354604, "ridge": 0.008206547427376674, "seed": 1234, "sr": 4.224184001973293}}