{"returned_dict": {"loss": 4.461781367439621, "r2": -594.8363051878248, "status": "ok", "start_time": 1697436936.568266, "duration": 1.7939331531524658}, "current_params": {"N": 500, "iss": 0.15855990557256594, "lr": 0.0013530394390112253, "ridge": 3.771243674444087e-05, "seed": 1234, "sr": 1.2072384196976096}}