{"returned_dict": {"loss": 4.525105584806139, "r2": -558.768174643982, "status": "ok", "start_time": 1697697400.442806, "duration": 0.9830160140991211}, "current_params": {"N": 500, "iss": 0.9, "lr": 0.07250316961973834, "ridge": 1e-07, "seed": 1234, "sr": 2.76036316173383}}