{"returned_dict": {"loss": 4.750644951015713, "r2": -973.2268594711932, "status": "ok", "start_time": 1697449701.038938, "duration": 1.7680599689483643}, "current_params": {"N": 500, "iss": 0.34711880645906334, "lr": 0.0017068361591199817, "ridge": 1.2839800042841107e-06, "seed": 1234, "sr": 0.7839491567314942}}