{"returned_dict": {"loss": 4.820657198187163, "r2": -2.6325627850023037, "status": "ok", "start_time": 1697090898.916599, "duration": 2.3431050777435303}, "current_params": {"N": 500, "iss": 0.9, "lr": 0.021490140480106088, "ridge": 1e-07, "seed": 1234, "sr": 0.7839491567314942}}