{"returned_dict": {"loss": 4.9779885419638354, "r2": -557.0045914002521, "status": "ok", "start_time": 1697438275.252301, "duration": 1.8214800357818604}, "current_params": {"N": 500, "iss": 0.27955000672950736, "lr": 0.050891035673396985, "ridge": 6.92305207076248e-05, "seed": 1234, "sr": 9.903672418680925}}