{"returned_dict": {"loss": 41.28537530888644, "r2": -57792.91416749818, "status": "ok", "start_time": 1697417334.282758, "duration": 2.397347927093506}, "current_params": {"N": 1000, "iss": 0.9492310760856882, "lr": 0.03448518184164638, "ridge": 1.082471644281706e-09, "seed": 1234, "sr": 0.7476653587619372}}