{"returned_dict": {"loss": 42.14510654992234, "r2": -42042.17331553792, "status": "ok", "start_time": 1697154548.3810759, "duration": 0.7858271598815918}, "current_params": {"N": 500, "iss": 0.9, "lr": 0.010392855525269688, "ridge": 1e-07, "seed": 1234, "sr": 9.272462266637495}}