{"returned_dict": {"loss": 42.37606775761331, "r2": -49778.31359885682, "status": "ok", "start_time": 1697097567.266051, "duration": 0.9826607704162598}, "current_params": {"N": 500, "iss": 0.9, "lr": 0.0018646665439208772, "ridge": 1e-07, "seed": 1234, "sr": 7.567304757039052}}