{"returned_dict": {"loss": 42.833196751462744, "r2": -81253.3951772873, "status": "ok", "start_time": 1697187344.086078, "duration": 1.9293408393859863}, "current_params": {"N": 500, "iss": 0.6029258260507978, "lr": 0.012445144152847186, "ridge": 2.3571184655130715e-07, "seed": 1234, "sr": 9.272462266637495}}