{"returned_dict": {"loss": 42.884844585988226, "r2": -43256.53901127035, "status": "ok", "start_time": 1697096741.2118552, "duration": 0.8621978759765625}, "current_params": {"N": 500, "iss": 0.9, "lr": 0.008419553121357429, "ridge": 1e-07, "seed": 1234, "sr": 5.615522331680127}}