{"returned_dict": {"loss": 420.8232265381577, "r2": -7253324.289379242, "status": "ok", "start_time": 1697181637.3673239, "duration": 1.0520391464233398}, "current_params": {"N": 500, "iss": 0.3649999771442133, "lr": 0.010392855525269688, "ridge": 1e-07, "seed": 1234, "sr": 9.272462266637495}}