{"returned_dict": {"loss": 44.06013918443719, "r2": -66533.53139176073, "status": "ok", "start_time": 1697181599.182306, "duration": 1.0509870052337646}, "current_params": {"N": 500, "iss": 0.24311073327194432, "lr": 0.005534144396068831, "ridge": 1e-07, "seed": 1234, "sr": 1.7053539993996638}}