{"returned_dict": {"loss": 44.938676968291645, "r2": -53042.42489395508, "status": "ok", "start_time": 1697097552.150183, "duration": 0.8192369937896729}, "current_params": {"N": 500, "iss": 0.9, "lr": 0.0072323578952706085, "ridge": 1e-07, "seed": 1234, "sr": 4.881086179748358}}