{"returned_dict": {"loss": 45.47106690044001, "r2": -79121.44426744709, "status": "ok", "start_time": 1697189301.285246, "duration": 4.398685932159424}, "current_params": {"N": 1000, "iss": 0.43901115116076694, "lr": 0.003493503890213215, "ridge": 1.2096638409130587e-06, "seed": 1234, "sr": 5.1267595669393975}}