{"returned_dict": {"loss": 458.1103547637531, "r2": -7459849.999830909, "status": "ok", "start_time": 1697417365.046483, "duration": 2.3491790294647217}, "current_params": {"N": 1000, "iss": 0.8097531217575742, "lr": 0.04708253287367831, "ridge": 9.2648288823008e-08, "seed": 1234, "sr": 7.231920572306449}}