{"returned_dict": {"loss": 48.478930662079414, "r2": -62611.86627070174, "status": "ok", "start_time": 1697097555.581235, "duration": 1.1109349727630615}, "current_params": {"N": 500, "iss": 0.9, "lr": 0.00474765619086868, "ridge": 1e-07, "seed": 1234, "sr": 5.974243589442645}}