{"returned_dict": {"loss": 486.23884335021904, "r2": -11831173.576806938, "status": "ok", "start_time": 1697171846.4410188, "duration": 0.9545919895172119}, "current_params": {"N": 500, "iss": 0.9, "lr": 0.020947973404360564, "ridge": 1e-07, "seed": 1234, "sr": 5.1267595669393975}}