{"returned_dict": {"loss": 49.228143432220214, "r2": -77138.28431582359, "status": "ok", "start_time": 1697695424.3442, "duration": 0.8910799026489258}, "current_params": {"N": 500, "iss": 0.9, "lr": 0.02295730315688215, "ridge": 1e-07, "seed": 1234, "sr": 7.954497739510178}}