{"returned_dict": {"loss": 5.228432345359756, "r2": -1019.5013135562, "status": "ok", "start_time": 1697187289.0340722, "duration": 1.8550117015838623}, "current_params": {"N": 500, "iss": 0.35464883466252195, "lr": 0.02580145195828277, "ridge": 7.502821787034914e-05, "seed": 1234, "sr": 3.1162051286367416}}