{"returned_dict": {"loss": 5.297777681106656, "r2": -989.719259014864, "status": "ok", "start_time": 1697182124.2618089, "duration": 1.0530600547790527}, "current_params": {"N": 500, "iss": 0.6217356289422551, "lr": 0.0029999570595545273, "ridge": 1.822408392802496e-08, "seed": 1234, "sr": 0.38114750465916947}}