{"returned_dict": {"loss": 5.460697294080155, "r2": -23754.987453760794, "status": "ok", "start_time": 1697655359.0245602, "duration": 6.788574934005737}, "current_params": {"N": 795.0, "iss": 0.029495943205165465, "lr": 0.015679192953865242, "ridge": 3.171371461069988e-05, "seed": 1234, "sr": 7.78867384430367}}