{"returned_dict": {"loss": 5.5215417658060835, "r2": -1122.504044400833, "status": "ok", "start_time": 1697188196.4985862, "duration": 4.2999107837677}, "current_params": {"N": 1000, "iss": 0.550070835811614, "lr": 0.005273335540171085, "ridge": 5.04991308123115e-09, "seed": 1234, "sr": 0.39936841111501603}}