{"returned_dict": {"loss": 5.590280755271441, "r2": -1243.9823370924412, "status": "ok", "start_time": 1697194544.590801, "duration": 11.963114976882935}, "current_params": {"N": 1000, "iss": 0.49797044830105386, "lr": 0.005473899359991359, "ridge": 0.009737952859572229, "seed": 1234, "sr": 4.574545330611019}}