{"returned_dict": {"loss": 5.70845972106068, "r2": -1113.7532655464859, "status": "ok", "start_time": 1697170319.797365, "duration": 0.9038870334625244}, "current_params": {"N": 500, "iss": 0.9, "lr": 0.009517044749879343, "ridge": 1e-07, "seed": 1234, "sr": 0.5693766752526698}}