{"returned_dict": {"loss": 5.929889017449118, "r2": -1351.8557217516409, "status": "ok", "start_time": 1697189218.3189409, "duration": 4.267975330352783}, "current_params": {"N": 1000, "iss": 0.8383160999911431, "lr": 0.023226759313516834, "ridge": 8.81560223051062e-07, "seed": 1234, "sr": 1.7986325141052368}}