{"returned_dict": {"loss": 50.95202551153244, "r2": -84775.06094503877, "status": "ok", "start_time": 1697695439.927819, "duration": 0.8970119953155518}, "current_params": {"N": 500, "iss": 0.9, "lr": 0.011631913763100198, "ridge": 1e-07, "seed": 1234, "sr": 2.3820731800209316}}