{"returned_dict": {"loss": 502.45859231043073, "r2": -206588413.01472136, "status": "ok", "start_time": 1697451874.79489, "duration": 1.8772361278533936}, "current_params": {"N": 500, "iss": 0.14075425983870582, "lr": 0.004542545207344772, "ridge": 1.7619615210880348e-09, "seed": 1234, "sr": 9.335710032985542}}