{"returned_dict": {"loss": 506.37327700835084, "r2": -5952426.5070767775, "status": "ok", "start_time": 1697438377.146546, "duration": 1.8463852405548096}, "current_params": {"N": 500, "iss": 0.43901115116076694, "lr": 0.003493503890213215, "ridge": 1.2096638409130587e-06, "seed": 1234, "sr": 5.1267595669393975}}