{"returned_dict": {"loss": 53.039249887521656, "r2": -97692.56793116349, "status": "ok", "start_time": 1697170359.733675, "duration": 0.9034180641174316}, "current_params": {"N": 500, "iss": 0.9, "lr": 0.006714336361084555, "ridge": 1e-07, "seed": 1234, "sr": 1.7459748086870097}}