{"returned_dict": {"loss": 535.068487613246, "r2": -10762917.239909798, "status": "ok", "start_time": 1697188121.9396129, "duration": 4.611746072769165}, "current_params": {"N": 1000, "iss": 0.8468296018182028, "lr": 0.0016562209632395857, "ridge": 7.687566626413539e-08, "seed": 1234, "sr": 6.091700405214507}}