{"returned_dict": {"loss": 54.11331794014851, "r2": -44016.54766439536, "status": "ok", "start_time": 1697183784.235927, "duration": 0.8343348503112793}, "current_params": {"N": 500, "iss": 0.35464883466252195, "lr": 0.02580145195828277, "ridge": 7.502821787034914e-05, "seed": 1234, "sr": 3.1162051286367416}}