{"returned_dict": {"loss": 54.875132541523584, "r2": -112687.42251718648, "status": "ok", "start_time": 1697157758.636141, "duration": 0.9765069484710693}, "current_params": {"N": 500, "iss": 0.9, "lr": 0.00474765619086868, "ridge": 1e-07, "seed": 1234, "sr": 5.974243589442645}}