{"returned_dict": {"loss": 553.8021571211378, "r2": -11709598.746201858, "status": "ok", "start_time": 1697171929.205795, "duration": 0.9671170711517334}, "current_params": {"N": 500, "iss": 0.9, "lr": 0.010392855525269688, "ridge": 1e-07, "seed": 1234, "sr": 9.272462266637495}}