{"returned_dict": {"loss": 5729.086889832436, "r2": -471885917.5476222, "status": "ok", "start_time": 1697185068.182816, "duration": 0.8144581317901611}, "current_params": {"N": 500, "iss": 0.14075425983870582, "lr": 0.004542545207344772, "ridge": 1.7619615210880348e-09, "seed": 1234, "sr": 9.335710032985542}}