{"returned_dict": {"loss": 6.126484276003185, "r2": -35704.35409447102, "status": "ok", "start_time": 1697448552.7006478, "duration": 4.08380126953125}, "current_params": {"N": 1000, "iss": 0.30780459889893874, "lr": 0.0020629649586181636, "ridge": 1.807451674082109e-05, "seed": 1234, "sr": 2.2042634577971216}}