{"returned_dict": {"loss": 6.404213086589206, "r2": -33113.613202880166, "status": "ok", "start_time": 1697476405.62931, "duration": 171.7742142677307}, "current_params": {"N": 4438.0, "iss": 0.4016192513767243, "lr": 0.023565820546423054, "ridge": 0.0009341644724743216, "seed": 1234, "sr": 5.987530745926846}}