{"returned_dict": {"loss": 6.494191050806641, "r2": -1431.8870259249552, "status": "ok", "start_time": 1697181506.687486, "duration": 1.0582060813903809}, "current_params": {"N": 500, "iss": 0.07739727825380371, "lr": 0.021490140480106088, "ridge": 1e-07, "seed": 1234, "sr": 0.7839491567314942}}