{"returned_dict": {"loss": 6.623915393800583, "r2": -35165.50585895395, "status": "ok", "start_time": 1697442997.688002, "duration": 1.730118751525879}, "current_params": {"N": 500, "iss": 0.04455656901228233, "lr": 0.01935540965604909, "ridge": 0.0004870385305496401, "seed": 1234, "sr": 4.425195681471678}}