{"returned_dict": {"loss": 6.694373099247753, "r2": -1721.828875686473, "status": "ok", "start_time": 1697189554.187408, "duration": 4.137854099273682}, "current_params": {"N": 1000, "iss": 0.35464883466252195, "lr": 0.02580145195828277, "ridge": 7.502821787034914e-05, "seed": 1234, "sr": 3.1162051286367416}}