{"returned_dict": {"loss": 6.802748111548827, "r2": -674.758444240811, "status": "ok", "start_time": 1697183767.720723, "duration": 0.8448519706726074}, "current_params": {"N": 500, "iss": 0.5806915954693277, "lr": 0.005250222770550053, "ridge": 9.454792365744235e-05, "seed": 1234, "sr": 2.6286963019006704}}