{"returned_dict": {"loss": 6.816897361456771, "r2": -2570.1665321015807, "status": "ok", "start_time": 1697449692.236539, "duration": 1.7409231662750244}, "current_params": {"N": 500, "iss": 0.8710694708540748, "lr": 0.5093800439838342, "ridge": 3.613494953765636e-08, "seed": 1234, "sr": 5.580343023547168}}