{"returned_dict": {"loss": 6.987452286034426, "r2": -1951.0283116271978, "status": "ok", "start_time": 1697189541.50609, "duration": 4.196913003921509}, "current_params": {"N": 1000, "iss": 0.4016192513767243, "lr": 0.023565820546423054, "ridge": 0.0009341644724743216, "seed": 1234, "sr": 5.987530745926846}}