{"returned_dict": {"loss": 61.20575569799917, "r2": -160479.1930046526, "status": "ok", "start_time": 1697696136.8255649, "duration": 0.9042072296142578}, "current_params": {"N": 500, "iss": 0.9, "lr": 0.004975856135800747, "ridge": 1e-07, "seed": 1234, "sr": 2.773816181603311}}