{"returned_dict": {"loss": 620.462700479116, "r2": -9337700.727748154, "status": "ok", "start_time": 1697698966.668551, "duration": 1.8463001251220703}, "current_params": {"N": 500, "iss": 0.8275692027406062, "lr": 0.00921134174257873, "ridge": 7.465489217273001e-08, "seed": 1234, "sr": 2.9579435824398614}}