{"returned_dict": {"loss": 69.24347430777894, "r2": -180779.51799623398, "status": "ok", "start_time": 1697193401.794593, "duration": 4.192628860473633}, "current_params": {"N": 1000, "iss": 0.6029258260507978, "lr": 0.012445144152847186, "ridge": 2.3571184655130715e-07, "seed": 1234, "sr": 9.272462266637495}}