{"returned_dict": {"loss": 7.0021584534395656, "r2": -1241.3837907608738, "status": "ok", "start_time": 1697155133.5718908, "duration": 0.8396601676940918}, "current_params": {"N": 500, "iss": 0.9, "lr": 0.06675090446914045, "ridge": 1e-07, "seed": 1234, "sr": 2.2042634577971216}}