{"returned_dict": {"loss": 7.109695256514622, "r2": -2072.4806601127807, "status": "ok", "start_time": 1697192626.103147, "duration": 4.162352800369263}, "current_params": {"N": 1000, "iss": 0.9406587057968023, "lr": 0.02207977188453779, "ridge": 0.0007602478909161272, "seed": 1234, "sr": 6.833596167908428}}