{"returned_dict": {"loss": 7.214467593248121, "r2": -45122.54204738416, "status": "ok", "start_time": 1697483122.051421, "duration": 200.5518991947174}, "current_params": {"N": 4864.0, "iss": 0.7444485210599292, "lr": 0.0020459627481612115, "ridge": 1.674497026534218e-08, "seed": 1234, "sr": 1.182082887824895}}