{"returned_dict": {"loss": 7.493084185997948, "r2": -2205.7581092387127, "status": "ok", "start_time": 1697193194.971204, "duration": 4.16741418838501}, "current_params": {"N": 1000, "iss": 0.5806915954693277, "lr": 0.005250222770550053, "ridge": 9.454792365744235e-05, "seed": 1234, "sr": 2.6286963019006704}}