{"returned_dict": {"loss": 7.511603294732109, "r2": -2198.9925362175104, "status": "ok", "start_time": 1697181561.133914, "duration": 1.0786631107330322}, "current_params": {"N": 500, "iss": 0.46056258218645896, "lr": 0.001438234015621399, "ridge": 1e-07, "seed": 1234, "sr": 2.540247736115996}}