{"returned_dict": {"loss": 7.520865884828037, "r2": -1573.3671216385671, "status": "ok", "start_time": 1697096948.446236, "duration": 0.7825751304626465}, "current_params": {"N": 500, "iss": 0.9, "lr": 0.013776573458598628, "ridge": 1e-07, "seed": 1234, "sr": 1.4037266612887527}}