{"returned_dict": {"loss": 7.559184531097988, "r2": -70649.216236214, "status": "ok", "start_time": 1697448961.4717839, "duration": 4.005802154541016}, "current_params": {"N": 1000, "iss": 0.5806915954693277, "lr": 0.005250222770550053, "ridge": 9.454792365744235e-05, "seed": 1234, "sr": 2.6286963019006704}}