{"returned_dict": {"loss": 7.624225418096555, "r2": -8.196283281640776, "status": "ok", "start_time": 1697090988.6772218, "duration": 2.4100611209869385}, "current_params": {"N": 500, "iss": 0.9, "lr": 0.08493875791208122, "ridge": 1e-07, "seed": 1234, "sr": 7.78867384430367}}