{"returned_dict": {"loss": 7.775004163712796, "r2": -2498.6735702558294, "status": "ok", "start_time": 1697171947.832316, "duration": 1.0937252044677734}, "current_params": {"N": 500, "iss": 0.9, "lr": 0.0201763660586179, "ridge": 1e-07, "seed": 1234, "sr": 0.7323231724059845}}