{"returned_dict": {"loss": 7.84951989215008, "r2": -3552.9215421800764, "status": "ok", "start_time": 1697438462.070327, "duration": 1.889389991760254}, "current_params": {"N": 500, "iss": 0.4503628369957513, "lr": 0.03709140133925175, "ridge": 2.6234435504939386e-09, "seed": 1234, "sr": 1.665278509291293}}