{"returned_dict": {"loss": 71.19054148371374, "r2": -779.2657037307084, "status": "ok", "start_time": 1697093122.020448, "duration": 10.822767972946167}, "current_params": {"cell_number": 500, "connectivity": 0.9697295578201843, "input_connectivity": 0.2, "input_scaling": 0.7444485210599292, "leak_rate": 0.0020459627481612115, "regularization": 5.602814683095597e-09, "seed": 1234, "spectral_radius": 1.182082887824895}}