{"returned_dict": {"loss": 71.67345561276974, "r2": -121400.74770146147, "status": "ok", "start_time": 1697156909.44639, "duration": 0.8182570934295654}, "current_params": {"N": 500, "iss": 0.9, "lr": 0.006965147459842892, "ridge": 1e-07, "seed": 1234, "sr": 7.231920572306449}}