{"returned_dict": {"loss": 72.38611516775828, "r2": -142815.5302526139, "status": "ok", "start_time": 1697155267.016137, "duration": 0.8156161308288574}, "current_params": {"N": 500, "iss": 0.9, "lr": 0.0012747559185957923, "ridge": 1e-07, "seed": 1234, "sr": 9.335710032985542}}