{"returned_dict": {"loss": 77.5005108938781, "r2": -299663.8827755184, "status": "ok", "start_time": 1697696432.29056, "duration": 0.9051730632781982}, "current_params": {"N": 500, "iss": 0.9, "lr": 0.004189980001610144, "ridge": 1e-07, "seed": 1234, "sr": 6.7303288800603305}}