{"returned_dict": {"loss": 784.8236456491328, "r2": -14054348.361198343, "status": "ok", "start_time": 1697698914.934038, "duration": 2.752718210220337}, "current_params": {"N": 500, "iss": 0.3415352429252124, "lr": 0.024081733532461607, "ridge": 2.334903649885824e-09, "seed": 1234, "sr": 2.540247736115996}}