{"returned_dict": {"loss": 8.358686746661698, "r2": -979.2768154502987, "status": "ok", "start_time": 1697416677.116229, "duration": 0.7560851573944092}, "current_params": {"N": 500, "iss": 0.23643093070326449, "lr": 0.01146759760328504, "ridge": 0.004599990623823179, "seed": 1234, "sr": 2.3610670815355883}}