{"returned_dict": {"loss": 8.936430838407125, "r2": -2585.331583486593, "status": "ok", "start_time": 1697696424.002597, "duration": 0.8924129009246826}, "current_params": {"N": 500, "iss": 0.9, "lr": 0.013776573458598628, "ridge": 1e-07, "seed": 1234, "sr": 1.4037266612887527}}