{"returned_dict": {"loss": 809.4252144549149, "r2": -24457681.003441826, "status": "ok", "start_time": 1697417201.705889, "duration": 2.3768820762634277}, "current_params": {"N": 1000, "iss": 0.8275692027406062, "lr": 0.00921134174257873, "ridge": 7.465489217273001e-08, "seed": 1234, "sr": 2.9579435824398614}}