{"returned_dict": {"loss": 82.76155272796986, "r2": -99383.74704304662, "status": "ok", "start_time": 1697183695.383272, "duration": 0.9055542945861816}, "current_params": {"N": 500, "iss": 0.24236535975373574, "lr": 0.06703300913405115, "ridge": 4.2269285080674205e-08, "seed": 1234, "sr": 2.773816181603311}}