{"returned_dict": {"loss": 85.07380413955597, "r2": -217804.75287455114, "status": "ok", "start_time": 1697698932.462898, "duration": 1.7727699279785156}, "current_params": {"N": 500, "iss": 0.10204618018844569, "lr": 0.0022976484367460367, "ridge": 6.435132499791384e-09, "seed": 1234, "sr": 1.1658340735577972}}