{"returned_dict": {"loss": 85.73974229792096, "r2": -6133030.161394221, "status": "ok", "start_time": 1697454991.433399, "duration": 10.024410009384155}, "current_params": {"N": 1000, "iss": 0.43901115116076694, "lr": 0.003493503890213215, "ridge": 1.2096638409130587e-06, "seed": 1234, "sr": 5.1267595669393975}}