{"returned_dict": {"loss": 865.8223551533451, "r2": -115412.20871372324, "status": "ok", "start_time": 1697093185.896697, "duration": 2.6587069034576416}, "current_params": {"cell_number": 500, "connectivity": 0.07873936471283904, "input_connectivity": 0.2, "input_scaling": 0.5797760318934376, "leak_rate": 0.001358642199806875, "regularization": 1.4086720871210799e-08, "seed": 1234, "spectral_radius": 4.0906546305123515}}