{"returned_dict": {"loss": 89.26215430558621, "r2": -336483.9013007702, "status": "ok", "start_time": 1697189484.2214808, "duration": 4.239088296890259}, "current_params": {"N": 1000, "iss": 0.8275692027406062, "lr": 0.00921134174257873, "ridge": 7.465489217273001e-08, "seed": 1234, "sr": 2.9579435824398614}}