{"returned_dict": {"loss": 9.130123011570511, "r2": -2494.8051958666797, "status": "ok", "start_time": 1697096672.483864, "duration": 0.789233922958374}, "current_params": {"N": 500, "iss": 0.9, "lr": 0.023290415540192212, "ridge": 1e-07, "seed": 1234, "sr": 1.9933094412983583}}