{"returned_dict": {"loss": 9.337675495033912, "r2": -3241.3770217804854, "status": "ok", "start_time": 1697185479.654096, "duration": 0.7556841373443604}, "current_params": {"N": 500, "iss": 0.6217356289422551, "lr": 0.0029999570595545273, "ridge": 1.822408392802496e-08, "seed": 1234, "sr": 0.38114750465916947}}