{"returned_dict": {"loss": 9.360770656530919, "r2": -76050.70863714046, "status": "ok", "start_time": 1697448832.619704, "duration": 3.9689910411834717}, "current_params": {"N": 1000, "iss": 0.8328177066055172, "lr": 0.026162881037661297, "ridge": 3.0656276565905996e-07, "seed": 1234, "sr": 2.3820731800209316}}