{"returned_dict": {"loss": 9.6235585908822, "r2": -74104.5315715602, "status": "ok", "start_time": 1697474832.181074, "duration": 241.82700896263123}, "current_params": {"N": 4808.0, "iss": 0.5806915954693277, "lr": 0.005250222770550053, "ridge": 9.454792365744235e-05, "seed": 1234, "sr": 2.6286963019006704}}