{"returned_dict": {"loss": 9.698005218810707, "r2": -3256.710741427272, "status": "ok", "start_time": 1697181510.7739441, "duration": 1.0016298294067383}, "current_params": {"N": 500, "iss": 0.20733194265999033, "lr": 0.008627726752024523, "ridge": 1e-07, "seed": 1234, "sr": 0.7656474307799984}}