{"returned_dict": {"loss": 9.713052628441835, "r2": -3713.9084868634295, "status": "ok", "start_time": 1697189231.297575, "duration": 4.224254131317139}, "current_params": {"N": 1000, "iss": 0.8564670839009341, "lr": 0.004666278320192311, "ridge": 0.0005245567335623266, "seed": 1234, "sr": 9.019468988959579}}