{"returned_dict": {"loss": 911.6552343912496, "r2": -36632705.20333525, "status": "ok", "start_time": 1697171893.752445, "duration": 0.9367120265960693}, "current_params": {"N": 500, "iss": 0.9, "lr": 0.004189980001610144, "ridge": 1e-07, "seed": 1234, "sr": 6.7303288800603305}}