{"returned_dict": {"loss": 965.154522656217, "r2": -33200576.96310587, "status": "ok", "start_time": 1697417189.7983758, "duration": 2.3675742149353027}, "current_params": {"N": 1000, "iss": 0.4234539619306149, "lr": 0.001055234755253992, "ridge": 2.7873687266175076e-08, "seed": 1234, "sr": 6.700381333753658}}