{"returned_dict": {"loss": 97.98379571490403, "r2": -359925.1681150797, "status": "ok", "start_time": 1697697558.8646212, "duration": 0.9260108470916748}, "current_params": {"N": 500, "iss": 0.9, "lr": 0.008419553121357429, "ridge": 1e-07, "seed": 1234, "sr": 5.615522331680127}}