{"returned_dict": {"loss": 998.1473688194983, "r2": -828699852.4866942, "status": "ok", "start_time": 1697450167.589716, "duration": 1.8029701709747314}, "current_params": {"N": 500, "iss": 0.14075425983870582, "lr": 0.004542545207344772, "ridge": 1.7619615210880348e-09, "seed": 1234, "sr": 9.335710032985542}}