{"returned_dict": {"loss": 0.003993458467459997, "r2": 0.9996612639338047, "status": "ok", "start_time": 1699187871.463339, "duration": 2.326436758041382}, "current_params": {"N": 500, "iss": 0.7671193949876551, "lr": 0.5744555263071301, "ridge": 1.5608892276244172e-07, "seed": 1234, "sr": 1.8759964593517806}}