{"returned_dict": {"loss": 0.0021976999307658546, "r2": 0.9999007115828555, "status": "ok", "start_time": 1699187583.783608, "duration": 2.249239921569824}, "current_params": {"N": 500, "iss": 0.8644046911873131, "lr": 0.6156368875066843, "ridge": 8.186416440991658e-08, "seed": 1234, "sr": 1.6722388684853167}}