{"returned_dict": {"loss": 0.012627591410965281, "r2": 0.9966919379881339, "status": "ok", "start_time": 1699187818.027562, "duration": 2.271968126296997}, "current_params": {"N": 500, "iss": 0.25996136073869425, "lr": 0.01122030491707982, "ridge": 8.347574467203145e-08, "seed": 1234, "sr": 0.06204230622513381}}