{"returned_dict": {"loss": 0.060212395035597256, "r2": 0.9278475377483147, "status": "ok", "start_time": 1699187757.957696, "duration": 2.5869781970977783}, "current_params": {"N": 500, "iss": 0.9345866417401569, "lr": 0.04017882290811124, "ridge": 0.008848344280085078, "seed": 1234, "sr": 0.014438974945890222}}