{"returned_dict": {"loss": 0.1882730306349076, "r2": 0.24712941030379987, "status": "ok", "start_time": 1699187664.3446321, "duration": 2.4348788261413574}, "current_params": {"N": 500, "iss": 0.6217356289422551, "lr": 0.0029999570595545273, "ridge": 1.822408392802496e-08, "seed": 1234, "sr": 0.38114750465916947}}