{"returned_dict": {"loss": 18.989564659867582, "r2": -7223.13328521861, "status": "ok", "start_time": 1699187607.870985, "duration": 2.596158981323242}, "current_params": {"N": 500, "iss": 0.10821341880663882, "lr": 0.04203563441395582, "ridge": 7.954624964810484e-07, "seed": 1234, "sr": 3.6652347285793745}}