{"returned_dict": {"loss": 561.5235496513002, "r2": -6755301.845899588, "status": "ok", "start_time": 1699187623.2509792, "duration": 2.416898727416992}, "current_params": {"N": 500, "iss": 0.6659350740516974, "lr": 0.0068663941226196155, "ridge": 8.704077638470982e-09, "seed": 1234, "sr": 2.2553242781758827}}