{"returned_dict": {"loss": 6.990415677221878, "r2": -2056.629980058657, "status": "ok", "start_time": 1699187659.3711271, "duration": 2.4904048442840576}, "current_params": {"N": 500, "iss": 0.8383160999911431, "lr": 0.023226759313516834, "ridge": 8.81560223051062e-07, "seed": 1234, "sr": 1.7986325141052368}}