{"returned_dict": {"loss": 69.97271635690596, "r2": -103409.69221529941, "status": "ok", "start_time": 1699187760.5465689, "duration": 2.471907138824463}, "current_params": {"N": 500, "iss": 0.10204618018844569, "lr": 0.0022976484367460367, "ridge": 6.435132499791384e-09, "seed": 1234, "sr": 1.1658340735577972}}