{"returned_dict": {"loss": 7.341881563405363, "r2": -1130.5701885204608, "status": "ok", "start_time": 1699187603.072513, "duration": 2.3110897541046143}, "current_params": {"N": 500, "iss": 0.49797044830105386, "lr": 0.005473899359991359, "ridge": 0.009737952859572229, "seed": 1234, "sr": 4.574545330611019}}