{"returned_dict": {"loss": 1.8127031671206505e-05, "r2": 0.9999999961686848, "status": "ok", "start_time": 1699453771.711809, "duration": 165.66212010383606}, "current_params": {"N": 4181.0, "iss": 0.0760813518690694, "lr": 0.6955600393230041, "ridge": 2.7139391361081565e-05, "seed": 5555, "sr": 0.4334754824640057}}