{"returned_dict": {"loss": 0.00048569806056825046, "r2": 0.9999972039407973, "status": "ok", "start_time": 1699469184.3821702, "duration": 174.5184257030487}, "current_params": {"N": 4449.0, "iss": 0.3642832670775316, "lr": 0.1242564871589723, "ridge": 9.060815691434738e-09, "seed": 5555, "sr": 0.13715760493279505}}