{"returned_dict": {"loss": 0.00016327245871148913, "r2": 0.9999996883620407, "status": "ok", "start_time": 1699451153.802181, "duration": 30.23494601249695}, "current_params": {"N": 2022.0, "iss": 0.34611859763450203, "lr": 0.0072789537441323385, "ridge": 4.7480197822394035e-09, "seed": 5555, "sr": 0.3226348405474758}}