{"returned_dict": {"loss": 2.4026087880067903e-07, "r2": 0.9999999999993081, "status": "ok", "start_time": 1699462377.969176, "duration": 61.00954794883728}, "current_params": {"N": 2577.0, "iss": 0.7531631920546128, "lr": 0.15015700228454182, "ridge": 1.4860679091005023e-09, "seed": 5555, "sr": 1.5395102477395641}}