{"returned_dict": {"loss": 0.00013454904318865301, "r2": 0.9999997889674566, "status": "ok", "start_time": 1699483034.676925, "duration": 199.43097496032715}, "current_params": {"N": 4558.0, "iss": 0.002179392534163922, "lr": 0.3058151156631287, "ridge": 1.0313584441757508e-09, "seed": 5555, "sr": 0.2797710929076406}}