{"returned_dict": {"loss": 8.156980066887356e-05, "r2": 0.9999999224111985, "status": "ok", "start_time": 1699482127.083354, "duration": 201.17957496643066}, "current_params": {"N": 4808.0, "iss": 0.09108314127616257, "lr": 0.707551201293851, "ridge": 0.00988957098772089, "seed": 5555, "sr": 0.6153001426140001}}