{"returned_dict": {"loss": 0.00017857251049674448, "r2": 0.9999996281206497, "status": "ok", "start_time": 1699453165.0742972, "duration": 60.247827768325806}, "current_params": {"N": 2654.0, "iss": 0.23234546545418583, "lr": 0.03466095004410008, "ridge": 6.645953492329933e-07, "seed": 5555, "sr": 0.19414519087775609}}