{"returned_dict": {"loss": 3.240892226907817e-07, "r2": 0.9999999999987352, "status": "ok", "start_time": 1699489678.5963972, "duration": 115.18895196914673}, "current_params": {"N": 3621.0, "iss": 0.3356744330981738, "lr": 0.17406063056298904, "ridge": 1.4411641531638577e-08, "seed": 5555, "sr": 1.6610656793806609}}