{"returned_dict": {"loss": 1.3351358321981313e-07, "r2": 0.9999999999997798, "status": "ok", "start_time": 1699488028.035111, "duration": 240.1715371608734}, "current_params": {"N": 4628.0, "iss": 0.5648864774193666, "lr": 0.25644048266987, "ridge": 1.795208906291287e-09, "seed": 5555, "sr": 1.5712644534615465}}