{"returned_dict": {"loss": 3.5876479340380756e-05, "r2": 0.9999999849078177, "status": "ok", "start_time": 1699461620.780801, "duration": 20.319345951080322}, "current_params": {"N": 1671.0, "iss": 0.5612014560277988, "lr": 0.02697293146166699, "ridge": 1.7946004812640935e-09, "seed": 5555, "sr": 0.24525018900263343}}