{"returned_dict": {"loss": 2.7951469874207e-06, "r2": 0.9999999999088218, "status": "ok", "start_time": 1699474216.594503, "duration": 203.73614406585693}, "current_params": {"N": 4141.0, "iss": 0.5326484356699651, "lr": 0.05304770932402826, "ridge": 3.940715223590241e-08, "seed": 5555, "sr": 0.9085467529412046}}