{"returned_dict": {"loss": 2.1183220506071126e-05, "r2": 0.9999999946791309, "status": "ok", "start_time": 1699461828.703027, "duration": 268.23601603507996}, "current_params": {"N": 4894.0, "iss": 0.29115275914176353, "lr": 0.06517019282366546, "ridge": 1.5158713346049783e-07, "seed": 5555, "sr": 0.5490452237847017}}