{"returned_dict": {"loss": 4.571870895392075e-05, "r2": 0.9999999738749942, "status": "ok", "start_time": 1699483234.1173491, "duration": 285.9670159816742}, "current_params": {"N": 4742.0, "iss": 0.2592626567398356, "lr": 0.5811413292259762, "ridge": 1.4029925515713601e-08, "seed": 5555, "sr": 0.39306560017007147}}