{"returned_dict": {"loss": 5.494045752116812e-07, "r2": 0.9999999999964779, "status": "ok", "start_time": 1699482539.983479, "duration": 4.889830827713013}, "current_params": {"N": 577.0, "iss": 0.055800867003741025, "lr": 0.9738654773782104, "ridge": 2.0530496284121e-09, "seed": 5555, "sr": 0.9900926460569756}}