{"returned_dict": {"loss": 0.00010792441831081083, "r2": 0.999999864007238, "status": "ok", "start_time": 1699452642.242125, "duration": 198.6805341243744}, "current_params": {"N": 3380.0, "iss": 0.14648175413735753, "lr": 0.034132268929545496, "ridge": 2.3348627871419627e-07, "seed": 5555, "sr": 0.5165455768862586}}