{"returned_dict": {"loss": 5.99383425006963e-05, "r2": 0.9999999581213133, "status": "ok", "start_time": 1699453937.379286, "duration": 163.71685886383057}, "current_params": {"N": 4180.0, "iss": 0.07701199579269095, "lr": 0.9960968143942697, "ridge": 4.505893979263597e-05, "seed": 5555, "sr": 0.1446650255776312}}