{"returned_dict": {"loss": 5.8434608749100516e-06, "r2": 0.9999999993059056, "status": "ok", "start_time": 1699489178.98847, "duration": 153.0926148891449}, "current_params": {"N": 4109.0, "iss": 0.5843989031615888, "lr": 0.49906477391064563, "ridge": 1.9479920916171704e-09, "seed": 5555, "sr": 1.3789956834806014}}