{"returned_dict": {"loss": 4.894639932377228e-06, "r2": 0.9999999997205674, "status": "ok", "start_time": 1699485456.791392, "duration": 215.04012989997864}, "current_params": {"N": 4864.0, "iss": 0.10640978594597522, "lr": 0.4553195202419588, "ridge": 1.8084530609076695e-08, "seed": 5555, "sr": 0.316399095812204}}