{"returned_dict": {"loss": 0.0005903530467135965, "r2": 0.9999949549779409, "status": "ok", "start_time": 1699461677.764708, "duration": 27.87084197998047}, "current_params": {"N": 1923.0, "iss": 0.6758172955084691, "lr": 0.0047105436130531276, "ridge": 1.4837030524472245e-08, "seed": 5555, "sr": 1.0689075721290038}}