{"returned_dict": {"loss": 0.023111319929923754, "r2": 0.9937111358307519, "status": "ok", "start_time": 1699464226.603229, "duration": 108.44458293914795}, "current_params": {"N": 3576.0, "iss": 0.7321113622646778, "lr": 0.8684431527891533, "ridge": 7.260646996532511e-09, "seed": 5555, "sr": 2.2850689372012716}}