{"returned_dict": {"loss": 0.0341533814528625, "r2": 0.9863987236803856, "status": "ok", "start_time": 1699484929.056902, "duration": 296.05420303344727}, "current_params": {"N": 4996.0, "iss": 0.14732838774139445, "lr": 0.6626848617739699, "ridge": 1.4615605817308886e-06, "seed": 5555, "sr": 1.7779526886513872}}