{"returned_dict": {"loss": 0.03370438458492448, "r2": 0.9867570120832299, "status": "ok", "start_time": 1699484295.524029, "duration": 222.43689703941345}, "current_params": {"N": 4590.0, "iss": 0.2643398536625649, "lr": 0.8600231990338206, "ridge": 0.0004966466301697406, "seed": 5555, "sr": 2.804356007812353}}