{"returned_dict": {"loss": 0.04980181199971214, "r2": 0.9708886298145899, "status": "ok", "start_time": 1699485448.590061, "duration": 8.190639972686768}, "current_params": {"N": 894.0, "iss": 0.24329543284690053, "lr": 0.15792917347259805, "ridge": 1.639193039653409e-09, "seed": 5555, "sr": 1.9394680938144486}}