{"returned_dict": {"loss": 0.05987665328996322, "r2": 0.9581770102892868, "status": "ok", "start_time": 1699462531.971092, "duration": 97.55838513374329}, "current_params": {"N": 3350.0, "iss": 0.9368968480614843, "lr": 0.24756541150346797, "ridge": 3.573410957243913e-08, "seed": 5555, "sr": 4.634519641904487}}