{"returned_dict": {"loss": 0.07912861745429116, "r2": 0.8988046157532944, "status": "ok", "start_time": 1699478088.275275, "duration": 160.25886583328247}, "current_params": {"N": 4129.0, "iss": 0.6668589567652837, "lr": 0.04958972578294921, "ridge": 2.081632197787943e-09, "seed": 5555, "sr": 2.192220608965037}}