{"returned_dict": {"loss": 0.07385730192673386, "r2": 0.9363719009936281, "status": "ok", "start_time": 1699464335.05532, "duration": 87.07391381263733}, "current_params": {"N": 3124.0, "iss": 0.5507181547052837, "lr": 0.23027623448603152, "ridge": 1.1211800281524755e-09, "seed": 5555, "sr": 3.920354044507015}}