{"returned_dict": {"loss": 0.07444276920480415, "r2": 0.9354005934103428, "status": "ok", "start_time": 1699463709.448333, "duration": 209.15208983421326}, "current_params": {"N": 3931.0, "iss": 0.8474942567820425, "lr": 0.4199038607392557, "ridge": 3.9894907399746413e-07, "seed": 5555, "sr": 9.896049027718563}}