{"returned_dict": {"loss": 0.08224931460185182, "r2": 0.9211434761138548, "status": "ok", "start_time": 1699452508.186465, "duration": 26.438507080078125}, "current_params": {"N": 1897.0, "iss": 0.451625695847095, "lr": 0.2824777807824228, "ridge": 0.0004995561065461233, "seed": 5555, "sr": 4.434072756135233}}