{"returned_dict": {"loss": 0.09896904616311564, "r2": 0.8857891854070642, "status": "ok", "start_time": 1699464683.33849, "duration": 137.91583609580994}, "current_params": {"N": 4028.0, "iss": 0.5955649778027373, "lr": 0.2688913069342761, "ridge": 1.9947107943114724e-08, "seed": 5555, "sr": 7.712432242548363}}