{"returned_dict": {"loss": 0.09598842852664487, "r2": 0.8924068321466517, "status": "ok", "start_time": 1699462763.288977, "duration": 10.138918161392212}, "current_params": {"N": 1064.0, "iss": 0.6081255388785581, "lr": 0.1260964737111304, "ridge": 3.2453086347332965e-07, "seed": 5555, "sr": 3.348084185174447}}