{"returned_dict": {"loss": 0.11591235998750855, "r2": 0.8433530851398213, "status": "ok", "start_time": 1699468180.473862, "duration": 115.04720401763916}, "current_params": {"N": 3714.0, "iss": 0.3021846709814512, "lr": 0.17324927147250707, "ridge": 3.019197058252861e-07, "seed": 5555, "sr": 3.6895886148097725}}