{"returned_dict": {"loss": 0.19860572643479935, "r2": 0.5394103776395203, "status": "ok", "start_time": 1699464062.844018, "duration": 22.9846351146698}, "current_params": {"N": 1800.0, "iss": 0.636290604141693, "lr": 0.07327553032730746, "ridge": 4.4064136883937306e-08, "seed": 5555, "sr": 3.4081403870910454}}