{"returned_dict": {"loss": 0.21588908977498458, "r2": 0.4565529170309331, "status": "ok", "start_time": 1699494465.7203689, "duration": 138.85377502441406}, "current_params": {"N": 3537.0, "iss": 0.2769718666274651, "lr": 0.09755758337642982, "ridge": 3.380060074585789e-09, "seed": 5555, "sr": 5.681676474273002}}