{"returned_dict": {"loss": 0.35326296378053956, "r2": -0.4547678565436906, "status": "ok", "start_time": 1699487691.930611, "duration": 115.39383125305176}, "current_params": {"N": 3686.0, "iss": 0.28897131687275934, "lr": 0.06059506540758736, "ridge": 2.446839107128075e-09, "seed": 5555, "sr": 7.239356269074785}}