{"returned_dict": {"loss": 0.40404435360706414, "r2": -0.903425949406139, "status": "ok", "start_time": 1699478248.543349, "duration": 49.83332085609436}, "current_params": {"N": 2457.0, "iss": 0.19672742353683392, "lr": 0.06858585185628463, "ridge": 6.576731487631674e-08, "seed": 5555, "sr": 4.035014969583198}}