{"returned_dict": {"loss": 2.301029046554102, "r2": -61.261105680509594, "status": "ok", "start_time": 1699458743.089995, "duration": 45.337690114974976}, "current_params": {"N": 2498.0, "iss": 0.4729252009448915, "lr": 0.020991431216464095, "ridge": 1.3455377530179123e-07, "seed": 5555, "sr": 9.989218746675489}}