{"returned_dict": {"loss": 4.553098558235256, "r2": -242.68679877893612, "status": "ok", "start_time": 1699477496.2725801, "duration": 94.1989438533783}, "current_params": {"N": 3394.0, "iss": 0.3992817388659184, "lr": 0.00790824908675904, "ridge": 0.0007028175224991006, "seed": 5555, "sr": 2.711675731532186}}