{"returned_dict": {"loss": 56.34834290389, "r2": -37920.594385208715, "status": "ok", "start_time": 1699484517.970764, "duration": 157.23837113380432}, "current_params": {"N": 3826.0, "iss": 0.29967282636184756, "lr": 0.003930273607724646, "ridge": 9.674739156837303e-08, "seed": 5555, "sr": 4.130724149278791}}