{"returned_dict": {"loss": 0.0007911802198129219, "r2": 0.9999641660578461, "status": "ok", "start_time": 1699235434.94517, "duration": 1.8809261322021484}, "current_params": {"N": 500, "iss": 0.040938266600104134, "lr": 0.3659512815680789, "ridge": 0.0021047798903734414, "seed": 1234, "sr": 0.3797757622392174}}