{"returned_dict": {"loss": 0.003430126938927748, "r2": 0.9993285490813104, "status": "ok", "start_time": 1699235240.1929832, "duration": 1.8578648567199707}, "current_params": {"N": 500, "iss": 0.911210058605431, "lr": 0.2183850802283866, "ridge": 1.4229800128550176e-05, "seed": 1234, "sr": 0.22833541526599072}}