{"returned_dict": {"loss": 0.003408733769950425, "r2": 0.9993325052913096, "status": "ok", "start_time": 1699235242.052396, "duration": 1.8893837928771973}, "current_params": {"N": 500, "iss": 0.892885997800422, "lr": 0.49981993643396744, "ridge": 3.2585212389411373e-07, "seed": 1234, "sr": 0.13073371451589708}}