{"returned_dict": {"loss": 0.0003090598636040289, "r2": 0.9999945428406575, "status": "ok", "start_time": 1699235480.211879, "duration": 1.832685947418213}, "current_params": {"N": 500, "iss": 0.7681136832661768, "lr": 0.43906883802329827, "ridge": 6.060476940238121e-07, "seed": 1234, "sr": 0.7507802307193081}}