{"returned_dict": {"loss": 0.0012980017045498837, "r2": 0.9999035006364042, "status": "ok", "start_time": 1699235500.6463292, "duration": 1.8198609352111816}, "current_params": {"N": 500, "iss": 0.2892949225345609, "lr": 0.26564196963566705, "ridge": 0.001669043615883305, "seed": 1234, "sr": 0.5335784501655656}}