{"returned_dict": {"loss": 0.0014877747709597436, "r2": 0.9998727313969192, "status": "ok", "start_time": 1699235491.409709, "duration": 1.8564298152923584}, "current_params": {"N": 500, "iss": 0.19784990317265738, "lr": 0.31008930988824535, "ridge": 0.00013246781832067779, "seed": 1234, "sr": 0.08438326345409637}}