{"returned_dict": {"loss": 0.003884864334895472, "r2": 0.999137935823196, "status": "ok", "start_time": 1699235459.7366872, "duration": 1.8669798374176025}, "current_params": {"N": 500, "iss": 0.8161326333926638, "lr": 0.07816106311699304, "ridge": 7.358885705656805e-05, "seed": 1234, "sr": 0.8542795536342308}}