{"returned_dict": {"loss": 0.003994940299974246, "r2": 0.9990891398859926, "status": "ok", "start_time": 1699235487.634645, "duration": 1.9457831382751465}, "current_params": {"N": 500, "iss": 0.32792488571889467, "lr": 0.22465500878777248, "ridge": 0.0003014232201482745, "seed": 1234, "sr": 0.09835763510258089}}