{"returned_dict": {"loss": 0.006080639804674039, "r2": 0.9978867596714157, "status": "ok", "start_time": 1699235340.306598, "duration": 1.914531946182251}, "current_params": {"N": 500, "iss": 0.347012423797356, "lr": 0.09201940994765088, "ridge": 1.2655675147834042e-05, "seed": 1234, "sr": 0.03414048410383786}}