{"returned_dict": {"loss": 0.0036648680539098605, "r2": 0.9992332692280423, "status": "ok", "start_time": 1699235243.9436002, "duration": 1.9271397590637207}, "current_params": {"N": 500, "iss": 0.9120267528405163, "lr": 0.10377622163746929, "ridge": 0.0009493042476638647, "seed": 1234, "sr": 1.1747727724200443}}