{"returned_dict": {"loss": 0.3389972502587126, "r2": -5.566471635049349, "status": "ok", "start_time": 1699235200.096729, "duration": 1.8516829013824463}, "current_params": {"N": 500, "iss": 0.13238073196516953, "lr": 0.13864624141183712, "ridge": 5.1447095217047094e-05, "seed": 1234, "sr": 4.997336540870967}}