{"returned_dict": {"loss": 0.7175090078849609, "r2": -35.71236292429072, "status": "ok", "start_time": 1699235213.2002509, "duration": 1.9889791011810303}, "current_params": {"N": 500, "iss": 0.34711880645906334, "lr": 0.0017068361591199817, "ridge": 1.2839800042841107e-06, "seed": 1234, "sr": 0.7839491567314942}}