{"returned_dict": {"loss": 117.89523019635728, "r2": -815361.8421500946, "status": "ok", "start_time": 1699235266.626552, "duration": 1.8234808444976807}, "current_params": {"N": 500, "iss": 0.4318098058036459, "lr": 0.012600442759985371, "ridge": 1.4978972663732007e-06, "seed": 1234, "sr": 7.954497739510178}}