{"returned_dict": {"loss": 152.3487808773967, "r2": -1370855.1795257563, "status": "ok", "start_time": 1699235380.224426, "duration": 1.9052600860595703}, "current_params": {"N": 500, "iss": 0.09111729583113959, "lr": 0.019364061327381353, "ridge": 2.8302701017808404e-08, "seed": 1234, "sr": 6.7303288800603305}}