{"returned_dict": {"loss": 21.45641034268745, "r2": -26813.18873316488, "status": "ok", "start_time": 1699235234.4712782, "duration": 1.8481638431549072}, "current_params": {"N": 500, "iss": 0.04455656901228233, "lr": 0.01935540965604909, "ridge": 0.0004870385305496401, "seed": 1234, "sr": 4.425195681471678}}