{"returned_dict": {"loss": 3.6726236543090134, "r2": -785.746087885257, "status": "ok", "start_time": 1699235205.74823, "duration": 1.841007947921753}, "current_params": {"N": 500, "iss": 0.24236535975373574, "lr": 0.06703300913405115, "ridge": 4.2269285080674205e-08, "seed": 1234, "sr": 2.773816181603311}}