{"returned_dict": {"loss": 553.0179251604476, "r2": -17725542.38988002, "status": "ok", "start_time": 1699235338.459167, "duration": 1.8458948135375977}, "current_params": {"N": 500, "iss": 0.15399984759321084, "lr": 0.0019431745080725833, "ridge": 6.149769328825335e-07, "seed": 1234, "sr": 8.323301293667457}}