{"returned_dict": {"loss": 0.0037687642485218094, "r2": 0.9995550982046985, "status": "ok", "start_time": 1699384358.161742, "duration": 171.78474497795105}, "current_params": {"N": 4229.0, "iss": 0.25996136073869425, "lr": 0.01122030491707982, "ridge": 8.347574467203145e-08, "seed": 5555, "sr": 0.06204230622513381}}