{"returned_dict": {"loss": 0.0019395472859877582, "r2": 0.9998820895719044, "status": "ok", "start_time": 1699397811.176717, "duration": 177.25423908233643}, "current_params": {"N": 4516.0, "iss": 0.31512600200357144, "lr": 0.7585427422320525, "ridge": 0.00035057338015593155, "seed": 5555, "sr": 0.14387485291842203}}