{"returned_dict": {"loss": 0.0001008349617326394, "r2": 0.9999996815439888, "status": "ok", "start_time": 1699396118.470173, "duration": 8.235448122024536}, "current_params": {"N": 865.0, "iss": 0.3454923135623822, "lr": 0.8751835067223517, "ridge": 1.0780755848788941e-06, "seed": 5555, "sr": 0.8946377442002658}}