{"returned_dict": {"loss": 0.005864585634350349, "r2": 0.9989231127325598, "status": "ok", "start_time": 1699391797.524259, "duration": 11.927238941192627}, "current_params": {"N": 1144.0, "iss": 0.7229931611804811, "lr": 0.02801415255330273, "ridge": 3.8239824132656686e-09, "seed": 5555, "sr": 0.2090196583408564}}