{"returned_dict": {"loss": 0.00010753192995871428, "r2": 0.9999996182338108, "status": "ok", "start_time": 1699372276.985056, "duration": 263.19676899909973}, "current_params": {"N": 4956.0, "iss": 0.3753069435292018, "lr": 0.14684610291088665, "ridge": 1.1598652159348575e-08, "seed": 5555, "sr": 1.0993945835225667}}