{"returned_dict": {"loss": 0.0032877084065674827, "r2": 0.9996615662372959, "status": "ok", "start_time": 1699383279.799427, "duration": 31.785799026489258}, "current_params": {"N": 2082.0, "iss": 0.9228386144334726, "lr": 0.10752060708924599, "ridge": 1.1106829899616503e-06, "seed": 5555, "sr": 0.3157133897830133}}