{"returned_dict": {"loss": 0.000458516472138611, "r2": 0.9999934127942668, "status": "ok", "start_time": 1699389429.5201101, "duration": 19.070266723632812}, "current_params": {"N": 1622.0, "iss": 0.7681136832661768, "lr": 0.43906883802329827, "ridge": 6.060476940238121e-07, "seed": 5555, "sr": 0.7507802307193081}}