{"returned_dict": {"loss": 0.00020307828037630722, "r2": 0.9999987063082888, "status": "ok", "start_time": 1699380828.968514, "duration": 176.06911301612854}, "current_params": {"N": 4536.0, "iss": 0.09801956882183527, "lr": 0.21207672046475814, "ridge": 4.6581639384163866e-05, "seed": 5555, "sr": 0.21354604962375795}}