{"returned_dict": {"loss": 0.002447136672661949, "r2": 0.9998123987328023, "status": "ok", "start_time": 1699388356.167729, "duration": 223.78987526893616}, "current_params": {"N": 4990.0, "iss": 0.8161326333926638, "lr": 0.07816106311699304, "ridge": 7.358885705656805e-05, "seed": 5555, "sr": 0.8542795536342308}}