{"returned_dict": {"loss": 0.008490280824547688, "r2": 0.997741393536189, "status": "ok", "start_time": 1699385624.029485, "duration": 177.9910809993744}, "current_params": {"N": 4507.0, "iss": 0.46362690696575914, "lr": 0.1556591544481278, "ridge": 0.0003537494244538186, "seed": 5555, "sr": 0.05298748174805132}}