{"returned_dict": {"loss": 0.0002102559887747166, "r2": 0.9999986155968236, "status": "ok", "start_time": 1699394110.882108, "duration": 156.06245398521423}, "current_params": {"N": 4077.0, "iss": 0.06303833013552129, "lr": 0.78809858540449, "ridge": 4.736975168347573e-06, "seed": 5555, "sr": 0.02296603383647484}}