{"returned_dict": {"loss": 0.009789623071028744, "r2": 0.9969985656415883, "status": "ok", "start_time": 1699392998.478443, "duration": 23.248133182525635}, "current_params": {"N": 1813.0, "iss": 0.3281858080376112, "lr": 0.04187826112620037, "ridge": 0.00035052037900308906, "seed": 5555, "sr": 0.04954431527491}}