{"returned_dict": {"loss": 0.007995985215535791, "r2": 0.9979844639262745, "status": "ok", "start_time": 1699385440.417682, "duration": 183.61015605926514}, "current_params": {"N": 4283.0, "iss": 0.794303432239716, "lr": 0.7725304602957936, "ridge": 1.3376623261071025e-07, "seed": 5555, "sr": 0.026191894186955052}}