{"returned_dict": {"loss": 0.002608542287899491, "r2": 0.9997868604044368, "status": "ok", "start_time": 1699391017.7485561, "duration": 38.90943193435669}, "current_params": {"N": 2319.0, "iss": 0.15890994153775684, "lr": 0.00792332805983459, "ridge": 3.0909972660202036e-06, "seed": 5555, "sr": 0.575269795679041}}