{"returned_dict": {"loss": 0.001476522082756509, "r2": 0.9999304735010642, "status": "ok", "start_time": 1699390745.997885, "duration": 18.8041410446167}, "current_params": {"N": 1609.0, "iss": 0.19784990317265738, "lr": 0.31008930988824535, "ridge": 0.00013246781832067779, "seed": 5555, "sr": 0.08438326345409637}}