{"returned_dict": {"loss": 0.00040586908332613847, "r2": 0.9999948259656933, "status": "ok", "start_time": 1699394848.0199249, "duration": 16.987893104553223}, "current_params": {"N": 1496.0, "iss": 0.03987265265014572, "lr": 0.2782277036016531, "ridge": 6.928529304882625e-07, "seed": 5555, "sr": 0.05365955585563584}}