{"returned_dict": {"loss": 0.0004178449154578385, "r2": 0.9999944269702378, "status": "ok", "start_time": 1699384665.790334, "duration": 41.45548486709595}, "current_params": {"N": 2252.0, "iss": 0.9408397105778058, "lr": 0.3594469868947466, "ridge": 2.899155403260927e-08, "seed": 5555, "sr": 0.953319122623503}}