{"returned_dict": {"loss": 0.0026945490326772755, "r2": 0.9997725791715002, "status": "ok", "start_time": 1699399620.21606, "duration": 37.13399910926819}, "current_params": {"N": 2271.0, "iss": 0.7510867475536964, "lr": 0.046867297084523946, "ridge": 3.3039400526791155e-08, "seed": 5555, "sr": 0.40654668103214325}}