{"returned_dict": {"loss": 0.002028876743162896, "r2": 0.9998694554843541, "status": "ok", "start_time": 1699398240.4842691, "duration": 4.857827663421631}, "current_params": {"N": 540.0, "iss": 0.19306794381813575, "lr": 0.7693701905703386, "ridge": 1.2448681458445167e-06, "seed": 5555, "sr": 0.021740388389401115}}