{"returned_dict": {"loss": 0.0087881073427239, "r2": 0.997581690765479, "status": "ok", "start_time": 1699376440.671502, "duration": 20.498533964157104}, "current_params": {"N": 1644.0, "iss": 0.7077176383000704, "lr": 0.08645762464145056, "ridge": 2.45461325245235e-09, "seed": 5555, "sr": 0.013953269187234588}}