{"returned_dict": {"loss": 0.0044635763339615836, "r2": 0.9993753682291874, "status": "ok", "start_time": 1699376064.914484, "duration": 42.15915393829346}, "current_params": {"N": 2320.0, "iss": 0.911210058605431, "lr": 0.2183850802283866, "ridge": 1.4229800128550176e-05, "seed": 5555, "sr": 0.22833541526599072}}