{"returned_dict": {"loss": 0.0004312064729394001, "r2": 0.9999941740136246, "status": "ok", "start_time": 1699380139.673861, "duration": 232.66949701309204}, "current_params": {"N": 4659.0, "iss": 0.19717791279794772, "lr": 0.8908311505278818, "ridge": 0.00013283966567113832, "seed": 5555, "sr": 0.20760447792478667}}