{"returned_dict": {"loss": 0.0014940576613366194, "r2": 0.9999300008825313, "status": "ok", "start_time": 1699374286.435651, "duration": 37.35372185707092}, "current_params": {"N": 2241.0, "iss": 0.12355157400567263, "lr": 0.35065431611638176, "ridge": 0.00016882662561943463, "seed": 5555, "sr": 0.011739026780685318}}