{"returned_dict": {"loss": 0.004302681066672869, "r2": 0.9994202601726819, "status": "ok", "start_time": 1699394266.9464772, "duration": 175.56519389152527}, "current_params": {"N": 4162.0, "iss": 0.8066805954457023, "lr": 0.06255824090582884, "ridge": 5.249256938739297e-05, "seed": 5555, "sr": 0.5447197101968496}}