{"returned_dict": {"loss": 0.010198426318344736, "r2": 0.9957458963095872, "status": "ok", "start_time": 1699397581.7243688, "duration": 36.4907341003418}, "current_params": {"N": 2230.0, "iss": 0.7020282109405704, "lr": 0.06852848147461751, "ridge": 1.0772810164066088e-05, "seed": 5555, "sr": 1.4590002238161461}}