{"returned_dict": {"loss": 0.010498001852322055, "r2": 0.9965404149888496, "status": "ok", "start_time": 1699381062.4262989, "duration": 2217.3712770938873}, "current_params": {"N": 3694.0, "iss": 0.10044612037411704, "lr": 0.07898613150169653, "ridge": 0.005230035728447981, "seed": 5555, "sr": 0.03524277949039688}}