{"returned_dict": {"loss": 0.015003707304852154, "r2": 0.9929426050005903, "status": "ok", "start_time": 1699390627.207227, "duration": 118.78887796401978}, "current_params": {"N": 3431.0, "iss": 0.6913380290583117, "lr": 0.7766456097348572, "ridge": 0.0022490571107960764, "seed": 5555, "sr": 3.382940283445415}}