{"returned_dict": {"loss": 0.019560293322467143, "r2": 0.9880006132805844, "status": "ok", "start_time": 1699399470.508729, "duration": 93.01307892799377}, "current_params": {"N": 3329.0, "iss": 0.6843884439305382, "lr": 0.03731812816903053, "ridge": 0.00015193594663156403, "seed": 5555, "sr": 0.028487552446214245}}