{"returned_dict": {"loss": 0.02328310562335972, "r2": 0.9827030306038331, "status": "ok", "start_time": 1699379577.050525, "duration": 80.94096398353577}, "current_params": {"N": 3029.0, "iss": 0.6871632474113247, "lr": 0.0033668417829176823, "ridge": 3.836716623456785e-09, "seed": 5555, "sr": 0.10594870634350116}}