{"returned_dict": {"loss": 0.020978469836615207, "r2": 0.9861965340448778, "status": "ok", "start_time": 1699374011.029137, "duration": 18.307679891586304}, "current_params": {"N": 1592.0, "iss": 0.8710694708540748, "lr": 0.5093800439838342, "ridge": 3.613494953765636e-08, "seed": 5555, "sr": 5.580343023547168}}