{"returned_dict": {"loss": 0.02816871199402569, "r2": 0.9751533648605095, "status": "ok", "start_time": 1699372540.1834738, "duration": 153.1666009426117}, "current_params": {"N": 3954.0, "iss": 0.9326851510627013, "lr": 0.01313978174667569, "ridge": 0.0007520446577387131, "seed": 5555, "sr": 0.18658183701753261}}