{"returned_dict": {"loss": 0.02510055005670372, "r2": 0.9802739709468647, "status": "ok", "start_time": 1699373109.490258, "duration": 384.160893201828}, "current_params": {"N": 4886.0, "iss": 0.08315064051214127, "lr": 0.934961690273177, "ridge": 1.4389924675211044e-08, "seed": 5555, "sr": 2.4229663969229636}}