{"returned_dict": {"loss": 0.02887846214366362, "r2": 0.973873911212649, "status": "ok", "start_time": 1699386719.3763359, "duration": 146.52977299690247}, "current_params": {"N": 3707.0, "iss": 0.134697453845536, "lr": 0.005584438526231021, "ridge": 0.0021703951793471516, "seed": 5555, "sr": 0.11855799312403709}}