{"returned_dict": {"loss": 0.022831860700283205, "r2": 0.9836615086350576, "status": "ok", "start_time": 1699399578.7149818, "duration": 7.038190126419067}, "current_params": {"N": 772.0, "iss": 0.862125436196804, "lr": 0.027282917589189125, "ridge": 0.0006312422511774716, "seed": 5555, "sr": 0.3112075738520104}}