{"returned_dict": {"loss": 0.022561764113017534, "r2": 0.984056123286868, "status": "ok", "start_time": 1699389448.592303, "duration": 99.82460594177246}, "current_params": {"N": 3422.0, "iss": 0.9212495214371952, "lr": 0.03495869536083056, "ridge": 2.408236190196766e-05, "seed": 5555, "sr": 0.01769587598402526}}