{"returned_dict": {"loss": 0.03527831068709536, "r2": 0.9608942366138997, "status": "ok", "start_time": 1699388658.994634, "duration": 76.74332809448242}, "current_params": {"N": 3123.0, "iss": 0.9097376556056701, "lr": 0.3079726626930137, "ridge": 1.4421411301859244e-07, "seed": 5555, "sr": 5.615522331680127}}