{"returned_dict": {"loss": 0.037423513652218104, "r2": 0.9561461629524821, "status": "ok", "start_time": 1699398274.27489, "duration": 22.78407311439514}, "current_params": {"N": 1766.0, "iss": 0.9924422624704421, "lr": 0.01472033478760256, "ridge": 5.1526787433609305e-05, "seed": 5555, "sr": 0.021824250820656584}}