{"returned_dict": {"loss": 0.049578770938497906, "r2": 0.9230381189738751, "status": "ok", "start_time": 1699386470.286731, "duration": 6.170762062072754}, "current_params": {"N": 723.0, "iss": 0.7008147713041682, "lr": 0.005199088611116443, "ridge": 0.0010388211610285532, "seed": 5555, "sr": 0.16300115584611943}}