{"returned_dict": {"loss": 0.04030834320192634, "r2": 0.9491254706602991, "status": "ok", "start_time": 1699399719.0330791, "duration": 64.4935028553009}, "current_params": {"N": 2807.0, "iss": 0.6585538742012977, "lr": 0.2767485225240802, "ridge": 4.149058538627783e-08, "seed": 5555, "sr": 4.747787753734965}}