{"returned_dict": {"loss": 0.05560556429837831, "r2": 0.9031882104478536, "status": "ok", "start_time": 1699387449.5734248, "duration": 131.87228918075562}, "current_params": {"N": 3127.0, "iss": 0.0026462177202568604, "lr": 0.021333081512378033, "ridge": 0.00025791954558242, "seed": 5555, "sr": 0.011405319213458769}}