{"returned_dict": {"loss": 0.055473426340649334, "r2": 0.9036504740582422, "status": "ok", "start_time": 1699375317.821146, "duration": 16.940632820129395}, "current_params": {"N": 1420.0, "iss": 0.6722112091210425, "lr": 0.002569219109514612, "ridge": 0.007174915864539121, "seed": 5555, "sr": 0.05675258102871899}}