{"returned_dict": {"loss": 0.05398998489800186, "r2": 0.9087193200528992, "status": "ok", "start_time": 1699378475.673569, "duration": 61.870166063308716}, "current_params": {"N": 2632.0, "iss": 0.6128741432342986, "lr": 0.0015415307981808321, "ridge": 0.0004080879909316024, "seed": 5555, "sr": 0.0108079776956026}}