{"returned_dict": {"loss": 0.050350058976765304, "r2": 0.9203668626997862, "status": "ok", "start_time": 1699399075.3024058, "duration": 47.66263437271118}, "current_params": {"N": 2497.0, "iss": 0.9194961487880363, "lr": 0.0023907620849884367, "ridge": 1.8556100802324854e-08, "seed": 5555, "sr": 0.033885524879217685}}