{"returned_dict": {"loss": 0.056323626842274765, "r2": 0.9006752988325282, "status": "ok", "start_time": 1699371784.290029, "duration": 146.35208201408386}, "current_params": {"N": 3914.0, "iss": 0.8820998106981124, "lr": 0.0018473770505347527, "ridge": 1.8622584812397071e-06, "seed": 5555, "sr": 0.015931944006093716}}