{"returned_dict": {"loss": 0.07363565437466073, "r2": 0.8232140158419657, "status": "ok", "start_time": 1699374870.815156, "duration": 8.107605934143066}, "current_params": {"N": 810.0, "iss": 0.48683979711786196, "lr": 0.0041878954202570285, "ridge": 1.5267158874357313e-07, "seed": 5555, "sr": 0.7656474307799984}}