{"returned_dict": {"loss": 0.07839909312433095, "r2": 0.807291778966019, "status": "ok", "start_time": 1699379672.364156, "duration": 84.74714517593384}, "current_params": {"N": 2831.0, "iss": 0.17176002567391113, "lr": 0.22199089728115365, "ridge": 0.0006020999816891316, "seed": 5555, "sr": 2.0711751271159318}}