{"returned_dict": {"loss": 0.08772611778611178, "r2": 0.7589872454483199, "status": "ok", "start_time": 1699377829.2884312, "duration": 28.772938013076782}, "current_params": {"N": 2005.0, "iss": 0.2092695124165096, "lr": 0.20792063760808668, "ridge": 2.4402906778962044e-09, "seed": 5555, "sr": 3.3229413943755635}}