{"returned_dict": {"loss": 0.540572936271598, "r2": -8.190039036527248, "status": "ok", "start_time": 1699378930.0580149, "duration": 102.24680018424988}, "current_params": {"N": 3522.0, "iss": 0.11994602555379685, "lr": 0.16859893208998253, "ridge": 6.132193847282312e-09, "seed": 5555, "sr": 2.3297993110223385}}