{"returned_dict": {"loss": 0.7940523826381524, "r2": -18.785246976867295, "status": "ok", "start_time": 1699370966.967319, "duration": 65.97425699234009}, "current_params": {"N": 2778.0, "iss": 0.869355916285306, "lr": 0.0017588986916506517, "ridge": 0.009525997633827816, "seed": 5555, "sr": 1.2509379966926149}}