{"returned_dict": {"loss": 1.4035967359924317, "r2": -60.92667765812709, "status": "ok", "start_time": 1699372197.2025049, "duration": 79.78072619438171}, "current_params": {"N": 3042.0, "iss": 0.27955000672950736, "lr": 0.050891035673396985, "ridge": 6.92305207076248e-05, "seed": 5555, "sr": 9.903672418680925}}