{"returned_dict": {"loss": 2.286436091575569, "r2": -162.9123688255354, "status": "ok", "start_time": 1699399657.351988, "duration": 34.87408089637756}, "current_params": {"N": 2132.0, "iss": 0.3645398119045894, "lr": 0.041351055886843374, "ridge": 0.002063252466625349, "seed": 5555, "sr": 4.4149347432223}}