{"returned_dict": {"loss": 27.016163740001883, "r2": -22872.08549014809, "status": "ok", "start_time": 1699393862.504066, "duration": 129.85995388031006}, "current_params": {"N": 3606.0, "iss": 0.7086809259284147, "lr": 0.017595032042260785, "ridge": 9.608084796324916e-08, "seed": 5555, "sr": 8.266620124096498}}