{"returned_dict": {"loss": 2914.2716477645336, "r2": -344530480.55366117, "status": "ok", "start_time": 1699383548.78537, "duration": 9.737947940826416}, "current_params": {"N": 1027.0, "iss": 0.4234539619306149, "lr": 0.001055234755253992, "ridge": 2.7873687266175076e-08, "seed": 5555, "sr": 6.700381333753658}}