{"returned_dict": {"loss": 3.6506362004759594, "r2": -421.0927973273031, "status": "ok", "start_time": 1699374029.338293, "duration": 139.08514285087585}, "current_params": {"N": 3871.0, "iss": 0.24236535975373574, "lr": 0.06703300913405115, "ridge": 4.2269285080674205e-08, "seed": 5555, "sr": 2.773816181603311}}