{"returned_dict": {"loss": 31.534185279695304, "r2": -31602.77433426214, "status": "ok", "start_time": 1699384615.798143, "duration": 11.948422193527222}, "current_params": {"N": 1149.0, "iss": 0.09111729583113959, "lr": 0.019364061327381353, "ridge": 2.8302701017808404e-08, "seed": 5555, "sr": 6.7303288800603305}}