{"returned_dict": {"loss": 36.23445971087564, "r2": -43424.054636081426, "status": "ok", "start_time": 1699391056.659957, "duration": 214.72375297546387}, "current_params": {"N": 4864.0, "iss": 0.7444485210599292, "lr": 0.0020459627481612115, "ridge": 1.674497026534218e-08, "seed": 5555, "sr": 1.182082887824895}}