{"returned_dict": {"loss": 5.431796958418688, "r2": -957.6633458906841, "status": "ok", "start_time": 1699384215.3324459, "duration": 142.8276171684265}, "current_params": {"N": 4006.0, "iss": 0.4503628369957513, "lr": 0.03709140133925175, "ridge": 2.6234435504939386e-09, "seed": 5555, "sr": 1.665278509291293}}