{"returned_dict": {"loss": 6.734922168592945, "r2": -1844.5276175330528, "status": "ok", "start_time": 1699380372.345106, "duration": 115.15866899490356}, "current_params": {"N": 3565.0, "iss": 0.5813661769352256, "lr": 0.0010387024872592213, "ridge": 4.333630514338604e-07, "seed": 5555, "sr": 1.0616387878921083}}