{"returned_dict": {"loss": 6.84656251143846, "r2": -1476.2079233557452, "status": "ok", "start_time": 1699385142.875114, "duration": 235.7964470386505}, "current_params": {"N": 4871.0, "iss": 0.5308233319012376, "lr": 0.010754552393914138, "ridge": 0.00408260583459009, "seed": 5555, "sr": 7.505573307332538}}