{"returned_dict": {"loss": 7.115855907560667, "r2": -1645.9505797558074, "status": "ok", "start_time": 1699374168.4251242, "duration": 118.00883674621582}, "current_params": {"N": 3148.0, "iss": 0.49797044830105386, "lr": 0.005473899359991359, "ridge": 0.009737952859572229, "seed": 5555, "sr": 4.574545330611019}}