{"returned_dict": {"loss": 9.859825036605834, "r2": -3072.6985996477283, "status": "ok", "start_time": 1699395566.408118, "duration": 174.83183693885803}, "current_params": {"N": 4404.0, "iss": 0.8702620300971201, "lr": 0.02564599849690829, "ridge": 1.0669820790892567e-07, "seed": 5555, "sr": 5.349256936870534}}