{"returned_dict": {"loss": 0.005561228326241638, "r2": 0.9994183073370079, "status": "ok", "start_time": 1699191608.419277, "duration": 1.7725369930267334}, "current_params": {"N": 500, "iss": 0.23999648673506557, "lr": 0.14755529525122685, "ridge": 2.191167299174609e-09, "seed": 1234, "sr": 0.023462246374277934}}