{"returned_dict": {"loss": 0.0008907163130250266, "r2": 0.9999814638626493, "status": "ok", "start_time": 1699191406.499557, "duration": 1.705482006072998}, "current_params": {"N": 500, "iss": 0.14258024657972923, "lr": 0.5516837456874331, "ridge": 3.7433235003717447e-07, "seed": 1234, "sr": 0.1931498404234262}}