{"returned_dict": {"loss": 0.0023553542150834494, "r2": 0.9998817479387881, "status": "ok", "start_time": 1699191420.633292, "duration": 1.7736709117889404}, "current_params": {"N": 500, "iss": 0.04057815748077798, "lr": 0.048306005915739574, "ridge": 0.0009201974723122006, "seed": 1234, "sr": 1.0784585589734712}}