{"returned_dict": {"loss": 0.009912773276531736, "r2": 0.9981111921089179, "status": "ok", "start_time": 1699191572.96067, "duration": 1.7846288681030273}, "current_params": {"N": 500, "iss": 0.21496591135483278, "lr": 0.012213382575706427, "ridge": 4.430275039678582e-08, "seed": 1234, "sr": 0.015767522293681297}}