{"returned_dict": {"loss": 0.00446912028573999, "r2": 0.9996131196501189, "status": "ok", "start_time": 1699191644.1527529, "duration": 1.804922103881836}, "current_params": {"N": 500, "iss": 0.19784990317265738, "lr": 0.31008930988824535, "ridge": 0.00013246781832067779, "seed": 1234, "sr": 0.08438326345409637}}