{"returned_dict": {"loss": 0.018719007406155216, "r2": 0.9935523597917792, "status": "ok", "start_time": 1699191658.581386, "duration": 1.7746727466583252}, "current_params": {"N": 500, "iss": 0.3648171195318186, "lr": 0.06815247173845063, "ridge": 0.004137027458330782, "seed": 1234, "sr": 0.0440605775382449}}