{"returned_dict": {"loss": 0.023446121234940335, "r2": 0.989877285896189, "status": "ok", "start_time": 1699191597.83712, "duration": 1.7688539028167725}, "current_params": {"N": 500, "iss": 0.5314055739748769, "lr": 0.5869419714703692, "ridge": 2.5739572117002763e-07, "seed": 1234, "sr": 0.030264242037118992}}