{"returned_dict": {"loss": 0.022174732907432295, "r2": 0.99088297598458, "status": "ok", "start_time": 1699191517.667899, "duration": 1.7599279880523682}, "current_params": {"N": 500, "iss": 0.10906298691030492, "lr": 0.9218534144690985, "ridge": 0.007620699289978396, "seed": 1234, "sr": 1.810409666530886}}