{"returned_dict": {"loss": 0.0238641203863791, "r2": 0.9895209126805815, "status": "ok", "start_time": 1699191549.527615, "duration": 1.8596129417419434}, "current_params": {"N": 500, "iss": 0.5923323236902225, "lr": 0.09414420070801902, "ridge": 0.0014474323274106797, "seed": 1234, "sr": 0.13317912806568327}}