{"returned_dict": {"loss": 0.028210506203494853, "r2": 0.9853039265882172, "status": "ok", "start_time": 1699191408.2065222, "duration": 1.8240556716918945}, "current_params": {"N": 500, "iss": 0.911210058605431, "lr": 0.2183850802283866, "ridge": 1.4229800128550176e-05, "seed": 1234, "sr": 0.22833541526599072}}