{"returned_dict": {"loss": 0.02209021710345403, "r2": 0.9909897917489543, "status": "ok", "start_time": 1699191415.307508, "duration": 1.8079140186309814}, "current_params": {"N": 500, "iss": 0.7077176383000704, "lr": 0.08645762464145056, "ridge": 2.45461325245235e-09, "seed": 1234, "sr": 0.013953269187234588}}