{"returned_dict": {"loss": 0.03587955069651128, "r2": 0.9760507349606445, "status": "ok", "start_time": 1699191615.531214, "duration": 1.8098740577697754}, "current_params": {"N": 500, "iss": 0.8640890518452584, "lr": 0.056175796579322784, "ridge": 8.914132777984633e-07, "seed": 1234, "sr": 1.6346058937885943}}