{"returned_dict": {"loss": 0.03577078141694579, "r2": 0.9765141629786576, "status": "ok", "start_time": 1699191635.303139, "duration": 1.817755937576294}, "current_params": {"N": 500, "iss": 0.9212495214371952, "lr": 0.03495869536083056, "ridge": 2.408236190196766e-05, "seed": 1234, "sr": 0.01769587598402526}}