{"returned_dict": {"loss": 0.03859386303160662, "r2": 0.9726207755328433, "status": "ok", "start_time": 1699191480.570034, "duration": 1.7591700553894043}, "current_params": {"N": 500, "iss": 0.9655801894967717, "lr": 0.5494681828865383, "ridge": 2.0065307823836486e-09, "seed": 1234, "sr": 0.01418389479892628}}