{"returned_dict": {"loss": 0.05780537081183843, "r2": 0.9385439216873057, "status": "ok", "start_time": 1699191366.149888, "duration": 1.690748929977417}, "current_params": {"N": 500, "iss": 0.08315064051214127, "lr": 0.934961690273177, "ridge": 1.4389924675211044e-08, "seed": 1234, "sr": 2.4229663969229636}}