{"returned_dict": {"loss": 0.13733562492559884, "r2": 0.6330946537638843, "status": "ok", "start_time": 1699191351.8819451, "duration": 1.9088668823242188}, "current_params": {"N": 500, "iss": 0.976525304162185, "lr": 0.011273269250899024, "ridge": 5.267135160255618e-09, "seed": 1234, "sr": 0.09437285509046839}}