{"returned_dict": {"loss": 0.33251320733276174, "r2": -1.1581836096191032, "status": "ok", "start_time": 1699191637.122588, "duration": 1.758669137954712}, "current_params": {"N": 500, "iss": 0.550070835811614, "lr": 0.005273335540171085, "ridge": 5.04991308123115e-09, "seed": 1234, "sr": 0.39936841111501603}}