{"returned_dict": {"loss": 0.6528155387723173, "r2": -8.920230479749184, "status": "ok", "start_time": 1699191540.5650408, "duration": 1.799429178237915}, "current_params": {"N": 500, "iss": 0.5164119610315949, "lr": 0.005362066549925435, "ridge": 5.41731973139421e-08, "seed": 1234, "sr": 1.7053539993996638}}