{"returned_dict": {"loss": 0.028816126465636933, "r2": 0.9834659506453239, "status": "ok", "start_time": 1699187566.484819, "duration": 2.4259750843048096}, "current_params": {"N": 500, "iss": 0.976525304162185, "lr": 0.011273269250899024, "ridge": 5.267135160255618e-09, "seed": 1234, "sr": 0.09437285509046839}}