{"returned_dict": {"loss": 0.024294002636467898, "r2": 0.988222946078555, "status": "ok", "start_time": 1699187883.509632, "duration": 2.46294903755188}, "current_params": {"N": 500, "iss": 0.5252220340132849, "lr": 0.5269856938769655, "ridge": 0.0071301806348985485, "seed": 1234, "sr": 0.12440910427817788}}