{"returned_dict": {"loss": 0.041771211250714764, "r2": 0.9652162884164553, "status": "ok", "start_time": 1699187547.7239711, "duration": 2.645122766494751}, "current_params": {"N": 500, "iss": 0.9547804466890908, "lr": 0.0063822566002939346, "ridge": 1.9445651653381377e-09, "seed": 1234, "sr": 0.012708968625748275}}