{"returned_dict": {"loss": 0.0030845116034237865, "r2": 0.9995411020403789, "status": "ok", "start_time": 1700616698.169715, "duration": 4.4365010261535645}, "current_params": {"N": 500, "iss": 0.059936189081400526, "lr": 0.38264094967620654, "ridge": 1.8102732550311867e-05, "seed": 5555, "sr": 0.07966435869333038}}