{"returned_dict": {"loss": 0.012355503242425134, "r2": 0.9931036802408896, "status": "ok", "start_time": 1699633905.1361878, "duration": 4.6147613525390625}, "current_params": {"N": 500, "iss": 0.21686967585707428, "lr": 0.06719120770962762, "ridge": 0.00012890720812140736, "seed": 5555, "sr": 0.07071032186253305}}