{"returned_dict": {"loss": 0.027292810482617887, "r2": 0.9639836139732118, "status": "ok", "start_time": 1700616693.724305, "duration": 4.443073987960815}, "current_params": {"N": 500, "iss": 0.6517423997488939, "lr": 0.4485179994925241, "ridge": 2.1919618123313223e-05, "seed": 5555, "sr": 2.76036316173383}}