{"returned_dict": {"loss": 0.11678648386422762, "r2": 0.38257073763006594, "status": "ok", "start_time": 1699633909.753351, "duration": 4.573959112167358}, "current_params": {"N": 500, "iss": 0.8820998106981124, "lr": 0.0018473770505347527, "ridge": 1.8622584812397071e-06, "seed": 5555, "sr": 0.015931944006093716}}