{"returned_dict": {"loss": 0.12815681977529667, "r2": 0.247293403393978, "status": "ok", "start_time": 1699631870.6169338, "duration": 278.8527412414551}, "current_params": {"N": 5000, "iss": 0.9547804466890908, "lr": 0.0063822566002939346, "ridge": 1.9445651653381377e-09, "seed": 5555, "sr": 0.012708968625748275}}