{"returned_dict": {"loss": 0.16977197905073593, "r2": -0.3150794954507205, "status": "ok", "start_time": 1699633867.5922298, "duration": 4.693145036697388}, "current_params": {"N": 500, "iss": 0.34611859763450203, "lr": 0.0072789537441323385, "ridge": 4.7480197822394035e-09, "seed": 5555, "sr": 0.3226348405474758}}