{"returned_dict": {"loss": 1.0325768067404364e-06, "r2": 0.9999999999665939, "status": "ok", "start_time": 1699376996.522516, "duration": 169.63550305366516}, "current_params": {"N": 4265.0, "iss": 0.15716834911966804, "lr": 0.8156304946175557, "ridge": 4.290374941230941e-08, "seed": 5555, "sr": 1.0385323042151453}}