{"returned_dict": {"loss": 0.004747794158282348, "r2": 0.9992933981591753, "status": "ok", "start_time": 1699380544.928684, "duration": 284.0382430553436}, "current_params": {"N": 4966.0, "iss": 0.347012423797356, "lr": 0.09201940994765088, "ridge": 1.2655675147834042e-05, "seed": 5555, "sr": 0.03414048410383786}}