{"returned_dict": {"loss": 0.002046086721168096, "r2": 0.9998605795739244, "status": "ok", "start_time": 1699386456.679617, "duration": 13.605332136154175}, "current_params": {"N": 1300.0, "iss": 0.7671193949876551, "lr": 0.5744555263071301, "ridge": 1.5608892276244172e-07, "seed": 5555, "sr": 1.8759964593517806}}