{"returned_dict": {"loss": 0.0038427281494723825, "r2": 0.9995376770335124, "status": "ok", "start_time": 1699389195.4220212, "duration": 209.90478897094727}, "current_params": {"N": 4967.0, "iss": 0.0011867504507336868, "lr": 0.4402251533661025, "ridge": 1.398293408194846e-05, "seed": 5555, "sr": 0.1378790157061615}}