{"returned_dict": {"loss": 0.009312825134300899, "r2": 0.9972789052864002, "status": "ok", "start_time": 1699373666.925424, "duration": 141.53843688964844}, "current_params": {"N": 3991.0, "iss": 0.44727779774125975, "lr": 0.36822455888750405, "ridge": 0.0002215397496700079, "seed": 5555, "sr": 0.02348225301745763}}