{"returned_dict": {"loss": 0.00366643048700493, "r2": 0.9995774837136207, "status": "ok", "start_time": 1699390067.81649, "duration": 559.388925075531}, "current_params": {"N": 4997.0, "iss": 0.32792488571889467, "lr": 0.22465500878777248, "ridge": 0.0003014232201482745, "seed": 5555, "sr": 0.09835763510258089}}