{"returned_dict": {"loss": 0.0005129324691913246, "r2": 0.9999915334106726, "status": "ok", "start_time": 1699395369.199784, "duration": 126.19894909858704}, "current_params": {"N": 3830.0, "iss": 0.18656286990173654, "lr": 0.03150553788299122, "ridge": 5.530750384518324e-07, "seed": 5555, "sr": 0.9484068160210573}}