{"returned_dict": {"loss": 1.2580453329304908e-05, "r2": 0.9999999950300603, "status": "ok", "start_time": 1699392914.239192, "duration": 84.23739194869995}, "current_params": {"N": 3086.0, "iss": 0.31194386522336537, "lr": 0.4601761093027146, "ridge": 1.3157950241056183e-07, "seed": 5555, "sr": 1.0800782436784067}}