{"returned_dict": {"loss": 0.010393430907449585, "r2": 0.9966177183140048, "status": "ok", "start_time": 1699386865.9077451, "duration": 51.82312083244324}, "current_params": {"N": 2591.0, "iss": 0.5252220340132849, "lr": 0.5269856938769655, "ridge": 0.0071301806348985485, "seed": 5555, "sr": 0.12440910427817788}}