{"returned_dict": {"loss": 0.012917520653211953, "r2": 0.9947658258375084, "status": "ok", "start_time": 1699400222.741641, "duration": 172.3793489933014}, "current_params": {"N": 4409.0, "iss": 0.1758900665549349, "lr": 0.0050134713319033115, "ridge": 1.0167893492063852e-05, "seed": 5555, "sr": 0.2185023179192963}}