{"returned_dict": {"loss": 0.01757324886277292, "r2": 0.9903282854281764, "status": "ok", "start_time": 1699386925.0858371, "duration": 91.2799060344696}, "current_params": {"N": 3313.0, "iss": 0.8091744524034417, "lr": 0.9358123326900604, "ridge": 3.7883632037985046e-08, "seed": 5555, "sr": 5.974243589442645}}