{"returned_dict": {"loss": 0.016822281646193055, "r2": 0.9911384001252963, "status": "ok", "start_time": 1699391817.836916, "duration": 209.9956569671631}, "current_params": {"N": 4846.0, "iss": 0.9492451986094536, "lr": 0.012192269780560696, "ridge": 1.0355816851799808e-08, "seed": 5555, "sr": 0.03438139057492874}}