{"returned_dict": {"loss": 0.01934595800169307, "r2": 0.987837336627125, "status": "ok", "start_time": 1699375521.225868, "duration": 110.6754801273346}, "current_params": {"N": 3592.0, "iss": 0.45903012586393255, "lr": 0.008993216326780393, "ridge": 3.098662816361876e-05, "seed": 5555, "sr": 1.038057705082271}}