{"returned_dict": {"loss": 0.01424265489366231, "r2": 0.9936449043437424, "status": "ok", "start_time": 1699396861.805322, "duration": 145.03732824325562}, "current_params": {"N": 3746.0, "iss": 0.5137633966953234, "lr": 0.012234370834034261, "ridge": 1.542956353074663e-05, "seed": 5555, "sr": 0.1367779160999799}}