{"returned_dict": {"loss": 0.010505704424789519, "r2": 0.9965444363750086, "status": "ok", "start_time": 1699396423.6110542, "duration": 217.81331396102905}, "current_params": {"N": 4709.0, "iss": 0.39203668392256896, "lr": 0.026383797287459904, "ridge": 4.426151107544024e-06, "seed": 5555, "sr": 0.013245074282018337}}