{"returned_dict": {"loss": 0.022026661915118994, "r2": 0.9848095346177278, "status": "ok", "start_time": 1699387748.070997, "duration": 147.84637594223022}, "current_params": {"N": 3659.0, "iss": 0.629186932886679, "lr": 0.9385365458738638, "ridge": 4.279595777669173e-09, "seed": 5555, "sr": 7.567304757039052}}