{"returned_dict": {"loss": 0.021486633574279785, "r2": 0.9855431380237437, "status": "ok", "start_time": 1699398245.344057, "duration": 28.92891502380371}, "current_params": {"N": 1944.0, "iss": 0.9974522681382975, "lr": 0.46574158829793555, "ridge": 0.0009005391609390924, "seed": 5555, "sr": 0.055209309006115065}}