{"returned_dict": {"loss": 0.03700806493465721, "r2": 0.9571140293758971, "status": "ok", "start_time": 1699398773.993502, "duration": 109.38858604431152}, "current_params": {"N": 3330.0, "iss": 0.9504194560451357, "lr": 0.02564931417238596, "ridge": 0.008034825137228542, "seed": 5555, "sr": 0.051722661753842894}}