{"returned_dict": {"loss": 0.03324448702876551, "r2": 0.9653774663606326, "status": "ok", "start_time": 1699395354.973984, "duration": 14.223840951919556}, "current_params": {"N": 1332.0, "iss": 0.6958006604848856, "lr": 0.0051941246369474675, "ridge": 2.3110203527036376e-06, "seed": 5555, "sr": 0.07000726789545537}}