{"returned_dict": {"loss": 0.03423525941987452, "r2": 0.9633002663237752, "status": "ok", "start_time": 1699383500.548417, "duration": 48.23534893989563}, "current_params": {"N": 2530.0, "iss": 0.21506092759674977, "lr": 0.0037871077443508176, "ridge": 7.866367247447239e-05, "seed": 5555, "sr": 0.01969702873562671}}