{"returned_dict": {"loss": 0.04559279744237208, "r2": 0.9308085179432024, "status": "ok", "start_time": 1699396760.9176571, "duration": 10.559913873672485}, "current_params": {"N": 1063.0, "iss": 0.8487503547965858, "lr": 0.003205017806363386, "ridge": 7.567650712338158e-09, "seed": 5555, "sr": 0.21640452274354277}}