{"returned_dict": {"loss": 0.044921835998438575, "r2": 0.9367876684440651, "status": "ok", "start_time": 1699372142.3314502, "duration": 32.475796937942505}, "current_params": {"N": 2072.0, "iss": 0.4171626881853736, "lr": 0.002422315386294973, "ridge": 0.0008891693515095883, "seed": 5555, "sr": 0.0544052294998603}}