{"returned_dict": {"loss": 0.04992151411798362, "r2": 0.9219368223095671, "status": "ok", "start_time": 1699379397.188141, "duration": 28.580870866775513}, "current_params": {"N": 1927.0, "iss": 0.5323854646527727, "lr": 0.003573156992234659, "ridge": 0.0008903885178857998, "seed": 5555, "sr": 0.015928787718820343}}