{"returned_dict": {"loss": 0.08763768972784959, "r2": 0.7594375184415788, "status": "ok", "start_time": 1699388613.3689952, "duration": 45.623852014541626}, "current_params": {"N": 2425.0, "iss": 0.36454979801819787, "lr": 0.001817436335305465, "ridge": 1.2856827057907244e-05, "seed": 5555, "sr": 0.5391304566113871}}