{"returned_dict": {"loss": 0.19474512676722622, "r2": -0.2897686246622507, "status": "ok", "start_time": 1699392848.782729, "duration": 39.60056018829346}, "current_params": {"N": 2323.0, "iss": 0.8385364031117039, "lr": 0.002206362162974575, "ridge": 1.5692674983602475e-09, "seed": 5555, "sr": 0.42043659753043283}}