{"returned_dict": {"loss": 0.2571007131385073, "r2": -1.091622920395187, "status": "ok", "start_time": 1699374473.83952, "duration": 13.167579889297485}, "current_params": {"N": 1294.0, "iss": 0.34711880645906334, "lr": 0.0017068361591199817, "ridge": 1.2839800042841107e-06, "seed": 5555, "sr": 0.7839491567314942}}