{"returned_dict": {"loss": 0.3177422518100705, "r2": -2.1648969205581317, "status": "ok", "start_time": 1699384567.0776231, "duration": 4.994920969009399}, "current_params": {"N": 579.0, "iss": 0.18619565979686425, "lr": 0.06289522081324313, "ridge": 2.6051918706653142e-08, "seed": 5555, "sr": 7.227207099998132}}