{"returned_dict": {"loss": 11.56493171906076, "r2": -4189.547353249148, "status": "ok", "start_time": 1699374323.790972, "duration": 150.0469491481781}, "current_params": {"N": 3710.0, "iss": 0.10821341880663882, "lr": 0.04203563441395582, "ridge": 7.954624964810484e-07, "seed": 5555, "sr": 3.6652347285793745}}