{"returned_dict": {"loss": 14.295897806228362, "r2": -6421.491749963454, "status": "ok", "start_time": 1699375631.9028852, "duration": 195.56994485855103}, "current_params": {"N": 4541.0, "iss": 0.04455656901228233, "lr": 0.01935540965604909, "ridge": 0.0004870385305496401, "seed": 5555, "sr": 4.425195681471678}}