{"returned_dict": {"loss": 21.14150684582468, "r2": -14175.824023277497, "status": "ok", "start_time": 1699378122.7605052, "duration": 7.023073673248291}, "current_params": {"N": 795.0, "iss": 0.029495943205165465, "lr": 0.015679192953865242, "ridge": 3.171371461069988e-05, "seed": 5555, "sr": 7.78867384430367}}