{"returned_dict": {"loss": 23.80232012420662, "r2": -22313.124410084933, "status": "ok", "start_time": 1699383567.090318, "duration": 196.4385850429535}, "current_params": {"N": 4808.0, "iss": 0.5806915954693277, "lr": 0.005250222770550053, "ridge": 9.454792365744235e-05, "seed": 5555, "sr": 2.6286963019006704}}