{"returned_dict": {"loss": 25.960083913394737, "r2": -24884.389769881494, "status": "ok", "start_time": 1699380042.9878669, "duration": 7.986950159072876}, "current_params": {"N": 854.0, "iss": 0.10204618018844569, "lr": 0.0022976484367460367, "ridge": 6.435132499791384e-09, "seed": 5555, "sr": 1.1658340735577972}}