{"returned_dict": {"loss": 28.069047380329806, "r2": -30689.325453453042, "status": "ok", "start_time": 1699398744.730696, "duration": 17.17616605758667}, "current_params": {"N": 1523.0, "iss": 0.360583888385287, "lr": 0.0017229512081109878, "ridge": 0.0007634419703332204, "seed": 5555, "sr": 3.9228417131803925}}