{"returned_dict": {"loss": 3.3921938752137137, "r2": -360.7367594056703, "status": "ok", "start_time": 1699384927.377955, "duration": 199.7306809425354}, "current_params": {"N": 4438.0, "iss": 0.4016192513767243, "lr": 0.023565820546423054, "ridge": 0.0009341644724743216, "seed": 5555, "sr": 5.987530745926846}}