{"returned_dict": {"loss": 3.9164479895679243, "r2": -481.0522702200503, "status": "ok", "start_time": 1699378138.148424, "duration": 150.68684697151184}, "current_params": {"N": 4120.0, "iss": 0.9581135333425491, "lr": 0.026802233205999445, "ridge": 0.0008696490633638283, "seed": 5555, "sr": 2.8424339478368448}}