{"returned_dict": {"loss": 4.977821209459722, "r2": -777.3217470689832, "status": "ok", "start_time": 1699377815.153019, "duration": 14.1339750289917}, "current_params": {"N": 1350.0, "iss": 0.8899024118416428, "lr": 0.029602141041308122, "ridge": 2.7583086552332414e-08, "seed": 5555, "sr": 3.998119826570731}}