{"returned_dict": {"loss": 1.4116180094171421e-05, "r2": 0.9999999976688493, "status": "ok", "start_time": 1699448268.3768609, "duration": 4.727246046066284}, "current_params": {"N": 500, "iss": 0.28722579548118876, "lr": 0.1050167133904173, "ridge": 7.37082728521084e-08, "seed": 5555, "sr": 1.141912978626392}}