{"returned_dict": {"loss": 0.00021982608593328428, "r2": 0.9999994289697892, "status": "ok", "start_time": 1699448197.933404, "duration": 4.874621152877808}, "current_params": {"N": 500, "iss": 0.08773581709281866, "lr": 0.38759262011700085, "ridge": 3.440979762283824e-08, "seed": 5555, "sr": 0.02403338519594637}}