{"returned_dict": {"loss": 0.00041716399158314726, "r2": 0.9999965189972494, "status": "ok", "start_time": 1699447681.348087, "duration": 4.415259838104248}, "current_params": {"N": 500, "iss": 0.528365721812819, "lr": 0.03342877966040624, "ridge": 8.547456366031165e-06, "seed": 5555, "sr": 1.8013798587922811}}