{"returned_dict": {"loss": 0.002820303318120502, "r2": 0.9999066764024227, "status": "ok", "start_time": 1699447389.251384, "duration": 4.980024814605713}, "current_params": {"N": 500, "iss": 0.7044600162750467, "lr": 0.05989081733494548, "ridge": 3.058579821085371e-08, "seed": 5555, "sr": 0.1626795681245935}}