{"returned_dict": {"loss": 3.389250378511141e-05, "r2": 0.9999999863508141, "status": "ok", "start_time": 1699447600.261308, "duration": 4.6434831619262695}, "current_params": {"N": 500, "iss": 0.07896917774449574, "lr": 0.39535311106508514, "ridge": 3.0226405142864815e-05, "seed": 5555, "sr": 1.4407983786679772}}