{"returned_dict": {"loss": 0.0011516728374985372, "r2": 0.9999782356535617, "status": "ok", "start_time": 1699447465.314592, "duration": 4.565733909606934}, "current_params": {"N": 500, "iss": 0.2298357960090034, "lr": 0.8472268156639914, "ridge": 9.801931216645321e-05, "seed": 5555, "sr": 0.2197712027474747}}