{"returned_dict": {"loss": 0.00017353194366619262, "r2": 0.9999994556446001, "status": "ok", "start_time": 1699448138.30511, "duration": 4.473912000656128}, "current_params": {"N": 500, "iss": 0.20650698295091202, "lr": 0.9935405833782447, "ridge": 2.660374926415667e-09, "seed": 5555, "sr": 0.0937064014348238}}