{"returned_dict": {"loss": 0.004500054774296473, "r2": 0.9997614513691122, "status": "ok", "start_time": 1699448522.5474718, "duration": 4.64862322807312}, "current_params": {"N": 500, "iss": 0.10872087709389937, "lr": 0.0027506960347153547, "ridge": 2.1426591771780487e-09, "seed": 5555, "sr": 0.11604548018477509}}