{"returned_dict": {"loss": 4.299145296500533e-05, "r2": 0.9999999757366799, "status": "ok", "start_time": 1699448296.00393, "duration": 4.594985008239746}, "current_params": {"N": 500, "iss": 0.4255679497121906, "lr": 0.17064231197115046, "ridge": 1.1660761305054831e-07, "seed": 5555, "sr": 1.6491765876635007}}