{"returned_dict": {"loss": 0.00018861727091727467, "r2": 0.9999995848107971, "status": "ok", "start_time": 1699448051.0560372, "duration": 4.5193798542022705}, "current_params": {"N": 500, "iss": 0.001069540574930925, "lr": 0.5669132489030649, "ridge": 3.026575496500739e-09, "seed": 5555, "sr": 0.1442075201038879}}