{"returned_dict": {"loss": 1.0725190751266047e-06, "r2": 0.9999999999865506, "status": "ok", "start_time": 1699448610.9340212, "duration": 4.593073844909668}, "current_params": {"N": 500, "iss": 0.09056242290349986, "lr": 0.9965317618247805, "ridge": 3.945582007773617e-09, "seed": 5555, "sr": 0.585153574275174}}