{"returned_dict": {"loss": 1.679304942580117e-05, "r2": 0.9999999967077043, "status": "ok", "start_time": 1699448055.581394, "duration": 4.467226028442383}, "current_params": {"N": 500, "iss": 0.09096966404400278, "lr": 0.8881790061235857, "ridge": 1.1350591893204045e-09, "seed": 5555, "sr": 0.038347513770273324}}