{"returned_dict": {"loss": 0.006521762571492552, "r2": 0.9994932581848218, "status": "ok", "start_time": 1699448013.0299141, "duration": 4.8144989013671875}, "current_params": {"N": 500, "iss": 0.7961973864251372, "lr": 0.3632055823255437, "ridge": 1.3864582654656779e-06, "seed": 5555, "sr": 0.8746057595609288}}