{"returned_dict": {"loss": 0.001045378967166682, "r2": 0.9999857543245607, "status": "ok", "start_time": 1699447999.131809, "duration": 4.65632700920105}, "current_params": {"N": 500, "iss": 0.3585476827200875, "lr": 0.05273871351671103, "ridge": 7.052026461377979e-07, "seed": 5555, "sr": 0.1784650831917182}}