{"returned_dict": {"loss": 4.125876971870938e-05, "r2": 0.9999999799450817, "status": "ok", "start_time": 1699447695.2814138, "duration": 4.6428022384643555}, "current_params": {"N": 500, "iss": 0.5014778228482508, "lr": 0.04835092737146749, "ridge": 2.033473526874476e-06, "seed": 5555, "sr": 1.3056809775863125}}