{"returned_dict": {"loss": 3.356514614567433e-05, "r2": 0.9999999868403814, "status": "ok", "start_time": 1699448358.0452092, "duration": 4.679341793060303}, "current_params": {"N": 500, "iss": 0.16041630024224415, "lr": 0.09095092383674631, "ridge": 2.275076707577384e-07, "seed": 5555, "sr": 1.2459008381049306}}