{"returned_dict": {"loss": 0.00011066114343666416, "r2": 0.9999997973980846, "status": "ok", "start_time": 1699448560.07252, "duration": 4.707401990890503}, "current_params": {"N": 500, "iss": 0.22677423435102362, "lr": 0.272778652114135, "ridge": 1.0327630984543971e-08, "seed": 5555, "sr": 0.2621328057015049}}