{"returned_dict": {"loss": 3.8793335605427244e-05, "r2": 0.9999999824148329, "status": "ok", "start_time": 1699448377.118442, "duration": 4.7520270347595215}, "current_params": {"N": 500, "iss": 0.12244137888028894, "lr": 0.1603857287459543, "ridge": 5.326289666845053e-07, "seed": 5555, "sr": 0.8701707171143583}}