{"returned_dict": {"loss": 0.0011516024740881928, "r2": 0.9999844604736761, "status": "ok", "start_time": 1699447827.0216541, "duration": 4.658857822418213}, "current_params": {"N": 500, "iss": 0.16546806740654657, "lr": 0.03038470690412575, "ridge": 0.00015735304585286637, "seed": 5555, "sr": 0.6969287355412925}}