{"returned_dict": {"loss": 0.00021983095047143624, "r2": 0.9999994363554933, "status": "ok", "start_time": 1699447488.621376, "duration": 4.722042083740234}, "current_params": {"N": 500, "iss": 0.5629946771856519, "lr": 0.024598583667907126, "ridge": 4.015798561636578e-07, "seed": 5555, "sr": 0.5077601185912559}}