{"returned_dict": {"loss": 2.1430663535369173e-05, "r2": 0.9999999936934788, "status": "ok", "start_time": 1699448235.034637, "duration": 4.622263193130493}, "current_params": {"N": 500, "iss": 0.1973289065655684, "lr": 0.35433886017745414, "ridge": 1.5263750889503527e-07, "seed": 5555, "sr": 0.7103795150222184}}