{"returned_dict": {"loss": 0.0023998593682317674, "r2": 0.9999201544913792, "status": "ok", "start_time": 1699447940.914169, "duration": 4.651224851608276}, "current_params": {"N": 500, "iss": 0.37844683188312733, "lr": 0.22752492093409368, "ridge": 0.00026083131233991207, "seed": 5555, "sr": 0.813837307146772}}