{"returned_dict": {"loss": 0.000555589994475123, "r2": 0.9999963963108716, "status": "ok", "start_time": 1699447394.233902, "duration": 4.752526044845581}, "current_params": {"N": 500, "iss": 0.34611859763450203, "lr": 0.0072789537441323385, "ridge": 4.7480197822394035e-09, "seed": 5555, "sr": 0.3226348405474758}}