{"returned_dict": {"loss": 4.966437581652519e-05, "r2": 0.9999999625660673, "status": "ok", "start_time": 1699448037.003948, "duration": 4.780218839645386}, "current_params": {"N": 500, "iss": 0.15097985457333704, "lr": 0.7385564150973752, "ridge": 5.312061751729654e-09, "seed": 5555, "sr": 0.05500808796005609}}