{"returned_dict": {"loss": 7.730034526910918e-05, "r2": 0.9999999098273458, "status": "ok", "start_time": 1699448092.500541, "duration": 4.614358901977539}, "current_params": {"N": 500, "iss": 0.1614300722392577, "lr": 0.5633506808343258, "ridge": 3.644534344114978e-08, "seed": 5555, "sr": 0.08303666076509436}}