{"returned_dict": {"loss": 0.0004952397766237691, "r2": 0.9999970114668905, "status": "ok", "start_time": 1699447384.591373, "duration": 4.657944917678833}, "current_params": {"N": 500, "iss": 0.15717970056189712, "lr": 0.07128243944571559, "ridge": 3.2781375924716163e-09, "seed": 5555, "sr": 0.027598683234115115}}