{"returned_dict": {"loss": 2.274718221704033e-05, "r2": 0.9999999914529892, "status": "ok", "start_time": 1699448624.7722418, "duration": 4.5616302490234375}, "current_params": {"N": 500, "iss": 0.18568208533522254, "lr": 0.9809929785829492, "ridge": 4.060703122459449e-09, "seed": 5555, "sr": 0.36732339783964774}}