{"returned_dict": {"loss": 0.00013302960733064436, "r2": 0.9999997364232497, "status": "ok", "start_time": 1699448541.400955, "duration": 4.675856113433838}, "current_params": {"N": 500, "iss": 0.27686264157036383, "lr": 0.23382887991112394, "ridge": 5.0570800493347235e-09, "seed": 5555, "sr": 0.4199548489971789}}