{"returned_dict": {"loss": 0.00025051563420899677, "r2": 0.9999992483933736, "status": "ok", "start_time": 1699447963.2382421, "duration": 4.417482852935791}, "current_params": {"N": 500, "iss": 0.42986492394937625, "lr": 0.059865111440066, "ridge": 4.800395650313108e-07, "seed": 5555, "sr": 0.5391254019839782}}