{"returned_dict": {"loss": 6.342435838256102e-05, "r2": 0.9999999530537735, "status": "ok", "start_time": 1699448142.785762, "duration": 4.456022024154663}, "current_params": {"N": 500, "iss": 0.0997751780295948, "lr": 0.2720059030382193, "ridge": 4.4790086122284684e-08, "seed": 5555, "sr": 0.20196934949190007}}