{"returned_dict": {"loss": 0.0001387036077503288, "r2": 0.9999997739182699, "status": "ok", "start_time": 1699448087.810456, "duration": 4.683155059814453}, "current_params": {"N": 500, "iss": 0.14064221804129906, "lr": 0.2919568215216801, "ridge": 9.002694992565e-09, "seed": 5555, "sr": 0.021786470419256004}}