{"returned_dict": {"loss": 7.332065475276088e-05, "r2": 0.999999937032317, "status": "ok", "start_time": 1699448423.661441, "duration": 4.6382739543914795}, "current_params": {"N": 500, "iss": 0.21692251267470997, "lr": 0.10839910647584675, "ridge": 1.4593897211998145e-07, "seed": 5555, "sr": 0.4744320328792173}}