{"returned_dict": {"loss": 0.011116865668567373, "r2": 0.9985382233881633, "status": "ok", "start_time": 1699447958.834053, "duration": 4.398229122161865}, "current_params": {"N": 500, "iss": 0.8944275511401363, "lr": 0.45117977923816244, "ridge": 2.4058810002615594e-08, "seed": 5555, "sr": 0.3923277671567132}}