{"returned_dict": {"loss": 0.01672178022675107, "r2": 0.9967350245915186, "status": "ok", "start_time": 1699447767.4630558, "duration": 4.514458179473877}, "current_params": {"N": 500, "iss": 0.8564967387077735, "lr": 0.7687997194023202, "ridge": 3.398230993184138e-08, "seed": 5555, "sr": 0.16067741365381333}}