{"returned_dict": {"loss": 0.020025382214691734, "r2": 0.9953207201067888, "status": "ok", "start_time": 1699447994.60079, "duration": 4.525411128997803}, "current_params": {"N": 500, "iss": 0.8505532383810555, "lr": 0.3018604523631926, "ridge": 2.875886346129314e-05, "seed": 5555, "sr": 0.11035666441960114}}