{"returned_dict": {"loss": 0.029457916881336577, "r2": 0.9898059612810831, "status": "ok", "start_time": 1699447917.85335, "duration": 4.455831050872803}, "current_params": {"N": 500, "iss": 0.7355691644926398, "lr": 0.535082730610351, "ridge": 0.001316549032744028, "seed": 5555, "sr": 0.010088077358594075}}