{"returned_dict": {"loss": 0.05158061261520235, "r2": 0.9688341989925938, "status": "ok", "start_time": 1699447903.925635, "duration": 4.690877914428711}, "current_params": {"N": 500, "iss": 0.866052367951579, "lr": 0.3819659053923846, "ridge": 2.1678817697004676e-05, "seed": 5555, "sr": 4.265417355680801}}