{"returned_dict": {"loss": 0.0594436439588884, "r2": 0.9587388540081498, "status": "ok", "start_time": 1699447659.22948, "duration": 4.454687833786011}, "current_params": {"N": 500, "iss": 0.912256681500191, "lr": 0.9486920772873086, "ridge": 0.00019643252586340002, "seed": 5555, "sr": 5.537398038345208}}