{"returned_dict": {"loss": 0.08829173888543418, "r2": 0.908981471258698, "status": "ok", "start_time": 1699448758.600192, "duration": 4.616358757019043}, "current_params": {"N": 500, "iss": 0.14342287697500258, "lr": 0.5377237525699592, "ridge": 2.013255778145729e-09, "seed": 5555, "sr": 2.735998606275795}}