{"returned_dict": {"loss": 0.08674871135101385, "r2": 0.9115533296692749, "status": "ok", "start_time": 1699447972.046426, "duration": 4.40261697769165}, "current_params": {"N": 500, "iss": 0.25498985296306853, "lr": 0.14642453734164276, "ridge": 1.7632067510169395e-06, "seed": 5555, "sr": 2.645715943249218}}