{"returned_dict": {"loss": 0.12055684271712408, "r2": 0.8304403226945652, "status": "ok", "start_time": 1699447753.7703512, "duration": 4.46672797203064}, "current_params": {"N": 500, "iss": 0.7317510437319532, "lr": 0.11570957641517245, "ridge": 0.0005638037087903224, "seed": 5555, "sr": 6.189997950498064}}