{"returned_dict": {"loss": 0.1575641597014098, "r2": 0.710423029615958, "status": "ok", "start_time": 1699448475.433548, "duration": 4.624704122543335}, "current_params": {"N": 500, "iss": 0.18579961252381616, "lr": 0.15655580648544334, "ridge": 3.304779447837833e-06, "seed": 5555, "sr": 3.586135757348667}}