{"returned_dict": {"loss": 0.3254359595644108, "r2": -0.23525691954669795, "status": "ok", "start_time": 1699447614.2921002, "duration": 4.594758749008179}, "current_params": {"N": 500, "iss": 0.04213087132684653, "lr": 0.20880020274351493, "ridge": 0.003026192480969086, "seed": 5555, "sr": 9.970935520514102}}