{"returned_dict": {"loss": 1.3278284722391922, "r2": -31.679766277454814, "status": "ok", "start_time": 1699447922.314799, "duration": 4.4856038093566895}, "current_params": {"N": 500, "iss": 0.6773307075418749, "lr": 0.014060700874568458, "ridge": 0.00013909834236112417, "seed": 5555, "sr": 2.3301611969194362}}