{"returned_dict": {"loss": 14.683795373707502, "r2": -2774.2584659956724, "status": "ok", "start_time": 1699447521.792924, "duration": 4.711635112762451}, "current_params": {"N": 500, "iss": 0.5173302595456373, "lr": 0.0077594362340051215, "ridge": 9.478252426831616e-06, "seed": 5555, "sr": 2.7922144814513135}}