{"returned_dict": {"loss": 4.756129326951683, "r2": -264.28546698147784, "status": "ok", "start_time": 1699448419.031819, "duration": 4.621871709823608}, "current_params": {"N": 500, "iss": 0.24806429606532088, "lr": 0.020954253231154945, "ridge": 3.8588398241225457e-08, "seed": 5555, "sr": 4.835396773260648}}