{"returned_dict": {"loss": 0.007779825106957381, "r2": 0.9990020033270461, "status": "ok", "start_time": 1696853646.9798222, "duration": 3.5319807529449463}, "current_params": {"cell_number": 500, "connectivity": 0.9477077386530258, "input_connectivity": 0.2, "input_scaling": 0.5062108137358254, "leak_rate": 0.4055717987027821, "noise_rc": 2.5629179912133177e-05, "regularization": 0.9329794951351832, "seed": 1234, "spectral_radius": 1.2509379966926149}}