{"returned_dict": {"loss": 0.06469248269230321, "r2": 0.9309923779749784, "status": "ok", "start_time": 1695801639.600011, "duration": 2.721571922302246}, "current_params": {"cell_number": 500, "connectivity": 0.7358724690086319, "input_connectivity": 0.2, "input_scaling": 0.8303198840350079, "leak_rate": 0.7041954720676081, "noise_rc": 0.003653598895445652, "regularization": 1.119867057774779e-10, "seed": 1234, "spectral_radius": 0.7476653587619372}}