{"returned_dict": {"loss": 0.10327779754556284, "r2": 0.8241253034878658, "status": "ok", "start_time": 1696853717.075414, "duration": 0.8675730228424072}, "current_params": {"cell_number": 500, "connectivity": 0.06278618573406103, "input_connectivity": 0.2, "input_scaling": 0.8314962058023309, "leak_rate": 0.9356927055048195, "noise_rc": 0.06251300851964281, "regularization": 0.3335051373047354, "seed": 1234, "spectral_radius": 1.9577985037865835}}