{"returned_dict": {"loss": 0.12999639884665462, "r2": 0.8320388611609184, "status": "ok", "start_time": 1697014005.24043, "duration": 9.09802794456482}, "current_params": {"cell_number": 500, "connectivity": 0.8366729834984419, "input_connectivity": 0.2, "input_scaling": 0.15716834911966804, "leak_rate": 0.8156304946175557, "regularization": 2.1485035108008518e-08, "seed": 1234, "spectral_radius": 1.0385323042151453}}