{"returned_dict": {"loss": 0.16081236051763184, "r2": 0.7429692869491159, "status": "ok", "start_time": 1697016481.877843, "duration": 3.557925224304199}, "current_params": {"cell_number": 500, "connectivity": 0.24642314338618931, "input_connectivity": 0.2, "input_scaling": 0.19784990317265738, "leak_rate": 0.31008930988824535, "regularization": 0.0020763499331387103, "seed": 1234, "spectral_radius": 0.08438326345409637}}