{"returned_dict": {"loss": 0.1625370783177129, "r2": 0.5643935285315724, "status": "ok", "start_time": 1695801373.6917682, "duration": 1.8458240032196045}, "current_params": {"cell_number": 500, "connectivity": 0.45336594496805716, "input_connectivity": 0.2, "input_scaling": 0.18910708865841108, "leak_rate": 0.021962169806988136, "noise_rc": 1.945270301918893e-05, "regularization": 2.1797334925309954e-05, "seed": 1234, "spectral_radius": 0.01695935124689556}}