{"returned_dict": {"loss": 0.16758095243366125, "r2": 0.536938436098253, "status": "ok", "start_time": 1695801418.438394, "duration": 2.7099337577819824}, "current_params": {"cell_number": 500, "connectivity": 0.8328094860696176, "input_connectivity": 0.2, "input_scaling": 0.47385587203262247, "leak_rate": 0.06896399785968682, "noise_rc": 2.0570918165879682e-05, "regularization": 0.01036006767661668, "seed": 1234, "spectral_radius": 0.0108079776956026}}