{"returned_dict": {"loss": 0.18761378085932282, "r2": 0.6501550264477522, "status": "ok", "start_time": 1697013962.262094, "duration": 5.31988787651062}, "current_params": {"cell_number": 500, "connectivity": 0.48306848099249666, "input_connectivity": 0.2, "input_scaling": 0.20874949204266458, "leak_rate": 0.07729401267577381, "regularization": 0.0006005818930489103, "seed": 1234, "spectral_radius": 0.21210441974152222}}