{"returned_dict": {"loss": 0.18335602857446878, "r2": 0.44565541075668264, "status": "ok", "start_time": 1696853669.969672, "duration": 2.195096015930176}, "current_params": {"cell_number": 500, "connectivity": 0.6566480710536468, "input_connectivity": 0.2, "input_scaling": 0.34926509662388205, "leak_rate": 0.01784382948784887, "noise_rc": 4.3690244953729647e-05, "regularization": 0.03151731874486191, "seed": 1234, "spectral_radius": 0.0544052294998603}}