{"returned_dict": {"loss": 0.19034670186522704, "r2": 0.402579476814118, "status": "ok", "start_time": 1696853718.919363, "duration": 1.0956528186798096}, "current_params": {"cell_number": 500, "connectivity": 0.19351002583887478, "input_connectivity": 0.2, "input_scaling": 0.2045197104790265, "leak_rate": 0.10390432547733881, "noise_rc": 4.8194991272915504e-05, "regularization": 0.6223347018122442, "seed": 1234, "spectral_radius": 0.05675258102871899}}