{"returned_dict": {"loss": 0.19885663312716226, "r2": 0.3479669802302674, "status": "ok", "start_time": 1696853879.4076958, "duration": 2.8179192543029785}, "current_params": {"cell_number": 500, "connectivity": 0.6942280482113872, "input_connectivity": 0.2, "input_scaling": 0.4280895763149918, "leak_rate": 0.23270490097858987, "noise_rc": 0.00010021028645896315, "regularization": 0.14728626046097748, "seed": 1234, "spectral_radius": 0.012580639725311055}}