{"returned_dict": {"loss": 0.21766996131481056, "r2": 0.5290843024833705, "status": "ok", "start_time": 1697015848.3062952, "duration": 10.112878799438477}, "current_params": {"cell_number": 500, "connectivity": 0.9324009067545492, "input_connectivity": 0.2, "input_scaling": 0.6922327390139184, "leak_rate": 0.034601111100789846, "regularization": 0.035153410285619136, "seed": 1234, "spectral_radius": 0.17537309143779847}}