{"returned_dict": {"loss": 0.222840998951331, "r2": 0.18119663511687156, "status": "ok", "start_time": 1696853665.3449469, "duration": 1.159900188446045}, "current_params": {"cell_number": 500, "connectivity": 0.24752489240406406, "input_connectivity": 0.2, "input_scaling": 0.11024313222527427, "leak_rate": 0.835302612938579, "noise_rc": 1.2175405934555878e-05, "regularization": 0.11410806907420716, "seed": 1234, "spectral_radius": 0.04981749804245153}}