{"returned_dict": {"loss": 0.2285353983423136, "r2": 0.4808974955526879, "status": "ok", "start_time": 1697015399.03411, "duration": 7.067301988601685}, "current_params": {"cell_number": 500, "connectivity": 0.6527697803642539, "input_connectivity": 0.2, "input_scaling": 0.7041340569061305, "leak_rate": 0.02018337832903292, "regularization": 6.391042228128516e-06, "seed": 1234, "spectral_radius": 0.09442721440119983}}