{"returned_dict": {"loss": 0.22572111722342628, "r2": 0.15989453900456674, "status": "ok", "start_time": 1695801551.912622, "duration": 2.7595160007476807}, "current_params": {"cell_number": 500, "connectivity": 0.7618632566568442, "input_connectivity": 0.2, "input_scaling": 0.3424834966429333, "leak_rate": 0.7209784619211875, "noise_rc": 0.004566275715289988, "regularization": 0.0027406638088499505, "seed": 1234, "spectral_radius": 0.03600276409094316}}