{"returned_dict": {"loss": 0.22397818438321368, "r2": 0.17281840039319007, "status": "ok", "start_time": 1695801415.7081559, "duration": 1.7977299690246582}, "current_params": {"cell_number": 500, "connectivity": 0.48477513265446126, "input_connectivity": 0.2, "input_scaling": 0.8044833810961726, "leak_rate": 0.7487564904788258, "noise_rc": 0.0024004074690740923, "regularization": 0.030533542270591577, "seed": 1234, "spectral_radius": 2.8424339478368448}}