{"returned_dict": {"loss": 0.23767774939677075, "r2": 0.06853513414972545, "status": "ok", "start_time": 1695801465.27893, "duration": 3.7069318294525146}, "current_params": {"cell_number": 500, "connectivity": 0.9100739053780079, "input_connectivity": 0.2, "input_scaling": 0.346796897964484, "leak_rate": 0.6364436023287579, "noise_rc": 0.004713339058599305, "regularization": 0.8396312400002901, "seed": 1234, "spectral_radius": 0.014438974945890222}}