{"returned_dict": {"loss": 0.23494107873352077, "r2": 0.08986180081924933, "status": "ok", "start_time": 1695801696.713639, "duration": 1.4101548194885254}, "current_params": {"cell_number": 500, "connectivity": 0.2994837661651648, "input_connectivity": 0.2, "input_scaling": 0.9657284175255094, "leak_rate": 0.7042641731643018, "noise_rc": 0.0006458637943835693, "regularization": 2.8200926262182467e-09, "seed": 1234, "spectral_radius": 0.03438139057492874}}