{"returned_dict": {"loss": 0.24090942004542013, "r2": 0.043032938657753705, "status": "ok", "start_time": 1695801533.483314, "duration": 2.383331060409546}, "current_params": {"cell_number": 500, "connectivity": 0.5752630112106141, "input_connectivity": 0.2, "input_scaling": 0.3893682918972865, "leak_rate": 0.6645369467397281, "noise_rc": 0.18171526526339857, "regularization": 1.2273241480424446e-08, "seed": 1234, "spectral_radius": 0.953319122623503}}