{"returned_dict": {"loss": 0.24773801333845355, "r2": 0.389997705682688, "status": "ok", "start_time": 1697015482.566439, "duration": 8.367623090744019}, "current_params": {"cell_number": 500, "connectivity": 0.7676040511679044, "input_connectivity": 0.2, "input_scaling": 0.9326851510627013, "leak_rate": 0.01313978174667569, "regularization": 0.02481039952914365, "seed": 1234, "spectral_radius": 0.18658183701753261}}