{"returned_dict": {"loss": 0.26465009006583573, "r2": -0.1548711111313923, "status": "ok", "start_time": 1695801542.4337, "duration": 3.463042736053467}, "current_params": {"cell_number": 500, "connectivity": 0.8713509947187653, "input_connectivity": 0.2, "input_scaling": 0.21346818329226114, "leak_rate": 0.059840742153247625, "noise_rc": 0.019483005553674028, "regularization": 0.06322002578990969, "seed": 1234, "spectral_radius": 0.13317912806568327}}