{"returned_dict": {"loss": 0.2662742413443504, "r2": -0.16908943925974307, "status": "ok", "start_time": 1695801694.486871, "duration": 2.224604845046997}, "current_params": {"cell_number": 500, "connectivity": 0.44482851073185015, "input_connectivity": 0.2, "input_scaling": 0.08802742954925502, "leak_rate": 0.030986348974687373, "noise_rc": 0.006148477124218547, "regularization": 0.48865793985900063, "seed": 1234, "spectral_radius": 0.02045819673305219}}