{"returned_dict": {"loss": 0.30050151943996295, "r2": -0.4889591057306817, "status": "ok", "start_time": 1695801371.415814, "duration": 2.273926019668579}, "current_params": {"cell_number": 500, "connectivity": 0.4722215352976713, "input_connectivity": 0.2, "input_scaling": 0.25412159159179837, "leak_rate": 0.1327861915038088, "noise_rc": 0.016904623362946365, "regularization": 3.606771904907021e-10, "seed": 1234, "spectral_radius": 0.013953269187234588}}