{"returned_dict": {"loss": 0.31685810942017234, "r2": -0.6554614753711061, "status": "ok", "start_time": 1696853909.7149382, "duration": 1.211026906967163}, "current_params": {"cell_number": 500, "connectivity": 0.23301218143653835, "input_connectivity": 0.2, "input_scaling": 0.5773174633203658, "leak_rate": 0.5505502797490247, "noise_rc": 0.28417737969689666, "regularization": 7.570824893896947e-07, "seed": 1234, "spectral_radius": 0.02684390359598015}}