{"returned_dict": {"loss": 0.31828254932384153, "r2": -0.006866341746175841, "status": "ok", "start_time": 1697014382.4559622, "duration": 4.957574844360352}, "current_params": {"cell_number": 500, "connectivity": 0.4280895763149918, "input_connectivity": 0.2, "input_scaling": 0.7889351766743528, "leak_rate": 0.00398609258790173, "regularization": 0.14728626046097748, "seed": 1234, "spectral_radius": 0.012580639725311055}}