{"returned_dict": {"loss": 0.3271838729589968, "r2": -0.7651158036858745, "status": "ok", "start_time": 1695801665.950399, "duration": 3.5165181159973145}, "current_params": {"cell_number": 500, "connectivity": 0.9928426318810663, "input_connectivity": 0.2, "input_scaling": 0.6513621345833851, "leak_rate": 0.11858072114758186, "noise_rc": 0.6562029110033596, "regularization": 0.11865509880399472, "seed": 1234, "spectral_radius": 3.382940283445415}}