{"returned_dict": {"loss": 0.321105750740437, "r2": -0.7001435510205848, "status": "ok", "start_time": 1696853807.613176, "duration": 2.377715826034546}, "current_params": {"cell_number": 500, "connectivity": 0.7618928218108126, "input_connectivity": 0.2, "input_scaling": 0.5760337215538759, "leak_rate": 0.5016248284712823, "noise_rc": 0.5196430426305717, "regularization": 2.0201578204862382e-10, "seed": 1234, "spectral_radius": 0.050152765364070276}}