{"returned_dict": {"loss": 0.3703775354446875, "r2": -1.2619276028643545, "status": "ok", "start_time": 1695801322.008828, "duration": 1.5745902061462402}, "current_params": {"cell_number": 500, "connectivity": 0.3130942644507021, "input_connectivity": 0.2, "input_scaling": 0.24259207459868948, "leak_rate": 0.4104010021142413, "noise_rc": 0.32489014974868613, "regularization": 1.681166186948567e-08, "seed": 1234, "spectral_radius": 5.580343023547168}}