{"returned_dict": {"loss": 0.3879239453726109, "r2": -1.4813190035481734, "status": "ok", "start_time": 1695801157.813235, "duration": 2.179730176925659}, "current_params": {"cell_number": 500, "connectivity": 0.5873632746337256, "input_connectivity": 0.2, "input_scaling": 0.4511830436829114, "leak_rate": 0.004417563315145072, "noise_rc": 9.201234557091021e-05, "regularization": 0.0009861958450266258, "seed": 1234, "spectral_radius": 0.01969702873562671}}