{"returned_dict": {"loss": 0.4090635953098832, "r2": -1.7591231661374387, "status": "ok", "start_time": 1695801178.575375, "duration": 3.758686065673828}, "current_params": {"cell_number": 500, "connectivity": 0.8302807939622167, "input_connectivity": 0.2, "input_scaling": 0.8287590905150228, "leak_rate": 0.006023987780186843, "noise_rc": 0.0005623513802166778, "regularization": 5.560145361852039e-08, "seed": 1234, "spectral_radius": 0.06204230622513381}}