{"returned_dict": {"loss": 0.40217164419447454, "r2": -1.6669343110042059, "status": "ok", "start_time": 1695801138.387723, "duration": 3.5611629486083984}, "current_params": {"cell_number": 500, "connectivity": 0.875195383057252, "input_connectivity": 0.2, "input_scaling": 0.9924515307305514, "leak_rate": 0.01099100160767357, "noise_rc": 0.01875566240000794, "regularization": 7.251161834674597e-05, "seed": 1234, "spectral_radius": 0.03414048410383786}}