{"returned_dict": {"loss": 0.40932233936739765, "r2": -0.6652408745285465, "status": "ok", "start_time": 1697015510.343167, "duration": 10.50965690612793}, "current_params": {"cell_number": 500, "connectivity": 0.9745810043539268, "input_connectivity": 0.2, "input_scaling": 0.08315064051214127, "leak_rate": 0.934961690273177, "regularization": 4.5120023290273625e-09, "seed": 1234, "spectral_radius": 2.4229663969229636}}