{"returned_dict": {"loss": 0.4593368671177617, "r2": -2.4789808118558727, "status": "ok", "start_time": 1696853968.4974358, "duration": 3.088827133178711}, "current_params": {"cell_number": 500, "connectivity": 0.8374785040048303, "input_connectivity": 0.2, "input_scaling": 0.44063820339089976, "leak_rate": 0.006062850275092239, "noise_rc": 0.00014254844298011777, "regularization": 3.4542544613401984e-10, "seed": 1234, "spectral_radius": 0.28962112677540436}}