{"returned_dict": {"loss": 0.7402116628128166, "r2": -8.034440720221326, "status": "ok", "start_time": 1695801383.62332, "duration": 2.704041004180908}, "current_params": {"cell_number": 500, "connectivity": 0.7276281154161756, "input_connectivity": 0.2, "input_scaling": 0.8366729834984419, "leak_rate": 0.0029614543831390245, "noise_rc": 0.7120149150659797, "regularization": 2.1485035108008518e-08, "seed": 1234, "spectral_radius": 1.0385323042151453}}