{"returned_dict": {"loss": 1.390317028868466, "r2": -30.87257191262172, "status": "ok", "start_time": 1696853960.151266, "duration": 1.9813387393951416}, "current_params": {"cell_number": 500, "connectivity": 0.5138146740327497, "input_connectivity": 0.2, "input_scaling": 0.26206385383015385, "leak_rate": 0.0015103856357626217, "noise_rc": 0.08530724297102599, "regularization": 1.4387066987299655e-05, "seed": 1234, "spectral_radius": 3.3535990156004383}}