{"returned_dict": {"loss": 1.8602106662004572, "r2": -56.05762441352842, "status": "ok", "start_time": 1696853768.1063979, "duration": 2.835197925567627}, "current_params": {"cell_number": 500, "connectivity": 0.8202041368713199, "input_connectivity": 0.2, "input_scaling": 0.3547992325623448, "leak_rate": 0.0015879865199761832, "noise_rc": 1.4446576598938763e-05, "regularization": 5.36043117633386e-08, "seed": 1234, "spectral_radius": 0.13504276379966784}}