{"returned_dict": {"loss": 10.425217206490068, "r2": -1079.230391309707, "status": "ok", "start_time": 1697015501.3145301, "duration": 9.026696920394897}, "current_params": {"cell_number": 500, "connectivity": 0.829416192922046, "input_connectivity": 0.2, "input_scaling": 0.8644046911873131, "leak_rate": 0.6156368875066843, "regularization": 5.407433540140637e-08, "seed": 1234, "spectral_radius": 1.6722388684853167}}