{"returned_dict": {"loss": 15.469308216468333, "r2": -2377.416737818523, "status": "ok", "start_time": 1697014316.779329, "duration": 10.250587940216064}, "current_params": {"cell_number": 500, "connectivity": 0.9572423747002798, "input_connectivity": 0.2, "input_scaling": 0.5806915954693277, "leak_rate": 0.005250222770550053, "regularization": 0.0012825499255288946, "seed": 1234, "spectral_radius": 2.6286963019006704}}