{"returned_dict": {"loss": 18.04440202097396, "r2": -3235.1687226394147, "status": "ok", "start_time": 1697013998.9579048, "duration": 6.280287981033325}, "current_params": {"cell_number": 500, "connectivity": 0.5577159785917875, "input_connectivity": 0.2, "input_scaling": 0.28766435081673314, "leak_rate": 0.0012105913148246156, "regularization": 1.80811026392081e-07, "seed": 1234, "spectral_radius": 0.07964860203040938}}