{"returned_dict": {"loss": 2.2253040556383845, "r2": -48.21810474403858, "status": "ok", "start_time": 1697013824.774241, "duration": 6.770147085189819}, "current_params": {"cell_number": 500, "connectivity": 0.588428240878784, "input_connectivity": 0.2, "input_scaling": 0.49797044830105386, "leak_rate": 0.005473899359991359, "regularization": 0.9627759647301967, "seed": 1234, "spectral_radius": 4.574545330611019}}