{"returned_dict": {"loss": 2.237067155851376, "r2": -81.51776730913367, "status": "ok", "start_time": 1695801190.311289, "duration": 2.527776002883911}, "current_params": {"cell_number": 500, "connectivity": 0.5839588395441095, "input_connectivity": 0.2, "input_scaling": 0.3866038857919425, "leak_rate": 0.035418966374149125, "noise_rc": 0.00016426826356605293, "regularization": 2.998022963320827e-08, "seed": 1234, "spectral_radius": 1.7053539993996638}}