{"returned_dict": {"loss": 2.253504669908048, "r2": -82.73486996440106, "status": "ok", "start_time": 1696853638.3576891, "duration": 2.957709789276123}, "current_params": {"cell_number": 500, "connectivity": 0.8234320128579018, "input_connectivity": 0.2, "input_scaling": 0.572728119007886, "leak_rate": 0.0029616866087217274, "noise_rc": 0.012254744367875782, "regularization": 5.452683055911342e-10, "seed": 1234, "spectral_radius": 0.027598683234115115}}