{"returned_dict": {"loss": 2.259789019879162, "r2": -83.20254413311581, "status": "ok", "start_time": 1695801037.913982, "duration": 1.334312915802002}, "current_params": {"cell_number": 500, "connectivity": 0.13335592137263685, "input_connectivity": 0.2, "input_scaling": 0.7052769825556632, "leak_rate": 0.0013235320805255568, "noise_rc": 0.006407203978877797, "regularization": 0.033100156822081436, "seed": 1234, "spectral_radius": 1.0784585589734712}}