{"returned_dict": {"loss": 2.346237718170915, "r2": -89.76814289316344, "status": "ok", "start_time": 1695801147.186093, "duration": 3.422780990600586}, "current_params": {"cell_number": 500, "connectivity": 0.9748778470139163, "input_connectivity": 0.2, "input_scaling": 0.7098752476186899, "leak_rate": 0.0020014205796881645, "noise_rc": 0.014540680768769123, "regularization": 0.3961537705749339, "seed": 1234, "spectral_radius": 0.03524277949039688}}