{"returned_dict": {"loss": 2.763038221725932, "r2": -74.87871239285036, "status": "ok", "start_time": 1697015831.747057, "duration": 9.073539972305298}, "current_params": {"cell_number": 500, "connectivity": 0.8373535245087249, "input_connectivity": 0.2, "input_scaling": 0.9406587057968023, "leak_rate": 0.02207977188453779, "regularization": 0.025197914948442753, "seed": 1234, "spectral_radius": 6.833596167908428}}