{"returned_dict": {"loss": 2.948494882206924, "r2": -85.40660147634286, "status": "ok", "start_time": 1697015708.815628, "duration": 3.057508945465088}, "current_params": {"cell_number": 500, "connectivity": 0.18910708865841108, "input_connectivity": 0.2, "input_scaling": 0.4472250816990909, "leak_rate": 0.001490692182461561, "regularization": 2.1797334925309954e-05, "seed": 1234, "spectral_radius": 0.01695935124689556}}