{"returned_dict": {"loss": 22.737803114675064, "r2": -5137.580572044746, "status": "ok", "start_time": 1697013910.149426, "duration": 7.519024133682251}, "current_params": {"cell_number": 500, "connectivity": 0.6871892288150541, "input_connectivity": 0.2, "input_scaling": 0.45903012586393255, "leak_rate": 0.008993216326780393, "regularization": 0.00026059334182272604, "seed": 1234, "spectral_radius": 1.038057705082271}}