{"returned_dict": {"loss": 26.998314952484606, "r2": -7243.684649642419, "status": "ok", "start_time": 1697014640.936955, "duration": 4.943045139312744}, "current_params": {"cell_number": 500, "connectivity": 0.44063820339089976, "input_connectivity": 0.2, "input_scaling": 0.26089228108771545, "leak_rate": 0.004924674001327178, "regularization": 3.4542544613401984e-10, "seed": 1234, "spectral_radius": 0.28962112677540436}}