{"returned_dict": {"loss": 2660.9193204645117, "r2": -70373568.67872591, "status": "ok", "start_time": 1697016040.718755, "duration": 2.69997501373291}, "current_params": {"cell_number": 500, "connectivity": 0.1170806344466292, "input_connectivity": 0.2, "input_scaling": 0.4234539619306149, "leak_rate": 0.001055234755253992, "regularization": 1.1602817506626563e-08, "seed": 1234, "spectral_radius": 6.700381333753658}}