{"returned_dict": {"loss": 3.011223253810682, "r2": -89.12226091230006, "status": "ok", "start_time": 1697014839.763405, "duration": 4.344656944274902}, "current_params": {"cell_number": 500, "connectivity": 0.34344254794497, "input_connectivity": 0.2, "input_scaling": 0.7111875236481379, "leak_rate": 0.014953523366352292, "regularization": 0.26217400108221267, "seed": 1234, "spectral_radius": 1.908865762249811}}