{"returned_dict": {"loss": 3.115406954090345, "r2": -159.0364818036704, "status": "ok", "start_time": 1695801200.202126, "duration": 1.4655790328979492}, "current_params": {"cell_number": 500, "connectivity": 0.32687694127144995, "input_connectivity": 0.2, "input_scaling": 0.8750851928754076, "leak_rate": 0.016027203605528336, "noise_rc": 0.001937035634924831, "regularization": 0.03382020293675784, "seed": 1234, "spectral_radius": 5.987530745926846}}