{"returned_dict": {"loss": 3.536235327312884, "r2": -205.1919673449032, "status": "ok", "start_time": 1695801603.0745192, "duration": 1.2025747299194336}, "current_params": {"cell_number": 500, "connectivity": 0.1425599646716027, "input_connectivity": 0.2, "input_scaling": 0.5837026252412505, "leak_rate": 0.0010184475157472665, "noise_rc": 0.0016409272277954922, "regularization": 0.005378879223360764, "seed": 1234, "spectral_radius": 0.011405319213458769}}