{"returned_dict": {"loss": 3.713953363069147, "r2": -226.4376279503964, "status": "ok", "start_time": 1695800988.6010828, "duration": 2.833259105682373}, "current_params": {"cell_number": 500, "connectivity": 0.6685505314881595, "input_connectivity": 0.2, "input_scaling": 0.7134050370934503, "leak_rate": 0.0021117390767749857, "noise_rc": 0.0050819377836470465, "regularization": 1.3923308348994844e-06, "seed": 1234, "spectral_radius": 3.6652347285793745}}