{"returned_dict": {"loss": 302.83211249550124, "r2": -911485.0357971537, "status": "ok", "start_time": 1697014331.984858, "duration": 2.784832000732422}, "current_params": {"cell_number": 500, "connectivity": 0.0415918571404722, "input_connectivity": 0.2, "input_scaling": 0.9907096740516865, "leak_rate": 0.011152501138346385, "regularization": 6.268121039226822e-07, "seed": 1234, "spectral_radius": 1.4037266612887527}}