{"returned_dict": {"loss": 5.114765617284435, "r2": -259.01454424914755, "status": "ok", "start_time": 1697013917.670385, "duration": 9.5}, "current_params": {"cell_number": 500, "connectivity": 0.8980116653354986, "input_connectivity": 0.2, "input_scaling": 0.04455656901228233, "leak_rate": 0.01935540965604909, "regularization": 0.01333799215895204, "seed": 1234, "spectral_radius": 4.425195681471678}}