{"returned_dict": {"loss": 5.145315939353209, "r2": -435.52942110078203, "status": "ok", "start_time": 1695800951.5306501, "duration": 1.1477839946746826}, "current_params": {"cell_number": 500, "connectivity": 0.10556209820811446, "input_connectivity": 0.2, "input_scaling": 0.8572559557173138, "leak_rate": 0.01010602302007944, "noise_rc": 0.0001050560965186744, "regularization": 0.754001343312891, "seed": 1234, "spectral_radius": 4.224184001973293}}