{"returned_dict": {"loss": 5.333966256939629, "r2": -468.12648634350234, "status": "ok", "start_time": 1696853860.019126, "duration": 2.153327226638794}, "current_params": {"cell_number": 500, "connectivity": 0.6121600620145873, "input_connectivity": 0.2, "input_scaling": 0.9572423747002798, "leak_rate": 0.05521725163435958, "noise_rc": 0.00015859745672797433, "regularization": 0.0012825499255288946, "seed": 1234, "spectral_radius": 2.6286963019006704}}