{"returned_dict": {"loss": 5.7624058516037495, "r2": -329.0303294146984, "status": "ok", "start_time": 1697014772.55002, "duration": 4.580336093902588}, "current_params": {"cell_number": 500, "connectivity": 0.40431171532758003, "input_connectivity": 0.2, "input_scaling": 0.15890994153775684, "leak_rate": 0.00792332805983459, "regularization": 9.679550116546153e-06, "seed": 1234, "spectral_radius": 0.575269795679041}}