{"returned_dict": {"loss": 571.0896979889272, "r2": -3241564.631459204, "status": "ok", "start_time": 1697014357.617329, "duration": 8.50787091255188}, "current_params": {"cell_number": 500, "connectivity": 0.7790642492811003, "input_connectivity": 0.2, "input_scaling": 0.4503628369957513, "leak_rate": 0.03709140133925175, "regularization": 3.96632389931087e-10, "seed": 1234, "spectral_radius": 1.665278509291293}}