{"returned_dict": {"loss": 6.956995177521887, "r2": -480.04928329234536, "status": "ok", "start_time": 1697015889.587897, "duration": 9.12537693977356}, "current_params": {"cell_number": 500, "connectivity": 0.8409648339358464, "input_connectivity": 0.2, "input_scaling": 0.9232478994758182, "leak_rate": 0.001009158010588956, "regularization": 1.4842077818384117e-06, "seed": 1234, "spectral_radius": 0.07326940168674866}}