{"returned_dict": {"loss": 714.3916718201814, "r2": -5072462.531607707, "status": "ok", "start_time": 1697015815.498013, "duration": 3.160640001296997}, "current_params": {"cell_number": 500, "connectivity": 0.16599622144571635, "input_connectivity": 0.2, "input_scaling": 0.14796761127746416, "leak_rate": 0.0013818551895319936, "regularization": 1.8267272386972717e-07, "seed": 1234, "spectral_radius": 0.5693766752526698}}