{"returned_dict": {"loss": 963.9275401057571, "r2": -9234957.420739705, "status": "ok", "start_time": 1697014387.415602, "duration": 2.764794111251831}, "current_params": {"cell_number": 500, "connectivity": 0.144314025244474, "input_connectivity": 0.2, "input_scaling": 0.09111729583113959, "leak_rate": 0.019364061327381353, "regularization": 1.1858775125616791e-08, "seed": 1234, "spectral_radius": 6.7303288800603305}}