{"returned_dict": {"loss": 5.841432008686545e-05, "r2": 0.9999999602195992, "status": "ok", "start_time": 1699486574.494561, "duration": 146.80144000053406}, "current_params": {"N": 3952.0, "iss": 0.04107915239501714, "lr": 0.19900124173577122, "ridge": 3.4213409414992885e-08, "seed": 5555, "sr": 0.3768111852614965}}