{"returned_dict": {"loss": 2.5605354926368216e-05, "r2": 0.9999999918050012, "status": "ok", "start_time": 1699474049.2621849, "duration": 167.32349109649658}, "current_params": {"N": 4492.0, "iss": 0.2509992151753837, "lr": 0.6332036502901576, "ridge": 0.006008059994793085, "seed": 5555, "sr": 1.1350914963771608}}