{"returned_dict": {"loss": 1.4536449898773173e-05, "r2": 0.9999999975367256, "status": "ok", "start_time": 1699453564.558639, "duration": 207.147362947464}, "current_params": {"N": 4175.0, "iss": 0.06840769832180327, "lr": 0.588658579323921, "ridge": 4.368529065205961e-05, "seed": 5555, "sr": 0.7696362978522742}}