{"returned_dict": {"loss": 0.00012087078482753453, "r2": 0.9999998295642795, "status": "ok", "start_time": 1699453225.327425, "duration": 124.95857691764832}, "current_params": {"N": 3718.0, "iss": 0.26264269724038436, "lr": 0.016869959918598125, "ridge": 6.998544952323426e-06, "seed": 5555, "sr": 0.9539168501061692}}