{"returned_dict": {"loss": 0.0001222651402755716, "r2": 0.9999998248339331, "status": "ok", "start_time": 1699456950.386142, "duration": 216.86028599739075}, "current_params": {"N": 4483.0, "iss": 0.29080635291382095, "lr": 0.09282874269496483, "ridge": 6.535781340285277e-08, "seed": 5555, "sr": 0.2003165449822828}}