{"returned_dict": {"loss": 4.011620246723465e-06, "r2": 0.9999999998117218, "status": "ok", "start_time": 1699463056.8453708, "duration": 43.884523153305054}, "current_params": {"N": 2380.0, "iss": 0.5387467885046175, "lr": 0.03814276654507759, "ridge": 1.3110740265850635e-08, "seed": 5555, "sr": 0.9085054374091761}}