{"returned_dict": {"loss": 0.008269336724320455, "r2": 0.9990132544437772, "status": "ok", "start_time": 1699486420.3078852, "duration": 57.117363929748535}, "current_params": {"N": 2723.0, "iss": 0.19248006013901875, "lr": 0.005435297544639708, "ridge": 0.0013188508330317702, "seed": 5555, "sr": 1.2462313919464774}}