{"returned_dict": {"loss": 0.0004155647439594871, "r2": 0.9999979861456554, "status": "ok", "start_time": 1699452981.170676, "duration": 129.33325695991516}, "current_params": {"N": 3595.0, "iss": 0.007703998491799147, "lr": 0.13716316070734144, "ridge": 9.149946215515718e-08, "seed": 5555, "sr": 0.44828881650866803}}