{"returned_dict": {"loss": 0.004341160269698161, "r2": 0.999777365593746, "status": "ok", "start_time": 1699456060.799343, "duration": 167.54708790779114}, "current_params": {"N": 4280.0, "iss": 0.4628600419798498, "lr": 0.09738406631434321, "ridge": 0.001256251689022404, "seed": 5555, "sr": 0.3849257842958291}}