{"returned_dict": {"loss": 0.0034927654296484784, "r2": 0.9998557538906105, "status": "ok", "start_time": 1699492304.7779, "duration": 167.88613414764404}, "current_params": {"N": 4118.0, "iss": 0.4339087524875164, "lr": 0.39243752210702254, "ridge": 8.513602820140621e-05, "seed": 5555, "sr": 0.518275259996146}}