{"returned_dict": {"loss": 0.006245481755227446, "r2": 0.9995427427464021, "status": "ok", "start_time": 1699480319.66306, "duration": 43.06986212730408}, "current_params": {"N": 2282.0, "iss": 0.8895734849755907, "lr": 0.17965039367316715, "ridge": 7.09824315920593e-09, "seed": 5555, "sr": 0.10716212795565105}}