{"returned_dict": {"loss": 0.0017454961426678257, "r2": 0.9999624061462206, "status": "ok", "start_time": 1699476546.9072268, "duration": 205.42658710479736}, "current_params": {"N": 4251.0, "iss": 0.4227806322842647, "lr": 0.9647220792318598, "ridge": 3.803093766860798e-09, "seed": 5555, "sr": 0.1737770830713876}}