{"returned_dict": {"loss": 1.102666748424556e-07, "r2": 0.9999999999998571, "status": "ok", "start_time": 1699481912.97541, "duration": 214.09831595420837}, "current_params": {"N": 4946.0, "iss": 0.04422795145923771, "lr": 0.901216878840606, "ridge": 3.4628958532440787e-09, "seed": 5555, "sr": 1.3247133888367184}}