{"returned_dict": {"loss": 1.8788281542287463e-05, "r2": 0.9999999957917014, "status": "ok", "start_time": 1699467547.324866, "duration": 165.7835247516632}, "current_params": {"N": 3967.0, "iss": 0.4799680123341862, "lr": 0.1163457240652372, "ridge": 3.262939614691326e-08, "seed": 5555, "sr": 0.8200566352712628}}