{"returned_dict": {"loss": 0.00037188271495620944, "r2": 0.9999981733358466, "status": "ok", "start_time": 1699455037.40638, "duration": 304.09569811820984}, "current_params": {"N": 4729.0, "iss": 0.7856621297926292, "lr": 0.1706861967928482, "ridge": 0.0020496128826753665, "seed": 5555, "sr": 1.3368852789631052}}