{"returned_dict": {"loss": 0.009200514454304013, "r2": 0.998972801602268, "status": "ok", "start_time": 1699475950.144615, "duration": 135.0014250278473}, "current_params": {"N": 3603.0, "iss": 0.6275719748991794, "lr": 0.0025019212654720123, "ridge": 0.00017380378070783582, "seed": 5555, "sr": 1.0277613623826287}}