{"returned_dict": {"loss": 9.980074030482284e-05, "r2": 0.999999863377618, "status": "ok", "start_time": 1699488839.4135308, "duration": 171.6278212070465}, "current_params": {"N": 4248.0, "iss": 0.3546236593385188, "lr": 0.6482891367644996, "ridge": 1.0180491335292495e-09, "seed": 5555, "sr": 0.6926545465909774}}