{"returned_dict": {"loss": 6.345663937617707e-08, "r2": 0.99999999999994, "status": "ok", "start_time": 1699469646.005897, "duration": 157.01082587242126}, "current_params": {"N": 4142.0, "iss": 0.46490030261227455, "lr": 0.264779494749616, "ridge": 1.5336552722854633e-09, "seed": 5555, "sr": 1.633292245971672}}