{"returned_dict": {"loss": 9.879274797536784e-07, "r2": 0.99999999998859, "status": "ok", "start_time": 1699468882.745388, "duration": 162.6563069820404}, "current_params": {"N": 3882.0, "iss": 0.5686534420171373, "lr": 0.03011627493788938, "ridge": 1.037502191722453e-09, "seed": 5555, "sr": 1.2571633651294514}}