{"returned_dict": {"loss": 1.8666063996305731e-06, "r2": 0.999999999947013, "status": "ok", "start_time": 1699467886.3233972, "duration": 196.93723487854004}, "current_params": {"N": 4093.0, "iss": 0.23924808637821682, "lr": 0.5805181397308999, "ridge": 7.292147100451945e-08, "seed": 5555, "sr": 1.0022966670621314}}