{"returned_dict": {"loss": 0.0007604110605947791, "r2": 0.9999930932894557, "status": "ok", "start_time": 1699452047.181505, "duration": 141.9001920223236}, "current_params": {"N": 4140.0, "iss": 0.21686967585707428, "lr": 0.06719120770962762, "ridge": 0.00012890720812140736, "seed": 5555, "sr": 0.07071032186253305}}