{"returned_dict": {"loss": 0.0002608745841776886, "r2": 0.9999992061795032, "status": "ok", "start_time": 1699450892.046517, "duration": 172.02422404289246}, "current_params": {"N": 3038.0, "iss": 0.059936189081400526, "lr": 0.38264094967620654, "ridge": 1.8102732550311867e-05, "seed": 5555, "sr": 0.07966435869333038}}