{"returned_dict": {"loss": 3.3945555473812395e-05, "r2": 0.9999999855348163, "status": "ok", "start_time": 1699460338.9377239, "duration": 209.5726602077484}, "current_params": {"N": 4668.0, "iss": 0.49300656685029226, "lr": 0.01217786772214314, "ridge": 5.046108284597132e-08, "seed": 5555, "sr": 1.3489741607006618}}