{"returned_dict": {"loss": 9.18180174567573e-08, "r2": 0.999999999999901, "status": "ok", "start_time": 1699462096.945445, "duration": 127.81482410430908}, "current_params": {"N": 3721.0, "iss": 0.5048627724517245, "lr": 0.13349667860888395, "ridge": 4.8491306666070326e-09, "seed": 5555, "sr": 1.5191540399423273}}