{"returned_dict": {"loss": 7.308108920315573e-06, "r2": 0.99999999937324, "status": "ok", "start_time": 1699491414.67408, "duration": 127.76751017570496}, "current_params": {"N": 3865.0, "iss": 0.68169204289152, "lr": 0.01437958391607411, "ridge": 4.144940929917699e-09, "seed": 5555, "sr": 0.7760599868355283}}