{"returned_dict": {"loss": 0.009607654394830504, "r2": 0.9989239528025778, "status": "ok", "start_time": 1699476085.1554618, "duration": 75.05948734283447}, "current_params": {"N": 2949.0, "iss": 0.727027280432667, "lr": 0.16029970756790285, "ridge": 0.000345483445516144, "seed": 5555, "sr": 0.24300880393684227}}