{"returned_dict": {"loss": 0.0023655245465063375, "r2": 0.9999347480918216, "status": "ok", "start_time": 1699457778.630228, "duration": 90.19409704208374}, "current_params": {"N": 3323.0, "iss": 0.20647137211716138, "lr": 0.00381424270282738, "ridge": 6.0664913748432495e-09, "seed": 5555, "sr": 0.010912769372114816}}