{"returned_dict": {"loss": 0.0001568095084334025, "r2": 0.9999997131012718, "status": "ok", "start_time": 1699459284.720215, "duration": 171.27235388755798}, "current_params": {"N": 4179.0, "iss": 0.2647751734520492, "lr": 0.024480560383386238, "ridge": 2.489858261982472e-06, "seed": 5555, "sr": 0.34122814838128224}}