{"returned_dict": {"loss": 0.0032426107671393507, "r2": 0.9998747900238181, "status": "ok", "start_time": 1699464173.9199302, "duration": 45.05701398849487}, "current_params": {"N": 2392.0, "iss": 0.8013687100096423, "lr": 0.09475056506451245, "ridge": 2.3289006114707948e-08, "seed": 5555, "sr": 0.12615724202013495}}