{"returned_dict": {"loss": 4.0092164159076835e-06, "r2": 0.9999999997386357, "status": "ok", "start_time": 1699465245.9112918, "duration": 37.01409935951233}, "current_params": {"N": 2127.0, "iss": 0.4579184196273205, "lr": 0.07901783428195672, "ridge": 1.0001694197637771e-06, "seed": 5555, "sr": 1.8091174546263502}}