{"returned_dict": {"loss": 0.0014963044209334528, "r2": 0.9999729015301065, "status": "ok", "start_time": 1699457251.7688031, "duration": 244.18972992897034}, "current_params": {"N": 4827.0, "iss": 0.37502098856426136, "lr": 0.5177645801711165, "ridge": 0.00033729235942306303, "seed": 5555, "sr": 0.7100917996703419}}