{"returned_dict": {"loss": 1.5814175679688018e-07, "r2": 0.9999999999997075, "status": "ok", "start_time": 1699470281.155066, "duration": 244.38657689094543}, "current_params": {"N": 4107.0, "iss": 0.5887647728662271, "lr": 0.1855732161266035, "ridge": 7.765611660326176e-09, "seed": 5555, "sr": 1.7423935991343675}}