{"returned_dict": {"loss": 0.0017822240368508824, "r2": 0.9999273650739043, "status": "ok", "start_time": 1699451184.0394251, "duration": 189.4797818660736}, "current_params": {"N": 4579.0, "iss": 0.7231479244442287, "lr": 0.021175330384294096, "ridge": 1.3401973668525895e-08, "seed": 5555, "sr": 1.8373084854604944}}