{"returned_dict": {"loss": 7.034234070862766e-05, "r2": 0.9999999356028771, "status": "ok", "start_time": 1699472343.045095, "duration": 139.78968811035156}, "current_params": {"N": 3902.0, "iss": 0.3475740561292002, "lr": 0.30980255635902715, "ridge": 1.0047074612309633e-08, "seed": 5555, "sr": 0.7279953609295579}}