{"returned_dict": {"loss": 8.504919300878989e-05, "r2": 0.9999999102560055, "status": "ok", "start_time": 1699482803.269736, "duration": 231.3969807624817}, "current_params": {"N": 4975.0, "iss": 0.21960545458993422, "lr": 0.7772162361238738, "ridge": 1.3462837086624817e-05, "seed": 5555, "sr": 0.22728311193544537}}