{"returned_dict": {"loss": 0.0037812786784488864, "r2": 0.9998319679695413, "status": "ok", "start_time": 1699475165.384075, "duration": 128.3943271636963}, "current_params": {"N": 3933.0, "iss": 0.7808496669791493, "lr": 0.5202265348726337, "ridge": 2.4370125936010472e-08, "seed": 5555, "sr": 0.5154684021288206}}