{"returned_dict": {"loss": 1.5457972237404836e-05, "r2": 0.9999999968573025, "status": "ok", "start_time": 1699482328.2722628, "duration": 211.70126008987427}, "current_params": {"N": 4668.0, "iss": 0.24293658007186253, "lr": 0.607608483838633, "ridge": 1.0700541073184762e-09, "seed": 5555, "sr": 0.5232040584168787}}