{"returned_dict": {"loss": 0.0001335763504503427, "r2": 0.9999997915175785, "status": "ok", "start_time": 1699464989.674541, "duration": 70.60886001586914}, "current_params": {"N": 2941.0, "iss": 0.6259449188717231, "lr": 0.036068577637245525, "ridge": 6.56416865642815e-09, "seed": 5555, "sr": 0.1648794056258352}}