{"returned_dict": {"loss": 5.800395028185908e-07, "r2": 0.9999999999957638, "status": "ok", "start_time": 1699490145.051471, "duration": 209.7491958141327}, "current_params": {"N": 4846.0, "iss": 0.37504667546362436, "lr": 0.27511499201256284, "ridge": 4.074424828387272e-09, "seed": 5555, "sr": 1.295832832992225}}