{"returned_dict": {"loss": 0.00035743794787446723, "r2": 0.9999985028002834, "status": "ok", "start_time": 1699468295.5285408, "duration": 107.53515219688416}, "current_params": {"N": 3561.0, "iss": 0.16667268153234807, "lr": 0.0701924186731265, "ridge": 1.297645676142776e-06, "seed": 5555, "sr": 0.042687007575874826}}