{"returned_dict": {"loss": 0.0007313153856739141, "r2": 0.999993700629901, "status": "ok", "start_time": 1699452534.62724, "duration": 11.688221216201782}, "current_params": {"N": 1160.0, "iss": 0.976525304162185, "lr": 0.011273269250899024, "ridge": 5.267135160255618e-09, "seed": 5555, "sr": 0.09437285509046839}}