{"returned_dict": {"loss": 3.231254855362901e-05, "r2": 0.9999999878002152, "status": "ok", "start_time": 1699455682.438085, "duration": 219.62528800964355}, "current_params": {"N": 4980.0, "iss": 0.5325711892512746, "lr": 0.05256763074301402, "ridge": 3.6271775415094225e-06, "seed": 5555, "sr": 0.6901415482868115}}