{"returned_dict": {"loss": 0.00020031115436912168, "r2": 0.9999995321933309, "status": "ok", "start_time": 1699452600.928283, "duration": 41.30895805358887}, "current_params": {"N": 2346.0, "iss": 0.045634436181060056, "lr": 0.07102383992257351, "ridge": 1.1306020324587037e-07, "seed": 5555, "sr": 0.5816820625553314}}