{"returned_dict": {"loss": 1.1238454270014656e-05, "r2": 0.9999999984831031, "status": "ok", "start_time": 1699461705.642433, "duration": 123.05426406860352}, "current_params": {"N": 3790.0, "iss": 0.4039914039510059, "lr": 0.06432325283623565, "ridge": 4.0679257854164236e-09, "seed": 5555, "sr": 0.55426995520787}}