{"returned_dict": {"loss": 8.945421593476203e-05, "r2": 0.9999997217245431, "status": "ok", "start_time": 1699485225.120841, "duration": 138.86558413505554}, "current_params": {"N": 4028.0, "iss": 0.06712877536082226, "lr": 0.35702741295048496, "ridge": 2.929372988609232e-09, "seed": 5555, "sr": 1.4142715645010981}}