{"returned_dict": {"loss": 0.03601704819151259, "r2": 0.9848618431975046, "status": "ok", "start_time": 1699476354.427634, "duration": 192.46986413002014}, "current_params": {"N": 4466.0, "iss": 0.3002326716934146, "lr": 0.3807847850106575, "ridge": 1.932332966007754e-08, "seed": 5555, "sr": 1.9656749288000368}}