{"returned_dict": {"loss": 0.040321755215875534, "r2": 0.9810435887146317, "status": "ok", "start_time": 1699450740.404643, "duration": 151.6393620967865}, "current_params": {"N": 3955.0, "iss": 0.6517423997488939, "lr": 0.4485179994925241, "ridge": 2.1919618123313223e-05, "seed": 5555, "sr": 2.76036316173383}}