{"returned_dict": {"loss": 0.05416088302257177, "r2": 0.9658066240336517, "status": "ok", "start_time": 1699489826.262752, "duration": 130.49524974822998}, "current_params": {"N": 3759.0, "iss": 0.473604195587558, "lr": 0.5756018283857258, "ridge": 2.2728769347352198e-08, "seed": 5555, "sr": 4.921095825677124}}