{"returned_dict": {"loss": 0.05563809908274675, "r2": 0.9639139974274658, "status": "ok", "start_time": 1699485921.990568, "duration": 215.55295729637146}, "current_params": {"N": 4671.0, "iss": 0.1838075349143199, "lr": 0.5589768318205126, "ridge": 6.598642476168396e-09, "seed": 5555, "sr": 2.3259513354549273}}