{"returned_dict": {"loss": 0.05502749718931276, "r2": 0.9646073456728477, "status": "ok", "start_time": 1699489332.0915, "duration": 146.83890581130981}, "current_params": {"N": 3955.0, "iss": 0.4297849024100309, "lr": 0.21953952723969686, "ridge": 2.600038247488665e-09, "seed": 5555, "sr": 2.3581071386491583}}