{"returned_dict": {"loss": 0.05562848654592484, "r2": 0.9639050159652162, "status": "ok", "start_time": 1699454875.369206, "duration": 162.03150010108948}, "current_params": {"N": 4062.0, "iss": 0.40219929747487254, "lr": 0.3107712870039475, "ridge": 1.6887075187260666e-05, "seed": 5555, "sr": 2.748630921974647}}