{"returned_dict": {"loss": 0.06821336672204462, "r2": 0.9457149051301407, "status": "ok", "start_time": 1699471339.427756, "duration": 190.71274399757385}, "current_params": {"N": 3725.0, "iss": 0.2820746375574408, "lr": 0.269886126996812, "ridge": 3.4264458590633653e-09, "seed": 5555, "sr": 2.42446952500731}}