{"returned_dict": {"loss": 0.07499423851237828, "r2": 0.9344410562018609, "status": "ok", "start_time": 1699476752.342706, "duration": 124.90661692619324}, "current_params": {"N": 3841.0, "iss": 0.35348649227359263, "lr": 0.3007226826690323, "ridge": 1.1309786851047155e-08, "seed": 5555, "sr": 3.547144047896922}}