{"returned_dict": {"loss": 0.08750783380523668, "r2": 0.9106455015194506, "status": "ok", "start_time": 1699457167.253293, "duration": 15.94848108291626}, "current_params": {"N": 1432.0, "iss": 0.18186669150921048, "lr": 0.37951024905376124, "ridge": 3.4006773511250975e-06, "seed": 5555, "sr": 2.9965892097404985}}