{"returned_dict": {"loss": 0.12211359711277149, "r2": 0.8261445718791043, "status": "ok", "start_time": 1699462861.751379, "duration": 23.35964584350586}, "current_params": {"N": 1814.0, "iss": 0.7703835459481628, "lr": 0.15459821736403007, "ridge": 6.560091508583986e-09, "seed": 5555, "sr": 8.753198054183484}}