{"returned_dict": {"loss": 0.15296839729395154, "r2": 0.7272088839359512, "status": "ok", "start_time": 1699480958.439237, "duration": 176.606538772583}, "current_params": {"N": 4516.0, "iss": 0.12351889459221181, "lr": 0.9798936500444676, "ridge": 1.3545071103969618e-09, "seed": 5555, "sr": 6.064460915002178}}