{"returned_dict": {"loss": 0.18364627430810812, "r2": 0.606825101125544, "status": "ok", "start_time": 1699492472.675324, "duration": 107.23145794868469}, "current_params": {"N": 3388.0, "iss": 0.10933790105931598, "lr": 0.23256125542675146, "ridge": 5.680674591986106e-09, "seed": 5555, "sr": 3.3085397472523588}}