{"returned_dict": {"loss": 0.2056531288818683, "r2": 0.5059824762008603, "status": "ok", "start_time": 1699471734.777995, "duration": 231.1703290939331}, "current_params": {"N": 4949.0, "iss": 0.3915118673683146, "lr": 0.08274283598069622, "ridge": 1.5219678684169468e-09, "seed": 5555, "sr": 3.6594765005620897}}