{"returned_dict": {"loss": 1.6969303689321207, "r2": -32.62331724653371, "status": "ok", "start_time": 1699453350.291245, "duration": 142.132169008255}, "current_params": {"N": 3783.0, "iss": 0.6044371798669708, "lr": 0.015575854948748018, "ridge": 7.421722727241028e-06, "seed": 5555, "sr": 3.7371609448801064}}