{"returned_dict": {"loss": 1.7657568408953639, "r2": -35.35924278135081, "status": "ok", "start_time": 1699476160.2236302, "duration": 194.19523978233337}, "current_params": {"N": 4801.0, "iss": 0.5751264527058944, "lr": 0.016907274112967798, "ridge": 5.073648351915901e-08, "seed": 5555, "sr": 5.130785442878478}}