{"returned_dict": {"loss": 4.048326934070325, "r2": -195.1843733613172, "status": "ok", "start_time": 1699458182.076034, "duration": 561.0074019432068}, "current_params": {"N": 4997.0, "iss": 0.8194098115790581, "lr": 0.008957374687864625, "ridge": 3.01079432562182e-07, "seed": 5555, "sr": 3.8171971642830598}}