{"returned_dict": {"loss": 0.0059534417691466, "r2": 0.9984998557771171, "status": "ok", "start_time": 1699190769.42307, "duration": 2.2244129180908203}, "current_params": {"N": 500, "iss": 0.2298357960090034, "lr": 0.8472268156639914, "ridge": 9.801931216645321e-05, "seed": 1234, "sr": 0.2197712027474747}}