{"returned_dict": {"loss": 0.025616225524372413, "r2": 0.9724225263539007, "status": "ok", "start_time": 1699190825.64472, "duration": 2.247957706451416}, "current_params": {"N": 500, "iss": 0.562902674279726, "lr": 0.08451910338656304, "ridge": 2.98495308723598e-07, "seed": 1234, "sr": 0.020489195252075855}}