{"returned_dict": {"loss": 0.025883043034320527, "r2": 0.9718683948244143, "status": "ok", "start_time": 1699190967.351167, "duration": 2.2648849487304688}, "current_params": {"N": 500, "iss": 0.9228386144334726, "lr": 0.10752060708924599, "ridge": 1.1106829899616503e-06, "seed": 1234, "sr": 0.3157133897830133}}