{"returned_dict": {"loss": 0.033481545126108514, "r2": 0.9529357511077206, "status": "ok", "start_time": 1699190794.104337, "duration": 2.2294108867645264}, "current_params": {"N": 500, "iss": 0.8710694708540748, "lr": 0.5093800439838342, "ridge": 3.613494953765636e-08, "seed": 1234, "sr": 5.580343023547168}}