{"returned_dict": {"loss": 0.04078344575141724, "r2": 0.9300780120208166, "status": "ok", "start_time": 1699190782.794375, "duration": 2.308051824569702}, "current_params": {"N": 500, "iss": 0.08315064051214127, "lr": 0.934961690273177, "ridge": 1.4389924675211044e-08, "seed": 1234, "sr": 2.4229663969229636}}