{"returned_dict": {"loss": 0.04353011257004095, "r2": 0.9204899142162443, "status": "ok", "start_time": 1699191109.634722, "duration": 2.282853841781616}, "current_params": {"N": 500, "iss": 0.9097376556056701, "lr": 0.3079726626930137, "ridge": 1.4421411301859244e-07, "seed": 1234, "sr": 5.615522331680127}}