{"returned_dict": {"loss": 0.04820211201028048, "r2": 0.8851703983281122, "status": "ok", "start_time": 1699190937.3052318, "duration": 2.4095051288604736}, "current_params": {"N": 500, "iss": 0.006972115376929322, "lr": 0.012836594720886324, "ridge": 1.4561222069260244e-09, "seed": 1234, "sr": 0.7794764412014389}}