{"returned_dict": {"loss": 0.04818814669528327, "r2": 0.9024459845273544, "status": "ok", "start_time": 1699190902.599711, "duration": 2.251538038253784}, "current_params": {"N": 500, "iss": 0.4893385543018618, "lr": 0.02143015081924661, "ridge": 1.1102605111730034e-05, "seed": 1234, "sr": 0.02572013644212619}}