{"returned_dict": {"loss": 0.05215649389211946, "r2": 0.885790254440071, "status": "ok", "start_time": 1699191145.823513, "duration": 2.3508810997009277}, "current_params": {"N": 500, "iss": 0.3945156093805232, "lr": 0.015128007637960973, "ridge": 3.182563639108543e-06, "seed": 1234, "sr": 0.012260384608014823}}