{"returned_dict": {"loss": 0.05101553404889034, "r2": 0.8897392131445466, "status": "ok", "start_time": 1699190932.6117141, "duration": 2.368210792541504}, "current_params": {"N": 500, "iss": 0.17176002567391113, "lr": 0.22199089728115365, "ridge": 0.0006020999816891316, "seed": 1234, "sr": 2.0711751271159318}}