{"returned_dict": {"loss": 0.051618993449309286, "r2": 0.8881241629034542, "status": "ok", "start_time": 1699190746.647667, "duration": 2.2993290424346924}, "current_params": {"N": 500, "iss": 0.7041340569061305, "lr": 0.02018337832903292, "ridge": 2.3115334421298753e-06, "seed": 1234, "sr": 0.09442721440119983}}