{"returned_dict": {"loss": 0.08303860380337653, "r2": 0.7091666802913751, "status": "ok", "start_time": 1699190880.120909, "duration": 2.287018060684204}, "current_params": {"N": 500, "iss": 0.2092695124165096, "lr": 0.20792063760808668, "ridge": 2.4402906778962044e-09, "seed": 1234, "sr": 3.3229413943755635}}