{"returned_dict": {"loss": 0.10600611589074045, "r2": 0.4483148920478188, "status": "ok", "start_time": 1699190812.1545548, "duration": 2.2654130458831787}, "current_params": {"N": 500, "iss": 0.8967736623178844, "lr": 0.1298405957476471, "ridge": 9.418213809531775e-09, "seed": 1234, "sr": 0.3105316802728771}}