{"returned_dict": {"loss": 0.17002541222039458, "r2": -0.2871635044053296, "status": "ok", "start_time": 1699190859.713019, "duration": 2.273919105529785}, "current_params": {"N": 500, "iss": 0.28766435081673314, "lr": 0.0012105913148246156, "ridge": 1.9057127432713242e-07, "seed": 1234, "sr": 0.07964860203040938}}