{"returned_dict": {"loss": 0.22535732011559162, "r2": -1.134370308024286, "status": "ok", "start_time": 1699190789.68702, "duration": 2.177604913711548}, "current_params": {"N": 500, "iss": 0.13238073196516953, "lr": 0.13864624141183712, "ridge": 5.1447095217047094e-05, "seed": 1234, "sr": 4.997336540870967}}