{"returned_dict": {"loss": 1.6112641804232724, "r2": -120.48461165761994, "status": "ok", "start_time": 1699190889.133806, "duration": 2.2352850437164307}, "current_params": {"N": 500, "iss": 0.14796761127746416, "lr": 0.0013818551895319936, "ridge": 1.9194269720339747e-07, "seed": 1234, "sr": 0.5693766752526698}}