{"returned_dict": {"loss": 22.220353588035263, "r2": -20936.35007833706, "status": "ok", "start_time": 1699190953.485301, "duration": 2.3327858448028564}, "current_params": {"N": 500, "iss": 0.5813661769352256, "lr": 0.0010387024872592213, "ridge": 4.333630514338604e-07, "seed": 1234, "sr": 1.0616387878921083}}