{"returned_dict": {"loss": 2393.663611986604, "r2": -483007528.27394134, "status": "ok", "start_time": 1699190976.401789, "duration": 2.29189395904541}, "current_params": {"N": 500, "iss": 0.4234539619306149, "lr": 0.001055234755253992, "ridge": 2.7873687266175076e-08, "seed": 1234, "sr": 6.700381333753658}}