{"returned_dict": {"loss": 260.4317949106888, "r2": -3003640.8646233976, "status": "ok", "start_time": 1699191058.5427341, "duration": 2.3139638900756836}, "current_params": {"N": 500, "iss": 0.007930380864134223, "lr": 0.010013001344096634, "ridge": 6.670195090070217e-06, "seed": 1234, "sr": 3.180379394013653}}