{"returned_dict": {"loss": 3653.7839505836787, "r2": -562955728.3125398, "status": "ok", "start_time": 1699191111.919302, "duration": 2.243687152862549}, "current_params": {"N": 500, "iss": 0.14075425983870582, "lr": 0.004542545207344772, "ridge": 1.7619615210880348e-09, "seed": 1234, "sr": 9.335710032985542}}