{"returned_dict": {"loss": 609.8018302409836, "r2": -15723200.203514278, "status": "ok", "start_time": 1699190816.7152011, "duration": 2.2215609550476074}, "current_params": {"N": 500, "iss": 0.6659350740516974, "lr": 0.0068663941226196155, "ridge": 8.704077638470982e-09, "seed": 1234, "sr": 2.2553242781758827}}