{"returned_dict": {"loss": 9.164356571035166, "r2": -3560.9787895240793, "status": "ok", "start_time": 1699190882.409705, "duration": 2.2205512523651123}, "current_params": {"N": 500, "iss": 0.23643093070326449, "lr": 0.01146759760328504, "ridge": 0.004599990623823179, "seed": 1234, "sr": 2.3610670815355883}}