{"returned_dict": {"loss": 9.510811676235098, "r2": -3848.2292643613787, "status": "ok", "start_time": 1699190798.543457, "duration": 2.247020959854126}, "current_params": {"N": 500, "iss": 0.49797044830105386, "lr": 0.005473899359991359, "ridge": 0.009737952859572229, "seed": 1234, "sr": 4.574545330611019}}