{"returned_dict": {"loss": NaN, "r2": NaN, "status": "ok", "start_time": 1699192847.69094, "duration": 0.8188199996948242}, "current_params": {"N": 500, "iss": 0.7044600162750467, "lr": 0.05989081733494548, "ridge": 3.058579821085371e-08, "seed": 1234, "sr": 0.1626795681245935}}