{"returned_dict": {"loss": 0.015381914483322268, "r2": 0.9956179588848485, "status": "ok", "start_time": 1699191587.214545, "duration": 1.8283390998840332}, "current_params": {"N": 500, "iss": 0.2752328727257135, "lr": 0.062196381712238125, "ridge": 0.0015831477712927589, "seed": 1234, "sr": 0.011423076308344373}}