{"returned_dict": {"loss": 0.013883201547409083, "r2": 0.9953762870403748, "status": "ok", "start_time": 1699191485.9147258, "duration": 1.7651562690734863}, "current_params": {"N": 500, "iss": 0.006972115376929322, "lr": 0.012836594720886324, "ridge": 1.4561222069260244e-09, "seed": 1234, "sr": 0.7794764412014389}}