{"returned_dict": {"loss": 0.028482240303159878, "r2": 0.9850959006807273, "status": "ok", "start_time": 1699191599.607578, "duration": 1.745987892150879}, "current_params": {"N": 500, "iss": 0.5619647530716958, "lr": 0.12251552188440552, "ridge": 0.00013569741429282753, "seed": 1234, "sr": 0.020788245498133077}}