{"returned_dict": {"loss": 0.02664820780521124, "r2": 0.9860401431900169, "status": "ok", "start_time": 1699191411.8160288, "duration": 1.7262673377990723}, "current_params": {"N": 500, "iss": 0.9120267528405163, "lr": 0.10377622163746929, "ridge": 0.0009493042476638647, "seed": 1234, "sr": 1.1747727724200443}}