{"returned_dict": {"loss": 0.02042784066156507, "r2": 0.9913397976168822, "status": "ok", "start_time": 1699191373.084183, "duration": 1.7472069263458252}, "current_params": {"N": 500, "iss": 0.18640085674470974, "lr": 0.008316425906674767, "ridge": 3.822116394355239e-05, "seed": 1234, "sr": 0.02745813794912951}}