{"returned_dict": {"loss": 0.023637005398787117, "r2": 0.989708197538492, "status": "ok", "start_time": 1699191461.1035159, "duration": 1.7997941970825195}, "current_params": {"N": 500, "iss": 0.6922327390139184, "lr": 0.034601111100789846, "ridge": 0.0009597922173967499, "seed": 1234, "sr": 0.17537309143779847}}