{"returned_dict": {"loss": 0.026863117581811022, "r2": 0.9864868736723542, "status": "ok", "start_time": 1699191337.903424, "duration": 1.766010046005249}, "current_params": {"N": 500, "iss": 0.7041340569061305, "lr": 0.02018337832903292, "ridge": 2.3115334421298753e-06, "seed": 1234, "sr": 0.09442721440119983}}