{"returned_dict": {"loss": 0.03354921563022759, "r2": 0.9793122483545394, "status": "ok", "start_time": 1699191477.004444, "duration": 1.7740352153778076}, "current_params": {"N": 500, "iss": 0.900126341412187, "lr": 0.6751854428024655, "ridge": 1.6359488069904826e-09, "seed": 1234, "sr": 0.050152765364070276}}