{"returned_dict": {"loss": 0.08435389255917629, "r2": 0.8687197704441082, "status": "ok", "start_time": 1699191610.193664, "duration": 1.7535688877105713}, "current_params": {"N": 500, "iss": 0.5315682009230276, "lr": 0.1775950750495892, "ridge": 0.0002207334426427236, "seed": 1234, "sr": 6.954268155528048}}