{"returned_dict": {"loss": 0.10528526274904378, "r2": 0.7660369431572006, "status": "ok", "start_time": 1699191487.681398, "duration": 1.808516263961792}, "current_params": {"N": 500, "iss": 0.3158924367205628, "lr": 0.0016930941327325617, "ridge": 0.0006969765320479288, "seed": 1234, "sr": 0.22191193501289097}}