{"returned_dict": {"loss": 0.15155771545898397, "r2": 0.5749297927285676, "status": "ok", "start_time": 1699191362.62549, "duration": 1.8075392246246338}, "current_params": {"N": 500, "iss": 0.22424280171073074, "lr": 0.012042080474948267, "ridge": 9.253689703516465e-05, "seed": 1234, "sr": 1.959651331974383}}