{"returned_dict": {"loss": 0.25569235374324034, "r2": -0.293135965008272, "status": "ok", "start_time": 1699191524.7554948, "duration": 1.7949292659759521}, "current_params": {"N": 500, "iss": 0.8275692027406062, "lr": 0.00921134174257873, "ridge": 7.465489217273001e-08, "seed": 1234, "sr": 2.9579435824398614}}