{"returned_dict": {"loss": 2.595202815232257, "r2": -125.05934510890984, "status": "ok", "start_time": 1699191580.10532, "duration": 1.7697429656982422}, "current_params": {"N": 500, "iss": 0.007930380864134223, "lr": 0.010013001344096634, "ridge": 6.670195090070217e-06, "seed": 1234, "sr": 3.180379394013653}}