{"returned_dict": {"loss": 2.8665365005415837, "r2": -197.2957306809442, "status": "ok", "start_time": 1699191565.7909691, "duration": 1.8781638145446777}, "current_params": {"N": 500, "iss": 0.15855990557256594, "lr": 0.0013530394390112253, "ridge": 3.771243674444087e-05, "seed": 1234, "sr": 1.2072384196976096}}