{"returned_dict": {"loss": 4.595235336354066, "r2": -473.67243969489255, "status": "ok", "start_time": 1699191669.204013, "duration": 1.9014756679534912}, "current_params": {"N": 500, "iss": 0.5797760318934376, "lr": 0.001358642199806875, "ridge": 3.1927648709671725e-08, "seed": 1234, "sr": 4.0906546305123515}}