{"returned_dict": {"loss": 0.006321655621334059, "r2": 0.997711519162189, "status": "ok", "start_time": 1699233796.256015, "duration": 1.9290797710418701}, "current_params": {"N": 500, "iss": 0.4965873842307338, "lr": 0.31430549026306187, "ridge": 0.00024733891965125694, "seed": 1234, "sr": 0.09169361093299348}}