{"returned_dict": {"loss": 0.006052760063047095, "r2": 0.9978133305611844, "status": "ok", "start_time": 1699233700.6213062, "duration": 1.8782668113708496}, "current_params": {"N": 500, "iss": 0.21686967585707428, "lr": 0.06719120770962762, "ridge": 0.00012890720812140736, "seed": 1234, "sr": 0.07071032186253305}}