{"returned_dict": {"loss": 0.011537885901038436, "r2": 0.9918519172322943, "status": "ok", "start_time": 1699233733.912545, "duration": 1.9510610103607178}, "current_params": {"N": 500, "iss": 0.18640085674470974, "lr": 0.008316425906674767, "ridge": 3.822116394355239e-05, "seed": 1234, "sr": 0.02745813794912951}}