{"returned_dict": {"loss": 0.013098665451880506, "r2": 0.9899616530860741, "status": "ok", "start_time": 1699233968.4187799, "duration": 1.8904943466186523}, "current_params": {"N": 500, "iss": 0.2752328727257135, "lr": 0.062196381712238125, "ridge": 0.0015831477712927589, "seed": 1234, "sr": 0.011423076308344373}}