{"returned_dict": {"loss": 0.01061207447567368, "r2": 0.9935094407419877, "status": "ok", "start_time": 1699234046.7707672, "duration": 1.9615459442138672}, "current_params": {"N": 500, "iss": 0.3829699328467736, "lr": 0.026695530015763223, "ridge": 3.993947976599462e-07, "seed": 1234, "sr": 0.013649509767262393}}