{"returned_dict": {"loss": 0.026725250821538798, "r2": 0.9590025506883527, "status": "ok", "start_time": 1699233719.320148, "duration": 2.260080099105835}, "current_params": {"N": 500, "iss": 0.9326851510627013, "lr": 0.01313978174667569, "ridge": 0.0007520446577387131, "seed": 1234, "sr": 0.18658183701753261}}