{"returned_dict": {"loss": 0.021351239742083517, "r2": 0.9687367251717686, "status": "ok", "start_time": 1699234008.489322, "duration": 2.0129599571228027}, "current_params": {"N": 500, "iss": 0.6381446788022263, "lr": 0.011295567117425407, "ridge": 7.933169942060012e-08, "seed": 1234, "sr": 0.20877503732087163}}