{"returned_dict": {"loss": 0.02371559133208769, "r2": 0.9677950688092715, "status": "ok", "start_time": 1699233678.0039349, "duration": 1.8227732181549072}, "current_params": {"N": 500, "iss": 0.6517423997488939, "lr": 0.4485179994925241, "ridge": 2.1919618123313223e-05, "seed": 1234, "sr": 2.76036316173383}}