{"returned_dict": {"loss": 0.04464962391795648, "r2": 0.8863412073664474, "status": "ok", "start_time": 1699233976.0298839, "duration": 1.8658912181854248}, "current_params": {"N": 500, "iss": 0.0026462177202568604, "lr": 0.021333081512378033, "ridge": 0.00025791954558242, "seed": 1234, "sr": 0.011405319213458769}}