{"returned_dict": {"loss": 0.04502020295031628, "r2": 0.8751328385223601, "status": "ok", "start_time": 1699233702.500927, "duration": 1.8571150302886963}, "current_params": {"N": 500, "iss": 0.8820998106981124, "lr": 0.0018473770505347527, "ridge": 1.8622584812397071e-06, "seed": 1234, "sr": 0.015931944006093716}}