{"returned_dict": {"loss": 0.06035687341906929, "r2": 0.7894827635008211, "status": "ok", "start_time": 1699233855.236105, "duration": 1.8779890537261963}, "current_params": {"N": 500, "iss": 0.17176002567391113, "lr": 0.22199089728115365, "ridge": 0.0006020999816891316, "seed": 1234, "sr": 2.0711751271159318}}