{"returned_dict": {"loss": 0.17872133966994394, "r2": -0.8218317579549432, "status": "ok", "start_time": 1699233802.172508, "duration": 2.01523494720459}, "current_params": {"N": 500, "iss": 0.06016013465638104, "lr": 0.23962511288825833, "ridge": 0.0007949579169258338, "seed": 1234, "sr": 3.416923934914541}}