{"returned_dict": {"loss": 12.001931606774036, "r2": -12603.67641517072, "status": "ok", "start_time": 1699233864.699806, "duration": 1.9049031734466553}, "current_params": {"N": 500, "iss": 0.10204618018844569, "lr": 0.0022976484367460367, "ridge": 6.435132499791384e-09, "seed": 1234, "sr": 1.1658340735577972}}