{"returned_dict": {"loss": 12.50649548221845, "r2": -9012.121123086197, "status": "ok", "start_time": 1699233931.647018, "duration": 2.014573097229004}, "current_params": {"N": 500, "iss": 0.35464883466252195, "lr": 0.02580145195828277, "ridge": 7.502821787034914e-05, "seed": 1234, "sr": 3.1162051286367416}}