{"returned_dict": {"loss": 9.375503778460388, "r2": -5335.254487162475, "status": "ok", "start_time": 1699233926.005996, "duration": 1.843235969543457}, "current_params": {"N": 500, "iss": 0.4016192513767243, "lr": 0.023565820546423054, "ridge": 0.0009341644724743216, "seed": 1234, "sr": 5.987530745926846}}