{"returned_dict": {"loss": 4.5961118856413815e-05, "r2": 0.9999998668330767, "status": "ok", "start_time": 1699175714.2749178, "duration": 2.030755043029785}, "current_params": {"N": 500, "iss": 0.22844120631577203, "lr": 0.5068843153791186, "ridge": 1.748641447561754e-09, "seed": 1234, "sr": 1.2556711601352721}}