{"returned_dict": {"loss": 0.0034991976769504934, "r2": 0.9997545160363955, "status": "ok", "start_time": 1699177847.888572, "duration": 1.8094110488891602}, "current_params": {"N": 500, "iss": 0.040938266600104134, "lr": 0.3659512815680789, "ridge": 0.0021047798903734414, "seed": 1234, "sr": 0.3797757622392174}}