{"returned_dict": {"loss": 0.003817617010569129, "r2": 0.9997057478536205, "status": "ok", "start_time": 1699177901.736772, "duration": 1.7350201606750488}, "current_params": {"N": 500, "iss": 0.19784990317265738, "lr": 0.31008930988824535, "ridge": 0.00013246781832067779, "seed": 1234, "sr": 0.08438326345409637}}