{"returned_dict": {"loss": 0.0046527686190325195, "r2": 0.9990789674280215, "status": "ok", "start_time": 1699174704.874353, "duration": 1.8667471408843994}, "current_params": {"N": 500, "iss": 0.23999648673506557, "lr": 0.14755529525122685, "ridge": 2.191167299174609e-09, "seed": 1234, "sr": 0.023462246374277934}}