{"returned_dict": {"loss": 0.0008035443223768274, "r2": 0.9999811660609726, "status": "ok", "start_time": 1698380977.384097, "duration": 1.9831249713897705}, "current_params": {"N": 500, "iss": 0.19717791279794772, "lr": 0.8908311505278818, "ridge": 0.00013283966567113832, "seed": 1234, "sr": 0.20760447792478667}}