{"returned_dict": {"loss": 0.001439136605660551, "r2": 0.9999397044049326, "status": "ok", "start_time": 1698381004.7763999, "duration": 1.9649131298065186}, "current_params": {"N": 500, "iss": 0.8493027570387159, "lr": 0.08352474609695261, "ridge": 1.2092867049259064e-08, "seed": 1234, "sr": 0.1521671071513882}}