{"returned_dict": {"loss": 0.0056571774542542785, "r2": 0.9989861022613867, "status": "ok", "start_time": 1698383641.448575, "duration": 2.006772994995117}, "current_params": {"N": 500, "iss": 0.19717791279794772, "lr": 0.8908311505278818, "ridge": 0.00013283966567113832, "seed": 1234, "sr": 0.20760447792478667}}