{"returned_dict": {"loss": 0.0015957912287532707, "r2": 0.999925862972528, "status": "ok", "start_time": 1698381745.730387, "duration": 2.021151065826416}, "current_params": {"N": 500, "iss": 0.3991084746243321, "lr": 0.2279250676188654, "ridge": 3.316996532799217e-06, "seed": 1234, "sr": 0.13048071254874868}}