{"returned_dict": {"loss": 0.0075423703284760515, "r2": 0.998196263228325, "status": "ok", "start_time": 1698382676.571302, "duration": 2.1099860668182373}, "current_params": {"N": 500, "iss": 0.562902674279726, "lr": 0.08451910338656304, "ridge": 2.98495308723598e-07, "seed": 1234, "sr": 0.020489195252075855}}