{"returned_dict": {"loss": 0.005713819463605992, "r2": 0.9979256887386786, "status": "ok", "start_time": 1699175629.392289, "duration": 1.9042329788208008}, "current_params": {"N": 500, "iss": 0.04057815748077798, "lr": 0.048306005915739574, "ridge": 0.0009201974723122006, "seed": 1234, "sr": 1.0784585589734712}}