{"returned_dict": {"loss": 0.004825283672250449, "r2": 0.9986719596743651, "status": "ok", "start_time": 1699175646.301528, "duration": 1.8448851108551025}, "current_params": {"N": 500, "iss": 0.3045451369845007, "lr": 0.27036282441620346, "ridge": 0.00030682003342967967, "seed": 1234, "sr": 0.04049959618384302}}