{"returned_dict": {"loss": 0.004466578006633565, "r2": 0.9994193811994458, "status": "ok", "start_time": 1698380848.544843, "duration": 1.8954288959503174}, "current_params": {"N": 500, "iss": 0.12355157400567263, "lr": 0.35065431611638176, "ridge": 0.00016882662561943463, "seed": 1234, "sr": 0.011739026780685318}}