{"returned_dict": {"loss": 0.005870340155482423, "r2": 0.9989082697551485, "status": "ok", "start_time": 1699238873.192836, "duration": 1.8745710849761963}, "current_params": {"N": 500, "iss": 0.4965873842307338, "lr": 0.31430549026306187, "ridge": 0.00024733891965125694, "seed": 1234, "sr": 0.09169361093299348}}