{"returned_dict": {"loss": 0.0006775820231226527, "r2": 0.9999862480223914, "status": "ok", "start_time": 1699184090.469093, "duration": 1.8099699020385742}, "current_params": {"N": 500, "iss": 0.059936189081400526, "lr": 0.38264094967620654, "ridge": 1.8102732550311867e-05, "seed": 1234, "sr": 0.07966435869333038}}