{"returned_dict": {"loss": 0.005865193227205859, "r2": 0.9989101733437171, "status": "ok", "start_time": 1698382883.838683, "duration": 2.0068211555480957}, "current_params": {"N": 500, "iss": 0.5252220340132849, "lr": 0.5269856938769655, "ridge": 0.0071301806348985485, "seed": 1234, "sr": 0.12440910427817788}}