{"returned_dict": {"loss": 0.00574579379073771, "r2": 0.9990122527536925, "status": "ok", "start_time": 1699184110.230827, "duration": 1.7586958408355713}, "current_params": {"N": 500, "iss": 0.21686967585707428, "lr": 0.06719120770962762, "ridge": 0.00012890720812140736, "seed": 1234, "sr": 0.07071032186253305}}