{"returned_dict": {"loss": 0.006112918382272725, "r2": 0.9989114372247871, "status": "ok", "start_time": 1698381036.336598, "duration": 1.9360551834106445}, "current_params": {"N": 500, "iss": 0.5923323236902225, "lr": 0.09414420070801902, "ridge": 0.0014474323274106797, "seed": 1234, "sr": 0.13317912806568327}}