{"returned_dict": {"loss": 0.008870755812696451, "r2": 0.9975061730080587, "status": "ok", "start_time": 1698382850.1201332, "duration": 2.318323850631714}, "current_params": {"N": 500, "iss": 0.5923323236902225, "lr": 0.09414420070801902, "ridge": 0.0014474323274106797, "seed": 1234, "sr": 0.13317912806568327}}