{"returned_dict": {"loss": 0.005552972025126027, "r2": 0.9990780262421185, "status": "ok", "start_time": 1699184494.022432, "duration": 2.6161699295043945}, "current_params": {"N": 500, "iss": 0.9120267528405163, "lr": 0.10377622163746929, "ridge": 0.0009493042476638647, "seed": 1234, "sr": 1.1747727724200443}}