{"returned_dict": {"loss": 0.009668211895799812, "r2": 0.9927301690971152, "status": "ok", "start_time": 1698888464.240018, "duration": 1.7528250217437744}, "current_params": {"N": 500, "iss": 0.15717970056189712, "lr": 0.07128243944571559, "ridge": 3.2781375924716163e-09, "seed": 1234, "sr": 0.027598683234115115}}