{"returned_dict": {"loss": 0.006307273544012421, "r2": 0.9987580746817422, "status": "ok", "start_time": 1699170466.5581598, "duration": 1.8243992328643799}, "current_params": {"N": 500, "iss": 0.3991084746243321, "lr": 0.2279250676188654, "ridge": 3.316996532799217e-06, "seed": 1234, "sr": 0.13048071254874868}}