{"returned_dict": {"loss": 0.0008773659566731574, "r2": 0.9999775940470763, "status": "ok", "start_time": 1698380858.019007, "duration": 1.9101309776306152}, "current_params": {"N": 500, "iss": 0.8967736623178844, "lr": 0.1298405957476471, "ridge": 9.418213809531775e-09, "seed": 1234, "sr": 0.3105316802728771}}