{"returned_dict": {"loss": 0.006138891177031545, "r2": 0.9988712062173654, "status": "ok", "start_time": 1699184155.694953, "duration": 1.7421088218688965}, "current_params": {"N": 500, "iss": 0.47860011851145334, "lr": 0.4166356911062447, "ridge": 1.2751646272541625e-05, "seed": 1234, "sr": 0.14848409471568397}}