{"returned_dict": {"loss": 0.007167917380587435, "r2": 0.9983716878013117, "status": "ok", "start_time": 1698383570.22785, "duration": 2.0288209915161133}, "current_params": {"N": 500, "iss": 0.3045451369845007, "lr": 0.27036282441620346, "ridge": 0.00030682003342967967, "seed": 1234, "sr": 0.04049959618384302}}