{"returned_dict": {"loss": 0.004951742336965708, "r2": 0.9991567159870499, "status": "ok", "start_time": 1699170337.350156, "duration": 1.8018298149108887}, "current_params": {"N": 500, "iss": 0.3753069435292018, "lr": 0.14684610291088665, "ridge": 1.1598652159348575e-08, "seed": 1234, "sr": 1.0993945835225667}}