{"returned_dict": {"loss": 0.0005107603952840014, "r2": 0.9999883800452779, "status": "ok", "start_time": 1699170645.317506, "duration": 1.870913028717041}, "current_params": {"N": 500, "iss": 0.15716834911966804, "lr": 0.8156304946175557, "ridge": 4.290374941230941e-08, "seed": 1234, "sr": 1.0385323042151453}}