{"returned_dict": {"loss": 0.007500037019046818, "r2": 0.9988587680706997, "status": "ok", "start_time": 1699177871.172503, "duration": 1.8136870861053467}, "current_params": {"N": 500, "iss": 0.8161326333926638, "lr": 0.07816106311699304, "ridge": 7.358885705656805e-05, "seed": 1234, "sr": 0.8542795536342308}}