{"returned_dict": {"loss": 0.0045351830935754555, "r2": 0.9991233305762086, "status": "ok", "start_time": 1699185470.768728, "duration": 1.9378671646118164}, "current_params": {"N": 500, "iss": 0.2298357960090034, "lr": 0.8472268156639914, "ridge": 9.801931216645321e-05, "seed": 1234, "sr": 0.2197712027474747}}