{"returned_dict": {"loss": 0.0009032076881418919, "r2": 0.9999835190302747, "status": "ok", "start_time": 1699176483.518952, "duration": 1.8481180667877197}, "current_params": {"N": 500, "iss": 0.09801956882183527, "lr": 0.21207672046475814, "ridge": 4.6581639384163866e-05, "seed": 1234, "sr": 0.21354604962375795}}