{"returned_dict": {"loss": 0.009236289879624061, "r2": 0.9941866884331053, "status": "ok", "start_time": 1699175889.663094, "duration": 2.1339588165283203}, "current_params": {"N": 500, "iss": 0.15890994153775684, "lr": 0.00792332805983459, "ridge": 3.0909972660202036e-06, "seed": 1234, "sr": 0.575269795679041}}