{"returned_dict": {"loss": 0.003481626213521829, "r2": 0.999758549012598, "status": "ok", "start_time": 1699183238.588405, "duration": 1.9464330673217773}, "current_params": {"N": 500, "iss": 0.040938266600104134, "lr": 0.3659512815680789, "ridge": 0.0021047798903734414, "seed": 1234, "sr": 0.3797757622392174}}