{"returned_dict": {"loss": 0.006256786455840707, "r2": 0.9987597000842993, "status": "ok", "start_time": 1698382959.4670599, "duration": 2.074658155441284}, "current_params": {"N": 500, "iss": 0.19784990317265738, "lr": 0.31008930988824535, "ridge": 0.00013246781832067779, "seed": 1234, "sr": 0.08438326345409637}}