{"returned_dict": {"loss": 0.006013813418863148, "r2": 0.9984593560098421, "status": "ok", "start_time": 1699173862.851925, "duration": 1.975182294845581}, "current_params": {"N": 500, "iss": 0.20874949204266458, "lr": 0.07729401267577381, "ridge": 5.55904979401799e-05, "seed": 1234, "sr": 0.21210441974152222}}