{"returned_dict": {"loss": 0.006350441854797916, "r2": 0.9992518331898904, "status": "ok", "start_time": 1699095124.8606021, "duration": 2.221031904220581}, "current_params": {"N": 500, "iss": 0.21686967585707428, "lr": 0.06719120770962762, "ridge": 0.00012890720812140736, "seed": 1234, "sr": 0.07071032186253305}}