{"returned_dict": {"loss": 0.0015048407456958316, "r2": 0.9999050788207814, "status": "ok", "start_time": 1699095107.2567239, "duration": 2.304309129714966}, "current_params": {"N": 500, "iss": 0.14258024657972923, "lr": 0.5516837456874331, "ridge": 3.7433235003717447e-07, "seed": 1234, "sr": 0.1931498404234262}}