{"returned_dict": {"loss": 0.001032678292736346, "r2": 0.9999688218632964, "status": "ok", "start_time": 1698381740.7037902, "duration": 2.460279703140259}, "current_params": {"N": 500, "iss": 0.9655801894967717, "lr": 0.5494681828865383, "ridge": 2.0065307823836486e-09, "seed": 1234, "sr": 0.01418389479892628}}