{"returned_dict": {"loss": 0.009571492823089618, "r2": 0.9970975259742388, "status": "ok", "start_time": 1698382602.0182762, "duration": 2.13970685005188}, "current_params": {"N": 500, "iss": 0.33697973924510827, "lr": 0.17543139583076806, "ridge": 0.0006465876818538902, "seed": 1234, "sr": 0.015590519612759524}}