{"returned_dict": {"loss": 0.0005539288912506276, "r2": 0.9999910697261521, "status": "ok", "start_time": 1698381130.792004, "duration": 1.9068739414215088}, "current_params": {"N": 500, "iss": 0.7681136832661768, "lr": 0.43906883802329827, "ridge": 6.060476940238121e-07, "seed": 1234, "sr": 0.7507802307193081}}