{"returned_dict": {"loss": 0.0002838364432649124, "r2": 0.9999973460811837, "status": "ok", "start_time": 1699184126.36546, "duration": 1.7838032245635986}, "current_params": {"N": 500, "iss": 0.3753069435292018, "lr": 0.14684610291088665, "ridge": 1.1598652159348575e-08, "seed": 1234, "sr": 1.0993945835225667}}