{"returned_dict": {"loss": 6.799304432859408e-05, "r2": 0.9999997362274474, "status": "ok", "start_time": 1699175613.995619, "duration": 1.9038939476013184}, "current_params": {"N": 500, "iss": 0.14258024657972923, "lr": 0.5516837456874331, "ridge": 3.7433235003717447e-07, "seed": 1234, "sr": 0.1931498404234262}}