{"returned_dict": {"loss": 0.003769433975175767, "r2": 0.9997272041697917, "status": "ok", "start_time": 1699177143.033328, "duration": 1.8225178718566895}, "current_params": {"N": 500, "iss": 0.19717791279794772, "lr": 0.8908311505278818, "ridge": 0.00013283966567113832, "seed": 1234, "sr": 0.20760447792478667}}