{"returned_dict": {"loss": 0.005553598492074131, "r2": 0.9990228777637888, "status": "ok", "start_time": 1698382865.22083, "duration": 2.1513829231262207}, "current_params": {"N": 500, "iss": 0.9135989958833419, "lr": 0.4700604405485768, "ridge": 5.192783797391785e-07, "seed": 1234, "sr": 0.02684390359598015}}