{"returned_dict": {"loss": 0.00590363101520764, "r2": 0.9988958515347734, "status": "ok", "start_time": 1698382891.964427, "duration": 2.075937032699585}, "current_params": {"N": 500, "iss": 0.5458161363201689, "lr": 0.1927391235133893, "ridge": 3.4731611050513896e-08, "seed": 1234, "sr": 0.017275455370965257}}