{"returned_dict": {"loss": 0.0007417405231055478, "r2": 0.9999804108076003, "status": "ok", "start_time": 1699095396.738034, "duration": 2.3160150051116943}, "current_params": {"N": 500, "iss": 0.0011867504507336868, "lr": 0.4402251533661025, "ridge": 1.398293408194846e-05, "seed": 1234, "sr": 0.1378790157061615}}