{"returned_dict": {"loss": 0.008894615637322476, "r2": 0.998379116984307, "status": "ok", "start_time": 1699177596.961656, "duration": 1.7965350151062012}, "current_params": {"N": 500, "iss": 0.21686967585707428, "lr": 0.06719120770962762, "ridge": 0.00012890720812140736, "seed": 1234, "sr": 0.07071032186253305}}