{"returned_dict": {"loss": 7.671836667102765e-06, "r2": 0.9999999980604496, "status": "ok", "start_time": 1699184515.1893, "duration": 2.315099000930786}, "current_params": {"N": 500, "iss": 0.15716834911966804, "lr": 0.8156304946175557, "ridge": 4.290374941230941e-08, "seed": 1234, "sr": 1.0385323042151453}}