{"returned_dict": {"loss": 0.005502026379889502, "r2": 0.9990409676005209, "status": "ok", "start_time": 1698383508.54729, "duration": 2.1901779174804688}, "current_params": {"N": 500, "iss": 0.47860011851145334, "lr": 0.4166356911062447, "ridge": 1.2751646272541625e-05, "seed": 1234, "sr": 0.14848409471568397}}