{"returned_dict": {"loss": 0.0020382714504436302, "r2": 0.9998788913065121, "status": "ok", "start_time": 1698381650.834322, "duration": 2.559983015060425}, "current_params": {"N": 500, "iss": 0.2841990386572327, "lr": 0.4297960808148079, "ridge": 3.4827616605209123e-06, "seed": 1234, "sr": 0.020006202812672045}}