{"returned_dict": {"loss": 0.004043525532760863, "r2": 0.9995183936699306, "status": "ok", "start_time": 1698381643.192394, "duration": 2.577357053756714}, "current_params": {"N": 500, "iss": 0.562902674279726, "lr": 0.08451910338656304, "ridge": 2.98495308723598e-07, "seed": 1234, "sr": 0.020489195252075855}}