{"returned_dict": {"loss": 0.007323842035069014, "r2": 0.9989181066555863, "status": "ok", "start_time": 1699183264.244075, "duration": 1.9758358001708984}, "current_params": {"N": 500, "iss": 0.8161326333926638, "lr": 0.07816106311699304, "ridge": 7.358885705656805e-05, "seed": 1234, "sr": 0.8542795536342308}}