{"returned_dict": {"loss": 0.009363236715850693, "r2": 0.9949982566038614, "status": "ok", "start_time": 1699175791.086286, "duration": 1.9216070175170898}, "current_params": {"N": 500, "iss": 0.9135989958833419, "lr": 0.4700604405485768, "ridge": 5.192783797391785e-07, "seed": 1234, "sr": 0.02684390359598015}}