{"returned_dict": {"loss": 0.007272348833040728, "r2": 0.9984563508415003, "status": "ok", "start_time": 1698381168.466864, "duration": 1.9296658039093018}, "current_params": {"N": 500, "iss": 0.9492451986094536, "lr": 0.012192269780560696, "ridge": 1.0355816851799808e-08, "seed": 1234, "sr": 0.03438139057492874}}