{"returned_dict": {"loss": 0.0009835420925058652, "r2": 0.9999804295151389, "status": "ok", "start_time": 1699177577.271539, "duration": 1.7834320068359375}, "current_params": {"N": 500, "iss": 0.059936189081400526, "lr": 0.38264094967620654, "ridge": 1.8102732550311867e-05, "seed": 1234, "sr": 0.07966435869333038}}