{"returned_dict": {"loss": 0.003632727014778049, "r2": 0.9995345210535144, "status": "ok", "start_time": 1699184162.8251278, "duration": 1.76450514793396}, "current_params": {"N": 500, "iss": 0.9903777479356254, "lr": 0.1894882305034404, "ridge": 0.004636302559142713, "seed": 1234, "sr": 1.9577985037865835}}