{"returned_dict": {"loss": 0.007300868009388727, "r2": 0.9984446449618035, "status": "ok", "start_time": 1698381727.639152, "duration": 1.8915300369262695}, "current_params": {"N": 500, "iss": 0.4497287205163476, "lr": 0.009807938072620976, "ridge": 6.297475344208429e-09, "seed": 1234, "sr": 0.05016138018026818}}