{"returned_dict": {"loss": 0.0004043763055237171, "r2": 0.999995190169057, "status": "ok", "start_time": 1698381795.965462, "duration": 2.010989189147949}, "current_params": {"N": 500, "iss": 0.9243526866471957, "lr": 0.1542815995343576, "ridge": 8.50499153424126e-08, "seed": 1234, "sr": 1.7459748086870097}}