{"returned_dict": {"loss": 0.006009914671719549, "r2": 0.998855236056142, "status": "ok", "start_time": 1698383671.539079, "duration": 2.045595169067383}, "current_params": {"N": 500, "iss": 0.8493027570387159, "lr": 0.08352474609695261, "ridge": 1.2092867049259064e-08, "seed": 1234, "sr": 0.1521671071513882}}