{"returned_dict": {"loss": 0.006139971016865105, "r2": 0.9988055765086372, "status": "ok", "start_time": 1699239061.666473, "duration": 2.2862541675567627}, "current_params": {"N": 500, "iss": 0.23999648673506557, "lr": 0.14755529525122685, "ridge": 2.191167299174609e-09, "seed": 1234, "sr": 0.023462246374277934}}