{"returned_dict": {"loss": 0.0056113063308851465, "r2": 0.9990024873419999, "status": "ok", "start_time": 1698383469.666358, "duration": 2.124581813812256}, "current_params": {"N": 500, "iss": 0.2298357960090034, "lr": 0.8472268156639914, "ridge": 9.801931216645321e-05, "seed": 1234, "sr": 0.2197712027474747}}