{"returned_dict": {"loss": 0.0023868674262608335, "r2": 0.9998211965224629, "status": "ok", "start_time": 1699170333.6457212, "duration": 1.8551838397979736}, "current_params": {"N": 500, "iss": 0.2298357960090034, "lr": 0.8472268156639914, "ridge": 9.801931216645321e-05, "seed": 1234, "sr": 0.2197712027474747}}