{"returned_dict": {"loss": 0.019396223837531205, "r2": 0.907259313930019, "status": "ok", "start_time": 1699186325.499871, "duration": 1.931208848953247}, "current_params": {"N": 500, "iss": 0.8493027570387159, "lr": 0.08352474609695261, "ridge": 1.2092867049259064e-08, "seed": 1234, "sr": 0.1521671071513882}}