{"returned_dict": {"loss": 0.013469720241986088, "r2": 0.988946574775495, "status": "ok", "start_time": 1698883552.256799, "duration": 1.8834481239318848}, "current_params": {"N": 500, "iss": 0.12355157400567263, "lr": 0.35065431611638176, "ridge": 0.00016882662561943463, "seed": 1234, "sr": 0.011739026780685318}}