{"returned_dict": {"loss": 0.01598193933970582, "r2": 0.9822504406856627, "status": "ok", "start_time": 1698883491.862637, "duration": 1.9241070747375488}, "current_params": {"N": 500, "iss": 0.15717970056189712, "lr": 0.07128243944571559, "ridge": 3.2781375924716163e-09, "seed": 1234, "sr": 0.027598683234115115}}