{"returned_dict": {"loss": 0.019654496826816262, "r2": 0.9878675766356713, "status": "ok", "start_time": 1699096496.546205, "duration": 2.0178349018096924}, "current_params": {"N": 500, "iss": 0.2752328727257135, "lr": 0.062196381712238125, "ridge": 0.0015831477712927589, "seed": 1234, "sr": 0.011423076308344373}}