{"returned_dict": {"loss": 0.014257931765852445, "r2": 0.9935593177260517, "status": "ok", "start_time": 1698382975.591533, "duration": 2.0034499168395996}, "current_params": {"N": 500, "iss": 0.3648171195318186, "lr": 0.06815247173845063, "ridge": 0.004137027458330782, "seed": 1234, "sr": 0.0440605775382449}}