{"returned_dict": {"loss": 0.012527288262572317, "r2": 0.9933663885000792, "status": "ok", "start_time": 1699172048.4635148, "duration": 1.830634355545044}, "current_params": {"N": 500, "iss": 0.21686967585707428, "lr": 0.06719120770962762, "ridge": 0.00012890720812140736, "seed": 1234, "sr": 0.07071032186253305}}