{"returned_dict": {"loss": 0.013893094166685709, "r2": 0.9943676651727912, "status": "ok", "start_time": 1698380835.2937448, "duration": 1.8365871906280518}, "current_params": {"N": 500, "iss": 0.51533056692996, "lr": 0.034790822993190244, "ridge": 0.006492379836402213, "seed": 1234, "sr": 0.2237449778907503}}