{"returned_dict": {"loss": 0.018379959321570636, "r2": 0.9892917081619843, "status": "ok", "start_time": 1698382877.383966, "duration": 2.04256010055542}, "current_params": {"N": 500, "iss": 0.21496591135483278, "lr": 0.012213382575706427, "ridge": 4.430275039678582e-08, "seed": 1234, "sr": 0.015767522293681297}}