{"returned_dict": {"loss": 0.010541659359973102, "r2": 0.9936157949193557, "status": "ok", "start_time": 1699175535.888918, "duration": 1.9097270965576172}, "current_params": {"N": 500, "iss": 0.33697973924510827, "lr": 0.17543139583076806, "ridge": 0.0006465876818538902, "seed": 1234, "sr": 0.015590519612759524}}