{"returned_dict": {"loss": 0.019022167727911075, "r2": 0.9933437407896134, "status": "ok", "start_time": 1699095365.934582, "duration": 2.230987071990967}, "current_params": {"N": 500, "iss": 0.5287332640862811, "lr": 0.20878183455914587, "ridge": 8.070436813924713e-08, "seed": 1234, "sr": 0.02857977758285706}}