{"returned_dict": {"loss": 0.011204726291021686, "r2": 0.9960225823865069, "status": "ok", "start_time": 1698383455.343675, "duration": 1.9856760501861572}, "current_params": {"N": 500, "iss": 0.21686967585707428, "lr": 0.06719120770962762, "ridge": 0.00012890720812140736, "seed": 1234, "sr": 0.07071032186253305}}