{"returned_dict": {"loss": 0.01764219508194703, "r2": 0.9867587338357993, "status": "ok", "start_time": 1699174071.732895, "duration": 2.3804001808166504}, "current_params": {"N": 500, "iss": 0.5314055739748769, "lr": 0.5869419714703692, "ridge": 2.5739572117002763e-07, "seed": 1234, "sr": 0.030264242037118992}}