{"returned_dict": {"loss": 0.013668508003182278, "r2": 0.9941368024170404, "status": "ok", "start_time": 1699170459.11425, "duration": 1.882673978805542}, "current_params": {"N": 500, "iss": 0.900126341412187, "lr": 0.6751854428024655, "ridge": 1.6359488069904826e-09, "seed": 1234, "sr": 0.050152765364070276}}