{"returned_dict": {"loss": 0.01966874942911992, "r2": 0.9779953846999597, "status": "ok", "start_time": 1698888734.254487, "duration": 1.7245488166809082}, "current_params": {"N": 500, "iss": 0.0026462177202568604, "lr": 0.021333081512378033, "ridge": 0.00025791954558242, "seed": 1234, "sr": 0.011405319213458769}}