{"returned_dict": {"loss": 0.019916161913918335, "r2": 0.992102217879154, "status": "ok", "start_time": 1699180341.6609101, "duration": 1.8632898330688477}, "current_params": {"N": 500, "iss": 0.40735440327681793, "lr": 0.27568095723189284, "ridge": 0.000462329948563324, "seed": 1234, "sr": 0.02786727306368867}}