{"returned_dict": {"loss": 0.01725237443545531, "r2": 0.9388109931380036, "status": "ok", "start_time": 1699186901.458671, "duration": 1.9887707233428955}, "current_params": {"N": 500, "iss": 0.10906298691030492, "lr": 0.9218534144690985, "ridge": 0.007620699289978396, "seed": 1234, "sr": 1.810409666530886}}