{"returned_dict": {"loss": 0.016470323818104482, "r2": 0.9914040800975474, "status": "ok", "start_time": 1698383683.957969, "duration": 2.2689599990844727}, "current_params": {"N": 500, "iss": 0.25996136073869425, "lr": 0.01122030491707982, "ridge": 8.347574467203145e-08, "seed": 1234, "sr": 0.06204230622513381}}