{"returned_dict": {"loss": 0.011146788513494038, "r2": 0.9961101455086404, "status": "ok", "start_time": 1699170390.037156, "duration": 1.7913148403167725}, "current_params": {"N": 500, "iss": 0.892885997800422, "lr": 0.49981993643396744, "ridge": 3.2585212389411373e-07, "seed": 1234, "sr": 0.13073371451589708}}