{"returned_dict": {"loss": 0.011548154724861077, "r2": 0.9973197975484437, "status": "ok", "start_time": 1699177921.381749, "duration": 1.7499110698699951}, "current_params": {"N": 500, "iss": 0.7229931611804811, "lr": 0.02801415255330273, "ridge": 3.8239824132656686e-09, "seed": 1234, "sr": 0.2090196583408564}}