{"returned_dict": {"loss": 0.01188796667160468, "r2": 0.9917113745917191, "status": "ok", "start_time": 1699175829.580825, "duration": 2.07366681098938}, "current_params": {"N": 500, "iss": 0.26934464895629684, "lr": 0.0839574815743966, "ridge": 0.003061173980554755, "seed": 1234, "sr": 0.016223651162329426}}