{"returned_dict": {"loss": 0.01636774954197048, "r2": 0.9914558605946859, "status": "ok", "start_time": 1698382756.588972, "duration": 2.067584991455078}, "current_params": {"N": 500, "iss": 0.8088601787647725, "lr": 0.010820249488204384, "ridge": 2.157571970097535e-05, "seed": 1234, "sr": 0.19935467732696538}}