{"returned_dict": {"loss": 0.01808526209494229, "r2": 0.9901547156743279, "status": "ok", "start_time": 1699184254.1439428, "duration": 1.7929270267486572}, "current_params": {"N": 500, "iss": 0.9655801894967717, "lr": 0.5494681828865383, "ridge": 2.0065307823836486e-09, "seed": 1234, "sr": 0.01418389479892628}}