{"returned_dict": {"loss": 0.011922883910463129, "r2": 0.9631777388035058, "status": "ok", "start_time": 1699186442.106793, "duration": 1.774014949798584}, "current_params": {"N": 500, "iss": 0.7681136832661768, "lr": 0.43906883802329827, "ridge": 6.060476940238121e-07, "seed": 1234, "sr": 0.7507802307193081}}