{"returned_dict": {"loss": 0.011940906561940202, "r2": 0.995480757564434, "status": "ok", "start_time": 1698382748.551141, "duration": 1.9385559558868408}, "current_params": {"N": 500, "iss": 0.6922327390139184, "lr": 0.034601111100789846, "ridge": 0.0009597922173967499, "seed": 1234, "sr": 0.17537309143779847}}