{"returned_dict": {"loss": 0.01651609572169392, "r2": 0.9918577575054144, "status": "ok", "start_time": 1699184571.503077, "duration": 2.3207221031188965}, "current_params": {"N": 500, "iss": 0.4497287205163476, "lr": 0.009807938072620976, "ridge": 6.297475344208429e-09, "seed": 1234, "sr": 0.05016138018026818}}