{"returned_dict": {"loss": 0.012319163423599044, "r2": 0.9969738135208978, "status": "ok", "start_time": 1699183140.175127, "duration": 1.9294018745422363}, "current_params": {"N": 500, "iss": 0.347012423797356, "lr": 0.09201940994765088, "ridge": 1.2655675147834042e-05, "seed": 1234, "sr": 0.03414048410383786}}