{"returned_dict": {"loss": 0.012365478307288881, "r2": 0.9951998707615529, "status": "ok", "start_time": 1699170447.9727921, "duration": 1.8184068202972412}, "current_params": {"N": 500, "iss": 0.4183352059788139, "lr": 0.7699157917998888, "ridge": 1.5491027325251184e-06, "seed": 1234, "sr": 1.9933094412983583}}