{"returned_dict": {"loss": 0.01983863991674221, "r2": 0.9920974426492174, "status": "ok", "start_time": 1699177588.0600672, "duration": 1.7693839073181152}, "current_params": {"N": 500, "iss": 0.33697973924510827, "lr": 0.17543139583076806, "ridge": 0.0006465876818538902, "seed": 1234, "sr": 0.015590519612759524}}