{"returned_dict": {"loss": 0.01689754420643859, "r2": 0.9879209094453206, "status": "ok", "start_time": 1699170686.119234, "duration": 1.874211072921753}, "current_params": {"N": 500, "iss": 0.4183352059788139, "lr": 0.7699157917998888, "ridge": 1.5491027325251184e-06, "seed": 1234, "sr": 1.9933094412983583}}