{"returned_dict": {"loss": 0.018160787915524862, "r2": 0.9169492786995134, "status": "ok", "start_time": 1699186312.641899, "duration": 1.782336950302124}, "current_params": {"N": 500, "iss": 0.9228386144334726, "lr": 0.10752060708924599, "ridge": 1.1106829899616503e-06, "seed": 1234, "sr": 0.3157133897830133}}