{"returned_dict": {"loss": 0.01845191541864057, "r2": 0.9855969504022934, "status": "ok", "start_time": 1699183935.80961, "duration": 1.839738130569458}, "current_params": {"N": 500, "iss": 0.5458161363201689, "lr": 0.1927391235133893, "ridge": 3.4731611050513896e-08, "seed": 1234, "sr": 0.017275455370965257}}