{"returned_dict": {"loss": 0.014482569404148216, "r2": 0.9860512258361007, "status": "ok", "start_time": 1698888627.787216, "duration": 1.7144150733947754}, "current_params": {"N": 500, "iss": 0.006972115376929322, "lr": 0.012836594720886324, "ridge": 1.4561222069260244e-09, "seed": 1234, "sr": 0.7794764412014389}}