{"returned_dict": {"loss": 0.011548708218103332, "r2": 0.995741006786076, "status": "ok", "start_time": 1698383793.4795442, "duration": 2.1544556617736816}, "current_params": {"N": 500, "iss": 0.6381446788022263, "lr": 0.011295567117425407, "ridge": 7.933169942060012e-08, "seed": 1234, "sr": 0.20877503732087163}}