{"returned_dict": {"loss": 0.0156273950516199, "r2": 0.995138714556575, "status": "ok", "start_time": 1699182065.5476632, "duration": 1.909045934677124}, "current_params": {"N": 500, "iss": 0.5458161363201689, "lr": 0.1927391235133893, "ridge": 3.4731611050513896e-08, "seed": 1234, "sr": 0.017275455370965257}}