{"returned_dict": {"loss": 0.014016995051208117, "r2": 0.9937743101881953, "status": "ok", "start_time": 1698383711.326079, "duration": 2.240389108657837}, "current_params": {"N": 500, "iss": 0.9526407636866457, "lr": 0.03942187518677715, "ridge": 0.00016087888046694687, "seed": 1234, "sr": 0.03600276409094316}}