{"returned_dict": {"loss": 0.02088291754106573, "r2": 0.9815531192352474, "status": "ok", "start_time": 1699174965.0071838, "duration": 1.8522732257843018}, "current_params": {"N": 500, "iss": 0.33697973924510827, "lr": 0.17543139583076806, "ridge": 0.0006465876818538902, "seed": 1234, "sr": 0.015590519612759524}}