{"returned_dict": {"loss": 0.025105788561921482, "r2": 0.9877907761164441, "status": "ok", "start_time": 1699177180.1657221, "duration": 1.9235436916351318}, "current_params": {"N": 500, "iss": 0.25996136073869425, "lr": 0.01122030491707982, "ridge": 8.347574467203145e-08, "seed": 1234, "sr": 0.06204230622513381}}