{"returned_dict": {"loss": 0.025729003197446993, "r2": 0.9585304218613057, "status": "ok", "start_time": 1698895271.560999, "duration": 1.8740360736846924}, "current_params": {"N": 500, "iss": 0.18640085674470974, "lr": 0.008316425906674767, "ridge": 3.822116394355239e-05, "seed": 1234, "sr": 0.02745813794912951}}