{"returned_dict": {"loss": 0.02026205503224586, "r2": 0.9924341897193454, "status": "ok", "start_time": 1699095525.687924, "duration": 1.892883062362671}, "current_params": {"N": 500, "iss": 0.3829699328467736, "lr": 0.026695530015763223, "ridge": 3.993947976599462e-07, "seed": 1234, "sr": 0.013649509767262393}}