{"returned_dict": {"loss": 0.021621851874255454, "r2": 0.9718662883280617, "status": "ok", "start_time": 1698888636.4363, "duration": 1.7228219509124756}, "current_params": {"N": 500, "iss": 0.22844120631577203, "lr": 0.5068843153791186, "ridge": 1.748641447561754e-09, "seed": 1234, "sr": 1.2556711601352721}}