{"returned_dict": {"loss": 0.02095623465743957, "r2": 0.9860556954831616, "status": "ok", "start_time": 1698382632.46732, "duration": 1.9543190002441406}, "current_params": {"N": 500, "iss": 0.9326851510627013, "lr": 0.01313978174667569, "ridge": 0.0007520446577387131, "seed": 1234, "sr": 0.18658183701753261}}