{"returned_dict": {"loss": 0.021424200907814734, "r2": 0.9908592358159908, "status": "ok", "start_time": 1699184486.682833, "duration": 2.2278151512145996}, "current_params": {"N": 500, "iss": 0.44727779774125975, "lr": 0.36822455888750405, "ridge": 0.0002215397496700079, "seed": 1234, "sr": 0.02348225301745763}}