{"returned_dict": {"loss": 0.02190787083337789, "r2": 0.9796635444547427, "status": "ok", "start_time": 1699172275.8801122, "duration": 1.7932159900665283}, "current_params": {"N": 500, "iss": 0.46362690696575914, "lr": 0.1556591544481278, "ridge": 0.0003537494244538186, "seed": 1234, "sr": 0.05298748174805132}}