{"returned_dict": {"loss": 0.029108034701307836, "r2": 0.972853190604821, "status": "ok", "start_time": 1699238954.850257, "duration": 1.8214492797851562}, "current_params": {"N": 500, "iss": 0.10044612037411704, "lr": 0.07898613150169653, "ridge": 0.005230035728447981, "seed": 1234, "sr": 0.03524277949039688}}