{"returned_dict": {"loss": 0.027280160824093357, "r2": 0.9850858748511356, "status": "ok", "start_time": 1699177856.861263, "duration": 1.7861669063568115}, "current_params": {"N": 500, "iss": 0.5619647530716958, "lr": 0.12251552188440552, "ridge": 0.00013569741429282753, "seed": 1234, "sr": 0.020788245498133077}}