{"returned_dict": {"loss": 0.02389785769512, "r2": 0.9653915317470968, "status": "ok", "start_time": 1698888568.178996, "duration": 1.7776119709014893}, "current_params": {"N": 500, "iss": 0.15716834911966804, "lr": 0.8156304946175557, "ridge": 4.290374941230941e-08, "seed": 1234, "sr": 1.0385323042151453}}