{"returned_dict": {"loss": 0.02818352497835219, "r2": 0.9840810396407692, "status": "ok", "start_time": 1699177912.461748, "duration": 1.8102610111236572}, "current_params": {"N": 500, "iss": 0.9022140321763757, "lr": 0.28243759923765877, "ridge": 6.331779330149328e-07, "seed": 1234, "sr": 0.014132040674737733}}