{"returned_dict": {"loss": 0.029462526679169737, "r2": 0.9633566336728681, "status": "ok", "start_time": 1699170887.244204, "duration": 1.8449218273162842}, "current_params": {"N": 500, "iss": 0.3648171195318186, "lr": 0.06815247173845063, "ridge": 0.004137027458330782, "seed": 1234, "sr": 0.0440605775382449}}