{"returned_dict": {"loss": 0.027088965689156013, "r2": 0.9786262174148398, "status": "ok", "start_time": 1698381077.080409, "duration": 2.2070348262786865}, "current_params": {"N": 500, "iss": 0.2752328727257135, "lr": 0.062196381712238125, "ridge": 0.0015831477712927589, "seed": 1234, "sr": 0.011423076308344373}}