{"returned_dict": {"loss": 0.023117550373613446, "r2": 0.9840515825738246, "status": "ok", "start_time": 1699184843.031872, "duration": 2.3286120891571045}, "current_params": {"N": 500, "iss": 0.9252782203468204, "lr": 0.026818040062708853, "ridge": 7.673078281627973e-07, "seed": 1234, "sr": 0.08930926502440488}}