{"returned_dict": {"loss": 0.0282225272434132, "r2": 0.9663807793741356, "status": "ok", "start_time": 1699174691.940786, "duration": 1.846506118774414}, "current_params": {"N": 500, "iss": 0.26934464895629684, "lr": 0.0839574815743966, "ridge": 0.003061173980554755, "seed": 1234, "sr": 0.016223651162329426}}