{"returned_dict": {"loss": 0.026683467249902438, "r2": 0.9589993488657654, "status": "ok", "start_time": 1698883579.369814, "duration": 1.9027259349822998}, "current_params": {"N": 500, "iss": 0.2841990386572327, "lr": 0.4297960808148079, "ridge": 3.4827616605209123e-06, "seed": 1234, "sr": 0.020006202812672045}}