{"returned_dict": {"loss": 0.024219863283676816, "r2": 0.96546884513719, "status": "ok", "start_time": 1698895514.456249, "duration": 1.8556499481201172}, "current_params": {"N": 500, "iss": 0.26934464895629684, "lr": 0.0839574815743966, "ridge": 0.003061173980554755, "seed": 1234, "sr": 0.016223651162329426}}