{"returned_dict": {"loss": 0.027277685531235243, "r2": 0.8171170520246113, "status": "ok", "start_time": 1699186443.887089, "duration": 1.828942060470581}, "current_params": {"N": 500, "iss": 0.9212495214371952, "lr": 0.03495869536083056, "ridge": 2.408236190196766e-05, "seed": 1234, "sr": 0.01769587598402526}}