{"returned_dict": {"loss": 0.0201429209817002, "r2": 0.9918591050710924, "status": "ok", "start_time": 1699176653.3810701, "duration": 1.9121558666229248}, "current_params": {"N": 500, "iss": 0.3829699328467736, "lr": 0.026695530015763223, "ridge": 3.993947976599462e-07, "seed": 1234, "sr": 0.013649509767262393}}