{"returned_dict": {"loss": 0.02571726110227258, "r2": 0.9868253612096752, "status": "ok", "start_time": 1699182108.4296699, "duration": 1.9667351245880127}, "current_params": {"N": 500, "iss": 0.6381446788022263, "lr": 0.011295567117425407, "ridge": 7.933169942060012e-08, "seed": 1234, "sr": 0.20877503732087163}}