{"returned_dict": {"loss": 0.021389700566295026, "r2": 0.9738481161891466, "status": "ok", "start_time": 1699175873.135514, "duration": 1.8957488536834717}, "current_params": {"N": 500, "iss": 0.9212495214371952, "lr": 0.03495869536083056, "ridge": 2.408236190196766e-05, "seed": 1234, "sr": 0.01769587598402526}}