{"returned_dict": {"loss": 0.02551638572676813, "r2": 0.97699099375177, "status": "ok", "start_time": 1699095436.482031, "duration": 2.2976269721984863}, "current_params": {"N": 500, "iss": 0.3648171195318186, "lr": 0.06815247173845063, "ridge": 0.004137027458330782, "seed": 1234, "sr": 0.0440605775382449}}