{"returned_dict": {"loss": 0.02517812292313479, "r2": 0.9809880781717366, "status": "ok", "start_time": 1699184672.798466, "duration": 2.4733798503875732}, "current_params": {"N": 500, "iss": 0.1123239562263062, "lr": 0.0017394860367737678, "ridge": 8.18392101434674e-09, "seed": 1234, "sr": 0.05019484139736029}}