{"returned_dict": {"loss": 0.022322694725829557, "r2": 0.9789282712583068, "status": "ok", "start_time": 1699184959.773317, "duration": 1.9706897735595703}, "current_params": {"N": 500, "iss": 0.44727779774125975, "lr": 0.36822455888750405, "ridge": 0.0002215397496700079, "seed": 1234, "sr": 0.02348225301745763}}