{"returned_dict": {"loss": 0.025547058280302713, "r2": 0.9878108180818499, "status": "ok", "start_time": 1699177301.3871, "duration": 1.8668971061706543}, "current_params": {"N": 500, "iss": 0.3945156093805232, "lr": 0.015128007637960973, "ridge": 3.182563639108543e-06, "seed": 1234, "sr": 0.012260384608014823}}