{"returned_dict": {"loss": 0.022895717862112377, "r2": 0.9903333569106673, "status": "ok", "start_time": 1699095236.990187, "duration": 2.179888963699341}, "current_params": {"N": 500, "iss": 0.4965873842307338, "lr": 0.31430549026306187, "ridge": 0.00024733891965125694, "seed": 1234, "sr": 0.09169361093299348}}