{"returned_dict": {"loss": 0.02098145629141157, "r2": 0.9857961747265382, "status": "ok", "start_time": 1698382923.058431, "duration": 2.041823148727417}, "current_params": {"N": 500, "iss": 0.26089228108771545, "lr": 0.004924674001327178, "ridge": 2.381485979423505e-09, "seed": 1234, "sr": 0.28962112677540436}}