{"returned_dict": {"loss": 0.022414029453737463, "r2": 0.985002015553837, "status": "ok", "start_time": 1699184833.535739, "duration": 2.3342928886413574}, "current_params": {"N": 500, "iss": 0.9022140321763757, "lr": 0.28243759923765877, "ridge": 6.331779330149328e-07, "seed": 1234, "sr": 0.014132040674737733}}