{"returned_dict": {"loss": 0.021870514442267387, "r2": 0.9903105915659536, "status": "ok", "start_time": 1699177725.877293, "duration": 1.7710857391357422}, "current_params": {"N": 500, "iss": 0.4497287205163476, "lr": 0.009807938072620976, "ridge": 6.297475344208429e-09, "seed": 1234, "sr": 0.05016138018026818}}