{"returned_dict": {"loss": 0.023874836878713158, "r2": 0.8597092884284292, "status": "ok", "start_time": 1699186337.0643892, "duration": 1.7933907508850098}, "current_params": {"N": 500, "iss": 0.25996136073869425, "lr": 0.01122030491707982, "ridge": 8.347574467203145e-08, "seed": 1234, "sr": 0.06204230622513381}}