{"returned_dict": {"loss": 0.028350310547133398, "r2": 0.9530380868037577, "status": "ok", "start_time": 1698885122.587692, "duration": 1.8905830383300781}, "current_params": {"N": 500, "iss": 0.46362690696575914, "lr": 0.1556591544481278, "ridge": 0.0003537494244538186, "seed": 1234, "sr": 0.05298748174805132}}