{"returned_dict": {"loss": 0.027301038772582303, "r2": 0.9851595231787563, "status": "ok", "start_time": 1699176587.510062, "duration": 2.025667905807495}, "current_params": {"N": 500, "iss": 0.5619647530716958, "lr": 0.12251552188440552, "ridge": 0.00013569741429282753, "seed": 1234, "sr": 0.020788245498133077}}