{"returned_dict": {"loss": 0.027326498855842356, "r2": 0.9782669820270113, "status": "ok", "start_time": 1698381128.908622, "duration": 1.881701946258545}, "current_params": {"N": 500, "iss": 0.5879201405915621, "lr": 0.017942623962965615, "ridge": 0.003711472688952436, "seed": 1234, "sr": 0.10149855100477383}}