{"returned_dict": {"loss": 0.024411303976307794, "r2": 0.9658893882870349, "status": "ok", "start_time": 1699175793.0121841, "duration": 2.0091447830200195}, "current_params": {"N": 500, "iss": 0.735910449821011, "lr": 0.03687802163588743, "ridge": 0.0019711206562567562, "seed": 1234, "sr": 0.04328771757628488}}