{"returned_dict": {"loss": 0.02105532366073311, "r2": 0.9870885441890529, "status": "ok", "start_time": 1698381061.6279302, "duration": 1.888685703277588}, "current_params": {"N": 500, "iss": 0.21496591135483278, "lr": 0.012213382575706427, "ridge": 4.430275039678582e-08, "seed": 1234, "sr": 0.015767522293681297}}