{"returned_dict": {"loss": 0.028025142025423378, "r2": 0.9666272796690372, "status": "ok", "start_time": 1699175204.423657, "duration": 1.8872110843658447}, "current_params": {"N": 500, "iss": 0.794303432239716, "lr": 0.7725304602957936, "ridge": 1.3376623261071025e-07, "seed": 1234, "sr": 0.026191894186955052}}