{"returned_dict": {"loss": 0.02107277442350147, "r2": 0.9867429255697568, "status": "ok", "start_time": 1699184754.7932742, "duration": 2.4618828296661377}, "current_params": {"N": 500, "iss": 0.5619647530716958, "lr": 0.12251552188440552, "ridge": 0.00013569741429282753, "seed": 1234, "sr": 0.020788245498133077}}