{"returned_dict": {"loss": 0.020068766242659773, "r2": 0.9769962884926952, "status": "ok", "start_time": 1699175682.212505, "duration": 1.990461826324463}, "current_params": {"N": 500, "iss": 0.8088601787647725, "lr": 0.010820249488204384, "ridge": 2.157571970097535e-05, "seed": 1234, "sr": 0.19935467732696538}}