{"returned_dict": {"loss": 0.025139734974698274, "r2": 0.8691763235544959, "status": "ok", "start_time": 1699186905.2527611, "duration": 1.9462478160858154}, "current_params": {"N": 500, "iss": 0.8493027570387159, "lr": 0.08352474609695261, "ridge": 1.2092867049259064e-08, "seed": 1234, "sr": 0.1521671071513882}}