{"returned_dict": {"loss": 0.021640034475382184, "r2": 0.9728952680083568, "status": "ok", "start_time": 1698888497.388723, "duration": 1.7537841796875}, "current_params": {"N": 500, "iss": 0.3753069435292018, "lr": 0.14684610291088665, "ridge": 1.1598652159348575e-08, "seed": 1234, "sr": 1.0993945835225667}}