{"returned_dict": {"loss": 0.02763752380235017, "r2": 0.9676896954555425, "status": "ok", "start_time": 1699170825.707789, "duration": 1.8460850715637207}, "current_params": {"N": 500, "iss": 0.5619647530716958, "lr": 0.12251552188440552, "ridge": 0.00013569741429282753, "seed": 1234, "sr": 0.020788245498133077}}