{"returned_dict": {"loss": 0.025092883909765305, "r2": 0.8375099054151508, "status": "ok", "start_time": 1699186422.009896, "duration": 1.861292839050293}, "current_params": {"N": 500, "iss": 0.8161326333926638, "lr": 0.07816106311699304, "ridge": 7.358885705656805e-05, "seed": 1234, "sr": 0.8542795536342308}}