{"returned_dict": {"loss": 0.026940270481975153, "r2": 0.9587056478710828, "status": "ok", "start_time": 1698883793.2911732, "duration": 1.8721287250518799}, "current_params": {"N": 500, "iss": 0.5619647530716958, "lr": 0.12251552188440552, "ridge": 0.00013569741429282753, "seed": 1234, "sr": 0.020788245498133077}}