{"returned_dict": {"loss": 0.029581620174176006, "r2": 0.982449120254273, "status": "ok", "start_time": 1699177899.9302442, "duration": 1.8017878532409668}, "current_params": {"N": 500, "iss": 0.6913380290583117, "lr": 0.7766456097348572, "ridge": 0.0022490571107960764, "seed": 1234, "sr": 3.382940283445415}}