{"returned_dict": {"loss": 0.03152077440108924, "r2": 0.9817350491383818, "status": "ok", "start_time": 1699095531.6542778, "duration": 1.8865861892700195}, "current_params": {"N": 500, "iss": 0.49705680256102114, "lr": 0.047125995444646136, "ridge": 0.006057640163977123, "seed": 1234, "sr": 0.02045819673305219}}