{"returned_dict": {"loss": 0.03680450121689607, "r2": 0.9595428136429586, "status": "ok", "start_time": 1699184217.7749372, "duration": 1.7519376277923584}, "current_params": {"N": 500, "iss": 0.616731567531399, "lr": 0.6954288762234999, "ridge": 0.0061302022177938354, "seed": 1234, "sr": 6.834465647289925}}