{"returned_dict": {"loss": 0.03444409408283632, "r2": 0.9623811261901709, "status": "ok", "start_time": 1698383595.099091, "duration": 2.1906850337982178}, "current_params": {"N": 500, "iss": 0.6128741432342986, "lr": 0.0015415307981808321, "ridge": 0.0004080879909316024, "seed": 1234, "sr": 0.0108079776956026}}