{"returned_dict": {"loss": 0.033410051588825214, "r2": 0.9361966198825918, "status": "ok", "start_time": 1698883606.267931, "duration": 1.950495958328247}, "current_params": {"N": 500, "iss": 0.4965873842307338, "lr": 0.31430549026306187, "ridge": 0.00024733891965125694, "seed": 1234, "sr": 0.09169361093299348}}