{"returned_dict": {"loss": 0.03405642860878499, "r2": 0.7616211025824748, "status": "ok", "start_time": 1699186950.191635, "duration": 1.809715986251831}, "current_params": {"N": 500, "iss": 0.735910449821011, "lr": 0.03687802163588743, "ridge": 0.0019711206562567562, "seed": 1234, "sr": 0.04328771757628488}}