{"returned_dict": {"loss": 0.030947331722351177, "r2": 0.9806095164946936, "status": "ok", "start_time": 1699177575.515338, "duration": 1.7518830299377441}, "current_params": {"N": 500, "iss": 0.6517423997488939, "lr": 0.4485179994925241, "ridge": 2.1919618123313223e-05, "seed": 1234, "sr": 2.76036316173383}}