{"returned_dict": {"loss": 0.03482857985878798, "r2": 0.9487734379088791, "status": "ok", "start_time": 1699172073.953413, "duration": 1.8423089981079102}, "current_params": {"N": 500, "iss": 0.51533056692996, "lr": 0.034790822993190244, "ridge": 0.006492379836402213, "seed": 1234, "sr": 0.2237449778907503}}