{"returned_dict": {"loss": 0.031551221525650854, "r2": 0.9433736740844983, "status": "ok", "start_time": 1698883488.006897, "duration": 1.9547061920166016}, "current_params": {"N": 500, "iss": 0.6517423997488939, "lr": 0.4485179994925241, "ridge": 2.1919618123313223e-05, "seed": 1234, "sr": 2.76036316173383}}