{"returned_dict": {"loss": 0.03359202964941533, "r2": 0.9787961288863842, "status": "ok", "start_time": 1699095349.0115159, "duration": 2.4074361324310303}, "current_params": {"N": 500, "iss": 0.21506092759674977, "lr": 0.0037871077443508176, "ridge": 7.866367247447239e-05, "seed": 1234, "sr": 0.01969702873562671}}