{"returned_dict": {"loss": 0.03318599411687981, "r2": 0.9657007316296125, "status": "ok", "start_time": 1699170353.65034, "duration": 1.796523094177246}, "current_params": {"N": 500, "iss": 0.8710694708540748, "lr": 0.5093800439838342, "ridge": 3.613494953765636e-08, "seed": 1234, "sr": 5.580343023547168}}