{"returned_dict": {"loss": 0.03886070100512717, "r2": 0.9549407289866493, "status": "ok", "start_time": 1699184512.971006, "duration": 2.212590217590332}, "current_params": {"N": 500, "iss": 0.28766435081673314, "lr": 0.0012105913148246156, "ridge": 1.9057127432713242e-07, "seed": 1234, "sr": 0.07964860203040938}}