{"returned_dict": {"loss": 0.03500460078712992, "r2": 0.9770800017391031, "status": "ok", "start_time": 1699095358.6000159, "duration": 2.400804042816162}, "current_params": {"N": 500, "iss": 0.8493027570387159, "lr": 0.08352474609695261, "ridge": 1.2092867049259064e-08, "seed": 1234, "sr": 0.1521671071513882}}