{"returned_dict": {"loss": 0.03022397555276902, "r2": 0.983233152892419, "status": "ok", "start_time": 1699177285.0293682, "duration": 1.8054678440093994}, "current_params": {"N": 500, "iss": 0.5879201405915621, "lr": 0.017942623962965615, "ridge": 0.003711472688952436, "seed": 1234, "sr": 0.10149855100477383}}