{"returned_dict": {"loss": 0.03992010801364509, "r2": 0.9497370208721408, "status": "ok", "start_time": 1699096520.6847832, "duration": 2.129258871078491}, "current_params": {"N": 500, "iss": 0.23999648673506557, "lr": 0.14755529525122685, "ridge": 2.191167299174609e-09, "seed": 1234, "sr": 0.023462246374277934}}