{"returned_dict": {"loss": 0.03208382612533923, "r2": 0.9793194754401773, "status": "ok", "start_time": 1699177844.25145, "duration": 1.7581608295440674}, "current_params": {"N": 500, "iss": 0.2752328727257135, "lr": 0.062196381712238125, "ridge": 0.0015831477712927589, "seed": 1234, "sr": 0.011423076308344373}}