{"returned_dict": {"loss": 0.03409303488063953, "r2": 0.9768060362853833, "status": "ok", "start_time": 1699182158.0939891, "duration": 1.9866440296173096}, "current_params": {"N": 500, "iss": 0.9492451986094536, "lr": 0.012192269780560696, "ridge": 1.0355816851799808e-08, "seed": 1234, "sr": 0.03438139057492874}}