{"returned_dict": {"loss": 0.033025860008094036, "r2": 0.9539601157872072, "status": "ok", "start_time": 1699174058.7142131, "duration": 1.8624348640441895}, "current_params": {"N": 500, "iss": 0.2752328727257135, "lr": 0.062196381712238125, "ridge": 0.0015831477712927589, "seed": 1234, "sr": 0.011423076308344373}}