{"returned_dict": {"loss": 0.03124651087969293, "r2": 0.799382005275274, "status": "ok", "start_time": 1699186968.7105012, "duration": 1.751478672027588}, "current_params": {"N": 500, "iss": 0.8091744524034417, "lr": 0.9358123326900604, "ridge": 3.7883632037985046e-08, "seed": 1234, "sr": 5.974243589442645}}