{"returned_dict": {"loss": 0.03617029643089531, "r2": 0.9447146983770306, "status": "ok", "start_time": 1699185042.44085, "duration": 1.8665869235992432}, "current_params": {"N": 500, "iss": 0.616731567531399, "lr": 0.6954288762234999, "ridge": 0.0061302022177938354, "seed": 1234, "sr": 6.834465647289925}}