{"returned_dict": {"loss": 0.03570271780498476, "r2": 0.9272676705218027, "status": "ok", "start_time": 1699175805.123168, "duration": 2.101393938064575}, "current_params": {"N": 500, "iss": 0.35807336738969764, "lr": 0.8619303140116904, "ridge": 1.0115479045381332e-07, "seed": 1234, "sr": 4.881086179748358}}