{"returned_dict": {"loss": 0.036096379906678557, "r2": 0.9620806886905208, "status": "ok", "start_time": 1698381670.9552798, "duration": 1.9151830673217773}, "current_params": {"N": 500, "iss": 0.04057815748077798, "lr": 0.048306005915739574, "ridge": 0.0009201974723122006, "seed": 1234, "sr": 1.0784585589734712}}