{"returned_dict": {"loss": 0.03998634528812526, "r2": 0.9493193324180997, "status": "ok", "start_time": 1698382674.4621189, "duration": 2.1074180603027344}, "current_params": {"N": 500, "iss": 0.6722112091210425, "lr": 0.002569219109514612, "ridge": 0.007174915864539121, "seed": 1234, "sr": 0.05675258102871899}}