{"returned_dict": {"loss": 0.03193918065144972, "r2": 0.7902779649973256, "status": "ok", "start_time": 1699186824.577756, "duration": 1.9906971454620361}, "current_params": {"N": 500, "iss": 0.616731567531399, "lr": 0.6954288762234999, "ridge": 0.0061302022177938354, "seed": 1234, "sr": 6.834465647289925}}