{"returned_dict": {"loss": 0.038547022681607986, "r2": 0.9140707102372708, "status": "ok", "start_time": 1698888704.558196, "duration": 1.7405009269714355}, "current_params": {"N": 500, "iss": 0.735910449821011, "lr": 0.03687802163588743, "ridge": 0.0019711206562567562, "seed": 1234, "sr": 0.04328771757628488}}