{"returned_dict": {"loss": 0.03689282097189012, "r2": 0.9601418502193569, "status": "ok", "start_time": 1698381771.8834481, "duration": 1.9491279125213623}, "current_params": {"N": 500, "iss": 0.10044612037411704, "lr": 0.07898613150169653, "ridge": 0.005230035728447981, "seed": 1234, "sr": 0.03524277949039688}}