{"returned_dict": {"loss": 0.03125412714517891, "r2": 0.9587424870006034, "status": "ok", "start_time": 1699174677.122768, "duration": 1.8325700759887695}, "current_params": {"N": 500, "iss": 0.8091744524034417, "lr": 0.9358123326900604, "ridge": 3.7883632037985046e-08, "seed": 1234, "sr": 5.974243589442645}}