{"returned_dict": {"loss": 0.03898122284525946, "r2": 0.9340745779327513, "status": "ok", "start_time": 1699183779.994879, "duration": 1.7870030403137207}, "current_params": {"N": 500, "iss": 0.7714539695031645, "lr": 0.16766766519886953, "ridge": 1.2968971939683203e-07, "seed": 1234, "sr": 0.28327116807958513}}