{"returned_dict": {"loss": 0.03226479979881745, "r2": 0.9668982093945754, "status": "ok", "start_time": 1699096256.297514, "duration": 1.9898309707641602}, "current_params": {"N": 500, "iss": 0.18640085674470974, "lr": 0.008316425906674767, "ridge": 3.822116394355239e-05, "seed": 1234, "sr": 0.02745813794912951}}