{"returned_dict": {"loss": 0.03166029579164047, "r2": 0.9799890387034423, "status": "ok", "start_time": 1699182067.4617012, "duration": 1.9231438636779785}, "current_params": {"N": 500, "iss": 0.2752328727257135, "lr": 0.062196381712238125, "ridge": 0.0015831477712927589, "seed": 1234, "sr": 0.011423076308344373}}