{"returned_dict": {"loss": 0.034516761946012865, "r2": 0.9259340085103066, "status": "ok", "start_time": 1698888804.7705338, "duration": 1.777395248413086}, "current_params": {"N": 500, "iss": 0.49705680256102114, "lr": 0.047125995444646136, "ridge": 0.006057640163977123, "seed": 1234, "sr": 0.02045819673305219}}