{"returned_dict": {"loss": 0.03837363719101162, "r2": 0.9561154847363668, "status": "ok", "start_time": 1699184702.558686, "duration": 2.6071410179138184}, "current_params": {"N": 500, "iss": 0.735910449821011, "lr": 0.03687802163588743, "ridge": 0.0019711206562567562, "seed": 1234, "sr": 0.04328771757628488}}