{"returned_dict": {"loss": 0.03213418193899636, "r2": 0.941452621508024, "status": "ok", "start_time": 1698883624.0843751, "duration": 2.001046895980835}, "current_params": {"N": 500, "iss": 0.616731567531399, "lr": 0.6954288762234999, "ridge": 0.0061302022177938354, "seed": 1234, "sr": 6.834465647289925}}