{"returned_dict": {"loss": 0.033800977674564935, "r2": 0.9517333203826844, "status": "ok", "start_time": 1699185114.366164, "duration": 1.933990240097046}, "current_params": {"N": 500, "iss": 0.6914803299511233, "lr": 0.4989873629451257, "ridge": 0.0009024714119816998, "seed": 1234, "sr": 0.014411455273543402}}