{"returned_dict": {"loss": 0.04208058249071311, "r2": 0.9674704931535395, "status": "ok", "start_time": 1699177089.04247, "duration": 1.9248039722442627}, "current_params": {"N": 500, "iss": 0.616731567531399, "lr": 0.6954288762234999, "ridge": 0.0061302022177938354, "seed": 1234, "sr": 6.834465647289925}}