{"returned_dict": {"loss": 0.04178228510274854, "r2": 0.9477964411718601, "status": "ok", "start_time": 1699184267.007384, "duration": 1.7935869693756104}, "current_params": {"N": 500, "iss": 0.20923040118546266, "lr": 0.0077355403142878795, "ridge": 0.0023425261581026765, "seed": 1234, "sr": 0.026761175701104346}}