{"returned_dict": {"loss": 0.048558511241385736, "r2": 0.9313737906094054, "status": "ok", "start_time": 1698381900.7957, "duration": 2.2102110385894775}, "current_params": {"N": 500, "iss": 0.6722112091210425, "lr": 0.002569219109514612, "ridge": 0.007174915864539121, "seed": 1234, "sr": 0.05675258102871899}}