{"returned_dict": {"loss": 0.04261817255605451, "r2": 0.9156232131357523, "status": "ok", "start_time": 1699175048.094246, "duration": 1.8798131942749023}, "current_params": {"N": 500, "iss": 0.9120267528405163, "lr": 0.10377622163746929, "ridge": 0.0009493042476638647, "seed": 1234, "sr": 1.1747727724200443}}