{"returned_dict": {"loss": 0.047247432729438675, "r2": 0.9291682599976187, "status": "ok", "start_time": 1698383631.167062, "duration": 1.9783878326416016}, "current_params": {"N": 500, "iss": 0.3158924367205628, "lr": 0.0016930941327325617, "ridge": 0.0006969765320479288, "seed": 1234, "sr": 0.22191193501289097}}