{"returned_dict": {"loss": 0.04830515407638548, "r2": 0.9571213206926484, "status": "ok", "start_time": 1699177210.383907, "duration": 1.7617018222808838}, "current_params": {"N": 500, "iss": 0.975796083487275, "lr": 0.36345335286724006, "ridge": 3.344756996651249e-07, "seed": 1234, "sr": 3.928074544493676}}