{"returned_dict": {"loss": 0.04165493125411245, "r2": 0.9448238699899371, "status": "ok", "start_time": 1698382951.394547, "duration": 2.01633882522583}, "current_params": {"N": 500, "iss": 0.550070835811614, "lr": 0.005273335540171085, "ridge": 5.04991308123115e-09, "seed": 1234, "sr": 0.39936841111501603}}