{"returned_dict": {"loss": 0.049272151987877766, "r2": 0.9513300246051895, "status": "ok", "start_time": 1699177858.6535838, "duration": 1.7685801982879639}, "current_params": {"N": 500, "iss": 0.629186932886679, "lr": 0.9385365458738638, "ridge": 4.279595777669173e-09, "seed": 1234, "sr": 7.567304757039052}}