{"returned_dict": {"loss": 0.044292683971788926, "r2": 0.9428820634229682, "status": "ok", "start_time": 1698381990.8300748, "duration": 2.1055972576141357}, "current_params": {"N": 500, "iss": 0.5323854646527727, "lr": 0.003573156992234659, "ridge": 0.0008903885178857998, "seed": 1234, "sr": 0.015928787718820343}}