{"returned_dict": {"loss": 0.04741391030181863, "r2": 0.9287326163035216, "status": "ok", "start_time": 1698383795.636134, "duration": 2.0368480682373047}, "current_params": {"N": 500, "iss": 0.6743270588841205, "lr": 0.0014402248070585332, "ridge": 0.0006137812121664229, "seed": 1234, "sr": 0.3554664959628415}}