{"returned_dict": {"loss": 0.04358157685640579, "r2": 0.9196305522215668, "status": "ok", "start_time": 1699184955.830941, "duration": 1.9931812286376953}, "current_params": {"N": 500, "iss": 0.08315064051214127, "lr": 0.934961690273177, "ridge": 1.4389924675211044e-08, "seed": 1234, "sr": 2.4229663969229636}}