{"returned_dict": {"loss": 0.04303217513185822, "r2": 0.9628686742197735, "status": "ok", "start_time": 1699177811.92417, "duration": 1.8738138675689697}, "current_params": {"N": 500, "iss": 0.9526407636866457, "lr": 0.03942187518677715, "ridge": 0.00016087888046694687, "seed": 1234, "sr": 0.03600276409094316}}