{"returned_dict": {"loss": 0.040986728156969125, "r2": 0.9020519714163683, "status": "ok", "start_time": 1698888624.37025, "duration": 1.6921038627624512}, "current_params": {"N": 500, "iss": 0.17176002567391113, "lr": 0.22199089728115365, "ridge": 0.0006020999816891316, "seed": 1234, "sr": 2.0711751271159318}}