{"returned_dict": {"loss": 0.04465021053424481, "r2": 0.9153371807275074, "status": "ok", "start_time": 1699172332.822, "duration": 1.8741960525512695}, "current_params": {"N": 500, "iss": 0.8161326333926638, "lr": 0.07816106311699304, "ridge": 7.358885705656805e-05, "seed": 1234, "sr": 0.8542795536342308}}