{"returned_dict": {"loss": 0.04589364047297679, "r2": 0.8801149213364589, "status": "ok", "start_time": 1698883519.430754, "duration": 1.918431043624878}, "current_params": {"N": 500, "iss": 0.451625695847095, "lr": 0.2824777807824228, "ridge": 0.0004995561065461233, "seed": 1234, "sr": 4.434072756135233}}