{"returned_dict": {"loss": 0.04703775006929881, "r2": 0.9355580337983382, "status": "ok", "start_time": 1698381972.7661371, "duration": 2.17215895652771}, "current_params": {"N": 500, "iss": 0.6128741432342986, "lr": 0.0015415307981808321, "ridge": 0.0004080879909316024, "seed": 1234, "sr": 0.0108079776956026}}