{"returned_dict": {"loss": 0.04008869295157507, "r2": 0.9320403366430927, "status": "ok", "start_time": 1699185585.14043, "duration": 1.911870002746582}, "current_params": {"N": 500, "iss": 0.4893385543018618, "lr": 0.02143015081924661, "ridge": 1.1102605111730034e-05, "seed": 1234, "sr": 0.02572013644212619}}