{"returned_dict": {"loss": 0.04069029782731624, "r2": 0.9474912364152633, "status": "ok", "start_time": 1698382616.3485088, "duration": 1.9825143814086914}, "current_params": {"N": 500, "iss": 0.9739479466464522, "lr": 0.0011253563603354569, "ridge": 0.0021883735119396686, "seed": 1234, "sr": 0.04981749804245153}}