{"returned_dict": {"loss": 0.046792831983787926, "r2": 0.930932662660242, "status": "ok", "start_time": 1699096379.718294, "duration": 1.963949203491211}, "current_params": {"N": 500, "iss": 0.17176002567391113, "lr": 0.22199089728115365, "ridge": 0.0006020999816891316, "seed": 1234, "sr": 2.0711751271159318}}