{"returned_dict": {"loss": 0.049396791104860206, "r2": 0.8609725084025511, "status": "ok", "start_time": 1698885225.196152, "duration": 2.1224780082702637}, "current_params": {"N": 500, "iss": 0.6062643158179813, "lr": 0.48657161636196294, "ridge": 0.00019371347794085468, "seed": 1234, "sr": 1.3671630828846324}}