{"returned_dict": {"loss": 0.048440074261456974, "r2": 0.9569005129730179, "status": "ok", "start_time": 1699095370.3274481, "duration": 2.2542099952697754}, "current_params": {"N": 500, "iss": 0.4503628369957513, "lr": 0.03709140133925175, "ridge": 2.6234435504939386e-09, "seed": 1234, "sr": 1.665278509291293}}