{"returned_dict": {"loss": 0.04755622749170193, "r2": 0.9200291735578459, "status": "ok", "start_time": 1699095307.244586, "duration": 2.4135329723358154}, "current_params": {"N": 500, "iss": 0.975796083487275, "lr": 0.36345335286724006, "ridge": 3.344756996651249e-07, "seed": 1234, "sr": 3.928074544493676}}