{"returned_dict": {"loss": 0.04718870542797662, "r2": 0.9059786888672313, "status": "ok", "start_time": 1699174732.650789, "duration": 1.859112024307251}, "current_params": {"N": 500, "iss": 0.9212495214371952, "lr": 0.03495869536083056, "ridge": 2.408236190196766e-05, "seed": 1234, "sr": 0.01769587598402526}}