{"returned_dict": {"loss": 0.046839081354307525, "r2": 0.9306073474905228, "status": "ok", "start_time": 1699096355.7852218, "duration": 1.977196216583252}, "current_params": {"N": 500, "iss": 0.6922327390139184, "lr": 0.034601111100789846, "ridge": 0.0009597922173967499, "seed": 1234, "sr": 0.17537309143779847}}