{"returned_dict": {"loss": 0.04469415241000376, "r2": 0.9376015713062218, "status": "ok", "start_time": 1699096578.8293571, "duration": 2.1746296882629395}, "current_params": {"N": 500, "iss": 0.3829699328467736, "lr": 0.026695530015763223, "ridge": 3.993947976599462e-07, "seed": 1234, "sr": 0.013649509767262393}}