{"returned_dict": {"loss": 0.0416960051927335, "r2": 0.9679968555287086, "status": "ok", "start_time": 1699095533.544064, "duration": 1.8973920345306396}, "current_params": {"N": 500, "iss": 0.9492451986094536, "lr": 0.012192269780560696, "ridge": 1.0355816851799808e-08, "seed": 1234, "sr": 0.03438139057492874}}