{"returned_dict": {"loss": 0.04512288648273807, "r2": 0.9594795417933315, "status": "ok", "start_time": 1699180373.3560169, "duration": 1.822707176208496}, "current_params": {"N": 500, "iss": 0.134697453845536, "lr": 0.005584438526231021, "ridge": 0.0021703951793471516, "seed": 1234, "sr": 0.11855799312403709}}