{"returned_dict": {"loss": 0.044139657893378675, "r2": 0.88668825888925, "status": "ok", "start_time": 1698883667.1557262, "duration": 1.9874627590179443}, "current_params": {"N": 500, "iss": 0.17176002567391113, "lr": 0.22199089728115365, "ridge": 0.0006020999816891316, "seed": 1234, "sr": 2.0711751271159318}}