{"returned_dict": {"loss": 0.04838816070160223, "r2": 0.8634801511919125, "status": "ok", "start_time": 1698885202.854656, "duration": 1.842824935913086}, "current_params": {"N": 500, "iss": 0.9212495214371952, "lr": 0.03495869536083056, "ridge": 2.408236190196766e-05, "seed": 1234, "sr": 0.01769587598402526}}