{"returned_dict": {"loss": 0.041128407258079175, "r2": 0.949453781818869, "status": "ok", "start_time": 1699184288.651923, "duration": 1.8305020332336426}, "current_params": {"N": 500, "iss": 0.21506092759674977, "lr": 0.0037871077443508176, "ridge": 7.866367247447239e-05, "seed": 1234, "sr": 0.01969702873562671}}