{"returned_dict": {"loss": 0.0426667964420074, "r2": 0.9356878021331156, "status": "ok", "start_time": 1699095042.931943, "duration": 1.890976905822754}, "current_params": {"N": 500, "iss": 0.451625695847095, "lr": 0.2824777807824228, "ridge": 0.0004995561065461233, "seed": 1234, "sr": 4.434072756135233}}