{"returned_dict": {"loss": 0.05120983261375687, "r2": 0.9472671679296051, "status": "ok", "start_time": 1699177876.536822, "duration": 1.752666711807251}, "current_params": {"N": 500, "iss": 0.9097376556056701, "lr": 0.3079726626930137, "ridge": 1.4421411301859244e-07, "seed": 1234, "sr": 5.615522331680127}}