{"returned_dict": {"loss": 0.05072840210843963, "r2": 0.9189783425678114, "status": "ok", "start_time": 1699096460.7475898, "duration": 1.98868727684021}, "current_params": {"N": 500, "iss": 0.9526407636866457, "lr": 0.03942187518677715, "ridge": 0.00016087888046694687, "seed": 1234, "sr": 0.03600276409094316}}