{"returned_dict": {"loss": 0.051906371278411044, "r2": 0.946025485242516, "status": "ok", "start_time": 1699177749.174572, "duration": 1.7644600868225098}, "current_params": {"N": 500, "iss": 0.20923040118546266, "lr": 0.0077355403142878795, "ridge": 0.0023425261581026765, "seed": 1234, "sr": 0.026761175701104346}}