{"returned_dict": {"loss": 0.053744636852602674, "r2": 0.8778488747795715, "status": "ok", "start_time": 1699173808.951338, "duration": 1.964500904083252}, "current_params": {"N": 500, "iss": 0.18640085674470974, "lr": 0.008316425906674767, "ridge": 3.822116394355239e-05, "seed": 1234, "sr": 0.02745813794912951}}