{"returned_dict": {"loss": 0.05125540876035318, "r2": 0.9234939179464224, "status": "ok", "start_time": 1698380811.530964, "duration": 1.9541702270507812}, "current_params": {"N": 500, "iss": 0.9739479466464522, "lr": 0.0011253563603354569, "ridge": 0.0021883735119396686, "seed": 1234, "sr": 0.04981749804245153}}