{"returned_dict": {"loss": 0.05840336512421754, "r2": 0.8930632601306923, "status": "ok", "start_time": 1699096428.974568, "duration": 2.009207010269165}, "current_params": {"N": 500, "iss": 0.5287332640862811, "lr": 0.20878183455914587, "ridge": 8.070436813924713e-08, "seed": 1234, "sr": 0.02857977758285706}}