{"returned_dict": {"loss": 0.05325207021224749, "r2": 0.9435542451555863, "status": "ok", "start_time": 1699180143.622993, "duration": 1.837799072265625}, "current_params": {"N": 500, "iss": 0.9326851510627013, "lr": 0.01313978174667569, "ridge": 0.0007520446577387131, "seed": 1234, "sr": 0.18658183701753261}}