{"returned_dict": {"loss": 0.05577007193774491, "r2": 0.9428555549116932, "status": "ok", "start_time": 1699176995.511518, "duration": 1.7475969791412354}, "current_params": {"N": 500, "iss": 0.4171626881853736, "lr": 0.002422315386294973, "ridge": 0.0008891693515095883, "seed": 1234, "sr": 0.0544052294998603}}