{"returned_dict": {"loss": 0.05421783540588706, "r2": 0.8263584982392641, "status": "ok", "start_time": 1698888552.0461938, "duration": 1.7591769695281982}, "current_params": {"N": 500, "iss": 0.9120267528405163, "lr": 0.10377622163746929, "ridge": 0.0009493042476638647, "seed": 1234, "sr": 1.1747727724200443}}