{"returned_dict": {"loss": 0.05065878952543291, "r2": 0.9489210331619217, "status": "ok", "start_time": 1699181966.412353, "duration": 1.9002680778503418}, "current_params": {"N": 500, "iss": 0.20923040118546266, "lr": 0.0077355403142878795, "ridge": 0.0023425261581026765, "seed": 1234, "sr": 0.026761175701104346}}