{"returned_dict": {"loss": 0.053945855271284815, "r2": 0.26679914501596275, "status": "ok", "start_time": 1699186474.243104, "duration": 1.8974788188934326}, "current_params": {"N": 500, "iss": 0.7229931611804811, "lr": 0.02801415255330273, "ridge": 3.8239824132656686e-09, "seed": 1234, "sr": 0.2090196583408564}}