{"returned_dict": {"loss": 0.057734597878480676, "r2": 0.8821355055377714, "status": "ok", "start_time": 1699095311.9674702, "duration": 2.218754768371582}, "current_params": {"N": 500, "iss": 0.735910449821011, "lr": 0.03687802163588743, "ridge": 0.0019711206562567562, "seed": 1234, "sr": 0.04328771757628488}}