{"returned_dict": {"loss": 0.05659987850304501, "r2": 0.9034813680420424, "status": "ok", "start_time": 1699184576.128984, "duration": 2.3395578861236572}, "current_params": {"N": 500, "iss": 0.5323854646527727, "lr": 0.003573156992234659, "ridge": 0.0008903885178857998, "seed": 1234, "sr": 0.015928787718820343}}