{"returned_dict": {"loss": 0.05464507951454045, "r2": 0.3836183823986783, "status": "ok", "start_time": 1699186851.586433, "duration": 1.8362939357757568}, "current_params": {"N": 500, "iss": 0.4497287205163476, "lr": 0.009807938072620976, "ridge": 6.297475344208429e-09, "seed": 1234, "sr": 0.05016138018026818}}