{"returned_dict": {"loss": 0.05524061189465532, "r2": 0.904917212661689, "status": "ok", "start_time": 1699170329.862025, "duration": 1.9636750221252441}, "current_params": {"N": 500, "iss": 0.976525304162185, "lr": 0.011273269250899024, "ridge": 5.267135160255618e-09, "seed": 1234, "sr": 0.09437285509046839}}