{"returned_dict": {"loss": 0.05402810230723226, "r2": 0.941518432397559, "status": "ok", "start_time": 1699177614.823767, "duration": 1.7341761589050293}, "current_params": {"N": 500, "iss": 0.9326851510627013, "lr": 0.01313978174667569, "ridge": 0.0007520446577387131, "seed": 1234, "sr": 0.18658183701753261}}