{"returned_dict": {"loss": 0.05012021535251982, "r2": 0.9538605520111343, "status": "ok", "start_time": 1699177135.6144252, "duration": 1.779064655303955}, "current_params": {"N": 500, "iss": 0.9345866417401569, "lr": 0.04017882290811124, "ridge": 0.008848344280085078, "seed": 1234, "sr": 0.014438974945890222}}