{"returned_dict": {"loss": 0.055370018732482484, "r2": 0.8705785205526251, "status": "ok", "start_time": 1699173782.129109, "duration": 1.9715919494628906}, "current_params": {"N": 500, "iss": 0.451625695847095, "lr": 0.2824777807824228, "ridge": 0.0004995561065461233, "seed": 1234, "sr": 4.434072756135233}}