{"returned_dict": {"loss": 0.05284147719674686, "r2": 0.9443128715658822, "status": "ok", "start_time": 1699176609.582518, "duration": 1.8638267517089844}, "current_params": {"N": 500, "iss": 0.9097376556056701, "lr": 0.3079726626930137, "ridge": 1.4421411301859244e-07, "seed": 1234, "sr": 5.615522331680127}}