{"returned_dict": {"loss": 0.051442459062976766, "r2": 0.34863489665231223, "status": "ok", "start_time": 1699186427.474127, "duration": 1.7833728790283203}, "current_params": {"N": 500, "iss": 0.9097376556056701, "lr": 0.3079726626930137, "ridge": 1.4421411301859244e-07, "seed": 1234, "sr": 5.615522331680127}}