{"returned_dict": {"loss": 0.05741824554905054, "r2": 0.9380281652830925, "status": "ok", "start_time": 1699177098.6076171, "duration": 1.858684778213501}, "current_params": {"N": 500, "iss": 0.9581135333425491, "lr": 0.026802233205999445, "ridge": 0.0008696490633638283, "seed": 1234, "sr": 2.8424339478368448}}