{"returned_dict": {"loss": 0.06426200594892201, "r2": 0.765746178020421, "status": "ok", "start_time": 1698883804.5095072, "duration": 1.8734767436981201}, "current_params": {"N": 500, "iss": 0.5315682009230276, "lr": 0.1775950750495892, "ridge": 0.0002207334426427236, "seed": 1234, "sr": 6.954268155528048}}