{"returned_dict": {"loss": 0.066091140968355, "r2": 0.7499049368309297, "status": "ok", "start_time": 1698888762.42909, "duration": 1.7542548179626465}, "current_params": {"N": 500, "iss": 0.9492310760856882, "lr": 0.03448518184164638, "ridge": 1.082471644281706e-09, "seed": 1234, "sr": 0.7476653587619372}}