{"returned_dict": {"loss": 0.06136996458876786, "r2": 0.8822669732586413, "status": "ok", "start_time": 1699096522.817593, "duration": 1.9978549480438232}, "current_params": {"N": 500, "iss": 0.5315682009230276, "lr": 0.1775950750495892, "ridge": 0.0002207334426427236, "seed": 1234, "sr": 6.954268155528048}}