{"returned_dict": {"loss": 0.06512993585922229, "r2": 0.9149084945125194, "status": "ok", "start_time": 1699177650.463742, "duration": 1.8538100719451904}, "current_params": {"N": 500, "iss": 0.4363515860498989, "lr": 0.0016156588507471406, "ridge": 3.474547834739471e-08, "seed": 1234, "sr": 0.03073430140568509}}