{"returned_dict": {"loss": 0.06791692863354472, "r2": 0.804674224386631, "status": "ok", "start_time": 1699174443.536171, "duration": 1.848829984664917}, "current_params": {"N": 500, "iss": 0.9326851510627013, "lr": 0.01313978174667569, "ridge": 0.0007520446577387131, "seed": 1234, "sr": 0.18658183701753261}}