{"returned_dict": {"loss": 0.06222442745929615, "r2": 0.9280445056319545, "status": "ok", "start_time": 1699176991.921031, "duration": 1.7931392192840576}, "current_params": {"N": 500, "iss": 0.451625695847095, "lr": 0.2824777807824228, "ridge": 0.0004995561065461233, "seed": 1234, "sr": 4.434072756135233}}