{"returned_dict": {"loss": 0.06511775343481978, "r2": 0.9156060189527296, "status": "ok", "start_time": 1699184905.447558, "duration": 2.740103244781494}, "current_params": {"N": 500, "iss": 0.5345246533740329, "lr": 0.0016821487193693313, "ridge": 8.527242136552148e-08, "seed": 1234, "sr": 0.016130653781102525}}