{"returned_dict": {"loss": 0.06402363620957664, "r2": 0.9024943764111254, "status": "ok", "start_time": 1699095485.513524, "duration": 1.914118766784668}, "current_params": {"N": 500, "iss": 0.9492310760856882, "lr": 0.03448518184164638, "ridge": 1.082471644281706e-09, "seed": 1234, "sr": 0.7476653587619372}}