{"returned_dict": {"loss": 0.06879554031592862, "r2": -0.05054632421253772, "status": "ok", "start_time": 1699187043.006885, "duration": 1.8765110969543457}, "current_params": {"N": 500, "iss": 0.15890994153775684, "lr": 0.00792332805983459, "ridge": 3.0909972660202036e-06, "seed": 1234, "sr": 0.575269795679041}}