{"returned_dict": {"loss": 0.06830911563983229, "r2": 0.7342791728025156, "status": "ok", "start_time": 1698895371.4497228, "duration": 2.091846227645874}, "current_params": {"N": 500, "iss": 0.11994602555379685, "lr": 0.16859893208998253, "ridge": 6.132193847282312e-09, "seed": 1234, "sr": 2.3297993110223385}}