{"returned_dict": {"loss": 0.06855990834338277, "r2": 0.010019670902486863, "status": "ok", "start_time": 1699186849.558375, "duration": 2.021444082260132}, "current_params": {"N": 500, "iss": 0.8088601787647725, "lr": 0.010820249488204384, "ridge": 2.157571970097535e-05, "seed": 1234, "sr": 0.19935467732696538}}