{"returned_dict": {"loss": 0.06351743570089417, "r2": 0.004563585297687189, "status": "ok", "start_time": 1699186377.772813, "duration": 1.7979588508605957}, "current_params": {"N": 500, "iss": 0.7008147713041682, "lr": 0.005199088611116443, "ridge": 0.0010388211610285532, "seed": 1234, "sr": 0.16300115584611943}}