{"returned_dict": {"loss": 0.06981012694936269, "r2": 0.8476820266344371, "status": "ok", "start_time": 1699096283.9939818, "duration": 1.9377501010894775}, "current_params": {"N": 500, "iss": 0.6722112091210425, "lr": 0.002569219109514612, "ridge": 0.007174915864539121, "seed": 1234, "sr": 0.05675258102871899}}