{"returned_dict": {"loss": 0.06187196265127624, "r2": 0.923304731930962, "status": "ok", "start_time": 1699177607.7035258, "duration": 1.8211631774902344}, "current_params": {"N": 500, "iss": 0.4171626881853736, "lr": 0.002422315386294973, "ridge": 0.0008891693515095883, "seed": 1234, "sr": 0.0544052294998603}}