{"returned_dict": {"loss": 0.06539455417575328, "r2": 0.8152639133243457, "status": "ok", "start_time": 1699185126.343411, "duration": 2.0359320640563965}, "current_params": {"N": 500, "iss": 0.8493027570387159, "lr": 0.08352474609695261, "ridge": 1.2092867049259064e-08, "seed": 1234, "sr": 0.1521671071513882}}