{"returned_dict": {"loss": 0.06712549087523802, "r2": 0.8548984383180988, "status": "ok", "start_time": 1698383629.170447, "duration": 1.9945690631866455}, "current_params": {"N": 500, "iss": 0.006972115376929322, "lr": 0.012836594720886324, "ridge": 1.4561222069260244e-09, "seed": 1234, "sr": 0.7794764412014389}}