{"returned_dict": {"loss": 0.06539455417575328, "r2": 0.8152639133243457, "status": "ok", "start_time": 1699175166.942521, "duration": 1.901094913482666}, "current_params": {"N": 500, "iss": 0.8493027570387159, "lr": 0.08352474609695261, "ridge": 1.2092867049259064e-08, "seed": 1234, "sr": 0.1521671071513882}}