{"returned_dict": {"loss": 0.07942984158291287, "r2": 0.6310145117644498, "status": "ok", "start_time": 1698883857.7436512, "duration": 1.9196438789367676}, "current_params": {"N": 500, "iss": 0.3829699328467736, "lr": 0.026695530015763223, "ridge": 3.993947976599462e-07, "seed": 1234, "sr": 0.013649509767262393}}