{"returned_dict": {"loss": 0.07235596521789282, "r2": 0.8355230606651034, "status": "ok", "start_time": 1699096478.559529, "duration": 2.1244518756866455}, "current_params": {"N": 500, "iss": 0.7008147713041682, "lr": 0.005199088611116443, "ridge": 0.0010388211610285532, "seed": 1234, "sr": 0.16300115584611943}}