{"returned_dict": {"loss": 0.07054887572533164, "r2": 0.8419292568437821, "status": "ok", "start_time": 1698382648.364882, "duration": 1.933521032333374}, "current_params": {"N": 500, "iss": 0.8710694708540748, "lr": 0.5093800439838342, "ridge": 3.613494953765636e-08, "seed": 1234, "sr": 5.580343023547168}}