{"returned_dict": {"loss": 0.0772491254850712, "r2": 0.8858949204430243, "status": "ok", "start_time": 1699095120.28075, "duration": 2.315061092376709}, "current_params": {"N": 500, "iss": 0.9547804466890908, "lr": 0.0063822566002939346, "ridge": 1.9445651653381377e-09, "seed": 1234, "sr": 0.012708968625748275}}