{"returned_dict": {"loss": 0.07633367549950983, "r2": 0.7534197704887496, "status": "ok", "start_time": 1699174626.91946, "duration": 1.8704028129577637}, "current_params": {"N": 500, "iss": 0.8251862354360314, "lr": 0.007413342720100155, "ridge": 0.00017690591223905197, "seed": 1234, "sr": 0.0925852425060542}}