{"returned_dict": {"loss": 0.0844574530965837, "r2": 0.7769304677327734, "status": "ok", "start_time": 1699096359.758144, "duration": 1.9019882678985596}, "current_params": {"N": 500, "iss": 0.11994602555379685, "lr": 0.16859893208998253, "ridge": 6.132193847282312e-09, "seed": 1234, "sr": 2.3297993110223385}}