{"returned_dict": {"loss": 0.08445925794277036, "r2": 0.6977707927278374, "status": "ok", "start_time": 1699174041.9277399, "duration": 1.9029121398925781}, "current_params": {"N": 500, "iss": 0.7008147713041682, "lr": 0.005199088611116443, "ridge": 0.0010388211610285532, "seed": 1234, "sr": 0.16300115584611943}}