{"returned_dict": {"loss": 0.08153510304082807, "r2": 0.6102978219344353, "status": "ok", "start_time": 1698883702.838071, "duration": 1.973836898803711}, "current_params": {"N": 500, "iss": 0.21506092759674977, "lr": 0.0037871077443508176, "ridge": 7.866367247447239e-05, "seed": 1234, "sr": 0.01969702873562671}}