{"returned_dict": {"loss": 0.08887185515584338, "r2": 0.5321452862049135, "status": "ok", "start_time": 1698888615.647237, "duration": 1.7108948230743408}, "current_params": {"N": 500, "iss": 0.5323854646527727, "lr": 0.003573156992234659, "ridge": 0.0008903885178857998, "seed": 1234, "sr": 0.015928787718820343}}