{"returned_dict": {"loss": 0.08192057938080084, "r2": 0.7438955767104547, "status": "ok", "start_time": 1699095176.170557, "duration": 2.1796278953552246}, "current_params": {"N": 500, "iss": 0.4893385543018618, "lr": 0.02143015081924661, "ridge": 1.1102605111730034e-05, "seed": 1234, "sr": 0.02572013644212619}}