{"returned_dict": {"loss": 0.08267321866852025, "r2": 0.7840115083270064, "status": "ok", "start_time": 1699170397.274561, "duration": 1.8398990631103516}, "current_params": {"N": 500, "iss": 0.4472250816990909, "lr": 0.001490692182461561, "ridge": 5.456100711555596e-06, "seed": 1234, "sr": 0.01695935124689556}}