{"returned_dict": {"loss": 0.09036445021578772, "r2": 0.5300945291281093, "status": "ok", "start_time": 1698883535.070296, "duration": 1.933730125427246}, "current_params": {"N": 500, "iss": 0.8644046911873131, "lr": 0.6156368875066843, "ridge": 8.186416440991658e-08, "seed": 1234, "sr": 1.6722388684853167}}