{"returned_dict": {"loss": 0.0993787112406706, "r2": 0.5802741945728567, "status": "ok", "start_time": 1699173910.193234, "duration": 1.8377609252929688}, "current_params": {"N": 500, "iss": 0.6128741432342986, "lr": 0.0015415307981808321, "ridge": 0.0004080879909316024, "seed": 1234, "sr": 0.0108079776956026}}