{"returned_dict": {"loss": 0.09174128640039074, "r2": 0.5094801543709426, "status": "ok", "start_time": 1698883844.298107, "duration": 1.8560831546783447}, "current_params": {"N": 500, "iss": 0.3945156093805232, "lr": 0.015128007637960973, "ridge": 3.182563639108543e-06, "seed": 1234, "sr": 0.012260384608014823}}