{"returned_dict": {"loss": 0.09238451375625371, "r2": 0.5085449761396997, "status": "ok", "start_time": 1698884929.779526, "duration": 2.17563796043396}, "current_params": {"N": 500, "iss": 0.24236535975373574, "lr": 0.06703300913405115, "ridge": 4.2269285080674205e-08, "seed": 1234, "sr": 2.773816181603311}}