{"returned_dict": {"loss": 0.09589894802847372, "r2": 0.7318134192623466, "status": "ok", "start_time": 1698381958.9745312, "duration": 1.9000749588012695}, "current_params": {"N": 500, "iss": 0.616731567531399, "lr": 0.6954288762234999, "ridge": 0.0061302022177938354, "seed": 1234, "sr": 6.834465647289925}}