{"returned_dict": {"loss": 0.09990986250431551, "r2": 0.3590864798384528, "status": "ok", "start_time": 1698885136.039859, "duration": 2.0221669673919678}, "current_params": {"N": 500, "iss": 0.7008147713041682, "lr": 0.005199088611116443, "ridge": 0.0010388211610285532, "seed": 1234, "sr": 0.16300115584611943}}