{"returned_dict": {"loss": 0.09720513866696552, "r2": 0.7005023998896199, "status": "ok", "start_time": 1699239026.059781, "duration": 1.8109540939331055}, "current_params": {"N": 500, "iss": 0.35807336738969764, "lr": 0.8619303140116904, "ridge": 1.0115479045381332e-07, "seed": 1234, "sr": 4.881086179748358}}