{"returned_dict": {"loss": 0.0986064123262555, "r2": 0.7660170220747351, "status": "ok", "start_time": 1699177006.2753432, "duration": 1.7227697372436523}, "current_params": {"N": 500, "iss": 0.8644046911873131, "lr": 0.6156368875066843, "ridge": 8.186416440991658e-08, "seed": 1234, "sr": 1.6722388684853167}}