{"returned_dict": {"loss": 0.10244680567776669, "r2": -1.6207220250207541, "status": "ok", "start_time": 1699186432.861932, "duration": 1.9236018657684326}, "current_params": {"N": 500, "iss": 0.6381446788022263, "lr": 0.011295567117425407, "ridge": 7.933169942060012e-08, "seed": 1234, "sr": 0.20877503732087163}}