{"returned_dict": {"loss": 0.1092726616191269, "r2": -2.034914369665126, "status": "ok", "start_time": 1699186333.170159, "duration": 1.7512400150299072}, "current_params": {"N": 500, "iss": 0.9243526866471957, "lr": 0.1542815995343576, "ridge": 8.50499153424126e-08, "seed": 1234, "sr": 1.7459748086870097}}