{"returned_dict": {"loss": 0.10545735103615977, "r2": 0.6129954879084192, "status": "ok", "start_time": 1699170306.016381, "duration": 1.8224921226501465}, "current_params": {"N": 500, "iss": 0.34611859763450203, "lr": 0.0072789537441323385, "ridge": 4.7480197822394035e-09, "seed": 1234, "sr": 0.3226348405474758}}