{"returned_dict": {"loss": 0.10830689033776897, "r2": 0.5625518127827568, "status": "ok", "start_time": 1699095114.050246, "duration": 2.1550161838531494}, "current_params": {"N": 500, "iss": 0.9120267528405163, "lr": 0.10377622163746929, "ridge": 0.0009493042476638647, "seed": 1234, "sr": 1.1747727724200443}}