{"returned_dict": {"loss": 0.10673122875053258, "r2": 0.31320574596152007, "status": "ok", "start_time": 1698883748.1485739, "duration": 1.9120581150054932}, "current_params": {"N": 500, "iss": 0.794303432239716, "lr": 0.7725304602957936, "ridge": 1.3376623261071025e-07, "seed": 1234, "sr": 0.026191894186955052}}