{"returned_dict": {"loss": 0.11487352483206288, "r2": 0.5282033057790523, "status": "ok", "start_time": 1699095046.761984, "duration": 1.9022917747497559}, "current_params": {"N": 500, "iss": 0.4171626881853736, "lr": 0.002422315386294973, "ridge": 0.0008891693515095883, "seed": 1234, "sr": 0.0544052294998603}}