{"returned_dict": {"loss": 0.11279206650593158, "r2": 0.5880886154446973, "status": "ok", "start_time": 1699096498.5673869, "duration": 1.9662373065948486}, "current_params": {"N": 500, "iss": 0.6371089578578937, "lr": 0.026813811448575312, "ridge": 1.2394753758655106e-09, "seed": 1234, "sr": 0.03747978558716274}}