{"returned_dict": {"loss": 0.11550043606966337, "r2": 0.23044550567817387, "status": "ok", "start_time": 1698883721.77304, "duration": 1.9179699420928955}, "current_params": {"N": 500, "iss": 0.25996136073869425, "lr": 0.01122030491707982, "ridge": 8.347574467203145e-08, "seed": 1234, "sr": 0.06204230622513381}}