{"returned_dict": {"loss": 0.1175770026864792, "r2": 0.7228908763749103, "status": "ok", "start_time": 1699177867.5017338, "duration": 1.8289620876312256}, "current_params": {"N": 500, "iss": 0.5315682009230276, "lr": 0.1775950750495892, "ridge": 0.0002207334426427236, "seed": 1234, "sr": 6.954268155528048}}