{"returned_dict": {"loss": 0.11168154024846788, "r2": 0.18682249358300304, "status": "ok", "start_time": 1698885107.618903, "duration": 1.8943262100219727}, "current_params": {"N": 500, "iss": 0.1123239562263062, "lr": 0.0017394860367737678, "ridge": 8.18392101434674e-09, "seed": 1234, "sr": 0.05019484139736029}}