{"returned_dict": {"loss": 0.11440061941713063, "r2": 0.5727271420652768, "status": "ok", "start_time": 1699096299.961183, "duration": 1.9993960857391357}, "current_params": {"N": 500, "iss": 0.9120267528405163, "lr": 0.10377622163746929, "ridge": 0.0009493042476638647, "seed": 1234, "sr": 1.1747727724200443}}