{"returned_dict": {"loss": 0.12951362490030788, "r2": 0.03071219627630543, "status": "ok", "start_time": 1698883869.044846, "duration": 1.8744111061096191}, "current_params": {"N": 500, "iss": 0.7111875236481379, "lr": 0.014953523366352292, "ridge": 0.003917533648237141, "seed": 1234, "sr": 1.908865762249811}}