{"returned_dict": {"loss": 0.12004970323463043, "r2": 0.481170475578054, "status": "ok", "start_time": 1699095058.273809, "duration": 1.9083309173583984}, "current_params": {"N": 500, "iss": 0.8644046911873131, "lr": 0.6156368875066843, "ridge": 8.186416440991658e-08, "seed": 1234, "sr": 1.6722388684853167}}