{"returned_dict": {"loss": 0.12812659836644338, "r2": 0.06868132693529512, "status": "ok", "start_time": 1698883612.0521019, "duration": 1.9543139934539795}, "current_params": {"N": 500, "iss": 0.06016013465638104, "lr": 0.23962511288825833, "ridge": 0.0007949579169258338, "seed": 1234, "sr": 3.416923934914541}}