{"returned_dict": {"loss": 0.13354364052432702, "r2": -0.025394416760293675, "status": "ok", "start_time": 1698888599.738278, "duration": 1.749479055404663}, "current_params": {"N": 500, "iss": 0.6128741432342986, "lr": 0.0015415307981808321, "ridge": 0.0004080879909316024, "seed": 1234, "sr": 0.0108079776956026}}