{"returned_dict": {"loss": 0.13993836518346672, "r2": -0.1778779159598748, "status": "ok", "start_time": 1698884976.230968, "duration": 1.7890582084655762}, "current_params": {"N": 500, "iss": 0.8383160999911431, "lr": 0.023226759313516834, "ridge": 8.81560223051062e-07, "seed": 1234, "sr": 1.7986325141052368}}