{"returned_dict": {"loss": 0.13788060670066102, "r2": 0.19490379718631315, "status": "ok", "start_time": 1699170558.366356, "duration": 1.9080090522766113}, "current_params": {"N": 500, "iss": 0.9739479466464522, "lr": 0.0011253563603354569, "ridge": 0.0021883735119396686, "seed": 1234, "sr": 0.04981749804245153}}