{"returned_dict": {"loss": 0.13521474533393607, "r2": 0.19688651908484192, "status": "ok", "start_time": 1699175130.022153, "duration": 1.8658339977264404}, "current_params": {"N": 500, "iss": 0.3158924367205628, "lr": 0.0016930941327325617, "ridge": 0.0006969765320479288, "seed": 1234, "sr": 0.22191193501289097}}