{"returned_dict": {"loss": 0.1388479186287259, "r2": 0.42157496700383845, "status": "ok", "start_time": 1699184781.047294, "duration": 2.361168146133423}, "current_params": {"N": 500, "iss": 0.36454979801819787, "lr": 0.001817436335305465, "ridge": 1.2856827057907244e-05, "seed": 1234, "sr": 0.5391304566113871}}