{"returned_dict": {"loss": 0.14650611557048646, "r2": -3.713396041022777, "status": "ok", "start_time": 1699187018.3638499, "duration": 1.8669381141662598}, "current_params": {"N": 500, "iss": 0.6743270588841205, "lr": 0.0014402248070585332, "ridge": 0.0006137812121664229, "seed": 1234, "sr": 0.3554664959628415}}