{"returned_dict": {"loss": 0.14171125515725214, "r2": 0.24818143957488015, "status": "ok", "start_time": 1699095155.075597, "duration": 2.3583428859710693}, "current_params": {"N": 500, "iss": 0.23643093070326449, "lr": 0.01146759760328504, "ridge": 0.004599990623823179, "seed": 1234, "sr": 2.3610670815355883}}