{"returned_dict": {"loss": 0.1516136334793828, "r2": 0.5768920782998611, "status": "ok", "start_time": 1699095255.103171, "duration": 2.221482038497925}, "current_params": {"N": 500, "iss": 0.23643093070326449, "lr": 0.01146759760328504, "ridge": 0.004599990623823179, "seed": 1234, "sr": 2.3610670815355883}}