{"returned_dict": {"loss": 0.15885680629619262, "r2": -0.6121628987704532, "status": "ok", "start_time": 1698883585.1026309, "duration": 1.8921520709991455}, "current_params": {"N": 500, "iss": 0.892885997800422, "lr": 0.49981993643396744, "ridge": 3.2585212389411373e-07, "seed": 1234, "sr": 0.13073371451589708}}