{"returned_dict": {"loss": 0.15875433412407527, "r2": -0.45402968509526476, "status": "ok", "start_time": 1698895420.853483, "duration": 1.8239140510559082}, "current_params": {"N": 500, "iss": 0.9228386144334726, "lr": 0.10752060708924599, "ridge": 1.1106829899616503e-06, "seed": 1234, "sr": 0.3157133897830133}}