{"returned_dict": {"loss": 0.15505240826057595, "r2": 0.49042397989462744, "status": "ok", "start_time": 1699177869.3354461, "duration": 1.8322889804840088}, "current_params": {"N": 500, "iss": 0.26089228108771545, "lr": 0.004924674001327178, "ridge": 2.381485979423505e-09, "seed": 1234, "sr": 0.28962112677540436}}