{"returned_dict": {"loss": 0.15225316118429708, "r2": -0.355454777360237, "status": "ok", "start_time": 1698883865.2946649, "duration": 1.851203203201294}, "current_params": {"N": 500, "iss": 0.9492451986094536, "lr": 0.012192269780560696, "ridge": 1.0355816851799808e-08, "seed": 1234, "sr": 0.03438139057492874}}