{"returned_dict": {"loss": 0.15346667971795544, "r2": -0.37495546149573666, "status": "ok", "start_time": 1698883523.406959, "duration": 1.9172308444976807}, "current_params": {"N": 500, "iss": 0.4171626881853736, "lr": 0.002422315386294973, "ridge": 0.0008891693515095883, "seed": 1234, "sr": 0.0544052294998603}}