{"returned_dict": {"loss": 0.16095138795690325, "r2": 0.08503590347600953, "status": "ok", "start_time": 1699095050.557844, "duration": 1.889890193939209}, "current_params": {"N": 500, "iss": 0.27955000672950736, "lr": 0.050891035673396985, "ridge": 6.92305207076248e-05, "seed": 1234, "sr": 9.903672418680925}}