{"returned_dict": {"loss": 0.1646803424414621, "r2": -0.5538475914010286, "status": "ok", "start_time": 1698895281.0515141, "duration": 1.8275868892669678}, "current_params": {"N": 500, "iss": 0.10821341880663882, "lr": 0.04203563441395582, "ridge": 7.954624964810484e-07, "seed": 1234, "sr": 3.6652347285793745}}