{"returned_dict": {"loss": 0.16679177923392915, "r2": -0.6512143813888313, "status": "ok", "start_time": 1698888469.566189, "duration": 1.7505748271942139}, "current_params": {"N": 500, "iss": 0.7231479244442287, "lr": 0.021175330384294096, "ridge": 1.3401973668525895e-08, "seed": 1234, "sr": 1.8373084854604944}}