{"returned_dict": {"loss": 0.16309901359957876, "r2": 0.05971048838161482, "status": "ok", "start_time": 1699095363.958011, "duration": 2.3536980152130127}, "current_params": {"N": 500, "iss": 0.05969594889932428, "lr": 0.22834501963548878, "ridge": 4.079252477787997e-06, "seed": 1234, "sr": 3.3535990156004383}}