{"returned_dict": {"loss": 0.16415986094235838, "r2": -0.6983615267488422, "status": "ok", "start_time": 1698883658.550949, "duration": 2.154019832611084}, "current_params": {"N": 500, "iss": 0.3415352429252124, "lr": 0.024081733532461607, "ridge": 2.334903649885824e-09, "seed": 1234, "sr": 2.540247736115996}}