{"returned_dict": {"loss": 0.17892387152591013, "r2": -0.3558820900594612, "status": "ok", "start_time": 1699170829.4276302, "duration": 1.8012359142303467}, "current_params": {"N": 500, "iss": 0.05969594889932428, "lr": 0.22834501963548878, "ridge": 4.079252477787997e-06, "seed": 1234, "sr": 3.3535990156004383}}