{"returned_dict": {"loss": 0.18970576175135323, "r2": -1.041329115291066, "status": "ok", "start_time": 1698883712.347522, "duration": 1.9059650897979736}, "current_params": {"N": 500, "iss": 0.9907096740516865, "lr": 0.011152501138346385, "ridge": 4.549840392506736e-07, "seed": 1234, "sr": 1.4037266612887527}}