{"returned_dict": {"loss": 0.18742261499795876, "r2": -1.005920989903385, "status": "ok", "start_time": 1698883554.142571, "duration": 1.924604892730713}, "current_params": {"N": 500, "iss": 0.10821341880663882, "lr": 0.04203563441395582, "ridge": 7.954624964810484e-07, "seed": 1234, "sr": 3.6652347285793745}}