{"returned_dict": {"loss": 0.18373399172947216, "r2": -1.0004454150165656, "status": "ok", "start_time": 1699174116.964586, "duration": 1.871250867843628}, "current_params": {"N": 500, "iss": 0.61465928198713, "lr": 0.01646090380035458, "ridge": 1.416582108410998e-05, "seed": 1234, "sr": 0.6672376898037004}}