{"returned_dict": {"loss": 0.19381303017325488, "r2": -0.37589648085140653, "status": "ok", "start_time": 1699239073.657175, "duration": 2.541867971420288}, "current_params": {"N": 500, "iss": 0.36454979801819787, "lr": 0.001817436335305465, "ridge": 1.2856827057907244e-05, "seed": 1234, "sr": 0.5391304566113871}}