{"returned_dict": {"loss": 0.19470467703774888, "r2": -0.38941655720207846, "status": "ok", "start_time": 1699095187.671136, "duration": 2.2214620113372803}, "current_params": {"N": 500, "iss": 0.8088601787647725, "lr": 0.010820249488204384, "ridge": 2.157571970097535e-05, "seed": 1234, "sr": 0.19935467732696538}}