{"returned_dict": {"loss": 0.19405371892783152, "r2": -0.33488828354107575, "status": "ok", "start_time": 1699095073.836786, "duration": 1.9680538177490234}, "current_params": {"N": 500, "iss": 0.49797044830105386, "lr": 0.005473899359991359, "ridge": 0.009737952859572229, "seed": 1234, "sr": 4.574545330611019}}