{"returned_dict": {"loss": 0.1970535449452985, "r2": -0.4649490257769123, "status": "ok", "start_time": 1699095056.294765, "duration": 1.9760870933532715}, "current_params": {"N": 500, "iss": 0.22424280171073074, "lr": 0.012042080474948267, "ridge": 9.253689703516465e-05, "seed": 1234, "sr": 1.959651331974383}}