{"returned_dict": {"loss": 0.1907223374365449, "r2": -0.5395295858581283, "status": "ok", "start_time": 1699185454.141686, "duration": 1.8831570148468018}, "current_params": {"N": 500, "iss": 0.9547804466890908, "lr": 0.0063822566002939346, "ridge": 1.9445651653381377e-09, "seed": 1234, "sr": 0.012708968625748275}}