{"returned_dict": {"loss": 0.2163448669357645, "r2": -0.18398010181602728, "status": "ok", "start_time": 1699096110.965129, "duration": 2.004007339477539}, "current_params": {"N": 500, "iss": 0.9547804466890908, "lr": 0.0063822566002939346, "ridge": 1.9445651653381377e-09, "seed": 1234, "sr": 0.012708968625748275}}