{"returned_dict": {"loss": 0.21241052725402695, "r2": -1.9426457710814742, "status": "ok", "start_time": 1698888465.9950342, "duration": 1.7966477870941162}, "current_params": {"N": 500, "iss": 0.7044600162750467, "lr": 0.05989081733494548, "ridge": 3.058579821085371e-08, "seed": 1234, "sr": 0.1626795681245935}}