{"returned_dict": {"loss": 0.21971415032926556, "r2": -1.9815582377799152, "status": "ok", "start_time": 1698883615.9358778, "duration": 1.946808099746704}, "current_params": {"N": 500, "iss": 0.837083721656963, "lr": 0.001117795359631473, "ridge": 1.2852197972507888e-06, "seed": 1234, "sr": 0.01061907053409471}}