{"returned_dict": {"loss": 0.2290816353389642, "r2": -12.113098487218553, "status": "ok", "start_time": 1699186483.7529678, "duration": 1.8356671333312988}, "current_params": {"N": 500, "iss": 0.5345246533740329, "lr": 0.0016821487193693313, "ridge": 8.527242136552148e-08, "seed": 1234, "sr": 0.016130653781102525}}