{"returned_dict": {"loss": 0.2302808468866148, "r2": -0.8768580675537784, "status": "ok", "start_time": 1699095102.598597, "duration": 2.309030055999756}, "current_params": {"N": 500, "iss": 0.04455656901228233, "lr": 0.01935540965604909, "ridge": 0.0004870385305496401, "seed": 1234, "sr": 4.425195681471678}}