{"returned_dict": {"loss": 0.2362343760362894, "r2": -2.3088814775444724, "status": "ok", "start_time": 1698883742.498383, "duration": 1.8914649486541748}, "current_params": {"N": 500, "iss": 0.5308233319012376, "lr": 0.010754552393914138, "ridge": 0.00408260583459009, "seed": 1234, "sr": 7.505573307332538}}