{"returned_dict": {"loss": 0.2365680793890215, "r2": -0.8145774591981884, "status": "ok", "start_time": 1699096232.508265, "duration": 1.9370310306549072}, "current_params": {"N": 500, "iss": 0.976525304162185, "lr": 0.011273269250899024, "ridge": 5.267135160255618e-09, "seed": 1234, "sr": 0.09437285509046839}}