{"returned_dict": {"loss": 0.23922710462031663, "r2": -0.08199736996112088, "status": "ok", "start_time": 1699177020.5642781, "duration": 1.9047479629516602}, "current_params": {"N": 500, "iss": 0.49797044830105386, "lr": 0.005473899359991359, "ridge": 0.009737952859572229, "seed": 1234, "sr": 4.574545330611019}}