{"returned_dict": {"loss": 0.23988422732046422, "r2": -0.8407968286011819, "status": "ok", "start_time": 1699184778.4443479, "duration": 2.5968570709228516}, "current_params": {"N": 500, "iss": 0.8640890518452584, "lr": 0.056175796579322784, "ridge": 8.914132777984633e-07, "seed": 1234, "sr": 1.6346058937885943}}