{"returned_dict": {"loss": 0.24940921544238828, "r2": -0.9390101172320934, "status": "ok", "start_time": 1699170350.004718, "duration": 1.8366920948028564}, "current_params": {"N": 500, "iss": 0.13238073196516953, "lr": 0.13864624141183712, "ridge": 5.1447095217047094e-05, "seed": 1234, "sr": 4.997336540870967}}