{"returned_dict": {"loss": 0.24107506361687503, "r2": -1.3097641227528625, "status": "ok", "start_time": 1699095203.614937, "duration": 2.1524479389190674}, "current_params": {"N": 500, "iss": 0.9655801894967717, "lr": 0.5494681828865383, "ridge": 2.0065307823836486e-09, "seed": 1234, "sr": 0.01418389479892628}}