{"returned_dict": {"loss": 0.25904553113108, "r2": -1.001228558109741, "status": "ok", "start_time": 1699184438.797832, "duration": 2.3997538089752197}, "current_params": {"N": 500, "iss": 0.13238073196516953, "lr": 0.13864624141183712, "ridge": 5.1447095217047094e-05, "seed": 1234, "sr": 4.997336540870967}}