{"returned_dict": {"loss": 0.2515300550282991, "r2": -1.2547015280458231, "status": "ok", "start_time": 1699095164.469975, "duration": 2.390947103500366}, "current_params": {"N": 500, "iss": 0.029495943205165465, "lr": 0.015679192953865242, "ridge": 3.171371461069988e-05, "seed": 1234, "sr": 7.78867384430367}}