{"returned_dict": {"loss": 0.25910211081039697, "r2": -1.1285054046408691, "status": "ok", "start_time": 1699239063.9671192, "duration": 2.268340826034546}, "current_params": {"N": 500, "iss": 0.5315682009230276, "lr": 0.1775950750495892, "ridge": 0.0002207334426427236, "seed": 1234, "sr": 6.954268155528048}}