{"returned_dict": {"loss": 0.2688446125487601, "r2": -1.3204965579787362, "status": "ok", "start_time": 1699096422.944247, "duration": 1.9460060596466064}, "current_params": {"N": 500, "iss": 0.8493027570387159, "lr": 0.08352474609695261, "ridge": 1.2092867049259064e-08, "seed": 1234, "sr": 0.1521671071513882}}