{"returned_dict": {"loss": 0.26724469149217284, "r2": -3.174440675945119, "status": "ok", "start_time": 1698885193.7280881, "duration": 1.7922277450561523}, "current_params": {"N": 500, "iss": 0.6743270588841205, "lr": 0.0014402248070585332, "ridge": 0.0006137812121664229, "seed": 1234, "sr": 0.3554664959628415}}