{"returned_dict": {"loss": 0.26074509510585836, "r2": -1.1272158745920464, "status": "ok", "start_time": 1699096545.071309, "duration": 1.9418580532073975}, "current_params": {"N": 500, "iss": 0.61465928198713, "lr": 0.01646090380035458, "ridge": 1.416582108410998e-05, "seed": 1234, "sr": 0.6672376898037004}}