{"returned_dict": {"loss": 0.2653972904053467, "r2": -1.6463056660652573, "status": "ok", "start_time": 1699095017.401577, "duration": 1.9250690937042236}, "current_params": {"N": 500, "iss": 0.7044600162750467, "lr": 0.05989081733494548, "ridge": 3.058579821085371e-08, "seed": 1234, "sr": 0.1626795681245935}}