{"returned_dict": {"loss": 0.2651758302953446, "r2": -0.29068464103199493, "status": "ok", "start_time": 1699095203.190861, "duration": 2.1304421424865723}, "current_params": {"N": 500, "iss": 0.04455656901228233, "lr": 0.01935540965604909, "ridge": 0.0004870385305496401, "seed": 1234, "sr": 4.425195681471678}}