{"returned_dict": {"loss": 0.2663755164120696, "r2": -2.1153285155404187, "status": "ok", "start_time": 1699184940.791971, "duration": 1.8558261394500732}, "current_params": {"N": 500, "iss": 0.976525304162185, "lr": 0.011273269250899024, "ridge": 5.267135160255618e-09, "seed": 1234, "sr": 0.09437285509046839}}