{"returned_dict": {"loss": 0.27003006720327966, "r2": -3.5800621705486164, "status": "ok", "start_time": 1699175825.733245, "duration": 1.917187213897705}, "current_params": {"N": 500, "iss": 0.4825309396306763, "lr": 0.0026215829905024274, "ridge": 1.3617902397367888e-09, "seed": 1234, "sr": 0.30993658351244163}}