{"returned_dict": {"loss": 0.2776279314807968, "r2": -3.426010175349814, "status": "ok", "start_time": 1698888764.1858702, "duration": 1.7810938358306885}, "current_params": {"N": 500, "iss": 0.6381446788022263, "lr": 0.011295567117425407, "ridge": 7.933169942060012e-08, "seed": 1234, "sr": 0.20877503732087163}}