{"returned_dict": {"loss": 0.2899676082943977, "r2": -2.6368339712690894, "status": "ok", "start_time": 1699185812.474391, "duration": 1.8823728561401367}, "current_params": {"N": 500, "iss": 0.40978014885751834, "lr": 0.003188301860373708, "ridge": 2.4347267941306313e-08, "seed": 1234, "sr": 0.050704131972421025}}