{"returned_dict": {"loss": 0.28085054793104663, "r2": -1.5464568408232229, "status": "ok", "start_time": 1699170461.0007749, "duration": 1.8314270973205566}, "current_params": {"N": 500, "iss": 0.6871632474113247, "lr": 0.0033668417829176823, "ridge": 3.836716623456785e-09, "seed": 1234, "sr": 0.10594870634350116}}