{"returned_dict": {"loss": 0.2953725726544859, "r2": -0.635060277862937, "status": "ok", "start_time": 1699095230.270619, "duration": 2.311958074569702}, "current_params": {"N": 500, "iss": 0.8564670839009341, "lr": 0.004666278320192311, "ridge": 0.0005245567335623266, "seed": 1234, "sr": 9.019468988959579}}