{"returned_dict": {"loss": 0.3048686766438779, "r2": -0.8729092921161005, "status": "ok", "start_time": 1699177727.6538649, "duration": 1.7621331214904785}, "current_params": {"N": 500, "iss": 0.9232478994758182, "lr": 0.001009158010588956, "ridge": 8.318524365251139e-07, "seed": 1234, "sr": 0.07326940168674866}}