{"returned_dict": {"loss": 0.3188222679077797, "r2": -5.113257337293394, "status": "ok", "start_time": 1698883832.689759, "duration": 1.9689960479736328}, "current_params": {"N": 500, "iss": 0.550070835811614, "lr": 0.005273335540171085, "ridge": 5.04991308123115e-09, "seed": 1234, "sr": 0.39936841111501603}}