{"returned_dict": {"loss": 0.3194055357496566, "r2": -1.9707139793057593, "status": "ok", "start_time": 1698381694.278217, "duration": 2.1431217193603516}, "current_params": {"N": 500, "iss": 0.2092695124165096, "lr": 0.20792063760808668, "ridge": 2.4402906778962044e-09, "seed": 1234, "sr": 3.3229413943755635}}