{"returned_dict": {"loss": 0.327025516782524, "r2": -25.397418774880776, "status": "ok", "start_time": 1699186238.275458, "duration": 1.9190709590911865}, "current_params": {"N": 500, "iss": 0.837083721656963, "lr": 0.001117795359631473, "ridge": 1.2852197972507888e-06, "seed": 1234, "sr": 0.01061907053409471}}