{"returned_dict": {"loss": 0.3338605180276435, "r2": -8.370359776147085, "status": "ok", "start_time": 1698885036.404871, "duration": 1.8182899951934814}, "current_params": {"N": 500, "iss": 0.900126341412187, "lr": 0.6751854428024655, "ridge": 1.6359488069904826e-09, "seed": 1234, "sr": 0.050152765364070276}}