{"returned_dict": {"loss": 0.3565352045335517, "r2": -3.0282730795932324, "status": "ok", "start_time": 1699239055.963735, "duration": 1.7816038131713867}, "current_params": {"N": 500, "iss": 0.05969594889932428, "lr": 0.22834501963548878, "ridge": 4.079252477787997e-06, "seed": 1234, "sr": 3.3535990156004383}}