{"returned_dict": {"loss": 0.35405323926664317, "r2": -3.533570074660204, "status": "ok", "start_time": 1699095244.204073, "duration": 2.145313024520874}, "current_params": {"N": 500, "iss": 0.5743858512665214, "lr": 0.0025679857977144393, "ridge": 1.9388590294899276e-08, "seed": 1234, "sr": 0.015217119086357022}}