{"returned_dict": {"loss": 0.362005156806893, "r2": -3.4931997882868466, "status": "ok", "start_time": 1699096246.3833852, "duration": 1.9840147495269775}, "current_params": {"N": 500, "iss": 0.8644046911873131, "lr": 0.6156368875066843, "ridge": 8.186416440991658e-08, "seed": 1234, "sr": 1.6722388684853167}}