{"returned_dict": {"loss": 0.36290253167783293, "r2": -6.666133611983184, "status": "ok", "start_time": 1699175677.8158898, "duration": 2.1658692359924316}, "current_params": {"N": 500, "iss": 0.11994602555379685, "lr": 0.16859893208998253, "ridge": 6.132193847282312e-09, "seed": 1234, "sr": 2.3297993110223385}}