{"returned_dict": {"loss": 0.3641522073194257, "r2": -3.6286974319748757, "status": "ok", "start_time": 1698383442.0262132, "duration": 2.101350784301758}, "current_params": {"N": 500, "iss": 0.869355916285306, "lr": 0.0017588986916506517, "ridge": 0.009525997633827816, "seed": 1234, "sr": 1.2509379966926149}}