{"returned_dict": {"loss": 0.37911184676789755, "r2": -3.286394040622612, "status": "ok", "start_time": 1698380961.035286, "duration": 2.1556339263916016}, "current_params": {"N": 500, "iss": 0.17176002567391113, "lr": 0.22199089728115365, "ridge": 0.0006020999816891316, "seed": 1234, "sr": 2.0711751271159318}}