{"returned_dict": {"loss": 0.37274842790832746, "r2": -4.5296957449143616, "status": "ok", "start_time": 1699096281.859099, "duration": 2.131763219833374}, "current_params": {"N": 500, "iss": 0.4363515860498989, "lr": 0.0016156588507471406, "ridge": 3.474547834739471e-08, "seed": 1234, "sr": 0.03073430140568509}}