{"returned_dict": {"loss": 0.40743447799535043, "r2": -9.140108571235851, "status": "ok", "start_time": 1698895523.817961, "duration": 1.8966078758239746}, "current_params": {"N": 500, "iss": 0.6029258260507978, "lr": 0.012445144152847186, "ridge": 2.3571184655130715e-07, "seed": 1234, "sr": 9.272462266637495}}