{"returned_dict": {"loss": 0.42927515311572045, "r2": -12.035741604757547, "status": "ok", "start_time": 1698883870.921716, "duration": 1.8866660594940186}, "current_params": {"N": 500, "iss": 0.5345246533740329, "lr": 0.0016821487193693313, "ridge": 8.527242136552148e-08, "seed": 1234, "sr": 0.016130653781102525}}