{"returned_dict": {"loss": 0.43968281133693027, "r2": -7.211767369924125, "status": "ok", "start_time": 1699184024.102626, "duration": 1.8131179809570312}, "current_params": {"N": 500, "iss": 0.5345246533740329, "lr": 0.0016821487193693313, "ridge": 8.527242136552148e-08, "seed": 1234, "sr": 0.016130653781102525}}