{"returned_dict": {"loss": 0.443733807981856, "r2": -12.304890289908847, "status": "ok", "start_time": 1698888653.829052, "duration": 1.7568371295928955}, "current_params": {"N": 500, "iss": 0.5743858512665214, "lr": 0.0025679857977144393, "ridge": 1.9388590294899276e-08, "seed": 1234, "sr": 0.015217119086357022}}