{"returned_dict": {"loss": 0.45016465594174476, "r2": -6.4186843021493445, "status": "ok", "start_time": 1698381564.37923, "duration": 2.074639081954956}, "current_params": {"N": 500, "iss": 0.869355916285306, "lr": 0.0017588986916506517, "ridge": 0.009525997633827816, "seed": 1234, "sr": 1.2509379966926149}}