{"returned_dict": {"loss": 0.4786415301079136, "r2": -13.097906658955232, "status": "ok", "start_time": 1698883733.109461, "duration": 1.8909459114074707}, "current_params": {"N": 500, "iss": 0.9408397105778058, "lr": 0.3594469868947466, "ridge": 2.899155403260927e-08, "seed": 1234, "sr": 0.953319122623503}}