{"returned_dict": {"loss": 0.4847635437825492, "r2": -3.7675740676073186, "status": "ok", "start_time": 1699177677.490174, "duration": 1.788327932357788}, "current_params": {"N": 500, "iss": 0.6217356289422551, "lr": 0.0029999570595545273, "ridge": 1.822408392802496e-08, "seed": 1234, "sr": 0.38114750465916947}}