{"returned_dict": {"loss": 0.4991755554561646, "r2": -10.618324416148655, "status": "ok", "start_time": 1699174534.3785448, "duration": 1.8339383602142334}, "current_params": {"N": 500, "iss": 0.06694893716285133, "lr": 0.0012469785034749062, "ridge": 8.136540810461886e-08, "seed": 1234, "sr": 0.13504276379966784}}