{"returned_dict": {"loss": 0.5967443656229207, "r2": -10.333660913447867, "status": "ok", "start_time": 1699238811.653179, "duration": 1.8486640453338623}, "current_params": {"N": 500, "iss": 0.13238073196516953, "lr": 0.13864624141183712, "ridge": 5.1447095217047094e-05, "seed": 1234, "sr": 4.997336540870967}}