{"returned_dict": {"loss": 0.6376376586480118, "r2": -30.049208961086105, "status": "ok", "start_time": 1698895296.27673, "duration": 1.8444099426269531}, "current_params": {"N": 500, "iss": 0.4363515860498989, "lr": 0.0016156588507471406, "ridge": 3.474547834739471e-08, "seed": 1234, "sr": 0.03073430140568509}}