{"returned_dict": {"loss": 0.6326428943374981, "r2": -12.280936864854874, "status": "ok", "start_time": 1699096288.06168, "duration": 1.9679110050201416}, "current_params": {"N": 500, "iss": 0.45903012586393255, "lr": 0.008993216326780393, "ridge": 3.098662816361876e-05, "seed": 1234, "sr": 1.038057705082271}}