{"returned_dict": {"loss": 0.644488117413665, "r2": -17.983505702880436, "status": "ok", "start_time": 1699173876.6758342, "duration": 1.8801019191741943}, "current_params": {"N": 500, "iss": 0.28766435081673314, "lr": 0.0012105913148246156, "ridge": 1.9057127432713242e-07, "seed": 1234, "sr": 0.07964860203040938}}