{"returned_dict": {"loss": 0.6980760834317413, "r2": -30.199358529033933, "status": "ok", "start_time": 1698883598.6602728, "duration": 1.9085030555725098}, "current_params": {"N": 500, "iss": 0.6217356289422551, "lr": 0.0029999570595545273, "ridge": 1.822408392802496e-08, "seed": 1234, "sr": 0.38114750465916947}}