{"returned_dict": {"loss": 0.797758243077467, "r2": -37.165763209230384, "status": "ok", "start_time": 1698895277.2139242, "duration": 1.9073710441589355}, "current_params": {"N": 500, "iss": 0.49797044830105386, "lr": 0.005473899359991359, "ridge": 0.009737952859572229, "seed": 1234, "sr": 4.574545330611019}}