{"returned_dict": {"loss": 0.8170954771537295, "r2": -28.45942046619528, "status": "ok", "start_time": 1699184221.400146, "duration": 1.8022451400756836}, "current_params": {"N": 500, "iss": 0.14796761127746416, "lr": 0.0013818551895319936, "ridge": 1.9194269720339747e-07, "seed": 1234, "sr": 0.5693766752526698}}