{"returned_dict": {"loss": 0.8241276238109275, "r2": -39.00937758486833, "status": "ok", "start_time": 1698885080.76999, "duration": 1.8287010192871094}, "current_params": {"N": 500, "iss": 0.5806915954693277, "lr": 0.005250222770550053, "ridge": 9.454792365744235e-05, "seed": 1234, "sr": 2.6286963019006704}}