{"returned_dict": {"loss": 0.8604151910074305, "r2": -33.92258858482836, "status": "ok", "start_time": 1699172331.007584, "duration": 1.8107178211212158}, "current_params": {"N": 500, "iss": 0.26089228108771545, "lr": 0.004924674001327178, "ridge": 2.381485979423505e-09, "seed": 1234, "sr": 0.28962112677540436}}