{"returned_dict": {"loss": 0.9246400008756209, "r2": -25.90966978032039, "status": "ok", "start_time": 1699096524.8188841, "duration": 1.958439826965332}, "current_params": {"N": 500, "iss": 0.26089228108771545, "lr": 0.004924674001327178, "ridge": 2.381485979423505e-09, "seed": 1234, "sr": 0.28962112677540436}}