{"returned_dict": {"loss": 0.9584943649613549, "r2": -16.088430882606442, "status": "ok", "start_time": 1699176973.481874, "duration": 1.9217619895935059}, "current_params": {"N": 500, "iss": 0.869355916285306, "lr": 0.0017588986916506517, "ridge": 0.009525997633827816, "seed": 1234, "sr": 1.2509379966926149}}