{"returned_dict": {"loss": 0.9598833116573037, "r2": -54.41462038948063, "status": "ok", "start_time": 1698895282.8816159, "duration": 1.962968111038208}, "current_params": {"N": 500, "iss": 0.34711880645906334, "lr": 0.0017068361591199817, "ridge": 1.2839800042841107e-06, "seed": 1234, "sr": 0.7839491567314942}}