{"returned_dict": {"loss": 0.9948184207265535, "r2": -24.132552970850366, "status": "ok", "start_time": 1699180324.8186822, "duration": 1.8833589553833008}, "current_params": {"N": 500, "iss": 0.4503628369957513, "lr": 0.03709140133925175, "ridge": 2.6234435504939386e-09, "seed": 1234, "sr": 1.665278509291293}}