{"returned_dict": {"loss": 1.0946082945177193, "r2": -353.50978732359073, "status": "ok", "start_time": 1699186249.225541, "duration": 1.9032320976257324}, "current_params": {"N": 500, "iss": 0.14796761127746416, "lr": 0.0013818551895319936, "ridge": 1.9194269720339747e-07, "seed": 1234, "sr": 0.5693766752526698}}