{"returned_dict": {"loss": 1.1030976735874172, "r2": -47.59993134523655, "status": "ok", "start_time": 1699096210.025422, "duration": 2.106106758117676}, "current_params": {"N": 500, "iss": 0.869355916285306, "lr": 0.0017588986916506517, "ridge": 0.009525997633827816, "seed": 1234, "sr": 1.2509379966926149}}