{"returned_dict": {"loss": 1.1569963878093843, "r2": -46.78341955413347, "status": "ok", "start_time": 1699095087.619589, "duration": 1.9783680438995361}, "current_params": {"N": 500, "iss": 0.48683979711786196, "lr": 0.0041878954202570285, "ridge": 1.5267158874357313e-07, "seed": 1234, "sr": 0.7656474307799984}}