{"returned_dict": {"loss": 1.2671754789149678, "r2": -102.25220231096868, "status": "ok", "start_time": 1698884945.5055249, "duration": 1.866434097290039}, "current_params": {"N": 500, "iss": 0.48683979711786196, "lr": 0.0041878954202570285, "ridge": 1.5267158874357313e-07, "seed": 1234, "sr": 0.7656474307799984}}