{"returned_dict": {"loss": 1.2849378114011127, "r2": -97.0253239408526, "status": "ok", "start_time": 1698883556.0693629, "duration": 1.9229340553283691}, "current_params": {"N": 500, "iss": 0.34711880645906334, "lr": 0.0017068361591199817, "ridge": 1.2839800042841107e-06, "seed": 1234, "sr": 0.7839491567314942}}