{"returned_dict": {"loss": 1.337853847418493, "r2": -113.79504372627498, "status": "ok", "start_time": 1698895437.8054981, "duration": 1.8489258289337158}, "current_params": {"N": 500, "iss": 0.8275692027406062, "lr": 0.00921134174257873, "ridge": 7.465489217273001e-08, "seed": 1234, "sr": 2.9579435824398614}}