{"returned_dict": {"loss": 1.364654456051336, "r2": -70.20920402828168, "status": "ok", "start_time": 1699177822.766069, "duration": 1.7365829944610596}, "current_params": {"N": 500, "iss": 0.15855990557256594, "lr": 0.0013530394390112253, "ridge": 3.771243674444087e-05, "seed": 1234, "sr": 1.2072384196976096}}