{"returned_dict": {"loss": 1.3745733087145577, "r2": -80.9051056965666, "status": "ok", "start_time": 1699175266.4055092, "duration": 1.9402449131011963}, "current_params": {"N": 500, "iss": 0.8640890518452584, "lr": 0.056175796579322784, "ridge": 8.914132777984633e-07, "seed": 1234, "sr": 1.6346058937885943}}