{"returned_dict": {"loss": 1.387855236094989, "r2": -89.34113357661154, "status": "ok", "start_time": 1699095283.120558, "duration": 2.346719980239868}, "current_params": {"N": 500, "iss": 0.9408397105778058, "lr": 0.3594469868947466, "ridge": 2.899155403260927e-08, "seed": 1234, "sr": 0.953319122623503}}