{"returned_dict": {"loss": 1.4027454214191433, "r2": -62.86299455044784, "status": "ok", "start_time": 1699096424.893548, "duration": 2.1498849391937256}, "current_params": {"N": 500, "iss": 0.9907096740516865, "lr": 0.011152501138346385, "ridge": 4.549840392506736e-07, "seed": 1234, "sr": 1.4037266612887527}}