{"returned_dict": {"loss": 1.453101387511374, "r2": -69.77608050793184, "status": "ok", "start_time": 1698383584.7756748, "duration": 2.073294162750244}, "current_params": {"N": 500, "iss": 0.14796761127746416, "lr": 0.0013818551895319936, "ridge": 1.9194269720339747e-07, "seed": 1234, "sr": 0.5693766752526698}}