{"returned_dict": {"loss": 1.6319016570829457, "r2": -52.555421702773685, "status": "ok", "start_time": 1699184872.791157, "duration": 2.0703999996185303}, "current_params": {"N": 500, "iss": 0.8097531217575742, "lr": 0.04708253287367831, "ridge": 9.2648288823008e-08, "seed": 1234, "sr": 7.231920572306449}}