{"returned_dict": {"loss": 1.792848053846176, "r2": -95.67890663753074, "status": "ok", "start_time": 1699184446.5039082, "duration": 2.2101807594299316}, "current_params": {"N": 500, "iss": 0.24236535975373574, "lr": 0.06703300913405115, "ridge": 4.2269285080674205e-08, "seed": 1234, "sr": 2.773816181603311}}