{"returned_dict": {"loss": 1.8817163622802073, "r2": -217.7295428710779, "status": "ok", "start_time": 1698883503.3101351, "duration": 1.9581239223480225}, "current_params": {"N": 500, "iss": 0.5734609694174653, "lr": 0.0014528929731718976, "ridge": 0.0002509953774283313, "seed": 1234, "sr": 1.4787515437601555}}