{"returned_dict": {"loss": 10.082323960005409, "r2": -2194.677194107377, "status": "ok", "start_time": 1699177616.562258, "duration": 1.7168710231781006}, "current_params": {"N": 500, "iss": 0.22424280171073074, "lr": 0.012042080474948267, "ridge": 9.253689703516465e-05, "seed": 1234, "sr": 1.959651331974383}}