{"returned_dict": {"loss": 10.191433627191225, "r2": -3124.662060995035, "status": "ok", "start_time": 1698381844.951869, "duration": 1.8971681594848633}, "current_params": {"N": 500, "iss": 0.33486009438808095, "lr": 0.004100650502354604, "ridge": 0.008206547427376674, "seed": 1234, "sr": 4.224184001973293}}