{"returned_dict": {"loss": 10.103221165232613, "r2": -7110.2087065802625, "status": "ok", "start_time": 1698883800.766905, "duration": 1.8734207153320312}, "current_params": {"N": 500, "iss": 0.8468296018182028, "lr": 0.0016562209632395857, "ridge": 7.687566626413539e-08, "seed": 1234, "sr": 6.091700405214507}}