{"returned_dict": {"loss": 11.355517312938758, "r2": -3810.739852544015, "status": "ok", "start_time": 1698381038.274415, "duration": 1.9604289531707764}, "current_params": {"N": 500, "iss": 0.5308233319012376, "lr": 0.010754552393914138, "ridge": 0.00408260583459009, "seed": 1234, "sr": 7.505573307332538}}