{"returned_dict": {"loss": 118.29576313722661, "r2": -451862.81520526676, "status": "ok", "start_time": 1698382736.367563, "duration": 1.986299991607666}, "current_params": {"N": 500, "iss": 0.029495943205165465, "lr": 0.015679192953865242, "ridge": 3.171371461069988e-05, "seed": 1234, "sr": 7.78867384430367}}