{"returned_dict": {"loss": 12.054597161349657, "r2": -5869.344482224088, "status": "ok", "start_time": 1699095427.286152, "duration": 2.295938014984131}, "current_params": {"N": 500, "iss": 0.7444485210599292, "lr": 0.0020459627481612115, "ridge": 1.674497026534218e-08, "seed": 1234, "sr": 1.182082887824895}}