{"returned_dict": {"loss": 12.322081196100926, "r2": -5883.094188677933, "status": "ok", "start_time": 1698381053.858461, "duration": 1.9215190410614014}, "current_params": {"N": 500, "iss": 0.15855990557256594, "lr": 0.0013530394390112253, "ridge": 3.771243674444087e-05, "seed": 1234, "sr": 1.2072384196976096}}