{"returned_dict": {"loss": 12.900333426306938, "r2": -41624.426589039394, "status": "ok", "start_time": 1699186201.733204, "duration": 1.8492863178253174}, "current_params": {"N": 500, "iss": 0.04455656901228233, "lr": 0.01935540965604909, "ridge": 0.0004870385305496401, "seed": 1234, "sr": 4.425195681471678}}