{"returned_dict": {"loss": 1298.667762569493, "r2": -105616324.11208552, "status": "ok", "start_time": 1699175738.992251, "duration": 1.9523320198059082}, "current_params": {"N": 500, "iss": 0.4234539619306149, "lr": 0.001055234755253992, "ridge": 2.7873687266175076e-08, "seed": 1234, "sr": 6.700381333753658}}