{"returned_dict": {"loss": 13.305256336188506, "r2": -5513.542976756365, "status": "ok", "start_time": 1699170404.619197, "duration": 1.7920200824737549}, "current_params": {"N": 500, "iss": 0.8564670839009341, "lr": 0.004666278320192311, "ridge": 0.0005245567335623266, "seed": 1234, "sr": 9.019468988959579}}