{"returned_dict": {"loss": 13.473455583946711, "r2": -9182.865103494978, "status": "ok", "start_time": 1699185100.814694, "duration": 1.8852620124816895}, "current_params": {"N": 500, "iss": 0.5813661769352256, "lr": 0.0010387024872592213, "ridge": 4.333630514338604e-07, "seed": 1234, "sr": 1.0616387878921083}}