{"returned_dict": {"loss": 1371.3213870180155, "r2": -39208820.79013287, "status": "ok", "start_time": 1699181991.113207, "duration": 1.9280319213867188}, "current_params": {"N": 500, "iss": 0.4234539619306149, "lr": 0.001055234755253992, "ridge": 2.7873687266175076e-08, "seed": 1234, "sr": 6.700381333753658}}