{"returned_dict": {"loss": 14.401042487393468, "r2": -64904.24489330315, "status": "ok", "start_time": 1699186301.498849, "duration": 1.8202641010284424}, "current_params": {"N": 500, "iss": 0.5813661769352256, "lr": 0.0010387024872592213, "ridge": 4.333630514338604e-07, "seed": 1234, "sr": 1.0616387878921083}}