{"returned_dict": {"loss": 14.768290184612946, "r2": -7470.651619606694, "status": "ok", "start_time": 1699096444.90645, "duration": 2.094782829284668}, "current_params": {"N": 500, "iss": 0.5164119610315949, "lr": 0.005362066549925435, "ridge": 5.41731973139421e-08, "seed": 1234, "sr": 1.7053539993996638}}