{"returned_dict": {"loss": 14.734996379260268, "r2": -9458.726722766953, "status": "ok", "start_time": 1699175038.449035, "duration": 1.9177541732788086}, "current_params": {"N": 500, "iss": 0.04455656901228233, "lr": 0.01935540965604909, "ridge": 0.0004870385305496401, "seed": 1234, "sr": 4.425195681471678}}