{"returned_dict": {"loss": 140.40609461246504, "r2": -4905604.416512974, "status": "ok", "start_time": 1699186386.725746, "duration": 1.894205093383789}, "current_params": {"N": 500, "iss": 0.007930380864134223, "lr": 0.010013001344096634, "ridge": 6.670195090070217e-06, "seed": 1234, "sr": 3.180379394013653}}