{"returned_dict": {"loss": 148.0880519582938, "r2": -929593.4960349831, "status": "ok", "start_time": 1699170762.459601, "duration": 1.852174997329712}, "current_params": {"N": 500, "iss": 0.09111729583113959, "lr": 0.019364061327381353, "ridge": 2.8302701017808404e-08, "seed": 1234, "sr": 6.7303288800603305}}