{"returned_dict": {"loss": 15.552042367981995, "r2": -7444.991855768549, "status": "ok", "start_time": 1699184235.920941, "duration": 1.823606014251709}, "current_params": {"N": 500, "iss": 0.8328177066055172, "lr": 0.026162881037661297, "ridge": 3.0656276565905996e-07, "seed": 1234, "sr": 2.3820731800209316}}