{"returned_dict": {"loss": 15.772272289929113, "r2": -10846.84608580304, "status": "ok", "start_time": 1699185012.9678469, "duration": 1.8268892765045166}, "current_params": {"N": 500, "iss": 0.8383160999911431, "lr": 0.023226759313516834, "ridge": 8.81560223051062e-07, "seed": 1234, "sr": 1.7986325141052368}}