{"returned_dict": {"loss": 15.877510419346095, "r2": -8266.143685808374, "status": "ok", "start_time": 1699238997.74257, "duration": 1.850762128829956}, "current_params": {"N": 500, "iss": 0.4016192513767243, "lr": 0.023565820546423054, "ridge": 0.0009341644724743216, "seed": 1234, "sr": 5.987530745926846}}