{"returned_dict": {"loss": 16.415030323007688, "r2": -8552.259250525674, "status": "ok", "start_time": 1698383593.088981, "duration": 2.007835865020752}, "current_params": {"N": 500, "iss": 0.9406587057968023, "lr": 0.02207977188453779, "ridge": 0.0007602478909161272, "seed": 1234, "sr": 6.833596167908428}}