{"returned_dict": {"loss": 16.785572042474854, "r2": -65043.41009888377, "status": "ok", "start_time": 1699186952.007582, "duration": 1.9391212463378906}, "current_params": {"N": 500, "iss": 0.15855990557256594, "lr": 0.0013530394390112253, "ridge": 3.771243674444087e-05, "seed": 1234, "sr": 1.2072384196976096}}