{"returned_dict": {"loss": 1730.080743331516, "r2": -95094551.96505158, "status": "ok", "start_time": 1698381782.190356, "duration": 1.879939079284668}, "current_params": {"N": 500, "iss": 0.4234539619306149, "lr": 0.001055234755253992, "ridge": 2.7873687266175076e-08, "seed": 1234, "sr": 6.700381333753658}}