{"returned_dict": {"loss": 186.3985404213989, "r2": -1111906.2138821052, "status": "ok", "start_time": 1698382715.0980742, "duration": 2.0940418243408203}, "current_params": {"N": 500, "iss": 0.4318098058036459, "lr": 0.012600442759985371, "ridge": 1.4978972663732007e-06, "seed": 1234, "sr": 7.954497739510178}}