{"returned_dict": {"loss": 19.68758154183084, "r2": -119875.25966152875, "status": "ok", "start_time": 1699186334.927194, "duration": 2.130896806716919}, "current_params": {"N": 500, "iss": 0.4503628369957513, "lr": 0.03709140133925175, "ridge": 2.6234435504939386e-09, "seed": 1234, "sr": 1.665278509291293}}