{"returned_dict": {"loss": 2.1319543786545836, "r2": -296.68115813651264, "status": "ok", "start_time": 1698895455.0238872, "duration": 1.9506759643554688}, "current_params": {"N": 500, "iss": 0.5164119610315949, "lr": 0.005362066549925435, "ridge": 5.41731973139421e-08, "seed": 1234, "sr": 1.7053539993996638}}