{"returned_dict": {"loss": 2.187535118530909, "r2": -118.33646406358282, "status": "ok", "start_time": 1699182044.532895, "duration": 1.9209098815917969}, "current_params": {"N": 500, "iss": 0.15855990557256594, "lr": 0.0013530394390112253, "ridge": 3.771243674444087e-05, "seed": 1234, "sr": 1.2072384196976096}}