{"returned_dict": {"loss": 2.212105517127679, "r2": -209.0984891352849, "status": "ok", "start_time": 1699173872.773386, "duration": 1.982409954071045}, "current_params": {"N": 500, "iss": 0.6217356289422551, "lr": 0.0029999570595545273, "ridge": 1.822408392802496e-08, "seed": 1234, "sr": 0.38114750465916947}}