{"returned_dict": {"loss": 2.22793865502449, "r2": -176.46340739776983, "status": "ok", "start_time": 1699095085.6321762, "duration": 1.9797866344451904}, "current_params": {"N": 500, "iss": 0.8967736623178844, "lr": 0.1298405957476471, "ridge": 9.418213809531775e-09, "seed": 1234, "sr": 0.3105316802728771}}