{"returned_dict": {"loss": 2.2418585269787985, "r2": -223.32996378549979, "status": "ok", "start_time": 1699184967.2771761, "duration": 1.8552577495574951}, "current_params": {"N": 500, "iss": 0.24236535975373574, "lr": 0.06703300913405115, "ridge": 4.2269285080674205e-08, "seed": 1234, "sr": 2.773816181603311}}