{"returned_dict": {"loss": 2.509478322659485, "r2": -165.12369619930413, "status": "ok", "start_time": 1699096107.169462, "duration": 1.8699710369110107}, "current_params": {"N": 500, "iss": 0.5734609694174653, "lr": 0.0014528929731718976, "ridge": 0.0002509953774283313, "seed": 1234, "sr": 1.4787515437601555}}