{"returned_dict": {"loss": 2.5119471116241914, "r2": -1455.9081214471325, "status": "ok", "start_time": 1699186980.956436, "duration": 2.0421090126037598}, "current_params": {"N": 500, "iss": 0.4825309396306763, "lr": 0.0026215829905024274, "ridge": 1.3617902397367888e-09, "seed": 1234, "sr": 0.30993658351244163}}