{"returned_dict": {"loss": 2.527267829303506, "r2": -1348.55676690301, "status": "ok", "start_time": 1699186726.007465, "duration": 1.8770601749420166}, "current_params": {"N": 500, "iss": 0.27955000672950736, "lr": 0.050891035673396985, "ridge": 6.92305207076248e-05, "seed": 1234, "sr": 9.903672418680925}}