{"returned_dict": {"loss": 2.556068473832908, "r2": -189.97449608718262, "status": "ok", "start_time": 1699177928.538177, "duration": 1.7964179515838623}, "current_params": {"N": 500, "iss": 0.7111875236481379, "lr": 0.014953523366352292, "ridge": 0.003917533648237141, "seed": 1234, "sr": 1.908865762249811}}