{"returned_dict": {"loss": 2.9211755780390685, "r2": -592.8257742503104, "status": "ok", "start_time": 1699175718.453402, "duration": 2.1379969120025635}, "current_params": {"N": 500, "iss": 0.5813661769352256, "lr": 0.0010387024872592213, "ridge": 4.333630514338604e-07, "seed": 1234, "sr": 1.0616387878921083}}