{"returned_dict": {"loss": 2.9599561251664936, "r2": -280.7267614876605, "status": "ok", "start_time": 1698382833.087054, "duration": 2.2840800285339355}, "current_params": {"N": 500, "iss": 0.18619565979686425, "lr": 0.06289522081324313, "ridge": 2.6051918706653142e-08, "seed": 1234, "sr": 7.227207099998132}}