{"returned_dict": {"loss": 20.29066643047717, "r2": -13047.81461872516, "status": "ok", "start_time": 1699170444.388343, "duration": 1.8047759532928467}, "current_params": {"N": 500, "iss": 0.8328177066055172, "lr": 0.026162881037661297, "ridge": 3.0656276565905996e-07, "seed": 1234, "sr": 2.3820731800209316}}