{"returned_dict": {"loss": 2060.18698273136, "r2": -198991828.75195214, "status": "ok", "start_time": 1699174107.169502, "duration": 1.958845853805542}, "current_params": {"N": 500, "iss": 0.14075425983870582, "lr": 0.004542545207344772, "ridge": 1.7619615210880348e-09, "seed": 1234, "sr": 9.335710032985542}}