{"returned_dict": {"loss": 208.57540699989082, "r2": -1299361.921886929, "status": "ok", "start_time": 1698381055.7819269, "duration": 1.9004552364349365}, "current_params": {"N": 500, "iss": 0.32045037207585336, "lr": 0.013663130602244231, "ridge": 5.368010723935917e-07, "seed": 1234, "sr": 2.6411464130177205}}