{"returned_dict": {"loss": 21.058017896136715, "r2": -9181.524370767644, "status": "ok", "start_time": 1699183054.9678211, "duration": 2.000004768371582}, "current_params": {"N": 500, "iss": 0.8564670839009341, "lr": 0.004666278320192311, "ridge": 0.0005245567335623266, "seed": 1234, "sr": 9.019468988959579}}