{"returned_dict": {"loss": 21.96087197083338, "r2": -21056.65088532889, "status": "ok", "start_time": 1699174509.8964128, "duration": 1.8800160884857178}, "current_params": {"N": 500, "iss": 0.8564670839009341, "lr": 0.004666278320192311, "ridge": 0.0005245567335623266, "seed": 1234, "sr": 9.019468988959579}}