{"returned_dict": {"loss": 22.418949284113122, "r2": -15015.916908995525, "status": "ok", "start_time": 1699184189.2184398, "duration": 1.8887512683868408}, "current_params": {"N": 500, "iss": 0.8383160999911431, "lr": 0.023226759313516834, "ridge": 8.81560223051062e-07, "seed": 1234, "sr": 1.7986325141052368}}