{"returned_dict": {"loss": 221.91797732035545, "r2": -1562770.5018938677, "status": "ok", "start_time": 1698383741.642601, "duration": 1.9729928970336914}, "current_params": {"N": 500, "iss": 0.007930380864134223, "lr": 0.010013001344096634, "ridge": 6.670195090070217e-06, "seed": 1234, "sr": 3.180379394013653}}