{"returned_dict": {"loss": 23.240774355041093, "r2": -17032.864468879678, "status": "ok", "start_time": 1699170431.661791, "duration": 1.7990047931671143}, "current_params": {"N": 500, "iss": 0.029495943205165465, "lr": 0.015679192953865242, "ridge": 3.171371461069988e-05, "seed": 1234, "sr": 7.78867384430367}}