{"returned_dict": {"loss": 267.047600783252, "r2": -3400046.515048443, "status": "ok", "start_time": 1699174590.988744, "duration": 1.8395371437072754}, "current_params": {"N": 500, "iss": 0.15399984759321084, "lr": 0.0019431745080725833, "ridge": 6.149769328825335e-07, "seed": 1234, "sr": 8.323301293667457}}