{"returned_dict": {"loss": 28.986640739726877, "r2": -204881.6670983927, "status": "ok", "start_time": 1699186709.164812, "duration": 1.8290338516235352}, "current_params": {"N": 500, "iss": 0.30780459889893874, "lr": 0.0020629649586181636, "ridge": 1.807451674082109e-05, "seed": 1234, "sr": 2.2042634577971216}}