{"returned_dict": {"loss": 29.09928794410581, "r2": -18577.152882640406, "status": "ok", "start_time": 1699183097.427886, "duration": 1.8999271392822266}, "current_params": {"N": 500, "iss": 0.8328177066055172, "lr": 0.026162881037661297, "ridge": 3.0656276565905996e-07, "seed": 1234, "sr": 2.3820731800209316}}