{"returned_dict": {"loss": 3.0344709575441247, "r2": -1941.465930302984, "status": "ok", "start_time": 1699187039.2701492, "duration": 1.8278489112854004}, "current_params": {"N": 500, "iss": 0.8097531217575742, "lr": 0.04708253287367831, "ridge": 9.2648288823008e-08, "seed": 1234, "sr": 7.231920572306449}}