{"returned_dict": {"loss": 3.1939217828256425, "r2": -684.5304808573472, "status": "ok", "start_time": 1698883677.066933, "duration": 1.8814401626586914}, "current_params": {"N": 500, "iss": 0.10204618018844569, "lr": 0.0022976484367460367, "ridge": 6.435132499791384e-09, "seed": 1234, "sr": 1.1658340735577972}}