{"returned_dict": {"loss": 3.4706064725327006, "r2": -452.2062079354319, "status": "ok", "start_time": 1698382019.3748028, "duration": 1.9468753337860107}, "current_params": {"N": 500, "iss": 0.5813661769352256, "lr": 0.0010387024872592213, "ridge": 4.333630514338604e-07, "seed": 1234, "sr": 1.0616387878921083}}