{"returned_dict": {"loss": 3.492817190607339, "r2": -385.20408406949235, "status": "ok", "start_time": 1699170437.0538292, "duration": 1.8883028030395508}, "current_params": {"N": 500, "iss": 0.9406587057968023, "lr": 0.02207977188453779, "ridge": 0.0007602478909161272, "seed": 1234, "sr": 6.833596167908428}}