{"returned_dict": {"loss": 3.6445512985359048, "r2": -826.4494712861579, "status": "ok", "start_time": 1698888790.490293, "duration": 1.8420379161834717}, "current_params": {"N": 500, "iss": 0.7444485210599292, "lr": 0.0020459627481612115, "ridge": 1.674497026534218e-08, "seed": 1234, "sr": 1.182082887824895}}