{"returned_dict": {"loss": 3029.557049736841, "r2": -2456114636.037783, "status": "ok", "start_time": 1699186429.263507, "duration": 1.8078742027282715}, "current_params": {"N": 500, "iss": 0.14075425983870582, "lr": 0.004542545207344772, "ridge": 1.7619615210880348e-09, "seed": 1234, "sr": 9.335710032985542}}