{"returned_dict": {"loss": 31.356957253475034, "r2": -29995.427305407775, "status": "ok", "start_time": 1699184637.612844, "duration": 2.2386581897735596}, "current_params": {"N": 500, "iss": 0.5806915954693277, "lr": 0.005250222770550053, "ridge": 9.454792365744235e-05, "seed": 1234, "sr": 2.6286963019006704}}