{"returned_dict": {"loss": 35.974286678836144, "r2": -65368.32531576958, "status": "ok", "start_time": 1699096568.9504828, "duration": 2.032783269882202}, "current_params": {"N": 500, "iss": 0.7444485210599292, "lr": 0.0020459627481612115, "ridge": 1.674497026534218e-08, "seed": 1234, "sr": 1.182082887824895}}