{"returned_dict": {"loss": 350.5972506201844, "r2": -4175076.91129308, "status": "ok", "start_time": 1699238973.522462, "duration": 1.9931199550628662}, "current_params": {"N": 500, "iss": 0.8275692027406062, "lr": 0.00921134174257873, "ridge": 7.465489217273001e-08, "seed": 1234, "sr": 2.9579435824398614}}