{"returned_dict": {"loss": 371.3417363070245, "r2": -5373373.981534743, "status": "ok", "start_time": 1698383694.6588008, "duration": 2.1691882610321045}, "current_params": {"N": 500, "iss": 0.5164119610315949, "lr": 0.005362066549925435, "ridge": 5.41731973139421e-08, "seed": 1234, "sr": 1.7053539993996638}}