{"returned_dict": {"loss": 39.29635803877794, "r2": -70257.09431648684, "status": "ok", "start_time": 1699170742.0006819, "duration": 1.8296639919281006}, "current_params": {"N": 500, "iss": 0.5806915954693277, "lr": 0.005250222770550053, "ridge": 9.454792365744235e-05, "seed": 1234, "sr": 2.6286963019006704}}