{"returned_dict": {"loss": 4.960729447377457, "r2": -612.8372121699964, "status": "ok", "start_time": 1699177602.325721, "duration": 1.7433419227600098}, "current_params": {"N": 500, "iss": 0.33486009438808095, "lr": 0.004100650502354604, "ridge": 0.008206547427376674, "seed": 1234, "sr": 4.224184001973293}}