{"returned_dict": {"loss": 41.189199274567386, "r2": -37057.22676766379, "status": "ok", "start_time": 1699177731.386403, "duration": 1.729529857635498}, "current_params": {"N": 500, "iss": 0.3415352429252124, "lr": 0.024081733532461607, "ridge": 2.334903649885824e-09, "seed": 1234, "sr": 2.540247736115996}}