{"returned_dict": {"loss": 420.9755715216268, "r2": -5695712.451176904, "status": "ok", "start_time": 1698382837.3791401, "duration": 2.014866828918457}, "current_params": {"N": 500, "iss": 0.09111729583113959, "lr": 0.019364061327381353, "ridge": 2.8302701017808404e-08, "seed": 1234, "sr": 6.7303288800603305}}