{"returned_dict": {"loss": 4203.9642252714375, "r2": -528714412.79692394, "status": "ok", "start_time": 1698381116.7545621, "duration": 2.0682199001312256}, "current_params": {"N": 500, "iss": 0.14075425983870582, "lr": 0.004542545207344772, "ridge": 1.7619615210880348e-09, "seed": 1234, "sr": 9.335710032985542}}