{"returned_dict": {"loss": 43.144803510710496, "r2": -58356.776964898534, "status": "ok", "start_time": 1699096371.81802, "duration": 1.9501237869262695}, "current_params": {"N": 500, "iss": 0.3415352429252124, "lr": 0.024081733532461607, "ridge": 2.334903649885824e-09, "seed": 1234, "sr": 2.540247736115996}}