{"returned_dict": {"loss": 5.284089784384157, "r2": -900.4388419433216, "status": "ok", "start_time": 1698382961.543914, "duration": 2.0025761127471924}, "current_params": {"N": 500, "iss": 0.8097531217575742, "lr": 0.04708253287367831, "ridge": 9.2648288823008e-08, "seed": 1234, "sr": 7.231920572306449}}