{"returned_dict": {"loss": 5.527226661730023, "r2": -705.2337641703571, "status": "ok", "start_time": 1699181912.952717, "duration": 1.8335418701171875}, "current_params": {"N": 500, "iss": 0.23643093070326449, "lr": 0.01146759760328504, "ridge": 0.004599990623823179, "seed": 1234, "sr": 2.3610670815355883}}