{"returned_dict": {"loss": 5.726540401067404, "r2": -660.8554242072669, "status": "ok", "start_time": 1699177804.805425, "duration": 1.767266035079956}, "current_params": {"N": 500, "iss": 0.4016192513767243, "lr": 0.023565820546423054, "ridge": 0.0009341644724743216, "seed": 1234, "sr": 5.987530745926846}}