{"returned_dict": {"loss": 5.9995346977226545, "r2": -846.1923920529447, "status": "ok", "start_time": 1699184440.289087, "duration": 3.059689998626709}, "current_params": {"N": 500, "iss": 0.5734609694174653, "lr": 0.0014528929731718976, "ridge": 0.0002509953774283313, "seed": 1234, "sr": 1.4787515437601555}}