{"returned_dict": {"loss": 56.24864846637767, "r2": -92772.14587217827, "status": "ok", "start_time": 1698381860.768012, "duration": 1.9375660419464111}, "current_params": {"N": 500, "iss": 0.22424280171073074, "lr": 0.012042080474948267, "ridge": 9.253689703516465e-05, "seed": 1234, "sr": 1.959651331974383}}