{"returned_dict": {"loss": 6.070375992367406, "r2": -1654.5775252682827, "status": "ok", "start_time": 1699185159.4560409, "duration": 1.8545641899108887}, "current_params": {"N": 500, "iss": 0.5308233319012376, "lr": 0.010754552393914138, "ridge": 0.00408260583459009, "seed": 1234, "sr": 7.505573307332538}}