{"returned_dict": {"loss": 6.1134334203392795, "r2": -1618.4946836678755, "status": "ok", "start_time": 1699183805.242763, "duration": 1.7638587951660156}, "current_params": {"N": 500, "iss": 0.9406587057968023, "lr": 0.02207977188453779, "ridge": 0.0007602478909161272, "seed": 1234, "sr": 6.833596167908428}}