{"returned_dict": {"loss": 6.268684221029715, "r2": -1482.0758352590456, "status": "ok", "start_time": 1699238945.5396779, "duration": 1.9437451362609863}, "current_params": {"N": 500, "iss": 0.5813661769352256, "lr": 0.0010387024872592213, "ridge": 4.333630514338604e-07, "seed": 1234, "sr": 1.0616387878921083}}