{"returned_dict": {"loss": 6.266595318012004, "r2": -839.3733548554677, "status": "ok", "start_time": 1699184734.3533509, "duration": 2.4031569957733154}, "current_params": {"N": 500, "iss": 0.4016192513767243, "lr": 0.023565820546423054, "ridge": 0.0009341644724743216, "seed": 1234, "sr": 5.987530745926846}}