{"returned_dict": {"loss": 6.333685475953889, "r2": -1290.426109545604, "status": "ok", "start_time": 1699096208.007896, "duration": 2.0119099617004395}, "current_params": {"N": 500, "iss": 0.7231479244442287, "lr": 0.021175330384294096, "ridge": 1.3401973668525895e-08, "seed": 1234, "sr": 1.8373084854604944}}