{"returned_dict": {"loss": 6.363550398469215, "r2": -1821.2853882178995, "status": "ok", "start_time": 1699174017.58514, "duration": 1.833083152770996}, "current_params": {"N": 500, "iss": 0.4016192513767243, "lr": 0.023565820546423054, "ridge": 0.0009341644724743216, "seed": 1234, "sr": 5.987530745926846}}