{"returned_dict": {"loss": 6.578214651083911, "r2": -1628.9913967339598, "status": "ok", "start_time": 1699177673.9370172, "duration": 1.8142788410186768}, "current_params": {"N": 500, "iss": 0.8383160999911431, "lr": 0.023226759313516834, "ridge": 8.81560223051062e-07, "seed": 1234, "sr": 1.7986325141052368}}