{"returned_dict": {"loss": 6.617774486334024, "r2": -1378.456107558077, "status": "ok", "start_time": 1699096474.506578, "duration": 1.9316411018371582}, "current_params": {"N": 500, "iss": 0.32045037207585336, "lr": 0.013663130602244231, "ridge": 5.368010723935917e-07, "seed": 1234, "sr": 2.6411464130177205}}