{"returned_dict": {"loss": 6.989921532176847, "r2": -2066.4923357305556, "status": "ok", "start_time": 1699174467.497851, "duration": 1.8703882694244385}, "current_params": {"N": 500, "iss": 0.34711880645906334, "lr": 0.0017068361591199817, "ridge": 1.2839800042841107e-06, "seed": 1234, "sr": 0.7839491567314942}}