{"returned_dict": {"loss": 61.18321810226693, "r2": -141680.41647927664, "status": "ok", "start_time": 1698383478.154926, "duration": 2.0699357986450195}, "current_params": {"N": 500, "iss": 0.22424280171073074, "lr": 0.012042080474948267, "ridge": 9.253689703516465e-05, "seed": 1234, "sr": 1.959651331974383}}