{"returned_dict": {"loss": 61.533918420188456, "r2": -167181.76113614617, "status": "ok", "start_time": 1699172371.876312, "duration": 1.8114020824432373}, "current_params": {"N": 500, "iss": 0.7444485210599292, "lr": 0.0020459627481612115, "ridge": 1.674497026534218e-08, "seed": 1234, "sr": 1.182082887824895}}