{"returned_dict": {"loss": 632.1765008148186, "r2": -12273429.347289085, "status": "ok", "start_time": 1698381733.4972658, "duration": 2.466071128845215}, "current_params": {"N": 500, "iss": 0.3415352429252124, "lr": 0.024081733532461607, "ridge": 2.334903649885824e-09, "seed": 1234, "sr": 2.540247736115996}}