{"returned_dict": {"loss": 651.0639062281033, "r2": -9178073.37395024, "status": "ok", "start_time": 1699177646.806976, "duration": 1.778878927230835}, "current_params": {"N": 500, "iss": 0.6659350740516974, "lr": 0.0068663941226196155, "ridge": 8.704077638470982e-09, "seed": 1234, "sr": 2.2553242781758827}}