{"returned_dict": {"loss": 7.069385713489647, "r2": -3037.3946894231995, "status": "ok", "start_time": 1698883686.949949, "duration": 2.004011869430542}, "current_params": {"N": 500, "iss": 0.15399984759321084, "lr": 0.0019431745080725833, "ridge": 6.149769328825335e-07, "seed": 1234, "sr": 8.323301293667457}}