{"returned_dict": {"loss": 7.183363433173604, "r2": -1237.2797907474426, "status": "ok", "start_time": 1699095351.425559, "duration": 2.6916470527648926}, "current_params": {"N": 500, "iss": 0.4234539619306149, "lr": 0.001055234755253992, "ridge": 2.7873687266175076e-08, "seed": 1234, "sr": 6.700381333753658}}