{"returned_dict": {"loss": 7.452892914709145, "r2": -2375.664233634642, "status": "ok", "start_time": 1698382819.057585, "duration": 2.0311970710754395}, "current_params": {"N": 500, "iss": 0.9907096740516865, "lr": 0.011152501138346385, "ridge": 4.549840392506736e-07, "seed": 1234, "sr": 1.4037266612887527}}