{"returned_dict": {"loss": 7.902761402171417, "r2": -1245.590035295573, "status": "ok", "start_time": 1699182029.149607, "duration": 1.9321908950805664}, "current_params": {"N": 500, "iss": 0.5308233319012376, "lr": 0.010754552393914138, "ridge": 0.00408260583459009, "seed": 1234, "sr": 7.505573307332538}}