{"returned_dict": {"loss": 7.957501082367927, "r2": -2044.0833892498058, "status": "ok", "start_time": 1699170340.977091, "duration": 1.8437159061431885}, "current_params": {"N": 500, "iss": 0.22424280171073074, "lr": 0.012042080474948267, "ridge": 9.253689703516465e-05, "seed": 1234, "sr": 1.959651331974383}}