{"returned_dict": {"loss": 8.131624824283138, "r2": -2881.070614678778, "status": "ok", "start_time": 1699183725.900958, "duration": 1.802161693572998}, "current_params": {"N": 500, "iss": 0.49797044830105386, "lr": 0.005473899359991359, "ridge": 0.009737952859572229, "seed": 1234, "sr": 4.574545330611019}}