{"returned_dict": {"loss": 8.755112444329647, "r2": -3361.7350427276815, "status": "ok", "start_time": 1699095450.387839, "duration": 2.30696702003479}, "current_params": {"N": 500, "iss": 0.5797760318934376, "lr": 0.001358642199806875, "ridge": 3.1927648709671725e-08, "seed": 1234, "sr": 4.0906546305123515}}