{"returned_dict": {"loss": 809.6463737655454, "r2": -22712955.45522703, "status": "ok", "start_time": 1698382668.44006, "duration": 2.0230178833007812}, "current_params": {"N": 500, "iss": 0.6659350740516974, "lr": 0.0068663941226196155, "ridge": 8.704077638470982e-09, "seed": 1234, "sr": 2.2553242781758827}}