{"returned_dict": {"loss": 81.56466523207116, "r2": -313974.97863989504, "status": "ok", "start_time": 1699183955.6774452, "duration": 1.7796518802642822}, "current_params": {"N": 500, "iss": 0.6029258260507978, "lr": 0.012445144152847186, "ridge": 2.3571184655130715e-07, "seed": 1234, "sr": 9.272462266637495}}