{"returned_dict": {"loss": 82.4159840081748, "r2": -136747.4135701533, "status": "ok", "start_time": 1699177837.006243, "duration": 1.8395500183105469}, "current_params": {"N": 500, "iss": 0.007930380864134223, "lr": 0.010013001344096634, "ridge": 6.670195090070217e-06, "seed": 1234, "sr": 3.180379394013653}}