{"returned_dict": {"loss": 9.34929457602162, "r2": -2796.722102016552, "status": "ok", "start_time": 1698382852.4407659, "duration": 2.118602991104126}, "current_params": {"N": 500, "iss": 0.5308233319012376, "lr": 0.010754552393914138, "ridge": 0.00408260583459009, "seed": 1234, "sr": 7.505573307332538}}