{"returned_dict": {"loss": 9.590957268446772, "r2": -21775.211675547474, "status": "ok", "start_time": 1699186703.717107, "duration": 1.7892730236053467}, "current_params": {"N": 500, "iss": 0.5734609694174653, "lr": 0.0014528929731718976, "ridge": 0.0002509953774283313, "seed": 1234, "sr": 1.4787515437601555}}