{"returned_dict": {"loss": 0.0021976999307658546, "r2": 0.9999007115828555, "status": "ok", "start_time": 1699188569.483818, "duration": 2.3170650005340576}, "current_params": {"N": 500, "iss": 0.8644046911873131, "lr": 0.6156368875066843, "ridge": 8.186416440991658e-08, "seed": 1234, "sr": 1.6722388684853167}}