{"returned_dict": {"loss": 0.000871817874597397, "r2": 0.9999847522598347, "status": "ok", "start_time": 1699188992.7740119, "duration": 2.665565252304077}, "current_params": {"N": 500, "iss": 0.6062643158179813, "lr": 0.48657161636196294, "ridge": 0.00019371347794085468, "seed": 1234, "sr": 1.3671630828846324}}