{"returned_dict": {"loss": 0.02919017766946722, "r2": 0.9830168584942242, "status": "ok", "start_time": 1699189000.9441988, "duration": 2.496157169342041}, "current_params": {"N": 500, "iss": 0.9252782203468204, "lr": 0.026818040062708853, "ridge": 7.673078281627973e-07, "seed": 1234, "sr": 0.08930926502440488}}