{"returned_dict": {"loss": 0.026530204466795593, "r2": 0.985853359400366, "status": "ok", "start_time": 1699188841.596902, "duration": 2.3166539669036865}, "current_params": {"N": 500, "iss": 0.794303432239716, "lr": 0.7725304602957936, "ridge": 1.3376623261071025e-07, "seed": 1234, "sr": 0.026191894186955052}}