{"returned_dict": {"loss": 0.021498063647238302, "r2": 0.9907807500859894, "status": "ok", "start_time": 1699188723.762391, "duration": 2.4948768615722656}, "current_params": {"N": 500, "iss": 0.4497287205163476, "lr": 0.009807938072620976, "ridge": 6.297475344208429e-09, "seed": 1234, "sr": 0.05016138018026818}}