{"returned_dict": {"loss": 0.02584896045854237, "r2": 0.986701046194943, "status": "ok", "start_time": 1699188774.583829, "duration": 2.3491389751434326}, "current_params": {"N": 500, "iss": 0.10044612037411704, "lr": 0.07898613150169653, "ridge": 0.005230035728447981, "seed": 1234, "sr": 0.03524277949039688}}