{"returned_dict": {"loss": 0.06190992891644057, "r2": 0.9237151886641947, "status": "ok", "start_time": 1699188645.696218, "duration": 2.5545060634613037}, "current_params": {"N": 500, "iss": 0.4472250816990909, "lr": 0.001490692182461561, "ridge": 5.456100711555596e-06, "seed": 1234, "sr": 0.01695935124689556}}