{"returned_dict": {"loss": 0.927053757208932, "r2": -20.213337197485227, "status": "ok", "start_time": 1699188524.928663, "duration": 2.3654658794403076}, "current_params": {"N": 500, "iss": 0.869355916285306, "lr": 0.0017588986916506517, "ridge": 0.009525997633827816, "seed": 1234, "sr": 1.2509379966926149}}