{"returned_dict": {"loss": 1.707550298594449, "r2": -58.20993867013211, "status": "ok", "start_time": 1699188796.083054, "duration": 2.5206398963928223}, "current_params": {"N": 500, "iss": 0.9907096740516865, "lr": 0.011152501138346385, "ridge": 4.549840392506736e-07, "seed": 1234, "sr": 1.4037266612887527}}