{"returned_dict": {"loss": 60.80967078038339, "r2": -87735.55849970748, "status": "ok", "start_time": 1699188772.246164, "duration": 2.3359720706939697}, "current_params": {"N": 500, "iss": 0.41480029454318923, "lr": 0.005647264982798819, "ridge": 3.627252116587822e-06, "seed": 1234, "sr": 2.1198068680338693}}