{"returned_dict": {"loss": 4.063553383016014e-06, "r2": 0.9999999994424824, "status": "ok", "start_time": 1699521898.53112, "duration": 179.43431997299194}, "current_params": {"N": 4286.0, "iss": 0.16523558090548732, "lr": 0.3391452099991739, "ridge": 1.369442517337815e-08, "seed": 5555, "sr": 0.7319366540055015}}