{"returned_dict": {"loss": 5.8253271317283696e-05, "r2": 0.9999998908356252, "status": "ok", "start_time": 1699553297.913538, "duration": 186.23873686790466}, "current_params": {"N": 3990.0, "iss": 0.3000685990927152, "lr": 0.859625946659967, "ridge": 5.5741251724827626e-08, "seed": 5555, "sr": 0.30672108283530425}}