{"returned_dict": {"loss": 1.237766967864854e-06, "r2": 0.9999999999513799, "status": "ok", "start_time": 1699510383.5637708, "duration": 188.81700825691223}, "current_params": {"N": 4450.0, "iss": 0.07090098320015074, "lr": 0.2772238581688217, "ridge": 1.5277219727050492e-09, "seed": 5555, "sr": 0.7737767926429663}}