{"returned_dict": {"loss": 4.590523742499971e-06, "r2": 0.9999999993090122, "status": "ok", "start_time": 1699521217.343881, "duration": 198.0258502960205}, "current_params": {"N": 4146.0, "iss": 0.1486976575644547, "lr": 0.20633114141166625, "ridge": 1.0104571458025338e-09, "seed": 5555, "sr": 1.108602582463446}}