{"returned_dict": {"loss": 0.008963384321304325, "r2": 0.9974827688256204, "status": "ok", "start_time": 1699501579.432826, "duration": 140.21716785430908}, "current_params": {"N": 3335.0, "iss": 0.3816159769815198, "lr": 0.0522905920651631, "ridge": 0.0038061588146259874, "seed": 5555, "sr": 0.163080686970268}}