{"returned_dict": {"loss": 3.1816973808102702e-06, "r2": 0.9999999996822222, "status": "ok", "start_time": 1699525671.335636, "duration": 113.99182224273682}, "current_params": {"N": 3481.0, "iss": 0.08942132077452322, "lr": 0.2493034123456906, "ridge": 3.951716207144187e-09, "seed": 5555, "sr": 0.5393622579270848}}