{"returned_dict": {"loss": 0.00011169580519771126, "r2": 0.9999996092658104, "status": "ok", "start_time": 1699505608.226347, "duration": 123.3615550994873}, "current_params": {"N": 3703.0, "iss": 0.2317497596587659, "lr": 0.46821439297621964, "ridge": 3.530093060974273e-05, "seed": 5555, "sr": 0.6569662322791684}}