{"returned_dict": {"loss": 6.730405587681735e-05, "r2": 0.999999858030777, "status": "ok", "start_time": 1699544179.821402, "duration": 13.327369928359985}, "current_params": {"N": 1312.0, "iss": 0.01535059509266018, "lr": 0.28655568324408853, "ridge": 1.2719466852716817e-08, "seed": 5555, "sr": 0.67734048806772}}