{"returned_dict": {"loss": 0.0008578627881027425, "r2": 0.9999767667870709, "status": "ok", "start_time": 1699499034.381141, "duration": 24.544039011001587}, "current_params": {"N": 1672.0, "iss": 0.2298357960090034, "lr": 0.8472268156639914, "ridge": 9.801931216645321e-05, "seed": 5555, "sr": 0.2197712027474747}}