{"returned_dict": {"loss": 8.545930782416095e-05, "r2": 0.9999997712857812, "status": "ok", "start_time": 1699507149.017285, "duration": 162.56973481178284}, "current_params": {"N": 4058.0, "iss": 0.5337606328794323, "lr": 0.6778051998505877, "ridge": 5.705162834274235e-09, "seed": 5555, "sr": 0.43747722936332817}}