{"returned_dict": {"loss": 4.358830323605297e-06, "r2": 0.9999999993827298, "status": "ok", "start_time": 1699529640.429059, "duration": 218.17971301078796}, "current_params": {"N": 4711.0, "iss": 0.17946375181090557, "lr": 0.3600404271675387, "ridge": 2.982768542641873e-07, "seed": 5555, "sr": 1.1524097135997122}}