{"returned_dict": {"loss": 0.0008275770287105338, "r2": 0.9999784617376447, "status": "ok", "start_time": 1699504359.3408499, "duration": 155.36663699150085}, "current_params": {"N": 3875.0, "iss": 0.37899239503407556, "lr": 0.5070277667606815, "ridge": 0.005682648129288071, "seed": 5555, "sr": 0.6907559435921604}}