{"returned_dict": {"loss": 0.006982878657031933, "r2": 0.9984732168865902, "status": "ok", "start_time": 1699522922.762804, "duration": 773.9007499217987}, "current_params": {"N": 3646.0, "iss": 0.0020859848417303928, "lr": 0.16931458335258373, "ridge": 1.6982605245878878e-07, "seed": 5555, "sr": 0.11409568318754984}}