{"returned_dict": {"loss": 0.0004957576233017032, "r2": 0.9999920546232169, "status": "ok", "start_time": 1699526546.596595, "duration": 16.85164189338684}, "current_params": {"N": 1427.0, "iss": 0.23474553712991886, "lr": 0.0653899296335874, "ridge": 8.688878817513645e-06, "seed": 5555, "sr": 1.0610886587449475}}