{"returned_dict": {"loss": 0.000283414650085381, "r2": 0.9999972855241261, "status": "ok", "start_time": 1699538903.429104, "duration": 593.5630769729614}, "current_params": {"N": 3948.0, "iss": 0.16512133670584053, "lr": 0.11846668059831843, "ridge": 8.476232057264943e-09, "seed": 5555, "sr": 1.167178161253713}}