{"returned_dict": {"loss": 0.00011870846781957682, "r2": 0.999999556660376, "status": "ok", "start_time": 1699515949.939053, "duration": 222.22805881500244}, "current_params": {"N": 4683.0, "iss": 0.08245527771301762, "lr": 0.10057932520856945, "ridge": 3.495559808202068e-07, "seed": 5555, "sr": 0.164355741110777}}