{"returned_dict": {"loss": 1.1952905630409525e-06, "r2": 0.9999999999552335, "status": "ok", "start_time": 1699511759.679307, "duration": 226.20944690704346}, "current_params": {"N": 4749.0, "iss": 0.07980291828376324, "lr": 0.2199331667402342, "ridge": 1.2830468424877252e-09, "seed": 5555, "sr": 0.9929801316589377}}