{"returned_dict": {"loss": 0.0015857144806662876, "r2": 0.9999211534688458, "status": "ok", "start_time": 1699508009.4279659, "duration": 146.1934142112732}, "current_params": {"N": 3946.0, "iss": 0.4005936894383855, "lr": 0.04671187430644186, "ridge": 4.870922603941435e-08, "seed": 5555, "sr": 0.18641423005907298}}