{"returned_dict": {"loss": 1.1381384619859687e-05, "r2": 0.9999999959442452, "status": "ok", "start_time": 1699532385.568848, "duration": 231.60208916664124}, "current_params": {"N": 4680.0, "iss": 0.08420146341863016, "lr": 0.051952696893519716, "ridge": 2.0026096436348583e-09, "seed": 5555, "sr": 0.7432215736732039}}