{"returned_dict": {"loss": 0.005385732237005339, "r2": 0.9990081125530037, "status": "ok", "start_time": 1699510195.772224, "duration": 74.13564610481262}, "current_params": {"N": 2754.0, "iss": 0.206699141042096, "lr": 0.02331968881428408, "ridge": 3.51545642284814e-08, "seed": 5555, "sr": 1.121205802978435}}