{"returned_dict": {"loss": 8.404768450803886e-06, "r2": 0.9999999977701194, "status": "ok", "start_time": 1699507443.740936, "duration": 124.99442505836487}, "current_params": {"N": 3266.0, "iss": 0.14546359819382657, "lr": 0.5015466808709995, "ridge": 3.4182622525027404e-09, "seed": 5555, "sr": 0.32151345323325725}}