{"returned_dict": {"loss": 6.94728569033823e-05, "r2": 0.9999998482576476, "status": "ok", "start_time": 1699540149.869878, "duration": 224.06127309799194}, "current_params": {"N": 4672.0, "iss": 0.33166292430027705, "lr": 0.7538590891287394, "ridge": 0.00012412766586029775, "seed": 5555, "sr": 0.8835468102007994}}