{"returned_dict": {"loss": 2.328840297219512e-06, "r2": 0.9999999998300412, "status": "ok", "start_time": 1699550354.0843048, "duration": 217.70515823364258}, "current_params": {"N": 4680.0, "iss": 0.043043772173553846, "lr": 0.5919069498806404, "ridge": 6.711005739089373e-08, "seed": 5555, "sr": 1.1472616662664101}}