{"returned_dict": {"loss": 0.004053909661990317, "r2": 0.9994840222919609, "status": "ok", "start_time": 1699531999.460651, "duration": 172.01399302482605}, "current_params": {"N": 4037.0, "iss": 0.4973345760272084, "lr": 0.16833005491802402, "ridge": 2.7253502071218844e-09, "seed": 5555, "sr": 1.512669879841287}}