{"returned_dict": {"loss": 0.00010613493503590101, "r2": 0.999999644238617, "status": "ok", "start_time": 1699500991.6553411, "duration": 211.99269604682922}, "current_params": {"N": 3725.0, "iss": 0.5312819969832331, "lr": 0.2692724879914902, "ridge": 8.174948270234793e-08, "seed": 5555, "sr": 1.0652985112711135}}