{"returned_dict": {"loss": 2.081664063061247e-05, "r2": 0.9999999863337434, "status": "ok", "start_time": 1699508863.260772, "duration": 223.46827602386475}, "current_params": {"N": 4547.0, "iss": 0.2855435845823297, "lr": 0.30381791685248694, "ridge": 1.9921339905361855e-08, "seed": 5555, "sr": 0.6508626612433175}}