{"returned_dict": {"loss": 1.1789033997427401e-05, "r2": 0.9999999953443351, "status": "ok", "start_time": 1699548101.608958, "duration": 196.2791349887848}, "current_params": {"N": 4634.0, "iss": 0.1371200465691408, "lr": 0.7151971532466893, "ridge": 4.697943578351281e-08, "seed": 5555, "sr": 1.3541050238007502}}