{"returned_dict": {"loss": 3.9268334197162185e-06, "r2": 0.9999999995096056, "status": "ok", "start_time": 1699520183.556482, "duration": 813.1349368095398}, "current_params": {"N": 4976.0, "iss": 0.11883539547485392, "lr": 0.2969281093111939, "ridge": 1.9642607469155074e-09, "seed": 5555, "sr": 0.4113405157705501}}