{"returned_dict": {"loss": 0.017295840545600932, "r2": 0.9906172211719259, "status": "ok", "start_time": 1699498986.140992, "duration": 12.962987184524536}, "current_params": {"N": 1160.0, "iss": 0.976525304162185, "lr": 0.011273269250899024, "ridge": 5.267135160255618e-09, "seed": 5555, "sr": 0.09437285509046839}}