{"returned_dict": {"loss": 0.01337260644672339, "r2": 0.9943813492438253, "status": "ok", "start_time": 1699525785.336708, "duration": 138.12978100776672}, "current_params": {"N": 3893.0, "iss": 0.411345328842718, "lr": 0.004065151860248788, "ridge": 2.5706454049310094e-08, "seed": 5555, "sr": 0.08484370667007064}}