{"returned_dict": {"loss": 0.02770352752029952, "r2": 0.9759512982839157, "status": "ok", "start_time": 1699544334.2483149, "duration": 171.6515040397644}, "current_params": {"N": 4411.0, "iss": 0.862969714434478, "lr": 0.4192421306666755, "ridge": 1.0418544202893913e-09, "seed": 5555, "sr": 3.243038337949034}}