{"returned_dict": {"loss": 0.02060603480145093, "r2": 0.986705309459441, "status": "ok", "start_time": 1699509770.181896, "duration": 254.8140640258789}, "current_params": {"N": 4901.0, "iss": 0.23825287238597412, "lr": 0.7198938717075084, "ridge": 1.0245121450923011e-08, "seed": 5555, "sr": 3.0629104265878695}}