{"returned_dict": {"loss": 0.0382490345740955, "r2": 0.9397206779727952, "status": "ok", "start_time": 1699527961.97568, "duration": 6.43917989730835}, "current_params": {"N": 732.0, "iss": 0.11345916903170872, "lr": 0.0017375081932602973, "ridge": 7.535441007642453e-09, "seed": 5555, "sr": 0.3002623099670509}}