{"returned_dict": {"loss": 0.030050225954704284, "r2": 0.9717177171963399, "status": "ok", "start_time": 1699539803.135655, "duration": 168.4001269340515}, "current_params": {"N": 4428.0, "iss": 0.28755394572429266, "lr": 0.5855690986081523, "ridge": 2.959136857555748e-09, "seed": 5555, "sr": 4.509904655050322}}