{"returned_dict": {"loss": 0.039573743075144246, "r2": 0.9509390042164836, "status": "ok", "start_time": 1699498953.562627, "duration": 32.57580089569092}, "current_params": {"N": 1897.0, "iss": 0.451625695847095, "lr": 0.2824777807824228, "ridge": 0.0004995561065461233, "seed": 5555, "sr": 4.434072756135233}}