{"returned_dict": {"loss": 0.04581138262847919, "r2": 0.934059259442054, "status": "ok", "start_time": 1699503981.180427, "duration": 92.87375092506409}, "current_params": {"N": 3128.0, "iss": 0.9188566479460356, "lr": 0.003301563599471528, "ridge": 0.00018207617159561848, "seed": 5555, "sr": 0.8018547560564858}}