{"returned_dict": {"loss": 0.11416899193720846, "r2": 0.5885411954833882, "status": "ok", "start_time": 1699513552.864107, "duration": 202.17646312713623}, "current_params": {"N": 4648.0, "iss": 0.6044125550294034, "lr": 0.1635334312047832, "ridge": 8.280059412582676e-09, "seed": 5555, "sr": 2.6637180243751195}}