{"returned_dict": {"loss": 0.1977268444334919, "r2": -0.22408812177979617, "status": "ok", "start_time": 1699553153.6976562, "duration": 144.204913854599}, "current_params": {"N": 3541.0, "iss": 0.027317753708473363, "lr": 0.3678071300371631, "ridge": 3.5231015361922757e-09, "seed": 5555, "sr": 3.56618132243954}}