{"returned_dict": {"loss": 196.09931210408354, "r2": -1205212.7183889172, "status": "ok", "start_time": 1699516172.176619, "duration": 175.70450615882874}, "current_params": {"N": 4326.0, "iss": 0.03549385606179635, "lr": 0.016942015854837206, "ridge": 2.3605000486779093e-08, "seed": 5555, "sr": 4.009322416863226}}