{"returned_dict": {"loss": 27.43653509104531, "r2": -24118.8132881639, "status": "ok", "start_time": 1699511985.8967822, "duration": 225.29158186912537}, "current_params": {"N": 4768.0, "iss": 0.07531301309894996, "lr": 0.05016025265573624, "ridge": 1.10251181630077e-09, "seed": 5555, "sr": 2.2657213753989023}}