{"returned_dict": {"loss": 3.877284830733022, "r2": -940.9092650668986, "status": "ok", "start_time": 1699517037.891917, "duration": 141.13845205307007}, "current_params": {"N": 3413.0, "iss": 0.27698071445418315, "lr": 0.006205344611907992, "ridge": 1.47225095147486e-08, "seed": 5555, "sr": 1.3208591166406116}}