{"returned_dict": {"loss": 0.00443545670859203, "r2": 0.9991768521843771, "status": "ok", "start_time": 1699345530.136437, "duration": 2.114971876144409}, "current_params": {"N": 500, "iss": 0.0011867504507336868, "lr": 0.4402251533661025, "ridge": 1.398293408194846e-05, "seed": 1234, "sr": 0.1378790157061615}}