{"returned_dict": {"loss": 0.0007774811335719221, "r2": 0.9999743143018196, "status": "ok", "start_time": 1699192987.117758, "duration": 2.216115951538086}, "current_params": {"N": 500, "iss": 0.14258024657972923, "lr": 0.5516837456874331, "ridge": 3.7433235003717447e-07, "seed": 1234, "sr": 0.1931498404234262}}