{"returned_dict": {"loss": 0.009559254922450001, "r2": 0.9961445577105232, "status": "ok", "start_time": 1699345176.626548, "duration": 2.2931361198425293}, "current_params": {"N": 500, "iss": 0.21686967585707428, "lr": 0.06719120770962762, "ridge": 0.00012890720812140736, "seed": 1234, "sr": 0.07071032186253305}}