{"returned_dict": {"loss": 0.006397557148496838, "r2": 0.9982710423807033, "status": "ok", "start_time": 1699345560.973652, "duration": 2.140476942062378}, "current_params": {"N": 500, "iss": 0.2892949225345609, "lr": 0.26564196963566705, "ridge": 0.001669043615883305, "seed": 1234, "sr": 0.5335784501655656}}