{"returned_dict": {"loss": 0.030504307247000994, "r2": 0.9610742919464745, "status": "ok", "start_time": 1699193284.5829031, "duration": 2.2591397762298584}, "current_params": {"N": 500, "iss": 0.6913380290583117, "lr": 0.7766456097348572, "ridge": 0.0022490571107960764, "seed": 1234, "sr": 3.382940283445415}}