{"returned_dict": {"loss": 0.032193263218379516, "r2": 0.9566343681314352, "status": "ok", "start_time": 1699345303.221955, "duration": 2.0802719593048096}, "current_params": {"N": 500, "iss": 0.616731567531399, "lr": 0.6954288762234999, "ridge": 0.0061302022177938354, "seed": 1234, "sr": 6.834465647289925}}