{"returned_dict": {"loss": 0.03695212578094672, "r2": 0.9421970305212035, "status": "ok", "start_time": 1699193177.4649658, "duration": 2.1909902095794678}, "current_params": {"N": 500, "iss": 0.794303432239716, "lr": 0.7725304602957936, "ridge": 1.3376623261071025e-07, "seed": 1234, "sr": 0.026191894186955052}}