{"returned_dict": {"loss": 0.048659179763158894, "r2": 0.9010060763719339, "status": "ok", "start_time": 1699193175.1829262, "duration": 2.2803709506988525}, "current_params": {"N": 500, "iss": 0.9526407636866457, "lr": 0.03942187518677715, "ridge": 0.00016087888046694687, "seed": 1234, "sr": 0.03600276409094316}}