{"returned_dict": {"loss": 0.045162686702298144, "r2": 0.9147134951713108, "status": "ok", "start_time": 1699192916.110173, "duration": 2.270599126815796}, "current_params": {"N": 500, "iss": 0.451625695847095, "lr": 0.2824777807824228, "ridge": 0.0004995561065461233, "seed": 1234, "sr": 4.434072756135233}}