{"returned_dict": {"loss": 0.04874745230272396, "r2": 0.8988308385961955, "status": "ok", "start_time": 1699193291.282912, "duration": 2.206507921218872}, "current_params": {"N": 500, "iss": 0.3945156093805232, "lr": 0.015128007637960973, "ridge": 3.182563639108543e-06, "seed": 1234, "sr": 0.012260384608014823}}