{"returned_dict": {"loss": 0.06973063340686374, "r2": 0.796280048335253, "status": "ok", "start_time": 1699193031.929248, "duration": 2.183142900466919}, "current_params": {"N": 500, "iss": 0.2092695124165096, "lr": 0.20792063760808668, "ridge": 2.4402906778962044e-09, "seed": 1234, "sr": 3.3229413943755635}}