{"returned_dict": {"loss": 0.10233721695919513, "r2": 0.5403629018208473, "status": "ok", "start_time": 1699345260.913773, "duration": 2.1064860820770264}, "current_params": {"N": 500, "iss": 0.9120267528405163, "lr": 0.10377622163746929, "ridge": 0.0009493042476638647, "seed": 1234, "sr": 1.1747727724200443}}