{"returned_dict": {"loss": 0.11657626923150372, "r2": 0.4318850865250015, "status": "ok", "start_time": 1699345417.347859, "duration": 2.259212017059326}, "current_params": {"N": 500, "iss": 0.7889351766743528, "lr": 0.00398609258790173, "ridge": 0.0026164567787443195, "seed": 1234, "sr": 0.012580639725311055}}