{"returned_dict": {"loss": 0.11334712546571758, "r2": 0.4519968022080631, "status": "ok", "start_time": 1699345459.283129, "duration": 2.4046380519866943}, "current_params": {"N": 500, "iss": 0.7008147713041682, "lr": 0.005199088611116443, "ridge": 0.0010388211610285532, "seed": 1234, "sr": 0.16300115584611943}}