{"returned_dict": {"loss": 0.1846461200574893, "r2": -0.5218380092845999, "status": "ok", "start_time": 1699345232.7524438, "duration": 2.23346209526062}, "current_params": {"N": 500, "iss": 0.8967736623178844, "lr": 0.1298405957476471, "ridge": 9.418213809531775e-09, "seed": 1234, "sr": 0.3105316802728771}}