{"returned_dict": {"loss": 0.30991244595247447, "r2": -3.0157165228857195, "status": "ok", "start_time": 1699345294.4355252, "duration": 2.2337589263916016}, "current_params": {"N": 500, "iss": 0.837083721656963, "lr": 0.001117795359631473, "ridge": 1.2852197972507888e-06, "seed": 1234, "sr": 0.01061907053409471}}