{"returned_dict": {"loss": 0.3554874290147745, "r2": -4.405755674765004, "status": "ok", "start_time": 1699345187.583403, "duration": 2.2163748741149902}, "current_params": {"N": 500, "iss": 0.976525304162185, "lr": 0.011273269250899024, "ridge": 5.267135160255618e-09, "seed": 1234, "sr": 0.09437285509046839}}