{"returned_dict": {"loss": 0.4230385596800958, "r2": -7.146146340530003, "status": "ok", "start_time": 1699345386.579028, "duration": 2.2514901161193848}, "current_params": {"N": 500, "iss": 0.5743858512665214, "lr": 0.0025679857977144393, "ridge": 1.9388590294899276e-08, "seed": 1234, "sr": 0.015217119086357022}}