{"returned_dict": {"loss": 0.9599272760298141, "r2": -39.042140083191036, "status": "ok", "start_time": 1699192893.9987059, "duration": 2.1903092861175537}, "current_params": {"N": 500, "iss": 0.869355916285306, "lr": 0.0017588986916506517, "ridge": 0.009525997633827816, "seed": 1234, "sr": 1.2509379966926149}}