{"returned_dict": {"loss": 2.6835678370770264, "r2": -427.4453614568096, "status": "ok", "start_time": 1699345541.158102, "duration": 2.2074601650238037}, "current_params": {"N": 500, "iss": 0.550070835811614, "lr": 0.005273335540171085, "ridge": 5.04991308123115e-09, "seed": 1234, "sr": 0.39936841111501603}}