{"returned_dict": {"loss": 2.8555513575559632, "r2": -517.1441516988906, "status": "ok", "start_time": 1699345485.880018, "duration": 2.1930320262908936}, "current_params": {"N": 500, "iss": 0.4825309396306763, "lr": 0.0026215829905024274, "ridge": 1.3617902397367888e-09, "seed": 1234, "sr": 0.30993658351244163}}