{"returned_dict": {"loss": 27.523954450571807, "r2": -31842.263712593995, "status": "ok", "start_time": 1699193188.594839, "duration": 2.1800460815429688}, "current_params": {"N": 500, "iss": 0.15855990557256594, "lr": 0.0013530394390112253, "ridge": 3.771243674444087e-05, "seed": 1234, "sr": 1.2072384196976096}}