{"returned_dict": {"loss": 3.1917338797382038, "r2": -454.8591870850666, "status": "ok", "start_time": 1699345234.9874089, "duration": 2.1102960109710693}, "current_params": {"N": 500, "iss": 0.48683979711786196, "lr": 0.0041878954202570285, "ridge": 1.5267158874357313e-07, "seed": 1234, "sr": 0.7656474307799984}}