{"returned_dict": {"loss": 3.3830813446097054, "r2": -488.92568733857246, "status": "ok", "start_time": 1699193049.8130271, "duration": 2.2346088886260986}, "current_params": {"N": 500, "iss": 0.9406587057968023, "lr": 0.02207977188453779, "ridge": 0.0007602478909161272, "seed": 1234, "sr": 6.833596167908428}}