{"returned_dict": {"loss": 3.7573044779425415, "r2": -592.122900961216, "status": "ok", "start_time": 1699345296.67087, "duration": 2.12217378616333}, "current_params": {"N": 500, "iss": 0.8899024118416428, "lr": 0.029602141041308122, "ridge": 2.7583086552332414e-08, "seed": 1234, "sr": 3.998119826570731}}