{"returned_dict": {"loss": 31.543001202978427, "r2": -43607.32071613817, "status": "ok", "start_time": 1699193130.6318479, "duration": 2.1709001064300537}, "current_params": {"N": 500, "iss": 0.5806915954693277, "lr": 0.005250222770550053, "ridge": 9.454792365744235e-05, "seed": 1234, "sr": 2.6286963019006704}}