{"returned_dict": {"loss": 68.79191525105817, "r2": -301002.29732820776, "status": "ok", "start_time": 1699345174.5151958, "duration": 2.109856128692627}, "current_params": {"N": 500, "iss": 0.30780459889893874, "lr": 0.0020629649586181636, "ridge": 1.807451674082109e-05, "seed": 1234, "sr": 2.2042634577971216}}