{"returned_dict": {"loss": 0.0031288702943762896, "r2": 0.9978927698787633, "status": "ok", "start_time": 1699187513.479559, "duration": 2.255539894104004}, "current_params": {"N": 500, "iss": 0.059936189081400526, "lr": 0.38264094967620654, "ridge": 1.8102732550311867e-05, "seed": 1234, "sr": 0.07966435869333038}}