{"returned_dict": {"loss": 0.003220862905792179, "r2": 0.9978139666939362, "status": "ok", "start_time": 1699187887.2494872, "duration": 2.357827663421631}, "current_params": {"N": 500, "iss": 0.040938266600104134, "lr": 0.3659512815680789, "ridge": 0.0021047798903734414, "seed": 1234, "sr": 0.3797757622392174}}