{"returned_dict": {"loss": 0.0064901147641222845, "r2": 0.9912452743249265, "status": "ok", "start_time": 1699187515.736512, "duration": 2.230293035507202}, "current_params": {"N": 500, "iss": 0.15717970056189712, "lr": 0.07128243944571559, "ridge": 3.2781375924716163e-09, "seed": 1234, "sr": 0.027598683234115115}}