{"returned_dict": {"loss": 0.016605397969715278, "r2": 0.9432843675124167, "status": "ok", "start_time": 1699187824.824372, "duration": 2.298275947570801}, "current_params": {"N": 500, "iss": 0.40735440327681793, "lr": 0.27568095723189284, "ridge": 0.000462329948563324, "seed": 1234, "sr": 0.02786727306368867}}