{"returned_dict": {"loss": 0.019278576402180125, "r2": 0.9191923298916632, "status": "ok", "start_time": 1699187954.9372869, "duration": 2.835869312286377}, "current_params": {"N": 500, "iss": 0.5933563673798359, "lr": 0.8382221591273349, "ridge": 1.1082393000534913e-06, "seed": 1234, "sr": 0.7323231724059845}}