{"returned_dict": {"loss": 0.014914575104663116, "r2": 0.9542460621776468, "status": "ok", "start_time": 1699187663.0650518, "duration": 2.429819345474243}, "current_params": {"N": 500, "iss": 0.4965873842307338, "lr": 0.31430549026306187, "ridge": 0.00024733891965125694, "seed": 1234, "sr": 0.09169361093299348}}