{"returned_dict": {"loss": 0.029398892661145926, "r2": 0.8223485919776231, "status": "ok", "start_time": 1699187960.463553, "duration": 2.4105281829833984}, "current_params": {"N": 500, "iss": 0.6913380290583117, "lr": 0.7766456097348572, "ridge": 0.0022490571107960764, "seed": 1234, "sr": 3.382940283445415}}