{"returned_dict": {"loss": 0.021982484264003788, "r2": 0.8998585644957414, "status": "ok", "start_time": 1699187517.9681332, "duration": 2.4906728267669678}, "current_params": {"N": 500, "iss": 0.7044600162750467, "lr": 0.05989081733494548, "ridge": 3.058579821085371e-08, "seed": 1234, "sr": 0.1626795681245935}}