{"returned_dict": {"loss": 0.027743612481690414, "r2": 0.8418232798688253, "status": "ok", "start_time": 1699187982.6564322, "duration": 2.4666059017181396}, "current_params": {"N": 500, "iss": 0.3648171195318186, "lr": 0.06815247173845063, "ridge": 0.004137027458330782, "seed": 1234, "sr": 0.0440605775382449}}