{"returned_dict": {"loss": 0.023068594376276435, "r2": 0.8905551056021291, "status": "ok", "start_time": 1699187601.4699662, "duration": 2.6644368171691895}, "current_params": {"N": 500, "iss": 0.600022312535927, "lr": 0.6571588388986347, "ridge": 0.001699652520124697, "seed": 1234, "sr": 0.046727228044946535}}