{"returned_dict": {"loss": 0.03410146063101685, "r2": 0.7608816201435625, "status": "ok", "start_time": 1699187967.6438138, "duration": 2.1853721141815186}, "current_params": {"N": 500, "iss": 0.3945156093805232, "lr": 0.015128007637960973, "ridge": 3.182563639108543e-06, "seed": 1234, "sr": 0.012260384608014823}}