{"returned_dict": {"loss": 0.03298948136117471, "r2": 0.7762767400530025, "status": "ok", "start_time": 1699187901.739106, "duration": 2.416398286819458}, "current_params": {"N": 500, "iss": 0.629186932886679, "lr": 0.9385365458738638, "ridge": 4.279595777669173e-09, "seed": 1234, "sr": 7.567304757039052}}