{"returned_dict": {"loss": 0.04983994488363832, "r2": 0.4876212448788728, "status": "ok", "start_time": 1699187843.947501, "duration": 2.2220098972320557}, "current_params": {"N": 500, "iss": 0.975796083487275, "lr": 0.36345335286724006, "ridge": 3.344756996651249e-07, "seed": 1234, "sr": 3.928074544493676}}