{"returned_dict": {"loss": 0.06266898867766975, "r2": 0.19287251553719365, "status": "ok", "start_time": 1699187553.0757718, "duration": 2.555821180343628}, "current_params": {"N": 500, "iss": 0.451625695847095, "lr": 0.2824777807824228, "ridge": 0.0004995561065461233, "seed": 1234, "sr": 4.434072756135233}}