{"returned_dict": {"loss": 0.0743864608773339, "r2": -0.1370462854520098, "status": "ok", "start_time": 1699187812.7605271, "duration": 2.452784776687622}, "current_params": {"N": 500, "iss": 0.7889351766743528, "lr": 0.00398609258790173, "ridge": 0.0026164567787443195, "seed": 1234, "sr": 0.012580639725311055}}