{"returned_dict": {"loss": 0.07929164386435522, "r2": -0.2947926569568859, "status": "ok", "start_time": 1699187558.472957, "duration": 2.9827141761779785}, "current_params": {"N": 500, "iss": 0.4171626881853736, "lr": 0.002422315386294973, "ridge": 0.0008891693515095883, "seed": 1234, "sr": 0.0544052294998603}}