{"returned_dict": {"loss": 0.11436183330686107, "r2": -2.2206506699781365, "status": "ok", "start_time": 1699187741.521044, "duration": 2.2123429775238037}, "current_params": {"N": 500, "iss": 0.006972115376929322, "lr": 0.012836594720886324, "ridge": 1.4561222069260244e-09, "seed": 1234, "sr": 0.7794764412014389}}