{"returned_dict": {"loss": 0.1430610270633664, "r2": -3.2099880461913854, "status": "ok", "start_time": 1699187680.0340962, "duration": 2.3120949268341064}, "current_params": {"N": 500, "iss": 0.2092695124165096, "lr": 0.20792063760808668, "ridge": 2.4402906778962044e-09, "seed": 1234, "sr": 3.3229413943755635}}