{"returned_dict": {"loss": 0.1857728077736147, "r2": -6.153424758153068, "status": "ok", "start_time": 1699187778.8032582, "duration": 2.5357108116149902}, "current_params": {"N": 500, "iss": 0.5743858512665214, "lr": 0.0025679857977144393, "ridge": 1.9388590294899276e-08, "seed": 1234, "sr": 0.015217119086357022}}