{"returned_dict": {"loss": 0.19790970450737688, "r2": -7.102176093805778, "status": "ok", "start_time": 1699188004.385122, "duration": 2.4788968563079834}, "current_params": {"N": 500, "iss": 0.40978014885751834, "lr": 0.003188301860373708, "ridge": 2.4347267941306313e-08, "seed": 1234, "sr": 0.050704131972421025}}