{"returned_dict": {"loss": 0.2912455784651326, "r2": -20.561058353328463, "status": "ok", "start_time": 1699187658.060501, "duration": 2.389206886291504}, "current_params": {"N": 500, "iss": 0.28766435081673314, "lr": 0.0012105913148246156, "ridge": 1.9057127432713242e-07, "seed": 1234, "sr": 0.07964860203040938}}