{"returned_dict": {"loss": 0.3441979148277437, "r2": -23.387185944234574, "status": "ok", "start_time": 1699187582.537696, "duration": 2.318324089050293}, "current_params": {"N": 500, "iss": 0.13238073196516953, "lr": 0.13864624141183712, "ridge": 5.1447095217047094e-05, "seed": 1234, "sr": 4.997336540870967}}