{"returned_dict": {"loss": 0.6581418408335318, "r2": -90.96834565165557, "status": "ok", "start_time": 1699187525.581944, "duration": 2.33858323097229}, "current_params": {"N": 500, "iss": 0.869355916285306, "lr": 0.0017588986916506517, "ridge": 0.009525997633827816, "seed": 1234, "sr": 1.2509379966926149}}