{"returned_dict": {"loss": 2.161240185139753, "r2": -959.4354852032324, "status": "ok", "start_time": 1699187810.38558, "duration": 2.3704750537872314}, "current_params": {"N": 500, "iss": 0.18619565979686425, "lr": 0.06289522081324313, "ridge": 2.6051918706653142e-08, "seed": 1234, "sr": 7.227207099998132}}