{"returned_dict": {"loss": 21.09799860319323, "r2": -112054.62332734054, "status": "ok", "start_time": 1699187655.816569, "duration": 2.2340497970581055}, "current_params": {"N": 500, "iss": 0.8564670839009341, "lr": 0.004666278320192311, "ridge": 0.0005245567335623266, "seed": 1234, "sr": 9.019468988959579}}