{"returned_dict": {"loss": 3.364537856211983, "r2": -2565.7930893664757, "status": "ok", "start_time": 1699187608.988856, "duration": 2.4984278678894043}, "current_params": {"N": 500, "iss": 0.48683979711786196, "lr": 0.0041878954202570285, "ridge": 1.5267158874357313e-07, "seed": 1234, "sr": 0.7656474307799984}}