{"returned_dict": {"loss": 5.403572455596298, "r2": -6001.200507906105, "status": "ok", "start_time": 1699187831.738262, "duration": 2.542963981628418}, "current_params": {"N": 500, "iss": 0.5308233319012376, "lr": 0.010754552393914138, "ridge": 0.00408260583459009, "seed": 1234, "sr": 7.505573307332538}}