{"returned_dict": {"loss": 0.0006147094637450385, "r2": 0.9999881679326692, "status": "ok", "start_time": 1699500353.920976, "duration": 130.4129912853241}, "current_params": {"N": 3355.0, "iss": 0.28281028563691785, "lr": 0.5943449766337382, "ridge": 1.060074857481069e-05, "seed": 5555, "sr": 0.17527144695039007}}