{"returned_dict": {"loss": 1.8560454188504e-05, "r2": 0.9999999891547772, "status": "ok", "start_time": 1699533364.3233018, "duration": 109.26129937171936}, "current_params": {"N": 3473.0, "iss": 0.07237508166971236, "lr": 0.8152897968629684, "ridge": 7.027979264376039e-07, "seed": 5555, "sr": 0.2741493986128054}}