{"returned_dict": {"loss": 0.00014840122564558297, "r2": 0.9999993086109892, "status": "ok", "start_time": 1699499982.8273752, "duration": 131.50214505195618}, "current_params": {"N": 3662.0, "iss": 0.5634859521263482, "lr": 0.45596846262595186, "ridge": 4.726658032430225e-06, "seed": 5555, "sr": 0.9170549484471657}}