{"returned_dict": {"loss": 0.005491654142859595, "r2": 0.9990334515783271, "status": "ok", "start_time": 1699505731.594645, "duration": 95.55879402160645}, "current_params": {"N": 3230.0, "iss": 0.10748918649388242, "lr": 0.9557168284906168, "ridge": 6.354572386014753e-06, "seed": 5555, "sr": 1.5937439791115184}}