{"returned_dict": {"loss": 0.00016317089855022104, "r2": 0.9999991526327162, "status": "ok", "start_time": 1699522077.9746618, "duration": 156.04071235656738}, "current_params": {"N": 3984.0, "iss": 0.1981836772252456, "lr": 0.14267147729270654, "ridge": 3.169198586930144e-08, "seed": 5555, "sr": 0.1837436154836079}}