{"returned_dict": {"loss": 9.261882159168153e-06, "r2": 0.9999999973049224, "status": "ok", "start_time": 1699524006.790456, "duration": 211.72311782836914}, "current_params": {"N": 4472.0, "iss": 0.06647844225186374, "lr": 0.4113946997531291, "ridge": 7.837499871020537e-08, "seed": 5555, "sr": 0.43782020659161897}}