{"returned_dict": {"loss": 0.0010830163225075474, "r2": 0.999963241275422, "status": "ok", "start_time": 1699509466.634341, "duration": 121.69760799407959}, "current_params": {"N": 3741.0, "iss": 0.12328856529370162, "lr": 0.008397037291311428, "ridge": 4.593236892620045e-08, "seed": 5555, "sr": 0.24662708837562852}}