{"returned_dict": {"loss": 1.6595718490986097e-05, "r2": 0.9999999913103504, "status": "ok", "start_time": 1699521415.377942, "duration": 210.57993388175964}, "current_params": {"N": 4405.0, "iss": 0.08874892958884203, "lr": 0.11001512869083484, "ridge": 3.656797104323161e-09, "seed": 5555, "sr": 0.23409808861626785}}