{"returned_dict": {"loss": 1.8135339882421116e-06, "r2": 0.9999999998969326, "status": "ok", "start_time": 1699531770.813526, "duration": 228.63775205612183}, "current_params": {"N": 4912.0, "iss": 0.04269831297933052, "lr": 0.6343893903234794, "ridge": 1.0493584892108053e-08, "seed": 5555, "sr": 0.8828052143003086}}