{"returned_dict": {"loss": 8.525679740478994e-05, "r2": 0.9999997718038718, "status": "ok", "start_time": 1699527968.424315, "duration": 413.1714789867401}, "current_params": {"N": 4231.0, "iss": 0.14217033268832266, "lr": 0.14168046204781476, "ridge": 2.3402093465157493e-09, "seed": 5555, "sr": 0.06223465865258144}}