{"returned_dict": {"loss": 2.4009526980772472e-05, "r2": 0.9999999819345998, "status": "ok", "start_time": 1699526563.4571562, "duration": 64.22698593139648}, "current_params": {"N": 2624.0, "iss": 0.0686977831351823, "lr": 0.4778969231799475, "ridge": 4.683961324359461e-06, "seed": 5555, "sr": 0.6260598208879161}}