{"returned_dict": {"loss": 2.3315280824845783e-06, "r2": 0.9999999998246899, "status": "ok", "start_time": 1699545324.4487948, "duration": 235.31903719902039}, "current_params": {"N": 4901.0, "iss": 0.11151983715772697, "lr": 0.12853017292600516, "ridge": 1.7172089526830017e-09, "seed": 5555, "sr": 0.808954114613905}}