{"returned_dict": {"loss": 0.005830206039112326, "r2": 0.9985761104530977, "status": "ok", "start_time": 1699520996.700379, "duration": 220.63467621803284}, "current_params": {"N": 4779.0, "iss": 0.12992509203185626, "lr": 0.5724684383154929, "ridge": 5.994203102719635e-08, "seed": 5555, "sr": 1.5757771359188735}}