{"returned_dict": {"loss": 0.0015162280039704528, "r2": 0.9999273427380372, "status": "ok", "start_time": 1699501203.655811, "duration": 72.26116991043091}, "current_params": {"N": 2721.0, "iss": 0.09130606589773044, "lr": 0.02441726044545875, "ridge": 5.035064695046937e-05, "seed": 5555, "sr": 0.5384600028490921}}