{"returned_dict": {"loss": 2.0933645683438995e-05, "r2": 0.99999998621252, "status": "ok", "start_time": 1699499441.960198, "duration": 125.79787516593933}, "current_params": {"N": 3498.0, "iss": 0.08162360219452701, "lr": 0.41133857544356994, "ridge": 1.6379827358625977e-05, "seed": 5555, "sr": 0.8652644831857912}}