{"returned_dict": {"loss": 0.0008921616422744006, "r2": 0.9999747860498361, "status": "ok", "start_time": 1699508155.628416, "duration": 157.31399178504944}, "current_params": {"N": 4073.0, "iss": 0.21984029596011595, "lr": 0.032943586457702234, "ridge": 1.2933206408234955e-07, "seed": 5555, "sr": 0.23072892205650888}}