{"returned_dict": {"loss": 0.005875130870494169, "r2": 0.9989188428904775, "status": "ok", "start_time": 1699527091.091367, "duration": 561.4084630012512}, "current_params": {"N": 4653.0, "iss": 0.327530465078893, "lr": 0.00862308086973434, "ridge": 4.152766881356347e-07, "seed": 5555, "sr": 0.17418205663698247}}