{"returned_dict": {"loss": 1.1337417627386271e-05, "r2": 0.999999995974567, "status": "ok", "start_time": 1699512211.196337, "duration": 226.82778096199036}, "current_params": {"N": 4513.0, "iss": 0.05564826505654615, "lr": 0.07508448149110448, "ridge": 2.55793714899423e-09, "seed": 5555, "sr": 0.8188814064926357}}