{"returned_dict": {"loss": 5.34568675486809e-06, "r2": 0.999999999087135, "status": "ok", "start_time": 1699554092.461741, "duration": 508.24267506599426}, "current_params": {"N": 4372.0, "iss": 0.1767857212702287, "lr": 0.6287734140520134, "ridge": 6.496041658288254e-07, "seed": 5555, "sr": 1.2758209235568916}}