{"returned_dict": {"loss": 8.824438779887751e-05, "r2": 0.999999745604702, "status": "ok", "start_time": 1699499837.67717, "duration": 145.1437747478485}, "current_params": {"N": 3822.0, "iss": 0.2285599895995758, "lr": 0.12822855311550982, "ridge": 9.813895467263098e-07, "seed": 5555, "sr": 0.7587130080629504}}