{"returned_dict": {"loss": 0.0010178551869922598, "r2": 0.9999650510381514, "status": "ok", "start_time": 1699522711.405052, "duration": 211.3490171432495}, "current_params": {"N": 4656.0, "iss": 0.24628475099696617, "lr": 0.03744619358624676, "ridge": 4.049799167368432e-08, "seed": 5555, "sr": 0.9636823111947863}}