{"returned_dict": {"loss": 0.0026112347663336225, "r2": 0.9997860776498538, "status": "ok", "start_time": 1699498431.2295969, "duration": 164.20570492744446}, "current_params": {"N": 4140.0, "iss": 0.21686967585707428, "lr": 0.06719120770962762, "ridge": 0.00012890720812140736, "seed": 5555, "sr": 0.07071032186253305}}