{"returned_dict": {"loss": 0.0011729366262670403, "r2": 0.999956787716978, "status": "ok", "start_time": 1699499272.898838, "duration": 51.02967810630798}, "current_params": {"N": 2422.0, "iss": 0.1286347755976657, "lr": 0.04295350009748607, "ridge": 1.9255498457874597e-07, "seed": 5555, "sr": 0.026356480937265735}}