{"returned_dict": {"loss": 0.00040548986209682864, "r2": 0.9999948503782999, "status": "ok", "start_time": 1699542626.19741, "duration": 381.3118679523468}, "current_params": {"N": 3785.0, "iss": 0.02802142656057837, "lr": 0.14434675262291957, "ridge": 1.1413091255926625e-05, "seed": 5555, "sr": 0.4132192573587845}}