{"returned_dict": {"loss": 1.502702201043545e-06, "r2": 0.9999999999290669, "status": "ok", "start_time": 1699511053.800222, "duration": 226.1223180294037}, "current_params": {"N": 4756.0, "iss": 0.06364954045414466, "lr": 0.21440426490774994, "ridge": 1.2381673648486417e-09, "seed": 5555, "sr": 0.809749059543393}}