{"returned_dict": {"loss": 0.000301610781697592, "r2": 0.9999971457563941, "status": "ok", "start_time": 1699507900.446272, "duration": 108.97406816482544}, "current_params": {"N": 3390.0, "iss": 0.43215003948085856, "lr": 0.19666606406414588, "ridge": 2.3440312842099616e-08, "seed": 5555, "sr": 0.30192172986739985}}