{"returned_dict": {"loss": 0.0009161290819210711, "r2": 0.9999734964745728, "status": "ok", "start_time": 1699529883.873186, "duration": 11.717581987380981}, "current_params": {"N": 1082.0, "iss": 0.3949953432393205, "lr": 0.05964557843738254, "ridge": 4.5219617028017295e-09, "seed": 5555, "sr": 0.5421795874519139}}