{"returned_dict": {"loss": 0.001225050597794303, "r2": 0.9999529148652654, "status": "ok", "start_time": 1699543863.31684, "duration": 111.69740700721741}, "current_params": {"N": 3578.0, "iss": 0.9983298340575644, "lr": 0.18043642991168096, "ridge": 2.3563349421038575e-07, "seed": 5555, "sr": 0.45132268917957247}}