{"returned_dict": {"loss": 0.0001639448807795943, "r2": 0.9999991500883064, "status": "ok", "start_time": 1699500792.963456, "duration": 198.68421626091003}, "current_params": {"N": 4510.0, "iss": 0.175289768857686, "lr": 0.9495627549519299, "ridge": 1.5903612307529546e-05, "seed": 5555, "sr": 0.25069721214861795}}