{"returned_dict": {"loss": 0.0008498943556739382, "r2": 0.9999773781350759, "status": "ok", "start_time": 1699532617.18078, "duration": 192.49973011016846}, "current_params": {"N": 4163.0, "iss": 0.5916334235912137, "lr": 0.20497573993552645, "ridge": 9.597278003364688e-08, "seed": 5555, "sr": 0.20083156519227324}}