{"returned_dict": {"loss": 0.000517495158181859, "r2": 0.9999916133881835, "status": "ok", "start_time": 1699510269.9154549, "duration": 76.31668210029602}, "current_params": {"N": 2959.0, "iss": 0.2698806484632309, "lr": 0.06948060305041724, "ridge": 2.0113871722582784e-07, "seed": 5555, "sr": 0.38383298125314325}}