{"returned_dict": {"loss": 0.0018234354198667126, "r2": 0.9998894139500184, "status": "ok", "start_time": 1699523696.672431, "duration": 131.31990313529968}, "current_params": {"N": 3762.0, "iss": 0.43557258729147424, "lr": 0.5522880576511355, "ridge": 1.07826230011334e-06, "seed": 5555, "sr": 1.755101022739528}}