{"returned_dict": {"loss": 0.018904413159235797, "r2": 0.9887715752211105, "status": "ok", "start_time": 1699546803.1123269, "duration": 255.41888618469238}, "current_params": {"N": 4866.0, "iss": 0.1548045464633396, "lr": 0.4971924496602989, "ridge": 1.3224487854629072e-08, "seed": 5555, "sr": 1.7349836508601184}}