{"returned_dict": {"loss": 0.01107124004055309, "r2": 0.9961623373143299, "status": "ok", "start_time": 1699529858.61839, "duration": 25.24540686607361}, "current_params": {"N": 1760.0, "iss": 0.024984719927621177, "lr": 0.18982165763850326, "ridge": 0.001737606760057437, "seed": 5555, "sr": 0.04784376338750079}}