{"returned_dict": {"loss": 0.028623419427377932, "r2": 0.974348348655016, "status": "ok", "start_time": 1699529895.599773, "duration": 233.93572402000427}, "current_params": {"N": 4834.0, "iss": 0.0011596774107504174, "lr": 0.029469966117497186, "ridge": 5.378881739070893e-07, "seed": 5555, "sr": 0.15407439003792822}}