{"returned_dict": {"loss": 0.028217385995469284, "r2": 0.9750222889005529, "status": "ok", "start_time": 1699515535.480135, "duration": 195.90047883987427}, "current_params": {"N": 4602.0, "iss": 0.842318100589274, "lr": 0.4187172850145281, "ridge": 4.021426340758362e-09, "seed": 5555, "sr": 5.601169556790706}}