{"returned_dict": {"loss": 0.03269383757427539, "r2": 0.9660508754264994, "status": "ok", "start_time": 1699509458.762771, "duration": 7.862426280975342}, "current_params": {"N": 809.0, "iss": 0.3270525980516454, "lr": 0.002431854764065019, "ridge": 6.721209003286536e-08, "seed": 5555, "sr": 0.10275191468283557}}