{"returned_dict": {"loss": 0.1428744048259939, "r2": 0.3606044165920667, "status": "ok", "start_time": 1699543313.23017, "duration": 218.30572390556335}, "current_params": {"N": 4627.0, "iss": 0.15371452080091913, "lr": 0.2381936140151077, "ridge": 4.014220735382511e-08, "seed": 5555, "sr": 2.321369665938718}}