{"returned_dict": {"loss": 0.16409565822957098, "r2": 0.15681171417943277, "status": "ok", "start_time": 1699526938.1181598, "duration": 152.96151614189148}, "current_params": {"N": 4009.0, "iss": 0.26466703731010544, "lr": 0.1578689301304802, "ridge": 1.5343562246294379e-09, "seed": 5555, "sr": 6.144983067758759}}