{"returned_dict": {"loss": 0.16005312966273263, "r2": 0.1827133680070985, "status": "ok", "start_time": 1699524882.606984, "duration": 238.46465301513672}, "current_params": {"N": 4909.0, "iss": 0.21666413145287203, "lr": 0.18633982746474065, "ridge": 1.0141998781606816e-09, "seed": 5555, "sr": 2.0330682911350944}}