{"returned_dict": {"loss": 0.17519868161058305, "r2": 0.038984370856822416, "status": "ok", "start_time": 1699525373.1837509, "duration": 298.1418969631195}, "current_params": {"N": 5000.0, "iss": 0.043605473532237954, "lr": 0.32358649125929917, "ridge": 9.842732560721431e-09, "seed": 5555, "sr": 4.597208987870198}}