{"returned_dict": {"loss": 0.21595638205433865, "r2": -0.4601664641032404, "status": "ok", "start_time": 1699502199.8950772, "duration": 222.82355666160583}, "current_params": {"N": 4892.0, "iss": 0.042672513827946006, "lr": 0.3145552830777859, "ridge": 2.476889525868918e-05, "seed": 5555, "sr": 6.647345057676438}}