{"returned_dict": {"loss": 0.2758760240673813, "r2": -1.385242778957954, "status": "ok", "start_time": 1699510837.942524, "duration": 215.84865403175354}, "current_params": {"N": 4614.0, "iss": 0.016228052116217084, "lr": 0.27216689090444135, "ridge": 1.8457935312082342e-08, "seed": 5555, "sr": 4.222700254520907}}