{"returned_dict": {"loss": 0.287729444017156, "r2": -1.5931114578429584, "status": "ok", "start_time": 1699512438.033927, "duration": 241.18904995918274}, "current_params": {"N": 4981.0, "iss": 0.017706514438270562, "lr": 0.22744107206967137, "ridge": 4.841798898425984e-09, "seed": 5555, "sr": 3.623589707180777}}