{"returned_dict": {"loss": 128.72131312325402, "r2": -595817.1948951972, "status": "ok", "start_time": 1699498408.6749299, "duration": 22.552369117736816}, "current_params": {"N": 1651.0, "iss": 0.30780459889893874, "lr": 0.0020629649586181636, "ridge": 1.807451674082109e-05, "seed": 5555, "sr": 2.2042634577971216}}