{"returned_dict": {"loss": 16.92568175180666, "r2": -9025.073836134039, "status": "ok", "start_time": 1699514939.900085, "duration": 196.28480100631714}, "current_params": {"N": 4507.0, "iss": 0.2964071735009225, "lr": 0.03352952267369324, "ridge": 2.3150846987569854e-09, "seed": 5555, "sr": 3.07672662219134}}