{"returned_dict": {"loss": 23.35414755201823, "r2": -25605.23958059528, "status": "ok", "start_time": 1699544193.160353, "duration": 141.07716608047485}, "current_params": {"N": 3997.0, "iss": 0.17932622024852085, "lr": 0.0076885774725669685, "ridge": 2.377337637277115e-09, "seed": 5555, "sr": 1.4689788642463106}}