{"returned_dict": {"loss": 40.37317221074411, "r2": -54795.15512990389, "status": "ok", "start_time": 1699497483.403031, "duration": 203.4241328239441}, "current_params": {"N": 4579.0, "iss": 0.7231479244442287, "lr": 0.021175330384294096, "ridge": 1.3401973668525895e-08, "seed": 5555, "sr": 1.8373084854604944}}