{"returned_dict": {"loss": 415.4720916596521, "r2": -5845832.682379682, "status": "ok", "start_time": 1699551924.05443, "duration": 223.78404808044434}, "current_params": {"N": 4990.0, "iss": 0.2313763826158895, "lr": 0.0013578630713228848, "ridge": 1.64155779162877e-08, "seed": 5555, "sr": 3.1685691747913554}}