{"returned_dict": {"loss": 0.003039078764540401, "r2": 0.9996109225237254, "status": "ok", "start_time": 1699259012.97118, "duration": 3.4434919357299805}, "current_params": {"N": 500, "iss": 0.059936189081400526, "lr": 0.38264094967620654, "ridge": 1.8102732550311867e-05, "seed": 1234, "sr": 0.07966435869333038}}