{"returned_dict": {"loss": 0.007477833747869317, "r2": 0.9976286132814721, "status": "ok", "start_time": 1699259682.4480991, "duration": 3.8386218547821045}, "current_params": {"N": 500, "iss": 0.2892949225345609, "lr": 0.26564196963566705, "ridge": 0.001669043615883305, "seed": 1234, "sr": 0.5335784501655656}}