{"returned_dict": {"loss": 0.00695545168836167, "r2": 0.9978356837320789, "status": "ok", "start_time": 1699255649.1914802, "duration": 2.4035587310791016}, "current_params": {"N": 500, "iss": 0.2298357960090034, "lr": 0.8472268156639914, "ridge": 9.801931216645321e-05, "seed": 1234, "sr": 0.2197712027474747}}