{"returned_dict": {"loss": 0.005521516676874037, "r2": 0.9986368488864469, "status": "ok", "start_time": 1699255746.9476979, "duration": 2.4030330181121826}, "current_params": {"N": 500, "iss": 0.15716834911966804, "lr": 0.8156304946175557, "ridge": 4.290374941230941e-08, "seed": 1234, "sr": 1.0385323042151453}}