{"returned_dict": {"loss": 0.0033198268609489264, "r2": 0.9995346621152242, "status": "ok", "start_time": 1699259226.677235, "duration": 3.5423080921173096}, "current_params": {"N": 500, "iss": 0.15716834911966804, "lr": 0.8156304946175557, "ridge": 4.290374941230941e-08, "seed": 1234, "sr": 1.0385323042151453}}