{"returned_dict": {"loss": 0.008938606768703986, "r2": 0.9969265496141171, "status": "ok", "start_time": 1699243860.693393, "duration": 1.8239750862121582}, "current_params": {"N": 500, "iss": 0.19784990317265738, "lr": 0.31008930988824535, "ridge": 0.00013246781832067779, "seed": 1234, "sr": 0.08438326345409637}}