{"returned_dict": {"loss": 0.00031638021173817024, "r2": 0.9999966767830178, "status": "ok", "start_time": 1699264187.729065, "duration": 2.6244029998779297}, "current_params": {"N": 500, "iss": 0.3753069435292018, "lr": 0.14684610291088665, "ridge": 1.1598652159348575e-08, "seed": 1234, "sr": 1.0993945835225667}}