{"returned_dict": {"loss": 0.007718664489889858, "r2": 0.9977782076148691, "status": "ok", "start_time": 1699266544.262366, "duration": 1.4356319904327393}, "current_params": {"N": 500, "iss": 0.12355157400567263, "lr": 0.35065431611638176, "ridge": 0.00016882662561943463, "seed": 1234, "sr": 0.011739026780685318}}