{"returned_dict": {"loss": 0.0010477210073658795, "r2": 0.9999653106901362, "status": "ok", "start_time": 1699264146.977223, "duration": 1.8555641174316406}, "current_params": {"N": 500, "iss": 0.15717970056189712, "lr": 0.07128243944571559, "ridge": 3.2781375924716163e-09, "seed": 1234, "sr": 0.027598683234115115}}