{"returned_dict": {"loss": 0.0034211162839884457, "r2": 0.9995619783932032, "status": "ok", "start_time": 1699266632.438903, "duration": 1.2287931442260742}, "current_params": {"N": 500, "iss": 0.09801956882183527, "lr": 0.21207672046475814, "ridge": 4.6581639384163866e-05, "seed": 1234, "sr": 0.21354604962375795}}