{"returned_dict": {"loss": 0.003383382141757381, "r2": 0.9995176429535809, "status": "ok", "start_time": 1699259557.005762, "duration": 3.533827781677246}, "current_params": {"N": 500, "iss": 0.040938266600104134, "lr": 0.3659512815680789, "ridge": 0.0021047798903734414, "seed": 1234, "sr": 0.3797757622392174}}