{"returned_dict": {"loss": 0.0023692654574533375, "r2": 0.9998326680027367, "status": "ok", "start_time": 1699264230.561291, "duration": 2.581148862838745}, "current_params": {"N": 500, "iss": 0.8967736623178844, "lr": 0.1298405957476471, "ridge": 9.418213809531775e-09, "seed": 1234, "sr": 0.3105316802728771}}