{"returned_dict": {"loss": 4.415751438327405e-05, "r2": 0.9999999356818119, "status": "ok", "start_time": 1699264369.886443, "duration": 2.1250460147857666}, "current_params": {"N": 500, "iss": 0.22844120631577203, "lr": 0.5068843153791186, "ridge": 1.748641447561754e-09, "seed": 1234, "sr": 1.2556711601352721}}