{"returned_dict": {"loss": 0.0063872258455158855, "r2": 0.9987798996215865, "status": "ok", "start_time": 1699264272.391649, "duration": 2.2192490100860596}, "current_params": {"N": 500, "iss": 0.04057815748077798, "lr": 0.048306005915739574, "ridge": 0.0009201974723122006, "seed": 1234, "sr": 1.0784585589734712}}