{"returned_dict": {"loss": 0.002564877534476162, "r2": 0.9997089104057366, "status": "ok", "start_time": 1699264997.364049, "duration": 2.591135263442993}, "current_params": {"N": 500, "iss": 0.15716834911966804, "lr": 0.8156304946175557, "ridge": 4.290374941230941e-08, "seed": 1234, "sr": 1.0385323042151453}}