{"returned_dict": {"loss": 0.003475502383210593, "r2": 0.9995385847722158, "status": "ok", "start_time": 1699243621.344904, "duration": 1.998176097869873}, "current_params": {"N": 500, "iss": 0.14258024657972923, "lr": 0.5516837456874331, "ridge": 3.7433235003717447e-07, "seed": 1234, "sr": 0.1931498404234262}}