{"returned_dict": {"loss": 0.0054640819788852, "r2": 0.9991130207895611, "status": "ok", "start_time": 1699264260.698477, "duration": 2.1665830612182617}, "current_params": {"N": 500, "iss": 0.9120267528405163, "lr": 0.10377622163746929, "ridge": 0.0009493042476638647, "seed": 1234, "sr": 1.1747727724200443}}