{"returned_dict": {"loss": 0.0040099088364579346, "r2": 0.9994005667760302, "status": "ok", "start_time": 1699266697.169367, "duration": 1.2715098857879639}, "current_params": {"N": 500, "iss": 0.040938266600104134, "lr": 0.3659512815680789, "ridge": 0.0021047798903734414, "seed": 1234, "sr": 0.3797757622392174}}