{"returned_dict": {"loss": 0.0007107111325717905, "r2": 0.9999849846730644, "status": "ok", "start_time": 1699264145.060351, "duration": 1.91471529006958}, "current_params": {"N": 500, "iss": 0.059936189081400526, "lr": 0.38264094967620654, "ridge": 1.8102732550311867e-05, "seed": 1234, "sr": 0.07966435869333038}}