{"returned_dict": {"loss": 0.014789903706513835, "r2": 0.9905186673897828, "status": "ok", "start_time": 1699259084.8770208, "duration": 3.557626247406006}, "current_params": {"N": 500, "iss": 0.3753069435292018, "lr": 0.14684610291088665, "ridge": 1.1598652159348575e-08, "seed": 1234, "sr": 1.0993945835225667}}