{"returned_dict": {"loss": 0.010954978411143776, "r2": 0.9946639541059707, "status": "ok", "start_time": 1699256005.903269, "duration": 2.1473398208618164}, "current_params": {"N": 500, "iss": 0.0011867504507336868, "lr": 0.4402251533661025, "ridge": 1.398293408194846e-05, "seed": 1234, "sr": 0.1378790157061615}}