{"returned_dict": {"loss": 0.01273027972390005, "r2": 0.9927974832917386, "status": "ok", "start_time": 1699265284.6493142, "duration": 1.7875237464904785}, "current_params": {"N": 500, "iss": 0.5933563673798359, "lr": 0.8382221591273349, "ridge": 1.1082393000534913e-06, "seed": 1234, "sr": 0.7323231724059845}}