{"returned_dict": {"loss": 0.01613050348069243, "r2": 0.9922797492953102, "status": "ok", "start_time": 1699264435.299129, "duration": 2.296766996383667}, "current_params": {"N": 500, "iss": 0.40735440327681793, "lr": 0.27568095723189284, "ridge": 0.000462329948563324, "seed": 1234, "sr": 0.02786727306368867}}