{"returned_dict": {"loss": 0.010012314012676151, "r2": 0.9961444913953614, "status": "ok", "start_time": 1699243869.443042, "duration": 1.7038190364837646}, "current_params": {"N": 500, "iss": 0.2892949225345609, "lr": 0.26564196963566705, "ridge": 0.001669043615883305, "seed": 1234, "sr": 0.5335784501655656}}