{"returned_dict": {"loss": 0.010612546757743355, "r2": 0.9957995956718636, "status": "ok", "start_time": 1699266735.204319, "duration": 1.2410171031951904}, "current_params": {"N": 500, "iss": 0.19784990317265738, "lr": 0.31008930988824535, "ridge": 0.00013246781832067779, "seed": 1234, "sr": 0.08438326345409637}}