{"returned_dict": {"loss": 0.01551261368658688, "r2": 0.9893226543213007, "status": "ok", "start_time": 1699265101.090679, "duration": 2.139651298522949}, "current_params": {"N": 500, "iss": 0.347012423797356, "lr": 0.09201940994765088, "ridge": 1.2655675147834042e-05, "seed": 1234, "sr": 0.03414048410383786}}