{"returned_dict": {"loss": 0.012741646608051277, "r2": 0.9939334254771423, "status": "ok", "start_time": 1699264533.170736, "duration": 2.389354705810547}, "current_params": {"N": 500, "iss": 0.9492310760856882, "lr": 0.03448518184164638, "ridge": 1.082471644281706e-09, "seed": 1234, "sr": 0.7476653587619372}}