{"returned_dict": {"loss": 0.015204151449114281, "r2": 0.991379477578935, "status": "ok", "start_time": 1699266634.995434, "duration": 1.174267053604126}, "current_params": {"N": 500, "iss": 0.10044612037411704, "lr": 0.07898613150169653, "ridge": 0.005230035728447981, "seed": 1234, "sr": 0.03524277949039688}}