{"returned_dict": {"loss": 0.028398132246126338, "r2": 0.9698783822084289, "status": "ok", "start_time": 1699266548.3101451, "duration": 1.2379798889160156}, "current_params": {"N": 500, "iss": 0.600022312535927, "lr": 0.6571588388986347, "ridge": 0.001699652520124697, "seed": 1234, "sr": 0.046727228044946535}}