{"returned_dict": {"loss": 0.02168945823105346, "r2": 0.9860565790049355, "status": "ok", "start_time": 1699264503.815692, "duration": 2.216594934463501}, "current_params": {"N": 500, "iss": 0.5619647530716958, "lr": 0.12251552188440552, "ridge": 0.00013569741429282753, "seed": 1234, "sr": 0.020788245498133077}}