{"returned_dict": {"loss": 0.029724966943533614, "r2": 0.9606799889219966, "status": "ok", "start_time": 1699264912.3700259, "duration": 2.1966071128845215}, "current_params": {"N": 500, "iss": 0.8644046911873131, "lr": 0.6156368875066843, "ridge": 8.186416440991658e-08, "seed": 1234, "sr": 1.6722388684853167}}