{"returned_dict": {"loss": 0.027580990363351557, "r2": 0.9709568082928195, "status": "ok", "start_time": 1699243541.142519, "duration": 1.8425071239471436}, "current_params": {"N": 500, "iss": 0.33697973924510827, "lr": 0.17543139583076806, "ridge": 0.0006465876818538902, "seed": 1234, "sr": 0.015590519612759524}}