{"returned_dict": {"loss": 0.028449592836386428, "r2": 0.9658357439479545, "status": "ok", "start_time": 1699259430.350788, "duration": 3.605031967163086}, "current_params": {"N": 500, "iss": 0.9243526866471957, "lr": 0.1542815995343576, "ridge": 8.50499153424126e-08, "seed": 1234, "sr": 1.7459748086870097}}