{"returned_dict": {"loss": 0.025510256520213298, "r2": 0.9724710261763859, "status": "ok", "start_time": 1699259532.02636, "duration": 3.4964849948883057}, "current_params": {"N": 500, "iss": 0.5252220340132849, "lr": 0.5269856938769655, "ridge": 0.0071301806348985485, "seed": 1234, "sr": 0.12440910427817788}}