{"returned_dict": {"loss": 0.022973534879548105, "r2": 0.984384172843446, "status": "ok", "start_time": 1699264578.486759, "duration": 2.271481990814209}, "current_params": {"N": 500, "iss": 0.3648171195318186, "lr": 0.06815247173845063, "ridge": 0.004137027458330782, "seed": 1234, "sr": 0.0440605775382449}}