{"returned_dict": {"loss": 0.022924841052502937, "r2": 0.9777990784824784, "status": "ok", "start_time": 1699259466.5545259, "duration": 3.583247184753418}, "current_params": {"N": 500, "iss": 0.40735440327681793, "lr": 0.27568095723189284, "ridge": 0.000462329948563324, "seed": 1234, "sr": 0.02786727306368867}}