{"returned_dict": {"loss": 0.024135564408115387, "r2": 0.9739174509815545, "status": "ok", "start_time": 1699265302.866571, "duration": 1.8254129886627197}, "current_params": {"N": 500, "iss": 0.6062643158179813, "lr": 0.48657161636196294, "ridge": 0.00019371347794085468, "seed": 1234, "sr": 1.3671630828846324}}