{"returned_dict": {"loss": 0.024209287876324388, "r2": 0.9752971944429546, "status": "ok", "start_time": 1699259415.545422, "duration": 3.9002068042755127}, "current_params": {"N": 500, "iss": 0.8493027570387159, "lr": 0.08352474609695261, "ridge": 1.2092867049259064e-08, "seed": 1234, "sr": 0.1521671071513882}}