{"returned_dict": {"loss": 0.02089849375876696, "r2": 0.9815522178096073, "status": "ok", "start_time": 1699259459.284796, "duration": 3.552647113800049}, "current_params": {"N": 500, "iss": 0.9408397105778058, "lr": 0.3594469868947466, "ridge": 2.899155403260927e-08, "seed": 1234, "sr": 0.953319122623503}}