{"returned_dict": {"loss": 0.02768242851061309, "r2": 0.9676875049123472, "status": "ok", "start_time": 1699259473.7960792, "duration": 3.634666919708252}, "current_params": {"N": 500, "iss": 0.5923323236902225, "lr": 0.09414420070801902, "ridge": 0.0014474323274106797, "seed": 1234, "sr": 0.13317912806568327}}