{"returned_dict": {"loss": 0.02786360593544838, "r2": 0.9769837045176444, "status": "ok", "start_time": 1699264325.2082381, "duration": 2.7307629585266113}, "current_params": {"N": 500, "iss": 0.6922327390139184, "lr": 0.034601111100789846, "ridge": 0.0009597922173967499, "seed": 1234, "sr": 0.17537309143779847}}