{"returned_dict": {"loss": 0.020588912531677807, "r2": 0.9812952347233176, "status": "ok", "start_time": 1699264919.177691, "duration": 2.284457206726074}, "current_params": {"N": 500, "iss": 0.44727779774125975, "lr": 0.36822455888750405, "ridge": 0.0002215397496700079, "seed": 1234, "sr": 0.02348225301745763}}