{"returned_dict": {"loss": 0.02526485490570934, "r2": 0.9810948679804085, "status": "ok", "start_time": 1699264558.3453078, "duration": 2.342923164367676}, "current_params": {"N": 500, "iss": 0.6913380290583117, "lr": 0.7766456097348572, "ridge": 0.0022490571107960764, "seed": 1234, "sr": 3.382940283445415}}