{"returned_dict": {"loss": 0.0290666715747942, "r2": 0.9749656367829057, "status": "ok", "start_time": 1699264565.1930099, "duration": 2.188023090362549}, "current_params": {"N": 500, "iss": 0.3945156093805232, "lr": 0.015128007637960973, "ridge": 3.182563639108543e-06, "seed": 1234, "sr": 0.012260384608014823}}