{"returned_dict": {"loss": 0.0203689119022661, "r2": 0.9816577952629065, "status": "ok", "start_time": 1699265179.254085, "duration": 3.0942838191986084}, "current_params": {"N": 500, "iss": 0.46362690696575914, "lr": 0.1556591544481278, "ridge": 0.0003537494244538186, "seed": 1234, "sr": 0.05298748174805132}}