{"returned_dict": {"loss": 0.02130129355200303, "r2": 0.9797427520797473, "status": "ok", "start_time": 1699261360.123025, "duration": 1.917525053024292}, "current_params": {"N": 500, "iss": 0.347012423797356, "lr": 0.09201940994765088, "ridge": 1.2655675147834042e-05, "seed": 1234, "sr": 0.03414048410383786}}