{"returned_dict": {"loss": 0.021960330967166375, "r2": 0.9819508839018036, "status": "ok", "start_time": 1699266585.022652, "duration": 1.2007861137390137}, "current_params": {"N": 500, "iss": 0.3045451369845007, "lr": 0.27036282441620346, "ridge": 0.00030682003342967967, "seed": 1234, "sr": 0.04049959618384302}}