{"returned_dict": {"loss": 0.02417188942990328, "r2": 0.9741737243436369, "status": "ok", "start_time": 1699265073.615198, "duration": 2.4312891960144043}, "current_params": {"N": 500, "iss": 0.9655801894967717, "lr": 0.5494681828865383, "ridge": 2.0065307823836486e-09, "seed": 1234, "sr": 0.01418389479892628}}