{"returned_dict": {"loss": 0.024343710425514354, "r2": 0.9749460777741374, "status": "ok", "start_time": 1699259106.180861, "duration": 4.531735897064209}, "current_params": {"N": 500, "iss": 0.44727779774125975, "lr": 0.36822455888750405, "ridge": 0.0002215397496700079, "seed": 1234, "sr": 0.02348225301745763}}