{"returned_dict": {"loss": 0.026207073229119818, "r2": 0.9697587376930498, "status": "ok", "start_time": 1699265231.692141, "duration": 2.2601499557495117}, "current_params": {"N": 500, "iss": 0.26934464895629684, "lr": 0.0839574815743966, "ridge": 0.003061173980554755, "seed": 1234, "sr": 0.016223651162329426}}