{"returned_dict": {"loss": 0.0312171714921774, "r2": 0.9570789983223564, "status": "ok", "start_time": 1699265306.505911, "duration": 1.7942049503326416}, "current_params": {"N": 500, "iss": 0.3829699328467736, "lr": 0.026695530015763223, "ridge": 3.993947976599462e-07, "seed": 1234, "sr": 0.013649509767262393}}