{"returned_dict": {"loss": 0.03650477667008659, "r2": 0.9407283863230481, "status": "ok", "start_time": 1699255937.229978, "duration": 2.247412919998169}, "current_params": {"N": 500, "iss": 0.35807336738969764, "lr": 0.8619303140116904, "ridge": 1.0115479045381332e-07, "seed": 1234, "sr": 4.881086179748358}}