{"returned_dict": {"loss": 0.030468675801746326, "r2": 0.9608728497382893, "status": "ok", "start_time": 1699259686.288809, "duration": 3.468822956085205}, "current_params": {"N": 500, "iss": 0.9022140321763757, "lr": 0.28243759923765877, "ridge": 6.331779330149328e-07, "seed": 1234, "sr": 0.014132040674737733}}