{"returned_dict": {"loss": 0.0376982698269184, "r2": 0.9578289405707251, "status": "ok", "start_time": 1699264304.703562, "duration": 2.1928927898406982}, "current_params": {"N": 500, "iss": 0.616731567531399, "lr": 0.6954288762234999, "ridge": 0.0061302022177938354, "seed": 1234, "sr": 6.834465647289925}}