{"returned_dict": {"loss": 0.035614342170199625, "r2": 0.9516610110765349, "status": "ok", "start_time": 1699243817.058621, "duration": 1.7677218914031982}, "current_params": {"N": 500, "iss": 0.5619647530716958, "lr": 0.12251552188440552, "ridge": 0.00013569741429282753, "seed": 1234, "sr": 0.020788245498133077}}