{"returned_dict": {"loss": 0.03695179802687217, "r2": 0.9383523149277214, "status": "ok", "start_time": 1699265153.353015, "duration": 2.714695930480957}, "current_params": {"N": 500, "iss": 0.9408397105778058, "lr": 0.3594469868947466, "ridge": 2.899155403260927e-08, "seed": 1234, "sr": 0.953319122623503}}