{"returned_dict": {"loss": 0.03432338282650535, "r2": 0.9650265071160229, "status": "ok", "start_time": 1699264162.106466, "duration": 2.1698570251464844}, "current_params": {"N": 500, "iss": 0.9547804466890908, "lr": 0.0063822566002939346, "ridge": 1.9445651653381377e-09, "seed": 1234, "sr": 0.012708968625748275}}