{"returned_dict": {"loss": 0.03306756035819279, "r2": 0.9518179446039112, "status": "ok", "start_time": 1699265109.8687701, "duration": 2.1415836811065674}, "current_params": {"N": 500, "iss": 0.9228386144334726, "lr": 0.10752060708924599, "ridge": 1.1106829899616503e-06, "seed": 1234, "sr": 0.3157133897830133}}