{"returned_dict": {"loss": 0.03090725228286235, "r2": 0.957938088360426, "status": "ok", "start_time": 1699265220.419323, "duration": 2.350703001022339}, "current_params": {"N": 500, "iss": 0.2752328727257135, "lr": 0.062196381712238125, "ridge": 0.0015831477712927589, "seed": 1234, "sr": 0.011423076308344373}}