{"returned_dict": {"loss": 0.03311902784929142, "r2": 0.9582127186944375, "status": "ok", "start_time": 1699243858.9373162, "duration": 1.7544069290161133}, "current_params": {"N": 500, "iss": 0.6913380290583117, "lr": 0.7766456097348572, "ridge": 0.0022490571107960764, "seed": 1234, "sr": 3.382940283445415}}