{"returned_dict": {"loss": 0.032551900124501924, "r2": 0.9553551413072062, "status": "ok", "start_time": 1699259693.235038, "duration": 3.580410957336426}, "current_params": {"N": 500, "iss": 0.3648171195318186, "lr": 0.06815247173845063, "ridge": 0.004137027458330782, "seed": 1234, "sr": 0.0440605775382449}}