{"returned_dict": {"loss": 0.031972488410566074, "r2": 0.9606791160408282, "status": "ok", "start_time": 1699243855.475245, "duration": 1.726166009902954}, "current_params": {"N": 500, "iss": 0.5933563673798359, "lr": 0.8382221591273349, "ridge": 1.1082393000534913e-06, "seed": 1234, "sr": 0.7323231724059845}}