{"returned_dict": {"loss": 0.042789573855842276, "r2": 0.9457770640417285, "status": "ok", "start_time": 1699264394.47762, "duration": 2.1317131519317627}, "current_params": {"N": 500, "iss": 0.21506092759674977, "lr": 0.0037871077443508176, "ridge": 7.866367247447239e-05, "seed": 1234, "sr": 0.01969702873562671}}