{"returned_dict": {"loss": 0.0401535252357775, "r2": 0.9386065623478604, "status": "ok", "start_time": 1699243813.524006, "duration": 1.7483711242675781}, "current_params": {"N": 500, "iss": 0.26934464895629684, "lr": 0.0839574815743966, "ridge": 0.003061173980554755, "seed": 1234, "sr": 0.016223651162329426}}