{"returned_dict": {"loss": 0.04334187417424621, "r2": 0.9283402808889178, "status": "ok", "start_time": 1699243578.705046, "duration": 1.9433941841125488}, "current_params": {"N": 500, "iss": 0.08315064051214127, "lr": 0.934961690273177, "ridge": 1.4389924675211044e-08, "seed": 1234, "sr": 2.4229663969229636}}