{"returned_dict": {"loss": 0.044003273329812354, "r2": 0.9425429129589231, "status": "ok", "start_time": 1699264367.381034, "duration": 2.5026321411132812}, "current_params": {"N": 500, "iss": 0.20923040118546266, "lr": 0.0077355403142878795, "ridge": 0.0023425261581026765, "seed": 1234, "sr": 0.026761175701104346}}