{"returned_dict": {"loss": 0.048760248592271065, "r2": 0.8881520508215638, "status": "ok", "start_time": 1699265254.4422, "duration": 2.2315878868103027}, "current_params": {"N": 500, "iss": 0.8161326333926638, "lr": 0.07816106311699304, "ridge": 7.358885705656805e-05, "seed": 1234, "sr": 0.8542795536342308}}