{"returned_dict": {"loss": 0.04684592998279352, "r2": 0.9033111754685988, "status": "ok", "start_time": 1699264923.932812, "duration": 2.205157995223999}, "current_params": {"N": 500, "iss": 0.18640085674470974, "lr": 0.008316425906674767, "ridge": 3.822116394355239e-05, "seed": 1234, "sr": 0.02745813794912951}}