{"returned_dict": {"loss": 0.04322329801145063, "r2": 0.9306636206754465, "status": "ok", "start_time": 1699266533.997658, "duration": 1.2480621337890625}, "current_params": {"N": 500, "iss": 0.08315064051214127, "lr": 0.934961690273177, "ridge": 1.4389924675211044e-08, "seed": 1234, "sr": 2.4229663969229636}}