{"returned_dict": {"loss": 0.05694247350072015, "r2": 0.8796107212566725, "status": "ok", "start_time": 1699266750.384892, "duration": 1.261702060699463}, "current_params": {"N": 500, "iss": 0.49705680256102114, "lr": 0.047125995444646136, "ridge": 0.006057640163977123, "seed": 1234, "sr": 0.02045819673305219}}