{"returned_dict": {"loss": 0.054410300533871116, "r2": 0.8696380136747366, "status": "ok", "start_time": 1699265277.337122, "duration": 1.825618028640747}, "current_params": {"N": 500, "iss": 0.5879201405915621, "lr": 0.017942623962965615, "ridge": 0.003711472688952436, "seed": 1234, "sr": 0.10149855100477383}}