{"returned_dict": {"loss": 0.05463754604115235, "r2": 0.8863031337983588, "status": "ok", "start_time": 1699243836.403647, "duration": 1.719120979309082}, "current_params": {"N": 500, "iss": 0.9097376556056701, "lr": 0.3079726626930137, "ridge": 1.4421411301859244e-07, "seed": 1234, "sr": 5.615522331680127}}