{"returned_dict": {"loss": 0.05060866352127403, "r2": 0.892074603611681, "status": "ok", "start_time": 1699259290.087255, "duration": 3.538602113723755}, "current_params": {"N": 500, "iss": 0.4893385543018618, "lr": 0.02143015081924661, "ridge": 1.1102605111730034e-05, "seed": 1234, "sr": 0.02572013644212619}}