{"returned_dict": {"loss": 0.06472510084189433, "r2": 0.8137760729632512, "status": "ok", "start_time": 1699261501.416676, "duration": 1.865830898284912}, "current_params": {"N": 500, "iss": 0.5879201405915621, "lr": 0.017942623962965615, "ridge": 0.003711472688952436, "seed": 1234, "sr": 0.10149855100477383}}