{"returned_dict": {"loss": 0.06209142386181544, "r2": 0.8285767098825106, "status": "ok", "start_time": 1699255939.479275, "duration": 2.0913100242614746}, "current_params": {"N": 500, "iss": 0.134697453845536, "lr": 0.005584438526231021, "ridge": 0.0021703951793471516, "seed": 1234, "sr": 0.11855799312403709}}