{"returned_dict": {"loss": 0.06444880959865908, "r2": 0.8418150890356472, "status": "ok", "start_time": 1699243773.504145, "duration": 1.7534382343292236}, "current_params": {"N": 500, "iss": 0.9526407636866457, "lr": 0.03942187518677715, "ridge": 0.00016087888046694687, "seed": 1234, "sr": 0.03600276409094316}}