{"returned_dict": {"loss": 0.06957604684763218, "r2": 0.8564715378876161, "status": "ok", "start_time": 1699264423.975171, "duration": 2.3496639728546143}, "current_params": {"N": 500, "iss": 0.7889351766743528, "lr": 0.00398609258790173, "ridge": 0.0026164567787443195, "seed": 1234, "sr": 0.012580639725311055}}