{"returned_dict": {"loss": 0.06595826829053897, "r2": 0.8166999312807048, "status": "ok", "start_time": 1699259307.914432, "duration": 3.4559857845306396}, "current_params": {"N": 500, "iss": 0.8088601787647725, "lr": 0.010820249488204384, "ridge": 2.157571970097535e-05, "seed": 1234, "sr": 0.19935467732696538}}