{"returned_dict": {"loss": 0.0668737678810501, "r2": 0.8115512236365614, "status": "ok", "start_time": 1699259401.205888, "duration": 3.5070688724517822}, "current_params": {"N": 500, "iss": 0.21506092759674977, "lr": 0.0037871077443508176, "ridge": 7.866367247447239e-05, "seed": 1234, "sr": 0.01969702873562671}}