{"returned_dict": {"loss": 0.06443925196391999, "r2": 0.8771693663158877, "status": "ok", "start_time": 1699264496.980154, "duration": 2.3472559452056885}, "current_params": {"N": 500, "iss": 0.0026462177202568604, "lr": 0.021333081512378033, "ridge": 0.00025791954558242, "seed": 1234, "sr": 0.011405319213458769}}