{"returned_dict": {"loss": 0.07677824240055937, "r2": 0.7402456365129945, "status": "ok", "start_time": 1699264907.627616, "duration": 2.313157081604004}, "current_params": {"N": 500, "iss": 0.9326851510627013, "lr": 0.01313978174667569, "ridge": 0.0007520446577387131, "seed": 1234, "sr": 0.18658183701753261}}