{"returned_dict": {"loss": 0.07563070846015744, "r2": 0.7557337108235166, "status": "ok", "start_time": 1699259311.372637, "duration": 3.5210089683532715}, "current_params": {"N": 500, "iss": 0.4497287205163476, "lr": 0.009807938072620976, "ridge": 6.297475344208429e-09, "seed": 1234, "sr": 0.05016138018026818}}