{"returned_dict": {"loss": 0.07240123485835932, "r2": 0.7838658519504381, "status": "ok", "start_time": 1699266502.959815, "duration": 1.239245891571045}, "current_params": {"N": 500, "iss": 0.6517423997488939, "lr": 0.4485179994925241, "ridge": 2.1919618123313223e-05, "seed": 1234, "sr": 2.76036316173383}}