{"returned_dict": {"loss": 0.07622750806466344, "r2": 0.7415265599969425, "status": "ok", "start_time": 1699261180.607889, "duration": 2.03249192237854}, "current_params": {"N": 500, "iss": 0.7041340569061305, "lr": 0.02018337832903292, "ridge": 2.3115334421298753e-06, "seed": 1234, "sr": 0.09442721440119983}}