{"returned_dict": {"loss": 0.07825969031326367, "r2": 0.721712099047426, "status": "ok", "start_time": 1699261381.5988019, "duration": 2.0158321857452393}, "current_params": {"N": 500, "iss": 0.8493027570387159, "lr": 0.08352474609695261, "ridge": 1.2092867049259064e-08, "seed": 1234, "sr": 0.1521671071513882}}