{"returned_dict": {"loss": 0.08939418953492968, "r2": 0.7626236617602852, "status": "ok", "start_time": 1699264537.825797, "duration": 2.2688510417938232}, "current_params": {"N": 500, "iss": 0.6743270588841205, "lr": 0.0014402248070585332, "ridge": 0.0006137812121664229, "seed": 1234, "sr": 0.3554664959628415}}