{"returned_dict": {"loss": 0.08505647518376665, "r2": 0.6952113400130108, "status": "ok", "start_time": 1699259070.463159, "duration": 3.587258815765381}, "current_params": {"N": 500, "iss": 0.976525304162185, "lr": 0.011273269250899024, "ridge": 5.267135160255618e-09, "seed": 1234, "sr": 0.09437285509046839}}