{"returned_dict": {"loss": 0.08613799035491469, "r2": 0.7243196361051422, "status": "ok", "start_time": 1699266654.508341, "duration": 1.2646677494049072}, "current_params": {"N": 500, "iss": 0.8251862354360314, "lr": 0.007413342720100155, "ridge": 0.00017690591223905197, "seed": 1234, "sr": 0.0925852425060542}}