{"returned_dict": {"loss": 0.0817889714007084, "r2": 0.7451617334824631, "status": "ok", "start_time": 1699243586.0867689, "duration": 1.9592182636260986}, "current_params": {"N": 500, "iss": 0.18640085674470974, "lr": 0.008316425906674767, "ridge": 3.822116394355239e-05, "seed": 1234, "sr": 0.02745813794912951}}