{"returned_dict": {"loss": 0.09696407907083597, "r2": 0.6246581879418444, "status": "ok", "start_time": 1699243790.82935, "duration": 1.7236580848693848}, "current_params": {"N": 500, "iss": 0.21496591135483278, "lr": 0.012213382575706427, "ridge": 4.430275039678582e-08, "seed": 1234, "sr": 0.015767522293681297}}