{"returned_dict": {"loss": 0.09162949600063271, "r2": 0.6458933627198579, "status": "ok", "start_time": 1699259240.850189, "duration": 3.458552837371826}, "current_params": {"N": 500, "iss": 0.06016013465638104, "lr": 0.23962511288825833, "ridge": 0.0007949579169258338, "seed": 1234, "sr": 3.416923934914541}}