{"returned_dict": {"loss": 0.09805602311371502, "r2": 0.5930885549307306, "status": "ok", "start_time": 1699259074.0522828, "duration": 3.529876232147217}, "current_params": {"N": 500, "iss": 0.4171626881853736, "lr": 0.002422315386294973, "ridge": 0.0008891693515095883, "seed": 1234, "sr": 0.0544052294998603}}