{"returned_dict": {"loss": 0.09246571542838078, "r2": 0.6185525065111244, "status": "ok", "start_time": 1699255956.344183, "duration": 2.114004135131836}, "current_params": {"N": 500, "iss": 0.6371089578578937, "lr": 0.026813811448575312, "ridge": 1.2394753758655106e-09, "seed": 1234, "sr": 0.03747978558716274}}