{"returned_dict": {"loss": 0.09433750575818857, "r2": 0.6564736368011665, "status": "ok", "start_time": 1699243878.101962, "duration": 1.725780963897705}, "current_params": {"N": 500, "iss": 0.9252782203468204, "lr": 0.026818040062708853, "ridge": 7.673078281627973e-07, "seed": 1234, "sr": 0.08930926502440488}}