{"returned_dict": {"loss": 0.10688125484796936, "r2": 0.617862753137192, "status": "ok", "start_time": 1699264246.990418, "duration": 2.2292399406433105}, "current_params": {"N": 500, "iss": 0.45903012586393255, "lr": 0.008993216326780393, "ridge": 3.098662816361876e-05, "seed": 1234, "sr": 1.038057705082271}}