{"returned_dict": {"loss": 0.10939019312527108, "r2": 0.46568688877369757, "status": "ok", "start_time": 1699255889.483541, "duration": 2.2194299697875977}, "current_params": {"N": 500, "iss": 0.7889351766743528, "lr": 0.00398609258790173, "ridge": 0.0026164567787443195, "seed": 1234, "sr": 0.012580639725311055}}