{"returned_dict": {"loss": 0.11503819819003569, "r2": 0.4333907870733797, "status": "ok", "start_time": 1699259397.4844348, "duration": 3.7192771434783936}, "current_params": {"N": 500, "iss": 0.5743858512665214, "lr": 0.0025679857977144393, "ridge": 1.9388590294899276e-08, "seed": 1234, "sr": 0.015217119086357022}}