{"returned_dict": {"loss": 0.11478144350257395, "r2": 0.41065373583137726, "status": "ok", "start_time": 1699261261.7582872, "duration": 1.8619797229766846}, "current_params": {"N": 500, "iss": 0.9120267528405163, "lr": 0.10377622163746929, "ridge": 0.0009493042476638647, "seed": 1234, "sr": 1.1747727724200443}}