{"returned_dict": {"loss": 0.11965684149701, "r2": 0.4211529291579401, "status": "ok", "start_time": 1699243627.037824, "duration": 1.980943202972412}, "current_params": {"N": 500, "iss": 0.9120267528405163, "lr": 0.10377622163746929, "ridge": 0.0009493042476638647, "seed": 1234, "sr": 1.1747727724200443}}