{"returned_dict": {"loss": 0.12028244523664204, "r2": 0.4470914689333308, "status": "ok", "start_time": 1699243752.374088, "duration": 1.7202961444854736}, "current_params": {"N": 500, "iss": 0.8251862354360314, "lr": 0.007413342720100155, "ridge": 0.00017690591223905197, "seed": 1234, "sr": 0.0925852425060542}}