{"returned_dict": {"loss": 0.138211385444279, "r2": 0.12198357013371985, "status": "ok", "start_time": 1699266532.799003, "duration": 1.1960890293121338}, "current_params": {"N": 500, "iss": 0.8644046911873131, "lr": 0.6156368875066843, "ridge": 8.186416440991658e-08, "seed": 1234, "sr": 1.6722388684853167}}