{"returned_dict": {"loss": 0.14891410961077414, "r2": 0.058575694638361576, "status": "ok", "start_time": 1699259055.7613518, "duration": 3.6276559829711914}, "current_params": {"N": 500, "iss": 0.8820998106981124, "lr": 0.0018473770505347527, "ridge": 1.8622584812397071e-06, "seed": 1234, "sr": 0.015931944006093716}}