{"returned_dict": {"loss": 0.15846434513395743, "r2": 0.062018114217091615, "status": "ok", "start_time": 1699266747.855463, "duration": 1.2879090309143066}, "current_params": {"N": 500, "iss": 0.9252782203468204, "lr": 0.026818040062708853, "ridge": 7.673078281627973e-07, "seed": 1234, "sr": 0.08930926502440488}}