{"returned_dict": {"loss": 0.15104328393946356, "r2": -0.04496850839817416, "status": "ok", "start_time": 1699261393.511789, "duration": 1.9002697467803955}, "current_params": {"N": 500, "iss": 0.25996136073869425, "lr": 0.01122030491707982, "ridge": 8.347574467203145e-08, "seed": 1234, "sr": 0.06204230622513381}}