{"returned_dict": {"loss": 0.1742334145642186, "r2": -0.47835553211897847, "status": "ok", "start_time": 1699261539.370081, "duration": 1.8200860023498535}, "current_params": {"N": 500, "iss": 0.9492451986094536, "lr": 0.012192269780560696, "ridge": 1.0355816851799808e-08, "seed": 1234, "sr": 0.03438139057492874}}