{"returned_dict": {"loss": 0.18601086962786462, "r2": -0.6581934467549927, "status": "ok", "start_time": 1699261299.922317, "duration": 1.9617819786071777}, "current_params": {"N": 500, "iss": 0.06694893716285133, "lr": 0.0012469785034749062, "ridge": 8.136540810461886e-08, "seed": 1234, "sr": 0.13504276379966784}}