{"returned_dict": {"loss": 0.2104734687992141, "r2": -0.8530025439675405, "status": "ok", "start_time": 1699266586.226013, "duration": 1.228466272354126}, "current_params": {"N": 500, "iss": 0.837083721656963, "lr": 0.001117795359631473, "ridge": 1.2852197972507888e-06, "seed": 1234, "sr": 0.01061907053409471}}