{"returned_dict": {"loss": 0.2618602460162835, "r2": -2.1303773131889345, "status": "ok", "start_time": 1699259314.8954508, "duration": 3.614241123199463}, "current_params": {"N": 500, "iss": 0.9232478994758182, "lr": 0.001009158010588956, "ridge": 8.318524365251139e-07, "seed": 1234, "sr": 0.07326940168674866}}