{"returned_dict": {"loss": 0.298984755229262, "r2": -2.981491127349669, "status": "ok", "start_time": 1699261319.035291, "duration": 1.981355905532837}, "current_params": {"N": 500, "iss": 0.11994602555379685, "lr": 0.16859893208998253, "ridge": 6.132193847282312e-09, "seed": 1234, "sr": 2.3297993110223385}}