{"returned_dict": {"loss": 0.30919325052359087, "r2": -3.2790095773205254, "status": "ok", "start_time": 1699261217.274894, "duration": 1.8896939754486084}, "current_params": {"N": 500, "iss": 0.13238073196516953, "lr": 0.13864624141183712, "ridge": 5.1447095217047094e-05, "seed": 1234, "sr": 4.997336540870967}}