{"returned_dict": {"loss": 0.32069599086875283, "r2": -3.051139745439295, "status": "ok", "start_time": 1699243706.600836, "duration": 1.7320678234100342}, "current_params": {"N": 500, "iss": 0.3158924367205628, "lr": 0.0016930941327325617, "ridge": 0.0006969765320479288, "seed": 1234, "sr": 0.22191193501289097}}