{"returned_dict": {"loss": 0.4456932668973462, "r2": -4.962224884973744, "status": "ok", "start_time": 1699264494.768385, "duration": 2.208616018295288}, "current_params": {"N": 500, "iss": 0.4825309396306763, "lr": 0.0026215829905024274, "ridge": 1.3617902397367888e-09, "seed": 1234, "sr": 0.30993658351244163}}