{"returned_dict": {"loss": 0.5009754068385138, "r2": -8.699328161299709, "status": "ok", "start_time": 1699243866.007328, "duration": 1.716383934020996}, "current_params": {"N": 500, "iss": 0.15890994153775684, "lr": 0.00792332805983459, "ridge": 3.0909972660202036e-06, "seed": 1234, "sr": 0.575269795679041}}