{"returned_dict": {"loss": 0.5113667850735948, "r2": -9.150050306597432, "status": "ok", "start_time": 1699243841.620297, "duration": 1.739164113998413}, "current_params": {"N": 500, "iss": 0.6381446788022263, "lr": 0.011295567117425407, "ridge": 7.933169942060012e-08, "seed": 1234, "sr": 0.20877503732087163}}