{"returned_dict": {"loss": 0.5584273344300356, "r2": -12.756175020270893, "status": "ok", "start_time": 1699265058.762804, "duration": 3.3135368824005127}, "current_params": {"N": 500, "iss": 0.9232478994758182, "lr": 0.001009158010588956, "ridge": 8.318524365251139e-07, "seed": 1234, "sr": 0.07326940168674866}}