{"returned_dict": {"loss": 0.5898686072038987, "r2": -13.759059902941111, "status": "ok", "start_time": 1699259599.540458, "duration": 3.586772918701172}, "current_params": {"N": 500, "iss": 0.26089228108771545, "lr": 0.004924674001327178, "ridge": 2.381485979423505e-09, "seed": 1234, "sr": 0.28962112677540436}}