{"returned_dict": {"loss": 0.6820952248242763, "r2": -20.11808426386769, "status": "ok", "start_time": 1699255744.736732, "duration": 2.208702802658081}, "current_params": {"N": 500, "iss": 0.28766435081673314, "lr": 0.0012105913148246156, "ridge": 1.9057127432713242e-07, "seed": 1234, "sr": 0.07964860203040938}}