{"returned_dict": {"loss": 0.6920779603023149, "r2": -16.97420425410998, "status": "ok", "start_time": 1699266705.92132, "duration": 1.3240611553192139}, "current_params": {"N": 500, "iss": 0.05969594889932428, "lr": 0.22834501963548878, "ridge": 4.079252477787997e-06, "seed": 1234, "sr": 3.3535990156004383}}