{"returned_dict": {"loss": 0.8140913609109433, "r2": -31.530769256765282, "status": "ok", "start_time": 1699265258.955667, "duration": 2.3333349227905273}, "current_params": {"N": 500, "iss": 0.36454979801819787, "lr": 0.001817436335305465, "ridge": 1.2856827057907244e-05, "seed": 1234, "sr": 0.5391304566113871}}