{"returned_dict": {"loss": 0.8650331016055741, "r2": -28.104637497765157, "status": "ok", "start_time": 1699243690.366317, "duration": 1.9890661239624023}, "current_params": {"N": 500, "iss": 0.9232478994758182, "lr": 0.001009158010588956, "ridge": 8.318524365251139e-07, "seed": 1234, "sr": 0.07326940168674866}}