{"returned_dict": {"loss": 0.9013556592269351, "r2": -33.282738256539226, "status": "ok", "start_time": 1699259132.785017, "duration": 3.5446548461914062}, "current_params": {"N": 500, "iss": 0.10821341880663882, "lr": 0.04203563441395582, "ridge": 7.954624964810484e-07, "seed": 1234, "sr": 3.6652347285793745}}