{"returned_dict": {"loss": 0.9174157298917032, "r2": -34.62464160742656, "status": "ok", "start_time": 1699259216.076997, "duration": 3.5313398838043213}, "current_params": {"N": 500, "iss": 0.6217356289422551, "lr": 0.0029999570595545273, "ridge": 1.822408392802496e-08, "seed": 1234, "sr": 0.38114750465916947}}