{"returned_dict": {"loss": 1.0040078704503073, "r2": -52.34573783023067, "status": "ok", "start_time": 1699261174.546253, "duration": 2.010359048843384}, "current_params": {"N": 500, "iss": 0.869355916285306, "lr": 0.0017588986916506517, "ridge": 0.009525997633827816, "seed": 1234, "sr": 1.2509379966926149}}