{"returned_dict": {"loss": 1.1313190256518273, "r2": -37.74466478158539, "status": "ok", "start_time": 1699264185.1200619, "duration": 2.607020139694214}, "current_params": {"N": 500, "iss": 0.27955000672950736, "lr": 0.050891035673396985, "ridge": 6.92305207076248e-05, "seed": 1234, "sr": 9.903672418680925}}