{"returned_dict": {"loss": 1.2621375922599243, "r2": -67.59516692113694, "status": "ok", "start_time": 1699259297.0825331, "duration": 3.409554958343506}, "current_params": {"N": 500, "iss": 0.8328177066055172, "lr": 0.026162881037661297, "ridge": 3.0656276565905996e-07, "seed": 1234, "sr": 2.3820731800209316}}