{"returned_dict": {"loss": 1.2963229089341777, "r2": -71.36390104653223, "status": "ok", "start_time": 1699259027.279983, "duration": 3.546043872833252}, "current_params": {"N": 500, "iss": 0.7231479244442287, "lr": 0.021175330384294096, "ridge": 1.3401973668525895e-08, "seed": 1234, "sr": 1.8373084854604944}}