{"returned_dict": {"loss": 1.4565487822187733, "r2": -80.12495114375177, "status": "ok", "start_time": 1699266754.1713212, "duration": 1.2550179958343506}, "current_params": {"N": 500, "iss": 0.7111875236481379, "lr": 0.014953523366352292, "ridge": 0.003917533648237141, "seed": 1234, "sr": 1.908865762249811}}