{"returned_dict": {"loss": 1.6149952562294427, "r2": -113.97672606828978, "status": "ok", "start_time": 1699265265.878134, "duration": 2.330271005630493}, "current_params": {"N": 500, "iss": 0.9492310760856882, "lr": 0.03448518184164638, "ridge": 1.082471644281706e-09, "seed": 1234, "sr": 0.7476653587619372}}