{"returned_dict": {"loss": 1.7244041482631758, "r2": -110.00328785079886, "status": "ok", "start_time": 1699266589.849299, "duration": 1.181617259979248}, "current_params": {"N": 500, "iss": 0.23643093070326449, "lr": 0.01146759760328504, "ridge": 0.004599990623823179, "seed": 1234, "sr": 2.3610670815355883}}