{"returned_dict": {"loss": 140.97311920597727, "r2": -652108.1399791175, "status": "ok", "start_time": 1699264313.745585, "duration": 2.2034850120544434}, "current_params": {"N": 500, "iss": 0.43901115116076694, "lr": 0.003493503890213215, "ridge": 1.2096638409130587e-06, "seed": 1234, "sr": 5.1267595669393975}}