{"returned_dict": {"loss": 15.189320371213084, "r2": -9728.948184781588, "status": "ok", "start_time": 1699259063.122199, "duration": 3.807217836380005}, "current_params": {"N": 500, "iss": 0.33486009438808095, "lr": 0.004100650502354604, "ridge": 0.008206547427376674, "seed": 1234, "sr": 4.224184001973293}}