{"returned_dict": {"loss": 16.460887475125983, "r2": -10321.003018038622, "status": "ok", "start_time": 1699243741.97003, "duration": 1.7211270332336426}, "current_params": {"N": 500, "iss": 0.9907096740516865, "lr": 0.011152501138346385, "ridge": 4.549840392506736e-07, "seed": 1234, "sr": 1.4037266612887527}}