{"returned_dict": {"loss": 165.41838332119914, "r2": -1068187.0930450761, "status": "ok", "start_time": 1699243797.773825, "duration": 1.768014907836914}, "current_params": {"N": 500, "iss": 0.007930380864134223, "lr": 0.010013001344096634, "ridge": 6.670195090070217e-06, "seed": 1234, "sr": 3.180379394013653}}