{"returned_dict": {"loss": 1679.3089607527752, "r2": -130265857.06734972, "status": "ok", "start_time": 1699259404.715178, "duration": 3.6831040382385254}, "current_params": {"N": 500, "iss": 0.4234539619306149, "lr": 0.001055234755253992, "ridge": 2.7873687266175076e-08, "seed": 1234, "sr": 6.700381333753658}}