{"returned_dict": {"loss": 175.2508876660752, "r2": -917719.7679438152, "status": "ok", "start_time": 1699264376.464946, "duration": 2.2950549125671387}, "current_params": {"N": 500, "iss": 0.15399984759321084, "lr": 0.0019431745080725833, "ridge": 6.149769328825335e-07, "seed": 1234, "sr": 8.323301293667457}}