{"returned_dict": {"loss": 178.4186492482444, "r2": -1225966.8765504428, "status": "ok", "start_time": 1699243757.552665, "duration": 1.7282330989837646}, "current_params": {"N": 500, "iss": 0.09111729583113959, "lr": 0.019364061327381353, "ridge": 2.8302701017808404e-08, "seed": 1234, "sr": 6.7303288800603305}}