{"returned_dict": {"loss": 2.002219931759793, "r2": -172.8483336475155, "status": "ok", "start_time": 1699266614.926964, "duration": 1.2257320880889893}, "current_params": {"N": 500, "iss": 0.6871632474113247, "lr": 0.0033668417829176823, "ridge": 3.836716623456785e-09, "seed": 1234, "sr": 0.10594870634350116}}