{"returned_dict": {"loss": 2.040860830131872, "r2": -187.3029423504978, "status": "ok", "start_time": 1699261480.3377159, "duration": 1.8659253120422363}, "current_params": {"N": 500, "iss": 0.26089228108771545, "lr": 0.004924674001327178, "ridge": 2.381485979423505e-09, "seed": 1234, "sr": 0.28962112677540436}}