{"returned_dict": {"loss": 2.2505757548379477, "r2": -150.2243227090021, "status": "ok", "start_time": 1699264213.8647418, "duration": 2.3083691596984863}, "current_params": {"N": 500, "iss": 0.24236535975373574, "lr": 0.06703300913405115, "ridge": 4.2269285080674205e-08, "seed": 1234, "sr": 2.773816181603311}}