{"returned_dict": {"loss": 2.3566543814736733, "r2": -246.84030681329992, "status": "ok", "start_time": 1699259321.961971, "duration": 3.4050040245056152}, "current_params": {"N": 500, "iss": 0.3415352429252124, "lr": 0.024081733532461607, "ridge": 2.334903649885824e-09, "seed": 1234, "sr": 2.540247736115996}}