{"returned_dict": {"loss": 2.5395375933081277, "r2": -201.82966994181538, "status": "ok", "start_time": 1699264594.344685, "duration": 2.1629738807678223}, "current_params": {"N": 500, "iss": 0.7111875236481379, "lr": 0.014953523366352292, "ridge": 0.003917533648237141, "seed": 1234, "sr": 1.908865762249811}}