{"returned_dict": {"loss": 2.990749679721277, "r2": -409.973949009932, "status": "ok", "start_time": 1699255680.064051, "duration": 2.498040199279785}, "current_params": {"N": 500, "iss": 0.24236535975373574, "lr": 0.06703300913405115, "ridge": 4.2269285080674205e-08, "seed": 1234, "sr": 2.773816181603311}}