{"returned_dict": {"loss": 219.2961281298427, "r2": -2157696.5051870174, "status": "ok", "start_time": 1699261445.186091, "duration": 1.9401090145111084}, "current_params": {"N": 500, "iss": 0.007930380864134223, "lr": 0.010013001344096634, "ridge": 6.670195090070217e-06, "seed": 1234, "sr": 3.180379394013653}}