{"returned_dict": {"loss": 22.02382092340496, "r2": -22210.495009223523, "status": "ok", "start_time": 1699264985.564167, "duration": 2.23197603225708}, "current_params": {"N": 500, "iss": 0.8383160999911431, "lr": 0.023226759313516834, "ridge": 8.81560223051062e-07, "seed": 1234, "sr": 1.7986325141052368}}