{"returned_dict": {"loss": 24.376118456216762, "r2": -28400.296076137292, "status": "ok", "start_time": 1699261317.185399, "duration": 1.847736120223999}, "current_params": {"N": 500, "iss": 0.8328177066055172, "lr": 0.026162881037661297, "ridge": 3.0656276565905996e-07, "seed": 1234, "sr": 2.3820731800209316}}