{"returned_dict": {"loss": 27.709477085281318, "r2": -31749.568432819997, "status": "ok", "start_time": 1699266587.456991, "duration": 1.1998600959777832}, "current_params": {"N": 500, "iss": 0.8899024118416428, "lr": 0.029602141041308122, "ridge": 2.7583086552332414e-08, "seed": 1234, "sr": 3.998119826570731}}