{"returned_dict": {"loss": 291.229821310126, "r2": -4103852.005654225, "status": "ok", "start_time": 1699259455.76633, "duration": 3.516273021697998}, "current_params": {"N": 500, "iss": 0.5164119610315949, "lr": 0.005362066549925435, "ridge": 5.41731973139421e-08, "seed": 1234, "sr": 1.7053539993996638}}