{"returned_dict": {"loss": 3.2188792009038267, "r2": -492.16098571759454, "status": "ok", "start_time": 1699256019.3382761, "duration": 2.1556060314178467}, "current_params": {"N": 500, "iss": 0.550070835811614, "lr": 0.005273335540171085, "ridge": 5.04991308123115e-09, "seed": 1234, "sr": 0.39936841111501603}}