{"returned_dict": {"loss": 3.7218980857291384, "r2": -410.10237566386417, "status": "ok", "start_time": 1699264302.408103, "duration": 2.287475109100342}, "current_params": {"N": 500, "iss": 0.23643093070326449, "lr": 0.01146759760328504, "ridge": 0.004599990623823179, "seed": 1234, "sr": 2.3610670815355883}}