{"returned_dict": {"loss": 316.7063475996085, "r2": -4562885.060023093, "status": "ok", "start_time": 1699261385.564652, "duration": 2.0840132236480713}, "current_params": {"N": 500, "iss": 0.8275692027406062, "lr": 0.00921134174257873, "ridge": 7.465489217273001e-08, "seed": 1234, "sr": 2.9579435824398614}}