{"returned_dict": {"loss": 32.73801871485798, "r2": -47816.22863576206, "status": "ok", "start_time": 1699255687.060719, "duration": 2.1413040161132812}, "current_params": {"N": 500, "iss": 0.10821341880663882, "lr": 0.04203563441395582, "ridge": 7.954624964810484e-07, "seed": 1234, "sr": 3.6652347285793745}}