{"returned_dict": {"loss": 325.606519137506, "r2": -8517378.055057568, "status": "ok", "start_time": 1699255893.911034, "duration": 2.3870677947998047}, "current_params": {"N": 500, "iss": 0.5164119610315949, "lr": 0.005362066549925435, "ridge": 5.41731973139421e-08, "seed": 1234, "sr": 1.7053539993996638}}