{"returned_dict": {"loss": 397.491922519115, "r2": -5355157.455618541, "status": "ok", "start_time": 1699264512.645269, "duration": 2.3061959743499756}, "current_params": {"N": 500, "iss": 0.8468296018182028, "lr": 0.0016562209632395857, "ridge": 7.687566626413539e-08, "seed": 1234, "sr": 6.091700405214507}}