{"returned_dict": {"loss": 4.186356750681988, "r2": -832.4059168692971, "status": "ok", "start_time": 1699264460.379997, "duration": 2.3037538528442383}, "current_params": {"N": 500, "iss": 0.15855990557256594, "lr": 0.0013530394390112253, "ridge": 3.771243674444087e-05, "seed": 1234, "sr": 1.2072384196976096}}