{"returned_dict": {"loss": 5.039135764183009, "r2": -1270.6076277740465, "status": "ok", "start_time": 1699265167.18436, "duration": 2.38794207572937}, "current_params": {"N": 500, "iss": 0.5308233319012376, "lr": 0.010754552393914138, "ridge": 0.00408260583459009, "seed": 1234, "sr": 7.505573307332538}}