{"returned_dict": {"loss": 5.088331078664162, "r2": -1156.251684768603, "status": "ok", "start_time": 1699265160.424594, "duration": 3.5003881454467773}, "current_params": {"N": 500, "iss": 0.4016192513767243, "lr": 0.023565820546423054, "ridge": 0.0009341644724743216, "seed": 1234, "sr": 5.987530745926846}}