{"returned_dict": {"loss": 5.21859296383455, "r2": -1268.2819877608727, "status": "ok", "start_time": 1699265227.182583, "duration": 2.2946009635925293}, "current_params": {"N": 500, "iss": 0.4825309396306763, "lr": 0.0026215829905024274, "ridge": 1.3617902397367888e-09, "seed": 1234, "sr": 0.30993658351244163}}