{"returned_dict": {"loss": 5.531642027934557, "r2": -1237.0388937119872, "status": "ok", "start_time": 1699266546.9886909, "duration": 1.319021224975586}, "current_params": {"N": 500, "iss": 0.34711880645906334, "lr": 0.0017068361591199817, "ridge": 1.2839800042841107e-06, "seed": 1234, "sr": 0.7839491567314942}}