{"returned_dict": {"loss": 5.903959114804077, "r2": -1617.6706968415535, "status": "ok", "start_time": 1699261391.435346, "duration": 2.0742170810699463}, "current_params": {"N": 500, "iss": 0.4503628369957513, "lr": 0.03709140133925175, "ridge": 2.6234435504939386e-09, "seed": 1234, "sr": 1.665278509291293}}