{"returned_dict": {"loss": 59.28480691601666, "r2": -158709.6503652377, "status": "ok", "start_time": 1699265193.426465, "duration": 2.396883010864258}, "current_params": {"N": 500, "iss": 0.32045037207585336, "lr": 0.013663130602244231, "ridge": 5.368010723935917e-07, "seed": 1234, "sr": 2.6411464130177205}}