{"returned_dict": {"loss": 61.17835999737988, "r2": -188697.40588727375, "status": "ok", "start_time": 1699243537.451217, "duration": 1.8171329498291016}, "current_params": {"N": 500, "iss": 0.7231479244442287, "lr": 0.021175330384294096, "ridge": 1.3401973668525895e-08, "seed": 1234, "sr": 1.8373084854604944}}