{"returned_dict": {"loss": 67.04084837308505, "r2": -260505.82020336928, "status": "ok", "start_time": 1699255631.579437, "duration": 2.068157911300659}, "current_params": {"N": 500, "iss": 0.30780459889893874, "lr": 0.0020629649586181636, "ridge": 1.807451674082109e-05, "seed": 1234, "sr": 2.2042634577971216}}