{"returned_dict": {"loss": 68.081445483991, "r2": -154314.72738128118, "status": "ok", "start_time": 1699264510.467351, "duration": 2.173646926879883}, "current_params": {"N": 500, "iss": 0.6029258260507978, "lr": 0.012445144152847186, "ridge": 2.3571184655130715e-07, "seed": 1234, "sr": 9.272462266637495}}