{"returned_dict": {"loss": 7.364782337455455, "r2": -2118.4551230113702, "status": "ok", "start_time": 1699243597.409434, "duration": 1.8013651371002197}, "current_params": {"N": 500, "iss": 0.34711880645906334, "lr": 0.0017068361591199817, "ridge": 1.2839800042841107e-06, "seed": 1234, "sr": 0.7839491567314942}}