{"returned_dict": {"loss": 7.802589983920746, "r2": -2403.678845312457, "status": "ok", "start_time": 1699243769.965313, "duration": 1.8100030422210693}, "current_params": {"N": 500, "iss": 0.5308233319012376, "lr": 0.010754552393914138, "ridge": 0.00408260583459009, "seed": 1234, "sr": 7.505573307332538}}