{"returned_dict": {"loss": 7.88280720773646, "r2": -1849.901868819946, "status": "ok", "start_time": 1699264297.9250538, "duration": 2.219316005706787}, "current_params": {"N": 500, "iss": 0.8899024118416428, "lr": 0.029602141041308122, "ridge": 2.7583086552332414e-08, "seed": 1234, "sr": 3.998119826570731}}