{"returned_dict": {"loss": 787.7959530138934, "r2": -18808937.016603883, "status": "ok", "start_time": 1699264592.149962, "duration": 2.1921799182891846}, "current_params": {"N": 500, "iss": 0.5797760318934376, "lr": 0.001358642199806875, "ridge": 3.1927648709671725e-08, "seed": 1234, "sr": 4.0906546305123515}}