{"returned_dict": {"loss": 8.530470091085936, "r2": -3141.6544995505315, "status": "ok", "start_time": 1699259477.433014, "duration": 3.8353660106658936}, "current_params": {"N": 500, "iss": 0.5308233319012376, "lr": 0.010754552393914138, "ridge": 0.00408260583459009, "seed": 1234, "sr": 7.505573307332538}}