{"returned_dict": {"loss": 801.6366652615667, "r2": -34799117.35326756, "status": "ok", "start_time": 1699265245.34775, "duration": 2.1834030151367188}, "current_params": {"N": 500, "iss": 0.8468296018182028, "lr": 0.0016562209632395857, "ridge": 7.687566626413539e-08, "seed": 1234, "sr": 6.091700405214507}}