{"returned_dict": {"loss": 9.194365842402123, "r2": -3361.8820952015885, "status": "ok", "start_time": 1699243673.442166, "duration": 1.781761884689331}, "current_params": {"N": 500, "iss": 0.9406587057968023, "lr": 0.02207977188453779, "ridge": 0.0007602478909161272, "seed": 1234, "sr": 6.833596167908428}}