{"returned_dict": {"loss": 9.726576934891986, "r2": -4211.023178430166, "status": "ok", "start_time": 1699261410.60357, "duration": 1.8577020168304443}, "current_params": {"N": 500, "iss": 0.4016192513767243, "lr": 0.023565820546423054, "ridge": 0.0009341644724743216, "seed": 1234, "sr": 5.987530745926846}}