{"returned_dict": {"loss": 9.74845206997147, "r2": -4192.1311773366, "status": "ok", "start_time": 1699264909.94346, "duration": 2.4240128993988037}, "current_params": {"N": 500, "iss": 0.22424280171073074, "lr": 0.012042080474948267, "ridge": 9.253689703516465e-05, "seed": 1234, "sr": 1.959651331974383}}