{"returned_dict": {"loss": 0.008118247497522133, "r2": 0.9986894621344531, "status": "ok", "start_time": 1699264434.915976, "duration": 2.3319740295410156}, "current_params": {"N": 500, "iss": 0.8493027570387159, "lr": 0.08352474609695261, "ridge": 1.2092867049259064e-08, "seed": 1234, "sr": 0.1521671071513882}}