{"returned_dict": {"loss": 0.00717203878142561, "r2": 0.9988827464682082, "status": "ok", "start_time": 1699265078.309788, "duration": 2.143519878387451}, "current_params": {"N": 500, "iss": 0.9243526866471957, "lr": 0.1542815995343576, "ridge": 8.50499153424126e-08, "seed": 1234, "sr": 1.7459748086870097}}