{"returned_dict": {"loss": 0.0010090354762104887, "r2": 0.9999788131794222, "status": "ok", "start_time": 1699256009.50079, "duration": 3.526615858078003}, "current_params": {"N": 500, "iss": 0.5933563673798359, "lr": 0.8382221591273349, "ridge": 1.1082393000534913e-06, "seed": 1234, "sr": 0.7323231724059845}}