{"returned_dict": {"loss": 0.003279697769653704, "r2": 0.99978601760799, "status": "ok", "start_time": 1699255685.686105, "duration": 2.5153870582580566}, "current_params": {"N": 500, "iss": 0.8967736623178844, "lr": 0.1298405957476471, "ridge": 9.418213809531775e-09, "seed": 1234, "sr": 0.3105316802728771}}