{"returned_dict": {"loss": 0.00036358596436906793, "r2": 0.999997369153888, "status": "ok", "start_time": 1699255709.23571, "duration": 2.269752025604248}, "current_params": {"N": 500, "iss": 0.14258024657972923, "lr": 0.5516837456874331, "ridge": 3.7433235003717447e-07, "seed": 1234, "sr": 0.1931498404234262}}