{"returned_dict": {"loss": 0.0038539461578254316, "r2": 0.9997040979951711, "status": "ok", "start_time": 1699264591.8304021, "duration": 2.128931760787964}, "current_params": {"N": 500, "iss": 0.19784990317265738, "lr": 0.31008930988824535, "ridge": 0.00013246781832067779, "seed": 1234, "sr": 0.08438326345409637}}