{"returned_dict": {"loss": 0.00099676211141401, "r2": 0.999980618208269, "status": "ok", "start_time": 1699265096.465145, "duration": 2.1368179321289062}, "current_params": {"N": 500, "iss": 0.9408397105778058, "lr": 0.3594469868947466, "ridge": 2.899155403260927e-08, "seed": 1234, "sr": 0.953319122623503}}