{"returned_dict": {"loss": 0.007333727609156039, "r2": 0.9989261639325147, "status": "ok", "start_time": 1699264553.386421, "duration": 2.376772165298462}, "current_params": {"N": 500, "iss": 0.8161326333926638, "lr": 0.07816106311699304, "ridge": 7.358885705656805e-05, "seed": 1234, "sr": 0.8542795536342308}}