{"returned_dict": {"loss": 0.0009034628393301564, "r2": 0.9999839437958661, "status": "ok", "start_time": 1699265039.051851, "duration": 2.795140027999878}, "current_params": {"N": 500, "iss": 0.09801956882183527, "lr": 0.21207672046475814, "ridge": 4.6581639384163866e-05, "seed": 1234, "sr": 0.21354604962375795}}