{"returned_dict": {"loss": 0.008332237874500192, "r2": 0.9986419974908408, "status": "ok", "start_time": 1699265195.947136, "duration": 2.9445290565490723}, "current_params": {"N": 500, "iss": 0.8161326333926638, "lr": 0.07816106311699304, "ridge": 7.358885705656805e-05, "seed": 1234, "sr": 0.8542795536342308}}