{"returned_dict": {"loss": 0.011262681952690638, "r2": 0.9975392910500341, "status": "ok", "start_time": 1699265231.341475, "duration": 2.2582590579986572}, "current_params": {"N": 500, "iss": 0.32792488571889467, "lr": 0.22465500878777248, "ridge": 0.0003014232201482745, "seed": 1234, "sr": 0.09835763510258089}}