{"returned_dict": {"loss": 0.014531878835033304, "r2": 0.9957373941230201, "status": "ok", "start_time": 1699264532.782785, "duration": 2.3988091945648193}, "current_params": {"N": 500, "iss": 0.5314055739748769, "lr": 0.5869419714703692, "ridge": 2.5739572117002763e-07, "seed": 1234, "sr": 0.030264242037118992}}