{"returned_dict": {"loss": 0.013791892545328324, "r2": 0.9960472894552724, "status": "ok", "start_time": 1699255924.733931, "duration": 2.280571937561035}, "current_params": {"N": 500, "iss": 0.21496591135483278, "lr": 0.012213382575706427, "ridge": 4.430275039678582e-08, "seed": 1234, "sr": 0.015767522293681297}}