{"returned_dict": {"loss": 0.019101705613255266, "r2": 0.9927902946710517, "status": "ok", "start_time": 1699255944.900037, "duration": 2.098254919052124}, "current_params": {"N": 500, "iss": 0.6371089578578937, "lr": 0.026813811448575312, "ridge": 1.2394753758655106e-09, "seed": 1234, "sr": 0.03747978558716274}}