{"returned_dict": {"loss": 0.012838200846732725, "r2": 0.9967058479078786, "status": "ok", "start_time": 1699255711.5090659, "duration": 2.2094662189483643}, "current_params": {"N": 500, "iss": 0.911210058605431, "lr": 0.2183850802283866, "ridge": 1.4229800128550176e-05, "seed": 1234, "sr": 0.22833541526599072}}