{"returned_dict": {"loss": 0.01573491213093041, "r2": 0.9951087739224244, "status": "ok", "start_time": 1699255940.5186229, "duration": 2.3113090991973877}, "current_params": {"N": 500, "iss": 0.5458161363201689, "lr": 0.1927391235133893, "ridge": 3.4731611050513896e-08, "seed": 1234, "sr": 0.017275455370965257}}