{"returned_dict": {"loss": 0.014278405385279982, "r2": 0.9959738713180292, "status": "ok", "start_time": 1699265169.536619, "duration": 3.7048089504241943}, "current_params": {"N": 500, "iss": 0.5314055739748769, "lr": 0.5869419714703692, "ridge": 2.5739572117002763e-07, "seed": 1234, "sr": 0.030264242037118992}}