{"returned_dict": {"loss": 0.016408229044582782, "r2": 0.9945856208472467, "status": "ok", "start_time": 1699265242.706495, "duration": 2.2869417667388916}, "current_params": {"N": 500, "iss": 0.15890994153775684, "lr": 0.00792332805983459, "ridge": 3.0909972660202036e-06, "seed": 1234, "sr": 0.575269795679041}}