{"returned_dict": {"loss": 0.012004146870866197, "r2": 0.9971202442044736, "status": "ok", "start_time": 1699255788.183151, "duration": 2.5213558673858643}, "current_params": {"N": 500, "iss": 0.4183352059788139, "lr": 0.7699157917998888, "ridge": 1.5491027325251184e-06, "seed": 1234, "sr": 1.9933094412983583}}