{"returned_dict": {"loss": 0.020724599391204832, "r2": 0.9915165697284865, "status": "ok", "start_time": 1699264482.5326478, "duration": 2.19482421875}, "current_params": {"N": 500, "iss": 0.46362690696575914, "lr": 0.1556591544481278, "ridge": 0.0003537494244538186, "seed": 1234, "sr": 0.05298748174805132}}