{"returned_dict": {"loss": 0.02644352729089138, "r2": 0.98599003921806, "status": "ok", "start_time": 1699249903.51107, "duration": 2.205652952194214}, "current_params": {"N": 500, "iss": 0.9135989958833419, "lr": 0.4700604405485768, "ridge": 5.192783797391785e-07, "seed": 1234, "sr": 0.02684390359598015}}