{"returned_dict": {"loss": 0.020461339138433326, "r2": 0.9918754406467135, "status": "ok", "start_time": 1699264900.494293, "duration": 2.260448932647705}, "current_params": {"N": 500, "iss": 0.562902674279726, "lr": 0.08451910338656304, "ridge": 2.98495308723598e-07, "seed": 1234, "sr": 0.020489195252075855}}