{"returned_dict": {"loss": 0.025061632807643314, "r2": 0.9875636703042509, "status": "ok", "start_time": 1699264507.998751, "duration": 2.1196422576904297}, "current_params": {"N": 500, "iss": 0.5252220340132849, "lr": 0.5269856938769655, "ridge": 0.0071301806348985485, "seed": 1234, "sr": 0.12440910427817788}}