{"returned_dict": {"loss": 0.020540292537604986, "r2": 0.9918223553427028, "status": "ok", "start_time": 1699265116.248081, "duration": 2.209962844848633}, "current_params": {"N": 500, "iss": 0.46362690696575914, "lr": 0.1556591544481278, "ridge": 0.0003537494244538186, "seed": 1234, "sr": 0.05298748174805132}}