{"returned_dict": {"loss": 0.026441189180692864, "r2": 0.9864461256060775, "status": "ok", "start_time": 1699265210.3741078, "duration": 2.162107229232788}, "current_params": {"N": 500, "iss": 0.6381446788022263, "lr": 0.011295567117425407, "ridge": 7.933169942060012e-08, "seed": 1234, "sr": 0.20877503732087163}}