{"returned_dict": {"loss": 0.027662523689846532, "r2": 0.9848209089452125, "status": "ok", "start_time": 1699255954.41606, "duration": 2.9358370304107666}, "current_params": {"N": 500, "iss": 0.26934464895629684, "lr": 0.0839574815743966, "ridge": 0.003061173980554755, "seed": 1234, "sr": 0.016223651162329426}}