{"returned_dict": {"loss": 0.029686956184248128, "r2": 0.9825555301553477, "status": "ok", "start_time": 1699256015.640865, "duration": 2.5884199142456055}, "current_params": {"N": 500, "iss": 0.6913380290583117, "lr": 0.7766456097348572, "ridge": 0.0022490571107960764, "seed": 1234, "sr": 3.382940283445415}}