{"returned_dict": {"loss": 0.030506678105582052, "r2": 0.9819318419735987, "status": "ok", "start_time": 1699265258.56433, "duration": 2.370542049407959}, "current_params": {"N": 500, "iss": 0.9252782203468204, "lr": 0.026818040062708853, "ridge": 7.673078281627973e-07, "seed": 1234, "sr": 0.08930926502440488}}