{"returned_dict": {"loss": 0.03248542226289134, "r2": 0.9790940326238293, "status": "ok", "start_time": 1699264519.011741, "duration": 2.2755911350250244}, "current_params": {"N": 500, "iss": 0.2752328727257135, "lr": 0.062196381712238125, "ridge": 0.0015831477712927589, "seed": 1234, "sr": 0.011423076308344373}}