{"returned_dict": {"loss": 0.03557051930168201, "r2": 0.9749438924759225, "status": "ok", "start_time": 1699264357.704654, "duration": 2.125019073486328}, "current_params": {"N": 500, "iss": 0.6922327390139184, "lr": 0.034601111100789846, "ridge": 0.0009597922173967499, "seed": 1234, "sr": 0.17537309143779847}}