{"returned_dict": {"loss": 0.03259887827514988, "r2": 0.9789980809477491, "status": "ok", "start_time": 1699255681.5489721, "duration": 2.0529026985168457}, "current_params": {"N": 500, "iss": 0.600022312535927, "lr": 0.6571588388986347, "ridge": 0.001699652520124697, "seed": 1234, "sr": 0.046727228044946535}}