{"returned_dict": {"loss": 0.037105037775252474, "r2": 0.9733068133675903, "status": "ok", "start_time": 1699265146.047612, "duration": 2.207927942276001}, "current_params": {"N": 500, "iss": 0.8091744524034417, "lr": 0.9358123326900604, "ridge": 3.7883632037985046e-08, "seed": 1234, "sr": 5.974243589442645}}