{"returned_dict": {"loss": 0.03210856628996286, "r2": 0.9781580508577906, "status": "ok", "start_time": 1699264179.326675, "duration": 2.251601219177246}, "current_params": {"N": 500, "iss": 0.34611859763450203, "lr": 0.0072789537441323385, "ridge": 4.7480197822394035e-09, "seed": 1234, "sr": 0.3226348405474758}}