{"returned_dict": {"loss": 0.038781930436007354, "r2": 0.9700061701104415, "status": "ok", "start_time": 1699247168.35628, "duration": 1.7641091346740723}, "current_params": {"N": 500, "iss": 0.8088601787647725, "lr": 0.010820249488204384, "ridge": 2.157571970097535e-05, "seed": 1234, "sr": 0.19935467732696538}}