{"returned_dict": {"loss": 0.030935266848237525, "r2": 0.9813497730927834, "status": "ok", "start_time": 1699264820.4984698, "duration": 2.067833185195923}, "current_params": {"N": 500, "iss": 0.7041340569061305, "lr": 0.02018337832903292, "ridge": 2.3115334421298753e-06, "seed": 1234, "sr": 0.09442721440119983}}