{"returned_dict": {"loss": 0.031067887080554333, "r2": 0.9812450204923443, "status": "ok", "start_time": 1699265152.98072, "duration": 2.257312774658203}, "current_params": {"N": 500, "iss": 0.2752328727257135, "lr": 0.062196381712238125, "ridge": 0.0015831477712927589, "seed": 1234, "sr": 0.011423076308344373}}