{"returned_dict": {"loss": 0.040544666369997755, "r2": 0.9675040910848165, "status": "ok", "start_time": 1699255844.324919, "duration": 2.485945224761963}, "current_params": {"N": 500, "iss": 0.6914803299511233, "lr": 0.4989873629451257, "ridge": 0.0009024714119816998, "seed": 1234, "sr": 0.014411455273543402}}