{"returned_dict": {"loss": 0.04281508292169456, "r2": 0.9643240122874195, "status": "ok", "start_time": 1699265118.463563, "duration": 2.299978017807007}, "current_params": {"N": 500, "iss": 0.975796083487275, "lr": 0.36345335286724006, "ridge": 3.344756996651249e-07, "seed": 1234, "sr": 3.928074544493676}}