{"returned_dict": {"loss": 0.04793196877553024, "r2": 0.9554738709244414, "status": "ok", "start_time": 1699265139.215492, "duration": 2.4311041831970215}, "current_params": {"N": 500, "iss": 0.134697453845536, "lr": 0.005584438526231021, "ridge": 0.0021703951793471516, "seed": 1234, "sr": 0.11855799312403709}}