{"returned_dict": {"loss": 0.04556218645335384, "r2": 0.9589603461966211, "status": "ok", "start_time": 1699264337.04496, "duration": 2.3595728874206543}, "current_params": {"N": 500, "iss": 0.616731567531399, "lr": 0.6954288762234999, "ridge": 0.0061302022177938354, "seed": 1234, "sr": 6.834465647289925}}