{"returned_dict": {"loss": 0.044247789534795225, "r2": 0.9620080577457474, "status": "ok", "start_time": 1699265111.627257, "duration": 2.421290874481201}, "current_params": {"N": 500, "iss": 0.9526407636866457, "lr": 0.03942187518677715, "ridge": 0.00016087888046694687, "seed": 1234, "sr": 0.03600276409094316}}