{"returned_dict": {"loss": 0.047852930062312, "r2": 0.9546662973778351, "status": "ok", "start_time": 1699255888.465111, "duration": 2.073683977127075}, "current_params": {"N": 500, "iss": 0.1123239562263062, "lr": 0.0017394860367737678, "ridge": 8.18392101434674e-09, "seed": 1234, "sr": 0.05019484139736029}}