{"returned_dict": {"loss": 0.04987311692255488, "r2": 0.9508305192094904, "status": "ok", "start_time": 1699264537.460787, "duration": 2.2742419242858887}, "current_params": {"N": 500, "iss": 0.629186932886679, "lr": 0.9385365458738638, "ridge": 4.279595777669173e-09, "seed": 1234, "sr": 7.567304757039052}}