{"returned_dict": {"loss": 0.05596437301669035, "r2": 0.9381165904847406, "status": "ok", "start_time": 1699264225.168105, "duration": 2.3115220069885254}, "current_params": {"N": 500, "iss": 0.9326851510627013, "lr": 0.01313978174667569, "ridge": 0.0007520446577387131, "seed": 1234, "sr": 0.18658183701753261}}