{"returned_dict": {"loss": 0.06282875767417447, "r2": 0.9220254734785618, "status": "ok", "start_time": 1699264394.1426702, "duration": 2.139817953109741}, "current_params": {"N": 500, "iss": 0.9345866417401569, "lr": 0.04017882290811124, "ridge": 0.008848344280085078, "seed": 1234, "sr": 0.014438974945890222}}