{"returned_dict": {"loss": 0.0692314405917295, "r2": 0.9070692293691557, "status": "ok", "start_time": 1699265017.9395142, "duration": 2.3963096141815186}, "current_params": {"N": 500, "iss": 0.3158924367205628, "lr": 0.0016930941327325617, "ridge": 0.0006969765320479288, "seed": 1234, "sr": 0.22191193501289097}}