{"returned_dict": {"loss": 0.06821861264905972, "r2": 0.9080611617442426, "status": "ok", "start_time": 1699255922.5642822, "duration": 2.1675636768341064}, "current_params": {"N": 500, "iss": 0.7008147713041682, "lr": 0.005199088611116443, "ridge": 0.0010388211610285532, "seed": 1234, "sr": 0.16300115584611943}}