{"returned_dict": {"loss": 0.06255031254578335, "r2": 0.9221293859054646, "status": "ok", "start_time": 1699249750.8758569, "duration": 1.7518250942230225}, "current_params": {"N": 500, "iss": 0.8251862354360314, "lr": 0.007413342720100155, "ridge": 0.00017690591223905197, "seed": 1234, "sr": 0.0925852425060542}}