{"returned_dict": {"loss": 0.06734404775034217, "r2": 0.9104064063661473, "status": "ok", "start_time": 1699255938.4607391, "duration": 2.050968885421753}, "current_params": {"N": 500, "iss": 0.9822234508984979, "lr": 0.006521274464604564, "ridge": 0.0030997822726422258, "seed": 1234, "sr": 0.5858648234147782}}