{"returned_dict": {"loss": 0.07237063364601622, "r2": 0.8984504634347278, "status": "ok", "start_time": 1699264999.289657, "duration": 2.465986728668213}, "current_params": {"N": 500, "iss": 0.5323854646527727, "lr": 0.003573156992234659, "ridge": 0.0008903885178857998, "seed": 1234, "sr": 0.015928787718820343}}