{"returned_dict": {"loss": 0.1531846478160556, "r2": 0.5295677980620916, "status": "ok", "start_time": 1699265226.842103, "duration": 2.2273900508880615}, "current_params": {"N": 500, "iss": 0.550070835811614, "lr": 0.005273335540171085, "ridge": 5.04991308123115e-09, "seed": 1234, "sr": 0.39936841111501603}}