{"returned_dict": {"loss": 0.24885476494929656, "r2": -0.20136624955928864, "status": "ok", "start_time": 1699264947.3907928, "duration": 2.2579431533813477}, "current_params": {"N": 500, "iss": 0.06016013465638104, "lr": 0.23962511288825833, "ridge": 0.0007949579169258338, "seed": 1234, "sr": 3.416923934914541}}