{"returned_dict": {"loss": 0.2532423122608623, "r2": -0.3017695302573465, "status": "ok", "start_time": 1699264582.71771, "duration": 2.2676479816436768}, "current_params": {"N": 500, "iss": 0.550070835811614, "lr": 0.005273335540171085, "ridge": 5.04991308123115e-09, "seed": 1234, "sr": 0.39936841111501603}}