{"returned_dict": {"loss": 0.25864790789137676, "r2": -0.2986923408891608, "status": "ok", "start_time": 1699264987.4590158, "duration": 2.5331461429595947}, "current_params": {"N": 500, "iss": 0.11994602555379685, "lr": 0.16859893208998253, "ridge": 6.132193847282312e-09, "seed": 1234, "sr": 2.3297993110223385}}