{"returned_dict": {"loss": 0.8661549050331319, "r2": -14.155962287434312, "status": "ok", "start_time": 1699264888.4202108, "duration": 2.4333832263946533}, "current_params": {"N": 500, "iss": 0.48683979711786196, "lr": 0.0041878954202570285, "ridge": 1.5267158874357313e-07, "seed": 1234, "sr": 0.7656474307799984}}