{"returned_dict": {"loss": 1.4280448455671617, "r2": -38.80190036728545, "status": "ok", "start_time": 1699265238.321117, "duration": 2.1853301525115967}, "current_params": {"N": 500, "iss": 0.8097531217575742, "lr": 0.04708253287367831, "ridge": 9.2648288823008e-08, "seed": 1234, "sr": 7.231920572306449}}