{"returned_dict": {"loss": 1.4346544631533995, "r2": -53.32009376500105, "status": "ok", "start_time": 1699264341.752981, "duration": 2.2678771018981934}, "current_params": {"N": 500, "iss": 0.14796761127746416, "lr": 0.0013818551895319936, "ridge": 1.9194269720339747e-07, "seed": 1234, "sr": 0.5693766752526698}}