{"returned_dict": {"loss": 108.49513830459189, "r2": -232320.03072868186, "status": "ok", "start_time": 1699265143.828301, "duration": 2.2170450687408447}, "current_params": {"N": 500, "iss": 0.007930380864134223, "lr": 0.010013001344096634, "ridge": 6.670195090070217e-06, "seed": 1234, "sr": 3.180379394013653}}