{"returned_dict": {"loss": 12.217070312043736, "r2": -3104.310500264652, "status": "ok", "start_time": 1699244033.865152, "duration": 1.7799220085144043}, "current_params": {"N": 500, "iss": 0.04455656901228233, "lr": 0.01935540965604909, "ridge": 0.0004870385305496401, "seed": 1234, "sr": 4.425195681471678}}