{"returned_dict": {"loss": 13.214155582958346, "r2": -3581.7899511833834, "status": "ok", "start_time": 1699264281.2179148, "duration": 2.2696173191070557}, "current_params": {"N": 500, "iss": 0.04455656901228233, "lr": 0.01935540965604909, "ridge": 0.0004870385305496401, "seed": 1234, "sr": 4.425195681471678}}