{"returned_dict": {"loss": 13.818974642270893, "r2": -4016.7277798777263, "status": "ok", "start_time": 1699255828.765422, "duration": 2.261969804763794}, "current_params": {"N": 500, "iss": 0.5813661769352256, "lr": 0.0010387024872592213, "ridge": 4.333630514338604e-07, "seed": 1234, "sr": 1.0616387878921083}}