{"returned_dict": {"loss": 14.277858814354362, "r2": -4138.9811188970825, "status": "ok", "start_time": 1699255647.361589, "duration": 2.223752021789551}, "current_params": {"N": 500, "iss": 0.22424280171073074, "lr": 0.012042080474948267, "ridge": 9.253689703516465e-05, "seed": 1234, "sr": 1.959651331974383}}