{"returned_dict": {"loss": 16.21360499509586, "r2": -5096.528544324145, "status": "ok", "start_time": 1699264849.3251488, "duration": 1.8689401149749756}, "current_params": {"N": 500, "iss": 0.22424280171073074, "lr": 0.012042080474948267, "ridge": 9.253689703516465e-05, "seed": 1234, "sr": 1.959651331974383}}