{"returned_dict": {"loss": 20.476548484271884, "r2": -9192.040669106676, "status": "ok", "start_time": 1699265064.242773, "duration": 3.361147880554199}, "current_params": {"N": 500, "iss": 0.5806915954693277, "lr": 0.005250222770550053, "ridge": 9.454792365744235e-05, "seed": 1234, "sr": 2.6286963019006704}}