{"returned_dict": {"loss": 241.074583417677, "r2": -1203485.6795054327, "status": "ok", "start_time": 1699265072.993495, "duration": 2.4304258823394775}, "current_params": {"N": 500, "iss": 0.8275692027406062, "lr": 0.00921134174257873, "ridge": 7.465489217273001e-08, "seed": 1234, "sr": 2.9579435824398614}}