{"returned_dict": {"loss": 277.0580138775413, "r2": -1699852.879769424, "status": "ok", "start_time": 1699265094.200556, "duration": 2.253821849822998}, "current_params": {"N": 500, "iss": 0.5164119610315949, "lr": 0.005362066549925435, "ridge": 5.41731973139421e-08, "seed": 1234, "sr": 1.7053539993996638}}