{"returned_dict": {"loss": 320.1178215917357, "r2": -2085322.843232467, "status": "ok", "start_time": 1699264346.2755258, "duration": 2.2634942531585693}, "current_params": {"N": 500, "iss": 0.43901115116076694, "lr": 0.003493503890213215, "ridge": 1.2096638409130587e-06, "seed": 1234, "sr": 5.1267595669393975}}