{"returned_dict": {"loss": 33.87056099711717, "r2": -23378.719961295308, "status": "ok", "start_time": 1699264198.7643032, "duration": 2.501891851425171}, "current_params": {"N": 500, "iss": 0.30780459889893874, "lr": 0.0020629649586181636, "ridge": 1.807451674082109e-05, "seed": 1234, "sr": 2.2042634577971216}}