{"returned_dict": {"loss": 34.86928400522464, "r2": -23582.88511117949, "status": "ok", "start_time": 1699264967.601632, "duration": 2.96816086769104}, "current_params": {"N": 500, "iss": 0.029495943205165465, "lr": 0.015679192953865242, "ridge": 3.171371461069988e-05, "seed": 1234, "sr": 7.78867384430367}}