{"returned_dict": {"loss": 47.7761788574511, "r2": -48733.19969608235, "status": "ok", "start_time": 1699264376.1762428, "duration": 2.219914197921753}, "current_params": {"N": 500, "iss": 0.3415352429252124, "lr": 0.024081733532461607, "ridge": 2.334903649885824e-09, "seed": 1234, "sr": 2.540247736115996}}