{"returned_dict": {"loss": 5.175063622776607, "r2": -529.6180466632251, "status": "ok", "start_time": 1699264348.5417988, "duration": 2.193312168121338}, "current_params": {"N": 500, "iss": 0.9581135333425491, "lr": 0.026802233205999445, "ridge": 0.0008696490633638283, "seed": 1234, "sr": 2.8424339478368448}}