{"returned_dict": {"loss": 5.284201282299175, "r2": -580.7218601138017, "status": "ok", "start_time": 1699255897.5209641, "duration": 2.2517449855804443}, "current_params": {"N": 500, "iss": 0.5308233319012376, "lr": 0.010754552393914138, "ridge": 0.00408260583459009, "seed": 1234, "sr": 7.505573307332538}}