{"returned_dict": {"loss": 5.29778281575713, "r2": -625.809805290447, "status": "ok", "start_time": 1699265102.898987, "duration": 2.084902763366699}, "current_params": {"N": 500, "iss": 0.4016192513767243, "lr": 0.023565820546423054, "ridge": 0.0009341644724743216, "seed": 1234, "sr": 5.987530745926846}}