{"returned_dict": {"loss": 62.61936511775503, "r2": -81694.49960067269, "status": "ok", "start_time": 1699255917.9519942, "duration": 2.1724307537078857}, "current_params": {"N": 500, "iss": 0.32045037207585336, "lr": 0.013663130602244231, "ridge": 5.368010723935917e-07, "seed": 1234, "sr": 2.6411464130177205}}