{"returned_dict": {"loss": 8.999004214546943, "r2": -2673.7933297975014, "status": "ok", "start_time": 1699264925.782319, "duration": 2.6049439907073975}, "current_params": {"N": 500, "iss": 0.8383160999911431, "lr": 0.023226759313516834, "ridge": 8.81560223051062e-07, "seed": 1234, "sr": 1.7986325141052368}}