{"returned_dict": {"loss": 850.8223241126328, "r2": -15302703.226530755, "status": "ok", "start_time": 1699255690.385002, "duration": 2.563025951385498}, "current_params": {"N": 500, "iss": 0.6659350740516974, "lr": 0.0068663941226196155, "ridge": 8.704077638470982e-09, "seed": 1234, "sr": 2.2553242781758827}}