{"returned_dict": {"loss": 0.00799807120493891, "r2": 0.9987006988783754, "status": "ok", "start_time": 1699177641.4694579, "duration": 1.7675540447235107}, "current_params": {"N": 500, "iss": 0.47860011851145334, "lr": 0.4166356911062447, "ridge": 1.2751646272541625e-05, "seed": 1234, "sr": 0.14848409471568397}}