{"returned_dict": {"loss": 0.0042291716328043604, "r2": 0.9994599971398922, "status": "ok", "start_time": 1699184148.3896651, "duration": 2.0399699211120605}, "current_params": {"N": 500, "iss": 0.12355157400567263, "lr": 0.35065431611638176, "ridge": 0.00016882662561943463, "seed": 1234, "sr": 0.011739026780685318}}