{"returned_dict": {"loss": 0.0012156141417722732, "r2": 0.9999699626687627, "status": "ok", "start_time": 1699177890.9706812, "duration": 1.74332594871521}, "current_params": {"N": 500, "iss": 0.7681136832661768, "lr": 0.43906883802329827, "ridge": 6.060476940238121e-07, "seed": 1234, "sr": 0.7507802307193081}}