{"returned_dict": {"loss": 0.009306442062237534, "r2": 0.9972442310507059, "status": "ok", "start_time": 1699170342.824045, "duration": 1.7708680629730225}, "current_params": {"N": 500, "iss": 0.8644046911873131, "lr": 0.6156368875066843, "ridge": 8.186416440991658e-08, "seed": 1234, "sr": 1.6722388684853167}}