{"returned_dict": {"loss": 0.003522108657123725, "r2": 0.9997633156891174, "status": "ok", "start_time": 1699095323.643478, "duration": 2.593374013900757}, "current_params": {"N": 500, "iss": 0.22844120631577203, "lr": 0.5068843153791186, "ridge": 1.748641447561754e-09, "seed": 1234, "sr": 1.2556711601352721}}