{"returned_dict": {"loss": 0.007384656412273466, "r2": 0.9979947027208507, "status": "ok", "start_time": 1699238835.980509, "duration": 1.7946748733520508}, "current_params": {"N": 500, "iss": 0.9903777479356254, "lr": 0.1894882305034404, "ridge": 0.004636302559142713, "seed": 1234, "sr": 1.9577985037865835}}