{"returned_dict": {"loss": 0.0052450289058959, "r2": 0.9988231736194263, "status": "ok", "start_time": 1699183995.105209, "duration": 1.7362148761749268}, "current_params": {"N": 500, "iss": 0.19784990317265738, "lr": 0.31008930988824535, "ridge": 0.00013246781832067779, "seed": 1234, "sr": 0.08438326345409637}}