{"returned_dict": {"loss": 0.004502301345059624, "r2": 0.9994094678687532, "status": "ok", "start_time": 1698381120.916727, "duration": 2.0141828060150146}, "current_params": {"N": 500, "iss": 0.6381446788022263, "lr": 0.011295567117425407, "ridge": 7.933169942060012e-08, "seed": 1234, "sr": 0.20877503732087163}}