{"returned_dict": {"loss": 0.009691111715929934, "r2": 0.9971839048486838, "status": "ok", "start_time": 1699184178.1392589, "duration": 1.8264031410217285}, "current_params": {"N": 500, "iss": 0.911210058605431, "lr": 0.2183850802283866, "ridge": 1.4229800128550176e-05, "seed": 1234, "sr": 0.22833541526599072}}