{"returned_dict": {"loss": 0.005593718315488186, "r2": 0.9990086766177475, "status": "ok", "start_time": 1698382664.433847, "duration": 1.963141918182373}, "current_params": {"N": 500, "iss": 0.8967736623178844, "lr": 0.1298405957476471, "ridge": 9.418213809531775e-09, "seed": 1234, "sr": 0.3105316802728771}}