{"returned_dict": {"loss": 0.006672192570131211, "r2": 0.9985889240527319, "status": "ok", "start_time": 1698383812.230203, "duration": 2.0136921405792236}, "current_params": {"N": 500, "iss": 0.32792488571889467, "lr": 0.22465500878777248, "ridge": 0.0003014232201482745, "seed": 1234, "sr": 0.09835763510258089}}