{"returned_dict": {"loss": 0.0011406822233487543, "r2": 0.9999593442026443, "status": "ok", "start_time": 1699096199.9523451, "duration": 1.9813578128814697}, "current_params": {"N": 500, "iss": 0.059936189081400526, "lr": 0.38264094967620654, "ridge": 1.8102732550311867e-05, "seed": 1234, "sr": 0.07966435869333038}}