{"returned_dict": {"loss": 0.0021848441836614563, "r2": 0.9998606874884216, "status": "ok", "start_time": 1698381101.8718169, "duration": 2.1666769981384277}, "current_params": {"N": 500, "iss": 0.23999648673506557, "lr": 0.14755529525122685, "ridge": 2.191167299174609e-09, "seed": 1234, "sr": 0.023462246374277934}}