{"returned_dict": {"loss": 2.7541722650232134e-05, "r2": 0.9999999847044277, "status": "ok", "start_time": 1699177682.939577, "duration": 1.7751097679138184}, "current_params": {"N": 500, "iss": 0.15716834911966804, "lr": 0.8156304946175557, "ridge": 4.290374941230941e-08, "seed": 1234, "sr": 1.0385323042151453}}