{"returned_dict": {"loss": 0.006357089796439387, "r2": 0.9987194653661565, "status": "ok", "start_time": 1699238809.826182, "duration": 1.8196980953216553}, "current_params": {"N": 500, "iss": 0.44727779774125975, "lr": 0.36822455888750405, "ridge": 0.0002215397496700079, "seed": 1234, "sr": 0.02348225301745763}}