{"returned_dict": {"loss": 0.000656871779623399, "r2": 0.9999874351521815, "status": "ok", "start_time": 1698380955.262938, "duration": 1.9880311489105225}, "current_params": {"N": 500, "iss": 0.900126341412187, "lr": 0.6751854428024655, "ridge": 1.6359488069904826e-09, "seed": 1234, "sr": 0.050152765364070276}}