{"returned_dict": {"loss": 0.00048300864363552974, "r2": 0.9999419349376056, "status": "ok", "start_time": 1699186227.418876, "duration": 1.8110129833221436}, "current_params": {"N": 500, "iss": 0.15716834911966804, "lr": 0.8156304946175557, "ridge": 4.290374941230941e-08, "seed": 1234, "sr": 1.0385323042151453}}