{"returned_dict": {"loss": 0.009443120709164874, "r2": 0.9962269269065512, "status": "ok", "start_time": 1699185611.476992, "duration": 1.9428119659423828}, "current_params": {"N": 500, "iss": 0.3991084746243321, "lr": 0.2279250676188654, "ridge": 3.316996532799217e-06, "seed": 1234, "sr": 0.13048071254874868}}