{"returned_dict": {"loss": 0.005583082185410231, "r2": 0.9990125013343142, "status": "ok", "start_time": 1699238851.0261261, "duration": 1.837831974029541}, "current_params": {"N": 500, "iss": 0.911210058605431, "lr": 0.2183850802283866, "ridge": 1.4229800128550176e-05, "seed": 1234, "sr": 0.22833541526599072}}