{"returned_dict": {"loss": 0.007267438264100207, "r2": 0.9990133984321945, "status": "ok", "start_time": 1699095518.018548, "duration": 1.904325008392334}, "current_params": {"N": 500, "iss": 0.2892949225345609, "lr": 0.26564196963566705, "ridge": 0.001669043615883305, "seed": 1234, "sr": 0.5335784501655656}}