{"returned_dict": {"loss": 0.001852546235650513, "r2": 0.9999000513037407, "status": "ok", "start_time": 1698380789.951541, "duration": 1.959205150604248}, "current_params": {"N": 500, "iss": 0.7044600162750467, "lr": 0.05989081733494548, "ridge": 3.058579821085371e-08, "seed": 1234, "sr": 0.1626795681245935}}