{"returned_dict": {"loss": 0.008313668342117856, "r2": 0.997920731746146, "status": "ok", "start_time": 1699184307.8528159, "duration": 2.1336841583251953}, "current_params": {"N": 500, "iss": 0.25996136073869425, "lr": 0.01122030491707982, "ridge": 8.347574467203145e-08, "seed": 1234, "sr": 0.06204230622513381}}