{"returned_dict": {"loss": 0.004727503022430061, "r2": 0.9992972432591284, "status": "ok", "start_time": 1699170359.0644, "duration": 1.8197128772735596}, "current_params": {"N": 500, "iss": 0.12355157400567263, "lr": 0.35065431611638176, "ridge": 0.00016882662561943463, "seed": 1234, "sr": 0.011739026780685318}}