{"returned_dict": {"loss": 3.964730119046386e-05, "r2": 0.9999999450731224, "status": "ok", "start_time": 1699184603.9960802, "duration": 2.404728889465332}, "current_params": {"N": 500, "iss": 0.22844120631577203, "lr": 0.5068843153791186, "ridge": 1.748641447561754e-09, "seed": 1234, "sr": 1.2556711601352721}}