{"returned_dict": {"loss": 1.2550146281022402e-05, "r2": 0.9999999968399861, "status": "ok", "start_time": 1699176399.847682, "duration": 1.8578970432281494}, "current_params": {"N": 500, "iss": 0.15716834911966804, "lr": 0.8156304946175557, "ridge": 4.290374941230941e-08, "seed": 1234, "sr": 1.0385323042151453}}