{"returned_dict": {"loss": 0.0005486332797485428, "r2": 0.9999911236745372, "status": "ok", "start_time": 1698381856.876082, "duration": 1.9618000984191895}, "current_params": {"N": 500, "iss": 0.3753069435292018, "lr": 0.14684610291088665, "ridge": 1.1598652159348575e-08, "seed": 1234, "sr": 1.0993945835225667}}