{"returned_dict": {"loss": 0.004402432996699315, "r2": 0.9994348247364017, "status": "ok", "start_time": 1698381848.7847419, "duration": 2.151041030883789}, "current_params": {"N": 500, "iss": 0.976525304162185, "lr": 0.011273269250899024, "ridge": 5.267135160255618e-09, "seed": 1234, "sr": 0.09437285509046839}}