{"returned_dict": {"loss": 0.007297001050648012, "r2": 0.9989291316963164, "status": "ok", "start_time": 1699177666.6288378, "duration": 1.8074991703033447}, "current_params": {"N": 500, "iss": 0.9120267528405163, "lr": 0.10377622163746929, "ridge": 0.0009493042476638647, "seed": 1234, "sr": 1.1747727724200443}}