{"returned_dict": {"loss": 0.0019731643650627013, "r2": 0.9999056583188533, "status": "ok", "start_time": 1699095173.435262, "duration": 2.32338809967041}, "current_params": {"N": 500, "iss": 0.12355157400567263, "lr": 0.35065431611638176, "ridge": 0.00016882662561943463, "seed": 1234, "sr": 0.011739026780685318}}