{"returned_dict": {"loss": 0.0057704183007896885, "r2": 0.9989450194650701, "status": "ok", "start_time": 1698383781.020996, "duration": 2.000241994857788}, "current_params": {"N": 500, "iss": 0.8161326333926638, "lr": 0.07816106311699304, "ridge": 7.358885705656805e-05, "seed": 1234, "sr": 0.8542795536342308}}