{"returned_dict": {"loss": 0.0010716884443931465, "r2": 0.9999757551295042, "status": "ok", "start_time": 1699177896.295049, "duration": 1.7939691543579102}, "current_params": {"N": 500, "iss": 0.5933563673798359, "lr": 0.8382221591273349, "ridge": 1.1082393000534913e-06, "seed": 1234, "sr": 0.7323231724059845}}