{"returned_dict": {"loss": 0.001534227826959283, "r2": 0.9999308163283929, "status": "ok", "start_time": 1698381050.05374, "duration": 1.919619083404541}, "current_params": {"N": 500, "iss": 0.9135989958833419, "lr": 0.4700604405485768, "ridge": 5.192783797391785e-07, "seed": 1234, "sr": 0.02684390359598015}}