{"returned_dict": {"loss": 0.005442250977542869, "r2": 0.999061689709778, "status": "ok", "start_time": 1698382770.5353768, "duration": 1.9807641506195068}, "current_params": {"N": 500, "iss": 0.9655801894967717, "lr": 0.5494681828865383, "ridge": 2.0065307823836486e-09, "seed": 1234, "sr": 0.01418389479892628}}