{"returned_dict": {"loss": 0.0029895342265008804, "r2": 0.9996213227284904, "status": "ok", "start_time": 1699185203.446004, "duration": 1.9847311973571777}, "current_params": {"N": 500, "iss": 0.040938266600104134, "lr": 0.3659512815680789, "ridge": 0.0021047798903734414, "seed": 1234, "sr": 0.3797757622392174}}