{"returned_dict": {"loss": 0.008004787434037161, "r2": 0.9979696947628772, "status": "ok", "start_time": 1699238763.285836, "duration": 1.9422669410705566}, "current_params": {"N": 500, "iss": 0.15717970056189712, "lr": 0.07128243944571559, "ridge": 3.2781375924716163e-09, "seed": 1234, "sr": 0.027598683234115115}}