{"returned_dict": {"loss": 0.006133492380224189, "r2": 0.9988080811139208, "status": "ok", "start_time": 1698382593.888799, "duration": 2.0513651371002197}, "current_params": {"N": 500, "iss": 0.7044600162750467, "lr": 0.05989081733494548, "ridge": 3.058579821085371e-08, "seed": 1234, "sr": 0.1626795681245935}}