{"returned_dict": {"loss": 0.000721081074030992, "r2": 0.9999848665042094, "status": "ok", "start_time": 1698381911.448502, "duration": 2.3179190158843994}, "current_params": {"N": 500, "iss": 0.14258024657972923, "lr": 0.5516837456874331, "ridge": 3.7433235003717447e-07, "seed": 1234, "sr": 0.1931498404234262}}