{"returned_dict": {"loss": 0.009838296130770982, "r2": 0.97610062316882, "status": "ok", "start_time": 1699186449.506125, "duration": 1.8940889835357666}, "current_params": {"N": 500, "iss": 0.32792488571889467, "lr": 0.22465500878777248, "ridge": 0.0003014232201482745, "seed": 1234, "sr": 0.09835763510258089}}