{"returned_dict": {"loss": 0.005134931947959894, "r2": 0.9992321279659521, "status": "ok", "start_time": 1698380884.775284, "duration": 1.8790650367736816}, "current_params": {"N": 500, "iss": 0.20874949204266458, "lr": 0.07729401267577381, "ridge": 5.55904979401799e-05, "seed": 1234, "sr": 0.21210441974152222}}