{"returned_dict": {"loss": 0.0034060819312854863, "r2": 0.9997507544348386, "status": "ok", "start_time": 1699176965.920539, "duration": 1.8770670890808105}, "current_params": {"N": 500, "iss": 0.15717970056189712, "lr": 0.07128243944571559, "ridge": 3.2781375924716163e-09, "seed": 1234, "sr": 0.027598683234115115}}