{"returned_dict": {"loss": 0.005384320386458, "r2": 0.9990815610781844, "status": "ok", "start_time": 1698383618.672948, "duration": 1.9773602485656738}, "current_params": {"N": 500, "iss": 0.900126341412187, "lr": 0.6751854428024655, "ridge": 1.6359488069904826e-09, "seed": 1234, "sr": 0.050152765364070276}}