{"returned_dict": {"loss": 0.005722691110140274, "r2": 0.9988286754815645, "status": "ok", "start_time": 1699095237.448021, "duration": 2.2008421421051025}, "current_params": {"N": 500, "iss": 0.10044612037411704, "lr": 0.07898613150169653, "ridge": 0.005230035728447981, "seed": 1234, "sr": 0.03524277949039688}}