{"returned_dict": {"loss": 0.006871290548316894, "r2": 0.9990504223897604, "status": "ok", "start_time": 1699181878.64314, "duration": 1.958411693572998}, "current_params": {"N": 500, "iss": 0.9120267528405163, "lr": 0.10377622163746929, "ridge": 0.0009493042476638647, "seed": 1234, "sr": 1.1747727724200443}}