{"returned_dict": {"loss": 0.009455400586446895, "r2": 0.9973214715832458, "status": "ok", "start_time": 1699184613.465378, "duration": 2.383852958679199}, "current_params": {"N": 500, "iss": 0.347012423797356, "lr": 0.09201940994765088, "ridge": 1.2655675147834042e-05, "seed": 1234, "sr": 0.03414048410383786}}