{"returned_dict": {"loss": 0.002893713796795127, "r2": 0.9995223891675037, "status": "ok", "start_time": 1699175744.9384792, "duration": 1.9214048385620117}, "current_params": {"N": 500, "iss": 0.8493027570387159, "lr": 0.08352474609695261, "ridge": 1.2092867049259064e-08, "seed": 1234, "sr": 0.1521671071513882}}