{"returned_dict": {"loss": 0.002845180213365705, "r2": 0.9997559901947309, "status": "ok", "start_time": 1699184203.0278, "duration": 1.7530009746551514}, "current_params": {"N": 500, "iss": 0.7714539695031645, "lr": 0.16766766519886953, "ridge": 1.2968971939683203e-07, "seed": 1234, "sr": 0.28327116807958513}}