{"returned_dict": {"loss": 0.007130048418343302, "r2": 0.9984135824750203, "status": "ok", "start_time": 1699170368.142637, "duration": 1.8191540241241455}, "current_params": {"N": 500, "iss": 0.8967736623178844, "lr": 0.1298405957476471, "ridge": 9.418213809531775e-09, "seed": 1234, "sr": 0.3105316802728771}}