{"returned_dict": {"loss": 0.0017858607854193051, "r2": 0.9998998088082942, "status": "ok", "start_time": 1699170479.4139462, "duration": 1.8393688201904297}, "current_params": {"N": 500, "iss": 0.19717791279794772, "lr": 0.8908311505278818, "ridge": 0.00013283966567113832, "seed": 1234, "sr": 0.20760447792478667}}