{"returned_dict": {"loss": 0.0004612790503158197, "r2": 0.9999935114851746, "status": "ok", "start_time": 1698381757.821907, "duration": 2.0237739086151123}, "current_params": {"N": 500, "iss": 0.22844120631577203, "lr": 0.5068843153791186, "ridge": 1.748641447561754e-09, "seed": 1234, "sr": 1.2556711601352721}}