{"returned_dict": {"loss": 0.001615371944300494, "r2": 0.9998510542347815, "status": "ok", "start_time": 1699175701.829178, "duration": 2.0106120109558105}, "current_params": {"N": 500, "iss": 0.3991084746243321, "lr": 0.2279250676188654, "ridge": 3.316996532799217e-06, "seed": 1234, "sr": 0.13048071254874868}}