{"returned_dict": {"loss": 0.005742540551596693, "r2": 0.9989552849097493, "status": "ok", "start_time": 1698382774.645685, "duration": 1.9682390689849854}, "current_params": {"N": 500, "iss": 0.3991084746243321, "lr": 0.2279250676188654, "ridge": 3.316996532799217e-06, "seed": 1234, "sr": 0.13048071254874868}}