{"returned_dict": {"loss": 0.006196103716443195, "r2": 0.9904094342897668, "status": "ok", "start_time": 1699186299.5096629, "duration": 1.9825689792633057}, "current_params": {"N": 500, "iss": 0.19717791279794772, "lr": 0.8908311505278818, "ridge": 0.00013283966567113832, "seed": 1234, "sr": 0.20760447792478667}}