{"returned_dict": {"loss": 0.0007812276854212895, "r2": 0.9999822233542242, "status": "ok", "start_time": 1698381593.262943, "duration": 1.901352882385254}, "current_params": {"N": 500, "iss": 0.2298357960090034, "lr": 0.8472268156639914, "ridge": 9.801931216645321e-05, "seed": 1234, "sr": 0.2197712027474747}}