{"returned_dict": {"loss": 0.007975166490863887, "r2": 0.9869120337826948, "status": "ok", "start_time": 1699187037.348594, "duration": 1.9152190685272217}, "current_params": {"N": 500, "iss": 0.19784990317265738, "lr": 0.31008930988824535, "ridge": 0.00013246781832067779, "seed": 1234, "sr": 0.08438326345409637}}