{"returned_dict": {"loss": 0.003994526157849684, "r2": 0.9996781619951932, "status": "ok", "start_time": 1699177686.495208, "duration": 1.7767868041992188}, "current_params": {"N": 500, "iss": 0.7714539695031645, "lr": 0.16766766519886953, "ridge": 1.2968971939683203e-07, "seed": 1234, "sr": 0.28327116807958513}}