{"returned_dict": {"loss": 0.0005501633409345026, "r2": 0.9999911793174802, "status": "ok", "start_time": 1698381156.531968, "duration": 1.8828089237213135}, "current_params": {"N": 500, "iss": 0.6062643158179813, "lr": 0.48657161636196294, "ridge": 0.00019371347794085468, "seed": 1234, "sr": 1.3671630828846324}}