{"returned_dict": {"loss": 0.0036068280759928035, "r2": 0.9994440605919706, "status": "ok", "start_time": 1699172211.666317, "duration": 1.8038599491119385}, "current_params": {"N": 500, "iss": 0.19717791279794772, "lr": 0.8908311505278818, "ridge": 0.00013283966567113832, "seed": 1234, "sr": 0.20760447792478667}}