{"returned_dict": {"loss": 0.007422414465722443, "r2": 0.9982530882435835, "status": "ok", "start_time": 1698383701.049699, "duration": 1.9863240718841553}, "current_params": {"N": 500, "iss": 0.40735440327681793, "lr": 0.27568095723189284, "ridge": 0.000462329948563324, "seed": 1234, "sr": 0.02786727306368867}}