{"returned_dict": {"loss": 0.005848599606170537, "r2": 0.9985364775673379, "status": "ok", "start_time": 1699175305.984612, "duration": 1.8605380058288574}, "current_params": {"N": 500, "iss": 0.2892949225345609, "lr": 0.26564196963566705, "ridge": 0.001669043615883305, "seed": 1234, "sr": 0.5335784501655656}}