{"returned_dict": {"loss": 0.009645092637930256, "r2": 0.9943966395098854, "status": "ok", "start_time": 1699175679.987245, "duration": 2.2209479808807373}, "current_params": {"N": 500, "iss": 0.4183352059788139, "lr": 0.7699157917998888, "ridge": 1.5491027325251184e-06, "seed": 1234, "sr": 1.9933094412983583}}