{"returned_dict": {"loss": 0.006675593741184287, "r2": 0.9985861309441649, "status": "ok", "start_time": 1698383838.7964852, "duration": 2.156876802444458}, "current_params": {"N": 500, "iss": 0.7229931611804811, "lr": 0.02801415255330273, "ridge": 3.8239824132656686e-09, "seed": 1234, "sr": 0.2090196583408564}}