{"returned_dict": {"loss": 0.0078022418396424655, "r2": 0.9987807105797376, "status": "ok", "start_time": 1699177885.645681, "duration": 1.747507095336914}, "current_params": {"N": 500, "iss": 0.0011867504507336868, "lr": 0.4402251533661025, "ridge": 1.398293408194846e-05, "seed": 1234, "sr": 0.1378790157061615}}