{"returned_dict": {"loss": 0.001018734346536899, "r2": 0.9999685127264369, "status": "ok", "start_time": 1698381118.8246, "duration": 2.0902018547058105}, "current_params": {"N": 500, "iss": 0.9492310760856882, "lr": 0.03448518184164638, "ridge": 1.082471644281706e-09, "seed": 1234, "sr": 0.7476653587619372}}