{"returned_dict": {"loss": 0.006866276845743704, "r2": 0.9985842542715186, "status": "ok", "start_time": 1699184622.996726, "duration": 2.4352829456329346}, "current_params": {"N": 500, "iss": 0.9228386144334726, "lr": 0.10752060708924599, "ridge": 1.1106829899616503e-06, "seed": 1234, "sr": 0.3157133897830133}}