{"returned_dict": {"loss": 0.0034609304713346316, "r2": 0.9996513061309216, "status": "ok", "start_time": 1698381079.289224, "duration": 2.0404441356658936}, "current_params": {"N": 500, "iss": 0.6371089578578937, "lr": 0.026813811448575312, "ridge": 1.2394753758655106e-09, "seed": 1234, "sr": 0.03747978558716274}}