{"returned_dict": {"loss": 0.007991038451273837, "r2": 0.9979284201716472, "status": "ok", "start_time": 1698383639.264137, "duration": 2.182375907897949}, "current_params": {"N": 500, "iss": 0.22844120631577203, "lr": 0.5068843153791186, "ridge": 1.748641447561754e-09, "seed": 1234, "sr": 1.2556711601352721}}