{"returned_dict": {"loss": 0.0008706334507745184, "r2": 0.9999779186590995, "status": "ok", "start_time": 1698381089.430748, "duration": 2.1378421783447266}, "current_params": {"N": 500, "iss": 0.5314055739748769, "lr": 0.5869419714703692, "ridge": 2.5739572117002763e-07, "seed": 1234, "sr": 0.030264242037118992}}