{"returned_dict": {"loss": 0.0058147836162887245, "r2": 0.9990151429711709, "status": "ok", "start_time": 1698381046.155724, "duration": 1.9398488998413086}, "current_params": {"N": 500, "iss": 0.46362690696575914, "lr": 0.1556591544481278, "ridge": 0.0003537494244538186, "seed": 1234, "sr": 0.05298748174805132}}