{"returned_dict": {"loss": 0.01490474562998583, "r2": 0.9453532302007881, "status": "ok", "start_time": 1699186364.612149, "duration": 1.7690181732177734}, "current_params": {"N": 500, "iss": 0.46362690696575914, "lr": 0.1556591544481278, "ridge": 0.0003537494244538186, "seed": 1234, "sr": 0.05298748174805132}}