{"returned_dict": {"loss": 0.011645155053405546, "r2": 0.9960483775141863, "status": "ok", "start_time": 1698381573.771283, "duration": 2.6676249504089355}, "current_params": {"N": 500, "iss": 0.9547804466890908, "lr": 0.0063822566002939346, "ridge": 1.9445651653381377e-09, "seed": 1234, "sr": 0.012708968625748275}}