{"returned_dict": {"loss": 0.015378741489228702, "r2": 0.9899276353686624, "status": "ok", "start_time": 1699185774.980004, "duration": 1.7947189807891846}, "current_params": {"N": 500, "iss": 0.5933563673798359, "lr": 0.8382221591273349, "ridge": 1.1082393000534913e-06, "seed": 1234, "sr": 0.7323231724059845}}