{"returned_dict": {"loss": 0.017019312785597304, "r2": 0.9835719131969101, "status": "ok", "start_time": 1698883850.04998, "duration": 1.8658699989318848}, "current_params": {"N": 500, "iss": 0.2892949225345609, "lr": 0.26564196963566705, "ridge": 0.001669043615883305, "seed": 1234, "sr": 0.5335784501655656}}