{"returned_dict": {"loss": 0.013361885707055066, "r2": 0.9898185482626155, "status": "ok", "start_time": 1699175833.5886898, "duration": 2.0057783126831055}, "current_params": {"N": 500, "iss": 0.5619647530716958, "lr": 0.12251552188440552, "ridge": 0.00013569741429282753, "seed": 1234, "sr": 0.020788245498133077}}