{"returned_dict": {"loss": 0.019334647431995408, "r2": 0.9842080381970214, "status": "ok", "start_time": 1699174609.730865, "duration": 1.9079341888427734}, "current_params": {"N": 500, "iss": 0.10906298691030492, "lr": 0.9218534144690985, "ridge": 0.007620699289978396, "seed": 1234, "sr": 1.810409666530886}}