{"returned_dict": {"loss": 0.01962212636782365, "r2": 0.9053481011614384, "status": "ok", "start_time": 1699186362.790857, "duration": 1.815370798110962}, "current_params": {"N": 500, "iss": 0.794303432239716, "lr": 0.7725304602957936, "ridge": 1.3376623261071025e-07, "seed": 1234, "sr": 0.026191894186955052}}