{"returned_dict": {"loss": 0.013403675453535551, "r2": 0.9963951101620719, "status": "ok", "start_time": 1699177783.409659, "duration": 1.8239021301269531}, "current_params": {"N": 500, "iss": 0.5287332640862811, "lr": 0.20878183455914587, "ridge": 8.070436813924713e-08, "seed": 1234, "sr": 0.02857977758285706}}