{"returned_dict": {"loss": 0.01836366513999066, "r2": 0.9937626128481839, "status": "ok", "start_time": 1699095285.05635, "duration": 2.2674400806427}, "current_params": {"N": 500, "iss": 0.4183352059788139, "lr": 0.7699157917998888, "ridge": 1.5491027325251184e-06, "seed": 1234, "sr": 1.9933094412983583}}