{"returned_dict": {"loss": 0.017365041921927348, "r2": 0.9905209754491056, "status": "ok", "start_time": 1699170379.087986, "duration": 1.7744550704956055}, "current_params": {"N": 500, "iss": 0.562902674279726, "lr": 0.08451910338656304, "ridge": 2.98495308723598e-07, "seed": 1234, "sr": 0.020489195252075855}}