{"returned_dict": {"loss": 0.011481466676438614, "r2": 0.9973261855000387, "status": "ok", "start_time": 1699181876.768851, "duration": 1.8697807788848877}, "current_params": {"N": 500, "iss": 0.892885997800422, "lr": 0.49981993643396744, "ridge": 3.2585212389411373e-07, "seed": 1234, "sr": 0.13073371451589708}}