{"returned_dict": {"loss": 0.015518451033925245, "r2": 0.992378257399006, "status": "ok", "start_time": 1699096301.963834, "duration": 1.9959907531738281}, "current_params": {"N": 500, "iss": 0.20874949204266458, "lr": 0.07729401267577381, "ridge": 5.55904979401799e-05, "seed": 1234, "sr": 0.21210441974152222}}