{"returned_dict": {"loss": 0.019940957145478857, "r2": 0.9767905500075331, "status": "ok", "start_time": 1698883614.008617, "duration": 1.9248073101043701}, "current_params": {"N": 500, "iss": 0.3045451369845007, "lr": 0.27036282441620346, "ridge": 0.00030682003342967967, "seed": 1234, "sr": 0.04049959618384302}}