{"returned_dict": {"loss": 0.015578348145838855, "r2": 0.9402571470760904, "status": "ok", "start_time": 1699186282.808706, "duration": 1.8678960800170898}, "current_params": {"N": 500, "iss": 0.9655801894967717, "lr": 0.5494681828865383, "ridge": 2.0065307823836486e-09, "seed": 1234, "sr": 0.01418389479892628}}