{"returned_dict": {"loss": 0.011801804838909436, "r2": 0.965627028991405, "status": "ok", "start_time": 1699186279.1687858, "duration": 1.8645641803741455}, "current_params": {"N": 500, "iss": 0.900126341412187, "lr": 0.6751854428024655, "ridge": 1.6359488069904826e-09, "seed": 1234, "sr": 0.050152765364070276}}