{"returned_dict": {"loss": 0.017805276075305486, "r2": 0.9941187653002782, "status": "ok", "start_time": 1699095113.640956, "duration": 2.198395013809204}, "current_params": {"N": 500, "iss": 0.33697973924510827, "lr": 0.17543139583076806, "ridge": 0.0006465876818538902, "seed": 1234, "sr": 0.015590519612759524}}