{"returned_dict": {"loss": 0.011228980059538542, "r2": 0.9946144695046321, "status": "ok", "start_time": 1699185014.799999, "duration": 1.9724478721618652}, "current_params": {"N": 500, "iss": 0.04057815748077798, "lr": 0.048306005915739574, "ridge": 0.0009201974723122006, "seed": 1234, "sr": 1.0784585589734712}}