{"returned_dict": {"loss": 0.016344762106023793, "r2": 0.9916640631275883, "status": "ok", "start_time": 1699170395.441622, "duration": 1.8295071125030518}, "current_params": {"N": 500, "iss": 0.7077176383000704, "lr": 0.08645762464145056, "ridge": 2.45461325245235e-09, "seed": 1234, "sr": 0.013953269187234588}}