{"returned_dict": {"loss": 0.011567581587034264, "r2": 0.9957597394368817, "status": "ok", "start_time": 1698382898.059214, "duration": 2.2996737957000732}, "current_params": {"N": 500, "iss": 0.040938266600104134, "lr": 0.3659512815680789, "ridge": 0.0021047798903734414, "seed": 1234, "sr": 0.3797757622392174}}