{"returned_dict": {"loss": 0.014260926695470945, "r2": 0.988226345317393, "status": "ok", "start_time": 1698895493.536478, "duration": 1.8999509811401367}, "current_params": {"N": 500, "iss": 0.134697453845536, "lr": 0.005584438526231021, "ridge": 0.0021703951793471516, "seed": 1234, "sr": 0.11855799312403709}}