{"returned_dict": {"loss": 0.014182528863411039, "r2": 0.9569849199348209, "status": "ok", "start_time": 1699187026.053118, "duration": 1.9068310260772705}, "current_params": {"N": 500, "iss": 0.7681136832661768, "lr": 0.43906883802329827, "ridge": 6.060476940238121e-07, "seed": 1234, "sr": 0.7507802307193081}}