{"returned_dict": {"loss": 0.01763520197683835, "r2": 0.9942534554376792, "status": "ok", "start_time": 1699177029.5928352, "duration": 1.7761588096618652}, "current_params": {"N": 500, "iss": 0.47860011851145334, "lr": 0.4166356911062447, "ridge": 1.2751646272541625e-05, "seed": 1234, "sr": 0.14848409471568397}}