{"returned_dict": {"loss": 0.014482740928446794, "r2": 0.9910800035218464, "status": "ok", "start_time": 1699174523.0903559, "duration": 1.8220832347869873}, "current_params": {"N": 500, "iss": 0.3045451369845007, "lr": 0.27036282441620346, "ridge": 0.00030682003342967967, "seed": 1234, "sr": 0.04049959618384302}}