{"returned_dict": {"loss": 0.017794448380514485, "r2": 0.9788900206064364, "status": "ok", "start_time": 1698883780.17206, "duration": 1.886749029159546}, "current_params": {"N": 500, "iss": 0.2752328727257135, "lr": 0.062196381712238125, "ridge": 0.0015831477712927589, "seed": 1234, "sr": 0.011423076308344373}}