{"returned_dict": {"loss": 0.013312443302742276, "r2": 0.9964386430788164, "status": "ok", "start_time": 1699182106.418095, "duration": 2.0066640377044678}, "current_params": {"N": 500, "iss": 0.9492310760856882, "lr": 0.03448518184164638, "ridge": 1.082471644281706e-09, "seed": 1234, "sr": 0.7476653587619372}}