{"returned_dict": {"loss": 0.011946169143620402, "r2": 0.9648532965133061, "status": "ok", "start_time": 1699186236.4620512, "duration": 1.8068418502807617}, "current_params": {"N": 500, "iss": 0.3045451369845007, "lr": 0.27036282441620346, "ridge": 0.00030682003342967967, "seed": 1234, "sr": 0.04049959618384302}}