{"returned_dict": {"loss": 0.01038774109409764, "r2": 0.996579001175448, "status": "ok", "start_time": 1698383448.6203232, "duration": 2.0849697589874268}, "current_params": {"N": 500, "iss": 0.7041340569061305, "lr": 0.02018337832903292, "ridge": 2.3115334421298753e-06, "seed": 1234, "sr": 0.09442721440119983}}