{"returned_dict": {"loss": 0.010100058324939671, "r2": 0.9958930614798603, "status": "ok", "start_time": 1699095116.208417, "duration": 2.2145962715148926}, "current_params": {"N": 500, "iss": 0.20874949204266458, "lr": 0.07729401267577381, "ridge": 5.55904979401799e-05, "seed": 1234, "sr": 0.21210441974152222}}