{"returned_dict": {"loss": 0.017059763207163254, "r2": 0.9818370742117902, "status": "ok", "start_time": 1698883840.487582, "duration": 1.9433908462524414}, "current_params": {"N": 500, "iss": 0.19784990317265738, "lr": 0.31008930988824535, "ridge": 0.00013246781832067779, "seed": 1234, "sr": 0.08438326345409637}}