{"returned_dict": {"loss": 0.013610960458864998, "r2": 0.9941308632588065, "status": "ok", "start_time": 1699239048.564946, "duration": 1.8638830184936523}, "current_params": {"N": 500, "iss": 0.26934464895629684, "lr": 0.0839574815743966, "ridge": 0.003061173980554755, "seed": 1234, "sr": 0.016223651162329426}}