{"returned_dict": {"loss": 0.014266188764439606, "r2": 0.9935513072394041, "status": "ok", "start_time": 1698383805.870073, "duration": 2.2019877433776855}, "current_params": {"N": 500, "iss": 0.9212495214371952, "lr": 0.03495869536083056, "ridge": 2.408236190196766e-05, "seed": 1234, "sr": 0.01769587598402526}}