{"returned_dict": {"loss": 0.01307050765504632, "r2": 0.9968588183281871, "status": "ok", "start_time": 1699095333.1345222, "duration": 2.2915098667144775}, "current_params": {"N": 500, "iss": 0.347012423797356, "lr": 0.09201940994765088, "ridge": 1.2655675147834042e-05, "seed": 1234, "sr": 0.03414048410383786}}