{"returned_dict": {"loss": 0.012048197857536478, "r2": 0.9698199643628428, "status": "ok", "start_time": 1699186910.834422, "duration": 1.9090900421142578}, "current_params": {"N": 500, "iss": 0.5287332640862811, "lr": 0.20878183455914587, "ridge": 8.070436813924713e-08, "seed": 1234, "sr": 0.02857977758285706}}