{"returned_dict": {"loss": 0.019156692166326424, "r2": 0.9890544453496655, "status": "ok", "start_time": 1699184635.347685, "duration": 2.259596824645996}, "current_params": {"N": 500, "iss": 0.10906298691030492, "lr": 0.9218534144690985, "ridge": 0.007620699289978396, "seed": 1234, "sr": 1.810409666530886}}