{"returned_dict": {"loss": 0.015045243525709046, "r2": 0.944019822525766, "status": "ok", "start_time": 1699186214.544342, "duration": 1.769577980041504}, "current_params": {"N": 500, "iss": 0.7077176383000704, "lr": 0.08645762464145056, "ridge": 2.45461325245235e-09, "seed": 1234, "sr": 0.013953269187234588}}