{"returned_dict": {"loss": 0.015134341025554414, "r2": 0.9927406255352148, "status": "ok", "start_time": 1698382640.548859, "duration": 1.9365642070770264}, "current_params": {"N": 500, "iss": 0.51533056692996, "lr": 0.034790822993190244, "ridge": 0.006492379836402213, "seed": 1234, "sr": 0.2237449778907503}}