{"returned_dict": {"loss": 0.017803262505348614, "r2": 0.9936879472068628, "status": "ok", "start_time": 1699182069.389645, "duration": 1.8934268951416016}, "current_params": {"N": 500, "iss": 0.6371089578578937, "lr": 0.026813811448575312, "ridge": 1.2394753758655106e-09, "seed": 1234, "sr": 0.03747978558716274}}