{"returned_dict": {"loss": 0.013883397798509044, "r2": 0.9938882513261813, "status": "ok", "start_time": 1699096222.225285, "duration": 1.9417660236358643}, "current_params": {"N": 500, "iss": 0.21686967585707428, "lr": 0.06719120770962762, "ridge": 0.00012890720812140736, "seed": 1234, "sr": 0.07071032186253305}}