{"returned_dict": {"loss": 0.014846525550333724, "r2": 0.9545282431603505, "status": "ok", "start_time": 1699186986.919269, "duration": 1.9478468894958496}, "current_params": {"N": 500, "iss": 0.5314055739748769, "lr": 0.5869419714703692, "ridge": 2.5739572117002763e-07, "seed": 1234, "sr": 0.030264242037118992}}