{"returned_dict": {"loss": 0.019602979800490167, "r2": 0.9837358022670794, "status": "ok", "start_time": 1699183778.198893, "duration": 1.790543794631958}, "current_params": {"N": 500, "iss": 0.4965873842307338, "lr": 0.31430549026306187, "ridge": 0.00024733891965125694, "seed": 1234, "sr": 0.09169361093299348}}