{"returned_dict": {"loss": 0.012380351558453873, "r2": 0.996903778507531, "status": "ok", "start_time": 1699180257.008079, "duration": 1.8521397113800049}, "current_params": {"N": 500, "iss": 0.4183352059788139, "lr": 0.7699157917998888, "ridge": 1.5491027325251184e-06, "seed": 1234, "sr": 1.9933094412983583}}