{"returned_dict": {"loss": 0.01663017015490348, "r2": 0.9909235756759575, "status": "ok", "start_time": 1698381672.872938, "duration": 1.9504749774932861}, "current_params": {"N": 500, "iss": 0.6217356289422551, "lr": 0.0029999570595545273, "ridge": 1.822408392802496e-08, "seed": 1234, "sr": 0.38114750465916947}}