{"returned_dict": {"loss": 0.013359887637932123, "r2": 0.9964412678196992, "status": "ok", "start_time": 1699182002.540828, "duration": 1.9024181365966797}, "current_params": {"N": 500, "iss": 0.5287332640862811, "lr": 0.20878183455914587, "ridge": 8.070436813924713e-08, "seed": 1234, "sr": 0.02857977758285706}}