{"returned_dict": {"loss": 0.01632663974900408, "r2": 0.9943117826502043, "status": "ok", "start_time": 1699177880.114743, "duration": 1.786073923110962}, "current_params": {"N": 500, "iss": 0.9492310760856882, "lr": 0.03448518184164638, "ridge": 1.082471644281706e-09, "seed": 1234, "sr": 0.7476653587619372}}