{"returned_dict": {"loss": 0.013788623512592357, "r2": 0.9944030358019562, "status": "ok", "start_time": 1698381132.700856, "duration": 1.9567959308624268}, "current_params": {"N": 500, "iss": 0.9212495214371952, "lr": 0.03495869536083056, "ridge": 2.408236190196766e-05, "seed": 1234, "sr": 0.01769587598402526}}