{"returned_dict": {"loss": 0.013636074038258806, "r2": 0.9960674758868615, "status": "ok", "start_time": 1699176557.472406, "duration": 1.9512841701507568}, "current_params": {"N": 500, "iss": 0.21496591135483278, "lr": 0.012213382575706427, "ridge": 4.430275039678582e-08, "seed": 1234, "sr": 0.015767522293681297}}