{"returned_dict": {"loss": 0.015499239103766188, "r2": 0.9928251764544695, "status": "ok", "start_time": 1699184390.6555562, "duration": 1.8644516468048096}, "current_params": {"N": 500, "iss": 0.33697973924510827, "lr": 0.17543139583076806, "ridge": 0.0006465876818538902, "seed": 1234, "sr": 0.015590519612759524}}