{"returned_dict": {"loss": 0.01871984766865128, "r2": 0.9895310872553763, "status": "ok", "start_time": 1699184722.4270349, "duration": 2.4339640140533447}, "current_params": {"N": 500, "iss": 0.5252220340132849, "lr": 0.5269856938769655, "ridge": 0.0071301806348985485, "seed": 1234, "sr": 0.12440910427817788}}