{"returned_dict": {"loss": 0.02776686578743635, "r2": 0.9797249896927225, "status": "ok", "start_time": 1699096105.258376, "duration": 1.9078261852264404}, "current_params": {"N": 500, "iss": 0.33697973924510827, "lr": 0.17543139583076806, "ridge": 0.0006465876818538902, "seed": 1234, "sr": 0.015590519612759524}}