{"returned_dict": {"loss": 0.025689500823394495, "r2": 0.9872972106113146, "status": "ok", "start_time": 1699177310.577749, "duration": 1.8883440494537354}, "current_params": {"N": 500, "iss": 0.6062643158179813, "lr": 0.48657161636196294, "ridge": 0.00019371347794085468, "seed": 1234, "sr": 1.3671630828846324}}