{"returned_dict": {"loss": 0.024345819240297186, "r2": 0.9660909851082998, "status": "ok", "start_time": 1699175869.14007, "duration": 2.0436739921569824}, "current_params": {"N": 500, "iss": 0.5879201405915621, "lr": 0.017942623962965615, "ridge": 0.003711472688952436, "seed": 1234, "sr": 0.10149855100477383}}