{"returned_dict": {"loss": 0.025418810893783592, "r2": 0.980709235686369, "status": "ok", "start_time": 1699184816.0189528, "duration": 2.6755189895629883}, "current_params": {"N": 500, "iss": 0.6913380290583117, "lr": 0.7766456097348572, "ridge": 0.0022490571107960764, "seed": 1234, "sr": 3.382940283445415}}