{"returned_dict": {"loss": 0.02608026143892837, "r2": 0.9786550392041559, "status": "ok", "start_time": 1699096557.036671, "duration": 2.021353006362915}, "current_params": {"N": 500, "iss": 0.32792488571889467, "lr": 0.22465500878777248, "ridge": 0.0003014232201482745, "seed": 1234, "sr": 0.09835763510258089}}