{"returned_dict": {"loss": 0.028178893477823527, "r2": 0.9841893881907503, "status": "ok", "start_time": 1699180455.469088, "duration": 1.959226131439209}, "current_params": {"N": 500, "iss": 0.9022140321763757, "lr": 0.28243759923765877, "ridge": 6.331779330149328e-07, "seed": 1234, "sr": 0.014132040674737733}}