{"returned_dict": {"loss": 0.02640993493808667, "r2": 0.970340799014143, "status": "ok", "start_time": 1699175046.206218, "duration": 1.884328842163086}, "current_params": {"N": 500, "iss": 0.892885997800422, "lr": 0.49981993643396744, "ridge": 3.2585212389411373e-07, "seed": 1234, "sr": 0.13073371451589708}}