{"returned_dict": {"loss": 0.02570420692558728, "r2": 0.9721111772525904, "status": "ok", "start_time": 1699183857.185056, "duration": 1.7514989376068115}, "current_params": {"N": 500, "iss": 0.10044612037411704, "lr": 0.07898613150169653, "ridge": 0.005230035728447981, "seed": 1234, "sr": 0.03524277949039688}}