{"returned_dict": {"loss": 0.027724309874356774, "r2": 0.8420473094802193, "status": "ok", "start_time": 1699186738.206968, "duration": 2.261056900024414}, "current_params": {"N": 500, "iss": 0.51533056692996, "lr": 0.034790822993190244, "ridge": 0.006492379836402213, "seed": 1234, "sr": 0.2237449778907503}}