{"returned_dict": {"loss": 0.02570359822241867, "r2": 0.8633160201805025, "status": "ok", "start_time": 1699186959.538205, "duration": 1.8472208976745605}, "current_params": {"N": 500, "iss": 0.21496591135483278, "lr": 0.012213382575706427, "ridge": 4.430275039678582e-08, "seed": 1234, "sr": 0.015767522293681297}}