{"returned_dict": {"loss": 0.02824286702073055, "r2": 0.9840578337602999, "status": "ok", "start_time": 1699180459.294773, "duration": 1.807508945465088}, "current_params": {"N": 500, "iss": 0.3648171195318186, "lr": 0.06815247173845063, "ridge": 0.004137027458330782, "seed": 1234, "sr": 0.0440605775382449}}