{"returned_dict": {"loss": 0.028823535311192767, "r2": 0.7955730999512273, "status": "ok", "start_time": 1699186245.643376, "duration": 1.7743659019470215}, "current_params": {"N": 500, "iss": 0.616731567531399, "lr": 0.6954288762234999, "ridge": 0.0061302022177938354, "seed": 1234, "sr": 6.834465647289925}}