{"returned_dict": {"loss": 0.02837445595176863, "r2": 0.974321697222444, "status": "ok", "start_time": 1698383730.7923431, "duration": 2.114567756652832}, "current_params": {"N": 500, "iss": 0.7008147713041682, "lr": 0.005199088611116443, "ridge": 0.0010388211610285532, "seed": 1234, "sr": 0.16300115584611943}}