{"returned_dict": {"loss": 0.028203049155230007, "r2": 0.8043497530433, "status": "ok", "start_time": 1699186381.371546, "duration": 1.7823240756988525}, "current_params": {"N": 500, "iss": 0.35807336738969764, "lr": 0.8619303140116904, "ridge": 1.0115479045381332e-07, "seed": 1234, "sr": 4.881086179748358}}