{"returned_dict": {"loss": 0.023879675932249326, "r2": 0.9819099673913189, "status": "ok", "start_time": 1698383801.8605921, "duration": 2.026906967163086}, "current_params": {"N": 500, "iss": 0.5879201405915621, "lr": 0.017942623962965615, "ridge": 0.003711472688952436, "seed": 1234, "sr": 0.10149855100477383}}