{"returned_dict": {"loss": 0.024270759343403975, "r2": 0.98132857783943, "status": "ok", "start_time": 1698383822.411967, "duration": 2.223944902420044}, "current_params": {"N": 500, "iss": 0.15890994153775684, "lr": 0.00792332805983459, "ridge": 3.0909972660202036e-06, "seed": 1234, "sr": 0.575269795679041}}