{"returned_dict": {"loss": 0.0271432556648121, "r2": 0.9765887204711977, "status": "ok", "start_time": 1699238912.090932, "duration": 1.7724699974060059}, "current_params": {"N": 500, "iss": 0.4183352059788139, "lr": 0.7699157917998888, "ridge": 1.5491027325251184e-06, "seed": 1234, "sr": 1.9933094412983583}}