{"returned_dict": {"loss": 0.028636462479762568, "r2": 0.9755315675162969, "status": "ok", "start_time": 1699184823.514223, "duration": 2.359212875366211}, "current_params": {"N": 500, "iss": 0.3945156093805232, "lr": 0.015128007637960973, "ridge": 3.182563639108543e-06, "seed": 1234, "sr": 0.012260384608014823}}