{"returned_dict": {"loss": 0.026426636988023184, "r2": 0.9859174724194145, "status": "ok", "start_time": 1699177819.099872, "duration": 1.7502760887145996}, "current_params": {"N": 500, "iss": 0.9135989958833419, "lr": 0.4700604405485768, "ridge": 5.192783797391785e-07, "seed": 1234, "sr": 0.02684390359598015}}