{"returned_dict": {"loss": 0.028978778457940817, "r2": 0.9732936688604088, "status": "ok", "start_time": 1699239139.078685, "duration": 1.843548059463501}, "current_params": {"N": 500, "iss": 0.5345246533740329, "lr": 0.0016821487193693313, "ridge": 8.527242136552148e-08, "seed": 1234, "sr": 0.016130653781102525}}