{"returned_dict": {"loss": 0.026325705137891262, "r2": 0.9793180625264416, "status": "ok", "start_time": 1699184559.916574, "duration": 2.19913911819458}, "current_params": {"N": 500, "iss": 0.6922327390139184, "lr": 0.034601111100789846, "ridge": 0.0009597922173967499, "seed": 1234, "sr": 0.17537309143779847}}