{"returned_dict": {"loss": 0.026333033975640314, "r2": 0.9793248182291627, "status": "ok", "start_time": 1699184434.003184, "duration": 2.5674808025360107}, "current_params": {"N": 500, "iss": 0.51533056692996, "lr": 0.034790822993190244, "ridge": 0.006492379836402213, "seed": 1234, "sr": 0.2237449778907503}}