{"returned_dict": {"loss": 0.024693007169920206, "r2": 0.9878653224608405, "status": "ok", "start_time": 1699180345.3818061, "duration": 1.858191728591919}, "current_params": {"N": 500, "iss": 0.5923323236902225, "lr": 0.09414420070801902, "ridge": 0.0014474323274106797, "seed": 1234, "sr": 0.13317912806568327}}