{"returned_dict": {"loss": 0.023303839549809108, "r2": 0.9838088473261569, "status": "ok", "start_time": 1699184411.791321, "duration": 2.4323201179504395}, "current_params": {"N": 500, "iss": 0.976525304162185, "lr": 0.011273269250899024, "ridge": 5.267135160255618e-09, "seed": 1234, "sr": 0.09437285509046839}}