{"returned_dict": {"loss": 0.025112083660913997, "r2": 0.9732564681663515, "status": "ok", "start_time": 1699170615.528518, "duration": 1.8604741096496582}, "current_params": {"N": 500, "iss": 0.562902674279726, "lr": 0.08451910338656304, "ridge": 2.98495308723598e-07, "seed": 1234, "sr": 0.020489195252075855}}