{"returned_dict": {"loss": 0.025892648499289517, "r2": 0.9617789548366747, "status": "ok", "start_time": 1698895564.910517, "duration": 1.9312031269073486}, "current_params": {"N": 500, "iss": 0.6913380290583117, "lr": 0.7766456097348572, "ridge": 0.0022490571107960764, "seed": 1234, "sr": 3.382940283445415}}