{"returned_dict": {"loss": 0.021398741782587105, "r2": 0.9908815283330948, "status": "ok", "start_time": 1699177303.2587678, "duration": 1.830705165863037}, "current_params": {"N": 500, "iss": 0.15890994153775684, "lr": 0.00792332805983459, "ridge": 3.0909972660202036e-06, "seed": 1234, "sr": 0.575269795679041}}