{"returned_dict": {"loss": 0.02104413061653737, "r2": 0.9918675987148949, "status": "ok", "start_time": 1699177042.109163, "duration": 1.7669870853424072}, "current_params": {"N": 500, "iss": 0.562902674279726, "lr": 0.08451910338656304, "ridge": 2.98495308723598e-07, "seed": 1234, "sr": 0.020489195252075855}}