{"returned_dict": {"loss": 0.02564857787255574, "r2": 0.9790533110984909, "status": "ok", "start_time": 1699238982.873573, "duration": 1.8463571071624756}, "current_params": {"N": 500, "iss": 0.8251862354360314, "lr": 0.007413342720100155, "ridge": 0.00017690591223905197, "seed": 1234, "sr": 0.0925852425060542}}