{"returned_dict": {"loss": 0.025747120953703618, "r2": 0.9878276385931032, "status": "ok", "start_time": 1699095239.1804779, "duration": 2.3089799880981445}, "current_params": {"N": 500, "iss": 0.7714539695031645, "lr": 0.16766766519886953, "ridge": 1.2968971939683203e-07, "seed": 1234, "sr": 0.28327116807958513}}