{"returned_dict": {"loss": 0.0277570739945851, "r2": 0.9760017438260911, "status": "ok", "start_time": 1699170315.132113, "duration": 1.8361680507659912}, "current_params": {"N": 500, "iss": 0.7041340569061305, "lr": 0.02018337832903292, "ridge": 2.3115334421298753e-06, "seed": 1234, "sr": 0.09442721440119983}}