{"returned_dict": {"loss": 0.02835782762277488, "r2": 0.9715385171202349, "status": "ok", "start_time": 1699095415.7533529, "duration": 2.303272008895874}, "current_params": {"N": 500, "iss": 0.6913380290583117, "lr": 0.7766456097348572, "ridge": 0.0022490571107960764, "seed": 1234, "sr": 3.382940283445415}}