{"returned_dict": {"loss": 0.028382571013291637, "r2": 0.9748895935436023, "status": "ok", "start_time": 1699170442.5610392, "duration": 1.8240418434143066}, "current_params": {"N": 500, "iss": 0.6922327390139184, "lr": 0.034601111100789846, "ridge": 0.0009597922173967499, "seed": 1234, "sr": 0.17537309143779847}}