{"returned_dict": {"loss": 0.022366091544951033, "r2": 0.9711075504647205, "status": "ok", "start_time": 1698883648.3918688, "duration": 2.1967999935150146}, "current_params": {"N": 500, "iss": 0.4183352059788139, "lr": 0.7699157917998888, "ridge": 1.5491027325251184e-06, "seed": 1234, "sr": 1.9933094412983583}}