{"returned_dict": {"loss": 0.02867768600661237, "r2": 0.9651205282088832, "status": "ok", "start_time": 1699170697.284353, "duration": 1.9100160598754883}, "current_params": {"N": 500, "iss": 0.900126341412187, "lr": 0.6751854428024655, "ridge": 1.6359488069904826e-09, "seed": 1234, "sr": 0.050152765364070276}}