{"returned_dict": {"loss": 0.025888174739618113, "r2": 0.9790565293709786, "status": "ok", "start_time": 1699170298.615841, "duration": 1.9100220203399658}, "current_params": {"N": 500, "iss": 0.6517423997488939, "lr": 0.4485179994925241, "ridge": 2.1919618123313223e-05, "seed": 1234, "sr": 2.76036316173383}}