{"returned_dict": {"loss": 0.028579287484048806, "r2": 0.9835673179018963, "status": "ok", "start_time": 1699177916.0212312, "duration": 1.7481820583343506}, "current_params": {"N": 500, "iss": 0.3648171195318186, "lr": 0.06815247173845063, "ridge": 0.004137027458330782, "seed": 1234, "sr": 0.0440605775382449}}