{"returned_dict": {"loss": 0.023721056203019314, "r2": 0.9822660430942721, "status": "ok", "start_time": 1699096291.987402, "duration": 1.9980201721191406}, "current_params": {"N": 500, "iss": 0.2841990386572327, "lr": 0.4297960808148079, "ridge": 3.4827616605209123e-06, "seed": 1234, "sr": 0.020006202812672045}}