{"returned_dict": {"loss": 0.020915864927702688, "r2": 0.986962328152646, "status": "ok", "start_time": 1699184620.4436312, "duration": 2.5475149154663086}, "current_params": {"N": 500, "iss": 0.10044612037411704, "lr": 0.07898613150169653, "ridge": 0.005230035728447981, "seed": 1234, "sr": 0.03524277949039688}}