{"returned_dict": {"loss": 0.023552596516102444, "r2": 0.9665138855338439, "status": "ok", "start_time": 1698883855.8549938, "duration": 1.886031150817871}, "current_params": {"N": 500, "iss": 0.3648171195318186, "lr": 0.06815247173845063, "ridge": 0.004137027458330782, "seed": 1234, "sr": 0.0440605775382449}}