{"returned_dict": {"loss": 0.029722234511065954, "r2": 0.9774244907142423, "status": "ok", "start_time": 1699176463.404216, "duration": 1.971120834350586}, "current_params": {"N": 500, "iss": 0.006972115376929322, "lr": 0.012836594720886324, "ridge": 1.4561222069260244e-09, "seed": 1234, "sr": 0.7794764412014389}}