{"returned_dict": {"loss": 0.02165176155962592, "r2": 0.973203398348426, "status": "ok", "start_time": 1699175782.964131, "duration": 2.1574699878692627}, "current_params": {"N": 500, "iss": 0.9526407636866457, "lr": 0.03942187518677715, "ridge": 0.00016087888046694687, "seed": 1234, "sr": 0.03600276409094316}}