{"returned_dict": {"loss": 0.030739326757548313, "r2": 0.9597296240930064, "status": "ok", "start_time": 1699175217.6433852, "duration": 1.8105788230895996}, "current_params": {"N": 500, "iss": 0.7671193949876551, "lr": 0.5744555263071301, "ridge": 1.5608892276244172e-07, "seed": 1234, "sr": 1.8759964593517806}}