{"returned_dict": {"loss": 0.03996971723529541, "r2": 0.9679967365894308, "status": "ok", "start_time": 1699177627.137138, "duration": 1.7364771366119385}, "current_params": {"N": 500, "iss": 0.18640085674470974, "lr": 0.008316425906674767, "ridge": 3.822116394355239e-05, "seed": 1234, "sr": 0.02745813794912951}}