{"returned_dict": {"loss": 0.03566372933501928, "r2": 0.9233726900227582, "status": "ok", "start_time": 1698883802.642634, "duration": 1.8644979000091553}, "current_params": {"N": 500, "iss": 0.23999648673506557, "lr": 0.14755529525122685, "ridge": 2.191167299174609e-09, "seed": 1234, "sr": 0.023462246374277934}}