{"returned_dict": {"loss": 0.03737135462764896, "r2": 0.9721954070211952, "status": "ok", "start_time": 1699176567.502069, "duration": 1.8690071105957031}, "current_params": {"N": 500, "iss": 0.8091744524034417, "lr": 0.9358123326900604, "ridge": 3.7883632037985046e-08, "seed": 1234, "sr": 5.974243589442645}}