{"returned_dict": {"loss": 0.03581041583929318, "r2": 0.924692697575224, "status": "ok", "start_time": 1698883768.899743, "duration": 1.8696727752685547}, "current_params": {"N": 500, "iss": 0.134697453845536, "lr": 0.005584438526231021, "ridge": 0.0021703951793471516, "seed": 1234, "sr": 0.11855799312403709}}