{"returned_dict": {"loss": 0.036377528787332726, "r2": 0.9614874596587112, "status": "ok", "start_time": 1698381059.763134, "duration": 1.8630540370941162}, "current_params": {"N": 500, "iss": 0.7008147713041682, "lr": 0.005199088611116443, "ridge": 0.0010388211610285532, "seed": 1234, "sr": 0.16300115584611943}}