{"returned_dict": {"loss": 0.033639451000469715, "r2": 0.9772759655068173, "status": "ok", "start_time": 1699177621.915593, "duration": 1.7165989875793457}, "current_params": {"N": 500, "iss": 0.51533056692996, "lr": 0.034790822993190244, "ridge": 0.006492379836402213, "seed": 1234, "sr": 0.2237449778907503}}