{"returned_dict": {"loss": 0.036864032031402275, "r2": 0.9604471413176042, "status": "ok", "start_time": 1698381174.410816, "duration": 1.8800950050354004}, "current_params": {"N": 500, "iss": 0.5345246533740329, "lr": 0.0016821487193693313, "ridge": 8.527242136552148e-08, "seed": 1234, "sr": 0.016130653781102525}}