{"returned_dict": {"loss": 0.034067269383730926, "r2": 0.9766831724972528, "status": "ok", "start_time": 1699177924.98176, "duration": 1.7976100444793701}, "current_params": {"N": 500, "iss": 0.9492451986094536, "lr": 0.012192269780560696, "ridge": 1.0355816851799808e-08, "seed": 1234, "sr": 0.03438139057492874}}