{"returned_dict": {"loss": 0.03501572836185223, "r2": 0.9754111399002126, "status": "ok", "start_time": 1699184908.1934562, "duration": 2.7323977947235107}, "current_params": {"N": 500, "iss": 0.40978014885751834, "lr": 0.003188301860373708, "ridge": 2.4347267941306313e-08, "seed": 1234, "sr": 0.050704131972421025}}