{"returned_dict": {"loss": 0.03980018902402043, "r2": 0.908765702902763, "status": "ok", "start_time": 1698885143.7539709, "duration": 1.8019163608551025}, "current_params": {"N": 500, "iss": 0.5252220340132849, "lr": 0.5269856938769655, "ridge": 0.0071301806348985485, "seed": 1234, "sr": 0.12440910427817788}}