{"returned_dict": {"loss": 0.03399343316078765, "r2": 0.9631791020396382, "status": "ok", "start_time": 1698382835.373237, "duration": 2.0038740634918213}, "current_params": {"N": 500, "iss": 0.7889351766743528, "lr": 0.00398609258790173, "ridge": 0.0026164567787443195, "seed": 1234, "sr": 0.012580639725311055}}