{"returned_dict": {"loss": 0.03114304085780509, "r2": 0.9692588682041928, "status": "ok", "start_time": 1698383545.198068, "duration": 1.9826021194458008}, "current_params": {"N": 500, "iss": 0.4472250816990909, "lr": 0.001490692182461561, "ridge": 5.456100711555596e-06, "seed": 1234, "sr": 0.01695935124689556}}