{"returned_dict": {"loss": 0.035704370309894644, "r2": 0.9601642785871581, "status": "ok", "start_time": 1699096512.565214, "duration": 2.084480047225952}, "current_params": {"N": 500, "iss": 0.629186932886679, "lr": 0.9385365458738638, "ridge": 4.279595777669173e-09, "seed": 1234, "sr": 7.567304757039052}}