{"returned_dict": {"loss": 0.03237367835347368, "r2": 0.9399191717604952, "status": "ok", "start_time": 1699175602.316114, "duration": 1.9872009754180908}, "current_params": {"N": 500, "iss": 0.4363515860498989, "lr": 0.0016156588507471406, "ridge": 3.474547834739471e-08, "seed": 1234, "sr": 0.03073430140568509}}