{"returned_dict": {"loss": 0.03897141986207381, "r2": 0.9450739549398378, "status": "ok", "start_time": 1699095230.7153769, "duration": 2.247239112854004}, "current_params": {"N": 500, "iss": 0.347012423797356, "lr": 0.09201940994765088, "ridge": 1.2655675147834042e-05, "seed": 1234, "sr": 0.03414048410383786}}