{"returned_dict": {"loss": 0.03626453217839784, "r2": 0.6767252241874959, "status": "ok", "start_time": 1699186440.279716, "duration": 1.8210420608520508}, "current_params": {"N": 500, "iss": 0.5879201405915621, "lr": 0.017942623962965615, "ridge": 0.003711472688952436, "seed": 1234, "sr": 0.10149855100477383}}