{"returned_dict": {"loss": 0.03284709977396049, "r2": 0.9618339745015, "status": "ok", "start_time": 1699095326.668015, "duration": 2.1755499839782715}, "current_params": {"N": 500, "iss": 0.35807336738969764, "lr": 0.8619303140116904, "ridge": 1.0115479045381332e-07, "seed": 1234, "sr": 4.881086179748358}}