{"returned_dict": {"loss": 0.03416249120330508, "r2": 0.976727667616962, "status": "ok", "start_time": 1699182021.565144, "duration": 1.8546199798583984}, "current_params": {"N": 500, "iss": 0.1123239562263062, "lr": 0.0017394860367737678, "ridge": 8.18392101434674e-09, "seed": 1234, "sr": 0.05019484139736029}}