{"returned_dict": {"loss": 0.03580950740458513, "r2": 0.9210095840410233, "status": "ok", "start_time": 1698883863.397582, "duration": 1.8946881294250488}, "current_params": {"N": 500, "iss": 0.49705680256102114, "lr": 0.047125995444646136, "ridge": 0.006057640163977123, "seed": 1234, "sr": 0.02045819673305219}}