{"returned_dict": {"loss": 0.03107483891587101, "r2": 0.9592225951882446, "status": "ok", "start_time": 1699172026.194453, "duration": 1.8217358589172363}, "current_params": {"N": 500, "iss": 0.6517423997488939, "lr": 0.4485179994925241, "ridge": 2.1919618123313223e-05, "seed": 1234, "sr": 2.76036316173383}}