{"returned_dict": {"loss": 0.03704992867658785, "r2": 0.9178499708225031, "status": "ok", "start_time": 1698883688.956436, "duration": 1.9907279014587402}, "current_params": {"N": 500, "iss": 0.347012423797356, "lr": 0.09201940994765088, "ridge": 1.2655675147834042e-05, "seed": 1234, "sr": 0.03414048410383786}}