{"returned_dict": {"loss": 0.032954668301437666, "r2": 0.9676215190360667, "status": "ok", "start_time": 1699184806.7138429, "duration": 2.270806074142456}, "current_params": {"N": 500, "iss": 0.9212495214371952, "lr": 0.03495869536083056, "ridge": 2.408236190196766e-05, "seed": 1234, "sr": 0.01769587598402526}}