{"returned_dict": {"loss": 0.03547895881210541, "r2": 0.9768270227971051, "status": "ok", "start_time": 1699177027.83475, "duration": 1.753796100616455}, "current_params": {"N": 500, "iss": 0.600022312535927, "lr": 0.6571588388986347, "ridge": 0.001699652520124697, "seed": 1234, "sr": 0.046727228044946535}}