{"returned_dict": {"loss": 0.03184199190947933, "r2": 0.9670749872403257, "status": "ok", "start_time": 1699238837.7815669, "duration": 1.819025993347168}, "current_params": {"N": 500, "iss": 0.4363515860498989, "lr": 0.0016156588507471406, "ridge": 3.474547834739471e-08, "seed": 1234, "sr": 0.03073430140568509}}