{"returned_dict": {"loss": 0.03826337512442173, "r2": 0.9123924780991454, "status": "ok", "start_time": 1698888506.149832, "duration": 1.7221739292144775}, "current_params": {"N": 500, "iss": 0.51533056692996, "lr": 0.034790822993190244, "ridge": 0.006492379836402213, "seed": 1234, "sr": 0.2237449778907503}}