{"returned_dict": {"loss": 0.0311343271806996, "r2": 0.9710916707730538, "status": "ok", "start_time": 1699184396.153149, "duration": 2.172093152999878}, "current_params": {"N": 500, "iss": 0.9547804466890908, "lr": 0.0063822566002939346, "ridge": 1.9445651653381377e-09, "seed": 1234, "sr": 0.012708968625748275}}