{"returned_dict": {"loss": 0.035211338781677176, "r2": 0.9529861392173246, "status": "ok", "start_time": 1699238843.4376729, "duration": 1.9505500793457031}, "current_params": {"N": 500, "iss": 0.45903012586393255, "lr": 0.008993216326780393, "ridge": 3.098662816361876e-05, "seed": 1234, "sr": 1.038057705082271}}