{"returned_dict": {"loss": 0.03785829330513247, "r2": 0.9074331786478421, "status": "ok", "start_time": 1699175530.114686, "duration": 1.9695758819580078}, "current_params": {"N": 500, "iss": 0.34611859763450203, "lr": 0.0072789537441323385, "ridge": 4.7480197822394035e-09, "seed": 1234, "sr": 0.3226348405474758}}