{"returned_dict": {"loss": 0.036059058235714904, "r2": 0.9244250680586106, "status": "ok", "start_time": 1698885109.515748, "duration": 1.8900129795074463}, "current_params": {"N": 500, "iss": 0.40735440327681793, "lr": 0.27568095723189284, "ridge": 0.000462329948563324, "seed": 1234, "sr": 0.02786727306368867}}