{"returned_dict": {"loss": 0.03749636404925683, "r2": 0.9741600445331328, "status": "ok", "start_time": 1699176962.1877398, "duration": 1.9008440971374512}, "current_params": {"N": 500, "iss": 0.6517423997488939, "lr": 0.4485179994925241, "ridge": 2.1919618123313223e-05, "seed": 1234, "sr": 2.76036316173383}}