{"returned_dict": {"loss": 0.03161272723886211, "r2": 0.9577780771043564, "status": "ok", "start_time": 1699170786.755991, "duration": 1.8704168796539307}, "current_params": {"N": 500, "iss": 0.9135989958833419, "lr": 0.4700604405485768, "ridge": 5.192783797391785e-07, "seed": 1234, "sr": 0.02684390359598015}}