{"returned_dict": {"loss": 0.035911933322231325, "r2": 0.9451664893646123, "status": "ok", "start_time": 1699185182.565643, "duration": 2.083477020263672}, "current_params": {"N": 500, "iss": 0.21496591135483278, "lr": 0.012213382575706427, "ridge": 4.430275039678582e-08, "seed": 1234, "sr": 0.015767522293681297}}