{"returned_dict": {"loss": 0.04537101625758382, "r2": 0.9590062291499608, "status": "ok", "start_time": 1699183078.290506, "duration": 1.8814280033111572}, "current_params": {"N": 500, "iss": 0.616731567531399, "lr": 0.6954288762234999, "ridge": 0.0061302022177938354, "seed": 1234, "sr": 6.834465647289925}}