{"returned_dict": {"loss": 0.04231566781343967, "r2": 0.9478663094807599, "status": "ok", "start_time": 1698381581.424551, "duration": 1.9980199337005615}, "current_params": {"N": 500, "iss": 0.8820998106981124, "lr": 0.0018473770505347527, "ridge": 1.8622584812397071e-06, "seed": 1234, "sr": 0.015931944006093716}}