{"returned_dict": {"loss": 0.0401537779616885, "r2": 0.9070464253291689, "status": "ok", "start_time": 1698895294.439894, "duration": 1.8344330787658691}, "current_params": {"N": 500, "iss": 0.9903777479356254, "lr": 0.1894882305034404, "ridge": 0.004636302559142713, "seed": 1234, "sr": 1.9577985037865835}}