{"returned_dict": {"loss": 0.049929555894956484, "r2": 0.9535946539018539, "status": "ok", "start_time": 1699177113.268466, "duration": 1.8296740055084229}, "current_params": {"N": 500, "iss": 0.8088601787647725, "lr": 0.010820249488204384, "ridge": 2.157571970097535e-05, "seed": 1234, "sr": 0.19935467732696538}}