{"returned_dict": {"loss": 0.04804873212799384, "r2": 0.8682423227996598, "status": "ok", "start_time": 1698888669.64515, "duration": 1.713212251663208}, "current_params": {"N": 500, "iss": 0.9243526866471957, "lr": 0.1542815995343576, "ridge": 8.50499153424126e-08, "seed": 1234, "sr": 1.7459748086870097}}