{"returned_dict": {"loss": 0.04616524647874248, "r2": 0.8780589705119063, "status": "ok", "start_time": 1698888709.7730508, "duration": 1.729457139968872}, "current_params": {"N": 500, "iss": 0.7671193949876551, "lr": 0.5744555263071301, "ridge": 1.5608892276244172e-07, "seed": 1234, "sr": 1.8759964593517806}}