{"returned_dict": {"loss": 0.041666737942265164, "r2": 0.9385376126579786, "status": "ok", "start_time": 1699095292.282437, "duration": 2.2553579807281494}, "current_params": {"N": 500, "iss": 0.5923323236902225, "lr": 0.09414420070801902, "ridge": 0.0014474323274106797, "seed": 1234, "sr": 0.13317912806568327}}