{"returned_dict": {"loss": 0.04046098150613651, "r2": 0.9673621956480462, "status": "ok", "start_time": 1699176343.8659132, "duration": 1.8273909091949463}, "current_params": {"N": 500, "iss": 0.8710694708540748, "lr": 0.5093800439838342, "ridge": 3.613494953765636e-08, "seed": 1234, "sr": 5.580343023547168}}