{"returned_dict": {"loss": 0.04048365577238302, "r2": 0.9465935495069794, "status": "ok", "start_time": 1699238917.600276, "duration": 1.7922589778900146}, "current_params": {"N": 500, "iss": 0.9232478994758182, "lr": 0.001009158010588956, "ridge": 8.318524365251139e-07, "seed": 1234, "sr": 0.07326940168674866}}