{"returned_dict": {"loss": 0.04412572968890462, "r2": 0.88880682732348, "status": "ok", "start_time": 1698888488.7219222, "duration": 1.7169318199157715}, "current_params": {"N": 500, "iss": 0.451625695847095, "lr": 0.2824777807824228, "ridge": 0.0004995561065461233, "seed": 1234, "sr": 4.434072756135233}}