{"returned_dict": {"loss": 0.04102429775376296, "r2": 0.9039433293854637, "status": "ok", "start_time": 1699175604.307464, "duration": 1.9507651329040527}, "current_params": {"N": 500, "iss": 0.6722112091210425, "lr": 0.002569219109514612, "ridge": 0.007174915864539121, "seed": 1234, "sr": 0.05675258102871899}}