{"returned_dict": {"loss": 0.04095326877611077, "r2": 0.9691788976064392, "status": "ok", "start_time": 1699177308.7859929, "duration": 1.7872321605682373}, "current_params": {"N": 500, "iss": 0.9022140321763757, "lr": 0.28243759923765877, "ridge": 6.331779330149328e-07, "seed": 1234, "sr": 0.014132040674737733}}