{"returned_dict": {"loss": 0.04290947640698048, "r2": 0.8909572252239907, "status": "ok", "start_time": 1698895407.176571, "duration": 2.356264114379883}, "current_params": {"N": 500, "iss": 0.19717791279794772, "lr": 0.8908311505278818, "ridge": 0.00013283966567113832, "seed": 1234, "sr": 0.20760447792478667}}