{"returned_dict": {"loss": 0.04263240611499703, "r2": 0.8932315980697236, "status": "ok", "start_time": 1698895470.263547, "duration": 1.8677752017974854}, "current_params": {"N": 500, "iss": 0.9526407636866457, "lr": 0.03942187518677715, "ridge": 0.00016087888046694687, "seed": 1234, "sr": 0.03600276409094316}}