{"returned_dict": {"loss": 0.04363250025000271, "r2": 0.9650445443843346, "status": "ok", "start_time": 1699095428.4390972, "duration": 2.275648832321167}, "current_params": {"N": 500, "iss": 0.35807336738969764, "lr": 0.8619303140116904, "ridge": 1.0115479045381332e-07, "seed": 1234, "sr": 4.881086179748358}}