{"returned_dict": {"loss": 0.04161505248117023, "r2": 0.9495920313866971, "status": "ok", "start_time": 1698381030.4473011, "duration": 2.0114808082580566}, "current_params": {"N": 500, "iss": 0.1123239562263062, "lr": 0.0017394860367737678, "ridge": 8.18392101434674e-09, "seed": 1234, "sr": 0.05019484139736029}}