{"returned_dict": {"loss": 0.04744095815810458, "r2": 0.8697045815950185, "status": "ok", "start_time": 1698883746.2825868, "duration": 1.8637351989746094}, "current_params": {"N": 500, "iss": 0.9526407636866457, "lr": 0.03942187518677715, "ridge": 0.00016087888046694687, "seed": 1234, "sr": 0.03600276409094316}}