{"returned_dict": {"loss": 0.04404735587206504, "r2": 0.5216518202999997, "status": "ok", "start_time": 1699186383.160247, "duration": 1.7885618209838867}, "current_params": {"N": 500, "iss": 0.134697453845536, "lr": 0.005584438526231021, "ridge": 0.0021703951793471516, "seed": 1234, "sr": 0.11855799312403709}}