{"returned_dict": {"loss": 0.04615672913566506, "r2": 0.937764183556621, "status": "ok", "start_time": 1698380898.524565, "duration": 1.9200351238250732}, "current_params": {"N": 500, "iss": 0.28766435081673314, "lr": 0.0012105913148246156, "ridge": 1.9057127432713242e-07, "seed": 1234, "sr": 0.07964860203040938}}