{"returned_dict": {"loss": 0.04944001388312123, "r2": 0.9513347496280966, "status": "ok", "start_time": 1699184813.3480031, "duration": 2.2691400051116943}, "current_params": {"N": 500, "iss": 0.629186932886679, "lr": 0.9385365458738638, "ridge": 4.279595777669173e-09, "seed": 1234, "sr": 7.567304757039052}}