{"returned_dict": {"loss": 0.04174007065734603, "r2": 0.6419013598344517, "status": "ok", "start_time": 1699186872.083858, "duration": 1.8142330646514893}, "current_params": {"N": 500, "iss": 0.9345866417401569, "lr": 0.04017882290811124, "ridge": 0.008848344280085078, "seed": 1234, "sr": 0.014438974945890222}}