{"returned_dict": {"loss": 0.04468241863808924, "r2": 0.5069022632894254, "status": "ok", "start_time": 1699186366.3872042, "duration": 1.9651808738708496}, "current_params": {"N": 500, "iss": 0.975796083487275, "lr": 0.36345335286724006, "ridge": 3.344756996651249e-07, "seed": 1234, "sr": 3.928074544493676}}