{"returned_dict": {"loss": 0.044316559832372926, "r2": 0.9427898013033774, "status": "ok", "start_time": 1698381988.905696, "duration": 1.9226691722869873}, "current_params": {"N": 500, "iss": 0.9232478994758182, "lr": 0.001009158010588956, "ridge": 8.318524365251139e-07, "seed": 1234, "sr": 0.07326940168674866}}