{"returned_dict": {"loss": 0.04765455098333302, "r2": 0.9040324636202465, "status": "ok", "start_time": 1699170876.033133, "duration": 1.8572149276733398}, "current_params": {"N": 500, "iss": 0.3945156093805232, "lr": 0.015128007637960973, "ridge": 3.182563639108543e-06, "seed": 1234, "sr": 0.012260384608014823}}