{"returned_dict": {"loss": 0.046556259423911, "r2": 0.9369058824969612, "status": "ok", "start_time": 1698381591.2771351, "duration": 1.9842419624328613}, "current_params": {"N": 500, "iss": 0.4171626881853736, "lr": 0.002422315386294973, "ridge": 0.0008891693515095883, "seed": 1234, "sr": 0.0544052294998603}}