{"returned_dict": {"loss": 0.0440986296837349, "r2": 0.9390223981279048, "status": "ok", "start_time": 1699184587.859638, "duration": 2.1837141513824463}, "current_params": {"N": 500, "iss": 0.17176002567391113, "lr": 0.22199089728115365, "ridge": 0.0006020999816891316, "seed": 1234, "sr": 2.0711751271159318}}