{"returned_dict": {"loss": 0.04719458936824864, "r2": 0.920297043995029, "status": "ok", "start_time": 1699095304.496456, "duration": 2.744765281677246}, "current_params": {"N": 500, "iss": 0.46362690696575914, "lr": 0.1556591544481278, "ridge": 0.0003537494244538186, "seed": 1234, "sr": 0.05298748174805132}}