{"returned_dict": {"loss": 0.04344796747938771, "r2": 0.9450212301864852, "status": "ok", "start_time": 1698381924.326176, "duration": 2.627660036087036}, "current_params": {"N": 500, "iss": 0.4472250816990909, "lr": 0.001490692182461561, "ridge": 5.456100711555596e-06, "seed": 1234, "sr": 0.01695935124689556}}