{"returned_dict": {"loss": 0.047939001595562476, "r2": 0.9277718296702631, "status": "ok", "start_time": 1699096381.685475, "duration": 2.025693893432617}, "current_params": {"N": 500, "iss": 0.3991084746243321, "lr": 0.2279250676188654, "ridge": 3.316996532799217e-06, "seed": 1234, "sr": 0.13048071254874868}}