{"returned_dict": {"loss": 0.04426712392357791, "r2": 0.9415742111647756, "status": "ok", "start_time": 1699184627.791096, "duration": 2.6676700115203857}, "current_params": {"N": 500, "iss": 0.5743858512665214, "lr": 0.0025679857977144393, "ridge": 1.9388590294899276e-08, "seed": 1234, "sr": 0.015217119086357022}}