{"returned_dict": {"loss": 0.050632653173085886, "r2": 0.9184715570813305, "status": "ok", "start_time": 1698383429.363148, "duration": 1.9831149578094482}, "current_params": {"N": 500, "iss": 0.6517423997488939, "lr": 0.4485179994925241, "ridge": 2.1919618123313223e-05, "seed": 1234, "sr": 2.76036316173383}}