{"returned_dict": {"loss": 0.05488805302669505, "r2": 0.9390546896442505, "status": "ok", "start_time": 1699180213.555298, "duration": 1.8944368362426758}, "current_params": {"N": 500, "iss": 0.28766435081673314, "lr": 0.0012105913148246156, "ridge": 1.9057127432713242e-07, "seed": 1234, "sr": 0.07964860203040938}}