{"returned_dict": {"loss": 0.05681546326911582, "r2": 0.9357647084565078, "status": "ok", "start_time": 1699176492.900592, "duration": 1.9094350337982178}, "current_params": {"N": 500, "iss": 0.5743858512665214, "lr": 0.0025679857977144393, "ridge": 1.9388590294899276e-08, "seed": 1234, "sr": 0.015217119086357022}}