{"returned_dict": {"loss": 0.0536939424269115, "r2": 0.8312040236537545, "status": "ok", "start_time": 1698883587.001937, "duration": 1.9144611358642578}, "current_params": {"N": 500, "iss": 0.9120267528405163, "lr": 0.10377622163746929, "ridge": 0.0009493042476638647, "seed": 1234, "sr": 1.1747727724200443}}