{"returned_dict": {"loss": 0.05416479144915257, "r2": 0.9092277170071082, "status": "ok", "start_time": 1699184252.314837, "duration": 1.8237361907958984}, "current_params": {"N": 500, "iss": 0.6871632474113247, "lr": 0.0033668417829176823, "ridge": 3.836716623456785e-09, "seed": 1234, "sr": 0.10594870634350116}}