{"returned_dict": {"loss": 0.05830665204688965, "r2": 0.891431188599442, "status": "ok", "start_time": 1699096272.112712, "duration": 1.9670052528381348}, "current_params": {"N": 500, "iss": 0.47860011851145334, "lr": 0.4166356911062447, "ridge": 1.2751646272541625e-05, "seed": 1234, "sr": 0.14848409471568397}}