{"returned_dict": {"loss": 0.052089968336745666, "r2": 0.9112577367895431, "status": "ok", "start_time": 1699239140.9289799, "duration": 1.9286370277404785}, "current_params": {"N": 500, "iss": 0.40978014885751834, "lr": 0.003188301860373708, "ridge": 2.4347267941306313e-08, "seed": 1234, "sr": 0.050704131972421025}}