{"returned_dict": {"loss": 0.05120544209729547, "r2": 0.8482441997650954, "status": "ok", "start_time": 1698884906.194588, "duration": 1.985875129699707}, "current_params": {"N": 500, "iss": 0.2298357960090034, "lr": 0.8472268156639914, "ridge": 9.801931216645321e-05, "seed": 1234, "sr": 0.2197712027474747}}