{"returned_dict": {"loss": 0.05668401823526604, "r2": 0.8642089516950943, "status": "ok", "start_time": 1699172207.9792252, "duration": 1.8438308238983154}, "current_params": {"N": 500, "iss": 0.20923040118546266, "lr": 0.0077355403142878795, "ridge": 0.0023425261581026765, "seed": 1234, "sr": 0.026761175701104346}}