{"returned_dict": {"loss": 0.052261183930504135, "r2": 0.918140366601861, "status": "ok", "start_time": 1699184187.4088151, "duration": 1.8037970066070557}, "current_params": {"N": 500, "iss": 0.4472250816990909, "lr": 0.001490692182461561, "ridge": 5.456100711555596e-06, "seed": 1234, "sr": 0.01695935124689556}}