{"returned_dict": {"loss": 0.05148745923433434, "r2": 0.9224129712104504, "status": "ok", "start_time": 1698381814.328923, "duration": 2.0940680503845215}, "current_params": {"N": 500, "iss": 0.6517423997488939, "lr": 0.4485179994925241, "ridge": 2.1919618123313223e-05, "seed": 1234, "sr": 2.76036316173383}}