{"returned_dict": {"loss": 0.05408032643550472, "r2": 0.8765528598457618, "status": "ok", "start_time": 1699185617.1071832, "duration": 1.8855197429656982}, "current_params": {"N": 500, "iss": 0.9345866417401569, "lr": 0.04017882290811124, "ridge": 0.008848344280085078, "seed": 1234, "sr": 0.014438974945890222}}