{"returned_dict": {"loss": 0.05526271406594573, "r2": 0.9391967895585704, "status": "ok", "start_time": 1699181960.6376169, "duration": 1.8480949401855469}, "current_params": {"N": 500, "iss": 0.3158924367205628, "lr": 0.0016930941327325617, "ridge": 0.0006969765320479288, "seed": 1234, "sr": 0.22191193501289097}}