{"returned_dict": {"loss": 0.05073802039438045, "r2": 0.9487215592105533, "status": "ok", "start_time": 1699176623.414331, "duration": 1.8875319957733154}, "current_params": {"N": 500, "iss": 0.5879201405915621, "lr": 0.017942623962965615, "ridge": 0.003711472688952436, "seed": 1234, "sr": 0.10149855100477383}}