{"returned_dict": {"loss": 0.05687042242356081, "r2": 0.9355421955616655, "status": "ok", "start_time": 1699180181.189501, "duration": 2.052561044692993}, "current_params": {"N": 500, "iss": 0.4363515860498989, "lr": 0.0016156588507471406, "ridge": 3.474547834739471e-08, "seed": 1234, "sr": 0.03073430140568509}}