{"returned_dict": {"loss": 0.05126001270284119, "r2": 0.9473210105119308, "status": "ok", "start_time": 1699177889.188693, "duration": 1.7767291069030762}, "current_params": {"N": 500, "iss": 0.5879201405915621, "lr": 0.017942623962965615, "ridge": 0.003711472688952436, "seed": 1234, "sr": 0.10149855100477383}}