{"returned_dict": {"loss": 0.05062169418764506, "r2": 0.8518269180088076, "status": "ok", "start_time": 1698895367.716387, "duration": 1.8430190086364746}, "current_params": {"N": 500, "iss": 0.6922327390139184, "lr": 0.034601111100789846, "ridge": 0.0009597922173967499, "seed": 1234, "sr": 0.17537309143779847}}