{"returned_dict": {"loss": 0.05818226251279762, "r2": 0.8541131906459324, "status": "ok", "start_time": 1699095208.102682, "duration": 2.217592716217041}, "current_params": {"N": 500, "iss": 0.3991084746243321, "lr": 0.2279250676188654, "ridge": 3.316996532799217e-06, "seed": 1234, "sr": 0.13048071254874868}}