{"returned_dict": {"loss": 0.05417062208001878, "r2": 0.8761166570001716, "status": "ok", "start_time": 1699172351.499327, "duration": 1.8389711380004883}, "current_params": {"N": 500, "iss": 0.5879201405915621, "lr": 0.017942623962965615, "ridge": 0.003711472688952436, "seed": 1234, "sr": 0.10149855100477383}}