{"returned_dict": {"loss": 0.05262427572339486, "r2": 0.9134557417963358, "status": "ok", "start_time": 1699096572.938158, "duration": 1.9649169445037842}, "current_params": {"N": 500, "iss": 0.9022140321763757, "lr": 0.28243759923765877, "ridge": 6.331779330149328e-07, "seed": 1234, "sr": 0.014132040674737733}}