{"returned_dict": {"loss": 0.06610532794515822, "r2": 0.843641884717071, "status": "ok", "start_time": 1699095219.442987, "duration": 2.2379190921783447}, "current_params": {"N": 500, "iss": 0.20923040118546266, "lr": 0.0077355403142878795, "ridge": 0.0023425261581026765, "seed": 1234, "sr": 0.026761175701104346}}