{"returned_dict": {"loss": 0.061902666442762065, "r2": 0.8630905981455692, "status": "ok", "start_time": 1699095406.0976698, "duration": 2.4482421875}, "current_params": {"N": 500, "iss": 0.9212495214371952, "lr": 0.03495869536083056, "ridge": 2.408236190196766e-05, "seed": 1234, "sr": 0.01769587598402526}}