{"returned_dict": {"loss": 0.06690726133746722, "r2": 0.8418244982310098, "status": "ok", "start_time": 1699095152.720454, "duration": 2.3417000770568848}, "current_params": {"N": 500, "iss": 0.2092695124165096, "lr": 0.20792063760808668, "ridge": 2.4402906778962044e-09, "seed": 1234, "sr": 3.3229413943755635}}