{"returned_dict": {"loss": 0.06633464915486201, "r2": 0.7458570082594567, "status": "ok", "start_time": 1699175863.2468321, "duration": 1.9195947647094727}, "current_params": {"N": 500, "iss": 0.6743270588841205, "lr": 0.0014402248070585332, "ridge": 0.0006137812121664229, "seed": 1234, "sr": 0.3554664959628415}}