{"returned_dict": {"loss": 0.06051347350474696, "r2": 0.7912855951573854, "status": "ok", "start_time": 1698885176.954182, "duration": 1.8017399311065674}, "current_params": {"N": 500, "iss": 0.5315682009230276, "lr": 0.1775950750495892, "ridge": 0.0002207334426427236, "seed": 1234, "sr": 6.954268155528048}}