{"returned_dict": {"loss": 0.06631073480577258, "r2": 0.8117651927108372, "status": "ok", "start_time": 1699175189.439548, "duration": 1.8654849529266357}, "current_params": {"N": 500, "iss": 0.9408397105778058, "lr": 0.3594469868947466, "ridge": 2.899155403260927e-08, "seed": 1234, "sr": 0.953319122623503}}