{"returned_dict": {"loss": 0.06522610874759056, "r2": 0.8465633308528114, "status": "ok", "start_time": 1699095178.3538182, "duration": 2.509546995162964}, "current_params": {"N": 500, "iss": 0.6922327390139184, "lr": 0.034601111100789846, "ridge": 0.0009597922173967499, "seed": 1234, "sr": 0.17537309143779847}}