{"returned_dict": {"loss": 0.06565390409107523, "r2": 0.9179434190755057, "status": "ok", "start_time": 1699177241.014694, "duration": 1.767564058303833}, "current_params": {"N": 500, "iss": 0.6371089578578937, "lr": 0.026813811448575312, "ridge": 1.2394753758655106e-09, "seed": 1234, "sr": 0.03747978558716274}}