{"returned_dict": {"loss": 0.0633689619185332, "r2": 0.8799739053624163, "status": "ok", "start_time": 1699184111.9947221, "duration": 1.7839858531951904}, "current_params": {"N": 500, "iss": 0.8820998106981124, "lr": 0.0018473770505347527, "ridge": 1.8622584812397071e-06, "seed": 1234, "sr": 0.015931944006093716}}