{"returned_dict": {"loss": 0.06023589276803659, "r2": 0.9333307834220793, "status": "ok", "start_time": 1699177185.9305038, "duration": 2.0886101722717285}, "current_params": {"N": 500, "iss": 0.7889351766743528, "lr": 0.00398609258790173, "ridge": 0.0026164567787443195, "seed": 1234, "sr": 0.012580639725311055}}