{"returned_dict": {"loss": 0.06360610436763894, "r2": 0.7624381010695852, "status": "ok", "start_time": 1698895443.542729, "duration": 1.897902250289917}, "current_params": {"N": 500, "iss": 0.4503628369957513, "lr": 0.03709140133925175, "ridge": 2.6234435504939386e-09, "seed": 1234, "sr": 1.665278509291293}}