{"returned_dict": {"loss": 0.06025999154403014, "r2": 0.927720893443117, "status": "ok", "start_time": 1699180136.316628, "duration": 1.776167869567871}, "current_params": {"N": 500, "iss": 0.4171626881853736, "lr": 0.002422315386294973, "ridge": 0.0008891693515095883, "seed": 1234, "sr": 0.0544052294998603}}