{"returned_dict": {"loss": 0.061041313645531566, "r2": 0.8835487842793658, "status": "ok", "start_time": 1699096468.6178591, "duration": 1.9435029029846191}, "current_params": {"N": 500, "iss": 0.9135989958833419, "lr": 0.4700604405485768, "ridge": 5.192783797391785e-07, "seed": 1234, "sr": 0.02684390359598015}}