{"returned_dict": {"loss": 0.07245284599843936, "r2": 0.8363350788644152, "status": "ok", "start_time": 1699170377.2839592, "duration": 1.8008146286010742}, "current_params": {"N": 500, "iss": 0.6722112091210425, "lr": 0.002569219109514612, "ridge": 0.007174915864539121, "seed": 1234, "sr": 0.05675258102871899}}