{"returned_dict": {"loss": 0.07758159327341684, "r2": 0.783585106496195, "status": "ok", "start_time": 1699095054.3630002, "duration": 1.928931713104248}, "current_params": {"N": 500, "iss": 0.9326851510627013, "lr": 0.01313978174667569, "ridge": 0.0007520446577387131, "seed": 1234, "sr": 0.18658183701753261}}