{"returned_dict": {"loss": 0.07822782428084746, "r2": 0.7752337133652766, "status": "ok", "start_time": 1699095221.6842, "duration": 2.2160518169403076}, "current_params": {"N": 500, "iss": 0.22844120631577203, "lr": 0.5068843153791186, "ridge": 1.748641447561754e-09, "seed": 1234, "sr": 1.2556711601352721}}