{"returned_dict": {"loss": 0.07652608645332491, "r2": 0.8295691453291526, "status": "ok", "start_time": 1698381085.449557, "duration": 1.9268229007720947}, "current_params": {"N": 500, "iss": 0.0026462177202568604, "lr": 0.021333081512378033, "ridge": 0.00025791954558242, "seed": 1234, "sr": 0.011405319213458769}}