{"returned_dict": {"loss": 0.07065748494487924, "r2": 0.6591595882386249, "status": "ok", "start_time": 1698895533.934007, "duration": 1.8295650482177734}, "current_params": {"N": 500, "iss": 0.8161326333926638, "lr": 0.07816106311699304, "ridge": 7.358885705656805e-05, "seed": 1234, "sr": 0.8542795536342308}}