{"returned_dict": {"loss": 0.07267158096823054, "r2": 0.8324834925380792, "status": "ok", "start_time": 1699096363.89786, "duration": 1.9977848529815674}, "current_params": {"N": 500, "iss": 0.8088601787647725, "lr": 0.010820249488204384, "ridge": 2.157571970097535e-05, "seed": 1234, "sr": 0.19935467732696538}}