{"returned_dict": {"loss": 0.07944142327895283, "r2": 0.6310943147750051, "status": "ok", "start_time": 1698895309.478633, "duration": 1.9113421440124512}, "current_params": {"N": 500, "iss": 0.911210058605431, "lr": 0.2183850802283866, "ridge": 1.4229800128550176e-05, "seed": 1234, "sr": 0.22833541526599072}}