{"returned_dict": {"loss": 0.07332271496469536, "r2": 0.6779311763333143, "status": "ok", "start_time": 1698888539.303437, "duration": 2.027277946472168}, "current_params": {"N": 500, "iss": 0.562902674279726, "lr": 0.08451910338656304, "ridge": 2.98495308723598e-07, "seed": 1234, "sr": 0.020489195252075855}}