{"returned_dict": {"loss": 0.07919101991205851, "r2": 0.8743830163604557, "status": "ok", "start_time": 1699177713.426628, "duration": 1.7715740203857422}, "current_params": {"N": 500, "iss": 0.6128741432342986, "lr": 0.0015415307981808321, "ridge": 0.0004080879909316024, "seed": 1234, "sr": 0.0108079776956026}}