{"returned_dict": {"loss": 0.08249000731955242, "r2": 0.6073563892756519, "status": "ok", "start_time": 1698895286.744203, "duration": 1.8938288688659668}, "current_params": {"N": 500, "iss": 0.47860011851145334, "lr": 0.4166356911062447, "ridge": 1.2751646272541625e-05, "seed": 1234, "sr": 0.14848409471568397}}