{"returned_dict": {"loss": 0.08126331064568774, "r2": 0.7912275184664549, "status": "ok", "start_time": 1699096317.840468, "duration": 1.9881820678710938}, "current_params": {"N": 500, "iss": 0.15716834911966804, "lr": 0.8156304946175557, "ridge": 4.290374941230941e-08, "seed": 1234, "sr": 1.0385323042151453}}