{"returned_dict": {"loss": 0.08216772153165831, "r2": 0.5972267500076794, "status": "ok", "start_time": 1698883753.804311, "duration": 1.8892748355865479}, "current_params": {"N": 500, "iss": 0.9135989958833419, "lr": 0.4700604405485768, "ridge": 5.192783797391785e-07, "seed": 1234, "sr": 0.02684390359598015}}