{"returned_dict": {"loss": 0.08738687210527811, "r2": 0.7272302430970083, "status": "ok", "start_time": 1699095171.6466198, "duration": 2.1709680557250977}, "current_params": {"N": 500, "iss": 0.9406587057968023, "lr": 0.02207977188453779, "ridge": 0.0007602478909161272, "seed": 1234, "sr": 6.833596167908428}}