{"returned_dict": {"loss": 0.08287070232644798, "r2": 0.5926326419091019, "status": "ok", "start_time": 1698885126.332244, "duration": 1.8709449768066406}, "current_params": {"N": 500, "iss": 0.9135989958833419, "lr": 0.4700604405485768, "ridge": 5.192783797391785e-07, "seed": 1234, "sr": 0.02684390359598015}}