{"returned_dict": {"loss": 0.0834106252884706, "r2": 0.7045193049900559, "status": "ok", "start_time": 1699173929.021836, "duration": 1.9605798721313477}, "current_params": {"N": 500, "iss": 0.5323854646527727, "lr": 0.003573156992234659, "ridge": 0.0008903885178857998, "seed": 1234, "sr": 0.015928787718820343}}