{"returned_dict": {"loss": 0.0831156813264572, "r2": 0.8708490597425746, "status": "ok", "start_time": 1699177120.581547, "duration": 1.8368377685546875}, "current_params": {"N": 500, "iss": 0.3415352429252124, "lr": 0.024081733532461607, "ridge": 2.334903649885824e-09, "seed": 1234, "sr": 2.540247736115996}}