{"returned_dict": {"loss": 0.08446577430840001, "r2": 0.7699060445019145, "status": "ok", "start_time": 1699096295.9832242, "duration": 2.0258867740631104}, "current_params": {"N": 500, "iss": 0.911210058605431, "lr": 0.2183850802283866, "ridge": 1.4229800128550176e-05, "seed": 1234, "sr": 0.22833541526599072}}