{"returned_dict": {"loss": 0.08286820438896937, "r2": 0.7819174187078156, "status": "ok", "start_time": 1698383551.574529, "duration": 2.142132043838501}, "current_params": {"N": 500, "iss": 0.6217356289422551, "lr": 0.0029999570595545273, "ridge": 1.822408392802496e-08, "seed": 1234, "sr": 0.38114750465916947}}