{"returned_dict": {"loss": 0.08715935068100156, "r2": 0.8488173041967322, "status": "ok", "start_time": 1699180128.9390342, "duration": 1.8605108261108398}, "current_params": {"N": 500, "iss": 0.9739479466464522, "lr": 0.0011253563603354569, "ridge": 0.0021883735119396686, "seed": 1234, "sr": 0.04981749804245153}}