{"returned_dict": {"loss": 0.09647509815486245, "r2": 0.7511891782270254, "status": "ok", "start_time": 1699180414.4747221, "duration": 1.8907010555267334}, "current_params": {"N": 500, "iss": 0.8640890518452584, "lr": 0.056175796579322784, "ridge": 8.914132777984633e-07, "seed": 1234, "sr": 1.6346058937885943}}