{"returned_dict": {"loss": 0.09255598050408197, "r2": 0.6382342332530455, "status": "ok", "start_time": 1699185658.1792939, "duration": 1.7924890518188477}, "current_params": {"N": 500, "iss": 0.9243526866471957, "lr": 0.1542815995343576, "ridge": 8.50499153424126e-08, "seed": 1234, "sr": 1.7459748086870097}}