{"returned_dict": {"loss": 0.0920773462996153, "r2": 0.5110787419190921, "status": "ok", "start_time": 1698895262.053626, "duration": 1.8804559707641602}, "current_params": {"N": 500, "iss": 0.8644046911873131, "lr": 0.6156368875066843, "ridge": 8.186416440991658e-08, "seed": 1234, "sr": 1.6722388684853167}}