{"returned_dict": {"loss": 0.094090279033197, "r2": 0.7190313392395588, "status": "ok", "start_time": 1699170322.600123, "duration": 1.7964582443237305}, "current_params": {"N": 500, "iss": 0.8820998106981124, "lr": 0.0018473770505347527, "ridge": 1.8622584812397071e-06, "seed": 1234, "sr": 0.015931944006093716}}