{"returned_dict": {"loss": 0.09230980722612453, "r2": 0.8181756812226366, "status": "ok", "start_time": 1699177872.9908118, "duration": 1.7802760601043701}, "current_params": {"N": 500, "iss": 0.8640890518452584, "lr": 0.056175796579322784, "ridge": 8.914132777984633e-07, "seed": 1234, "sr": 1.6346058937885943}}