{"returned_dict": {"loss": 0.09626117017663853, "r2": 0.7033529325177875, "status": "ok", "start_time": 1699095388.8738759, "duration": 2.309755325317383}, "current_params": {"N": 500, "iss": 0.1123239562263062, "lr": 0.0017394860367737678, "ridge": 8.18392101434674e-09, "seed": 1234, "sr": 0.05019484139736029}}