{"returned_dict": {"loss": 0.09936571107698038, "r2": 0.4344932785648734, "status": "ok", "start_time": 1698885213.8745139, "duration": 1.801084280014038}, "current_params": {"N": 500, "iss": 0.8097531217575742, "lr": 0.04708253287367831, "ridge": 9.2648288823008e-08, "seed": 1234, "sr": 7.231920572306449}}