{"returned_dict": {"loss": 0.10525600340123802, "r2": 0.5956294650894617, "status": "ok", "start_time": 1698381892.940541, "duration": 1.9292340278625488}, "current_params": {"N": 500, "iss": 0.48683979711786196, "lr": 0.0041878954202570285, "ridge": 1.5267158874357313e-07, "seed": 1234, "sr": 0.7656474307799984}}