{"returned_dict": {"loss": 0.10598241204730978, "r2": 0.6647329527394666, "status": "ok", "start_time": 1699184573.843861, "duration": 2.277953863143921}, "current_params": {"N": 500, "iss": 0.9232478994758182, "lr": 0.001009158010588956, "ridge": 8.318524365251139e-07, "seed": 1234, "sr": 0.07326940168674866}}