{"returned_dict": {"loss": 0.10047801934091145, "r2": 0.6794631840139688, "status": "ok", "start_time": 1699239076.207906, "duration": 2.523972988128662}, "current_params": {"N": 500, "iss": 0.9097376556056701, "lr": 0.3079726626930137, "ridge": 1.4421411301859244e-07, "seed": 1234, "sr": 5.615522331680127}}