{"returned_dict": {"loss": 0.10150105891127721, "r2": 0.6734116941956301, "status": "ok", "start_time": 1699239054.1225758, "duration": 1.8344204425811768}, "current_params": {"N": 500, "iss": 0.629186932886679, "lr": 0.9385365458738638, "ridge": 4.279595777669173e-09, "seed": 1234, "sr": 7.567304757039052}}