{"returned_dict": {"loss": 0.10595105300172551, "r2": 0.7927346602961247, "status": "ok", "start_time": 1699095400.103679, "duration": 2.2659080028533936}, "current_params": {"N": 500, "iss": 0.35464883466252195, "lr": 0.02580145195828277, "ridge": 7.502821787034914e-05, "seed": 1234, "sr": 3.1162051286367416}}