{"returned_dict": {"loss": 0.10311717706577443, "r2": 0.6900908907955593, "status": "ok", "start_time": 1698381114.6736379, "duration": 2.078796148300171}, "current_params": {"N": 500, "iss": 0.9097376556056701, "lr": 0.3079726626930137, "ridge": 1.4421411301859244e-07, "seed": 1234, "sr": 5.615522331680127}}