{"returned_dict": {"loss": 0.10119624034115678, "r2": 0.5648693854833308, "status": "ok", "start_time": 1699185744.302464, "duration": 1.831845998764038}, "current_params": {"N": 500, "iss": 0.5315682009230276, "lr": 0.1775950750495892, "ridge": 0.0002207334426427236, "seed": 1234, "sr": 6.954268155528048}}