{"returned_dict": {"loss": 0.10721593106535428, "r2": 0.3079186905140401, "status": "ok", "start_time": 1698895472.134027, "duration": 1.8560850620269775}, "current_params": {"N": 500, "iss": 0.794303432239716, "lr": 0.7725304602957936, "ridge": 1.3376623261071025e-07, "seed": 1234, "sr": 0.026191894186955052}}