{"returned_dict": {"loss": 0.10518243349813133, "r2": 0.6430867474493676, "status": "ok", "start_time": 1699096279.916608, "duration": 1.9394209384918213}, "current_params": {"N": 500, "iss": 0.9903777479356254, "lr": 0.1894882305034404, "ridge": 0.004636302559142713, "seed": 1234, "sr": 1.9577985037865835}}