{"returned_dict": {"loss": 0.11230749244542237, "r2": 0.7486962897267023, "status": "ok", "start_time": 1699183278.010647, "duration": 1.9298460483551025}, "current_params": {"N": 500, "iss": 0.6743270588841205, "lr": 0.0014402248070585332, "ridge": 0.0006137812121664229, "seed": 1234, "sr": 0.3554664959628415}}