{"returned_dict": {"loss": 0.1151583818866674, "r2": 0.2312785414878272, "status": "ok", "start_time": 1698885014.796669, "duration": 1.7824978828430176}, "current_params": {"N": 500, "iss": 0.9406587057968023, "lr": 0.02207977188453779, "ridge": 0.0007602478909161272, "seed": 1234, "sr": 6.833596167908428}}