{"returned_dict": {"loss": 0.11125862250709344, "r2": 0.2832022703585273, "status": "ok", "start_time": 1698895250.702687, "duration": 1.8811728954315186}, "current_params": {"N": 500, "iss": 0.4171626881853736, "lr": 0.002422315386294973, "ridge": 0.0008891693515095883, "seed": 1234, "sr": 0.0544052294998603}}