{"returned_dict": {"loss": 0.11406125504333302, "r2": 0.5179109065697031, "status": "ok", "start_time": 1699095309.661338, "duration": 2.3027279376983643}, "current_params": {"N": 500, "iss": 0.9135989958833419, "lr": 0.4700604405485768, "ridge": 5.192783797391785e-07, "seed": 1234, "sr": 0.02684390359598015}}