{"returned_dict": {"loss": 0.11334048142922709, "r2": 0.7230259052169528, "status": "ok", "start_time": 1699095493.048408, "duration": 1.876443862915039}, "current_params": {"N": 500, "iss": 0.61465928198713, "lr": 0.01646090380035458, "ridge": 1.416582108410998e-05, "seed": 1234, "sr": 0.6672376898037004}}