{"returned_dict": {"loss": 0.11014043378179363, "r2": 0.48661436795636703, "status": "ok", "start_time": 1699184000.412885, "duration": 1.7568550109863281}, "current_params": {"N": 500, "iss": 0.15890994153775684, "lr": 0.00792332805983459, "ridge": 3.0909972660202036e-06, "seed": 1234, "sr": 0.575269795679041}}