{"returned_dict": {"loss": 0.1165085491504988, "r2": 0.18639776138827815, "status": "ok", "start_time": 1698885241.88401, "duration": 1.8153889179229736}, "current_params": {"N": 500, "iss": 0.7111875236481379, "lr": 0.014953523366352292, "ridge": 0.003917533648237141, "seed": 1234, "sr": 1.908865762249811}}