{"returned_dict": {"loss": 0.12393881232976335, "r2": 0.1108714578449869, "status": "ok", "start_time": 1698895369.561995, "duration": 1.885024070739746}, "current_params": {"N": 500, "iss": 0.8328177066055172, "lr": 0.026162881037661297, "ridge": 3.0656276565905996e-07, "seed": 1234, "sr": 2.3820731800209316}}