{"returned_dict": {"loss": 0.12225735315072477, "r2": 0.4709940440839362, "status": "ok", "start_time": 1699095290.037174, "duration": 2.2397561073303223}, "current_params": {"N": 500, "iss": 0.4016192513767243, "lr": 0.023565820546423054, "ridge": 0.0009341644724743216, "seed": 1234, "sr": 5.987530745926846}}