{"returned_dict": {"loss": 0.12226662161617591, "r2": 0.7010408219288728, "status": "ok", "start_time": 1699180230.952021, "duration": 1.8883230686187744}, "current_params": {"N": 500, "iss": 0.2092695124165096, "lr": 0.20792063760808668, "ridge": 2.4402906778962044e-09, "seed": 1234, "sr": 3.3229413943755635}}