{"returned_dict": {"loss": 0.12048712248653316, "r2": 0.16034416942234384, "status": "ok", "start_time": 1698895233.6813061, "duration": 1.8584158420562744}, "current_params": {"N": 500, "iss": 0.7041340569061305, "lr": 0.02018337832903292, "ridge": 2.3115334421298753e-06, "seed": 1234, "sr": 0.09442721440119983}}