{"returned_dict": {"loss": 0.12485658740135057, "r2": 0.07155941965052366, "status": "ok", "start_time": 1698895468.457868, "duration": 1.8030128479003906}, "current_params": {"N": 500, "iss": 0.35464883466252195, "lr": 0.02580145195828277, "ridge": 7.502821787034914e-05, "seed": 1234, "sr": 3.1162051286367416}}