{"returned_dict": {"loss": 0.12751796844334704, "r2": 0.6822173245590806, "status": "ok", "start_time": 1699177217.639263, "duration": 1.9582569599151611}, "current_params": {"N": 500, "iss": 0.32045037207585336, "lr": 0.013663130602244231, "ridge": 5.368010723935917e-07, "seed": 1234, "sr": 2.6411464130177205}}