{"returned_dict": {"loss": 0.12128992264570138, "r2": 0.5295987150708139, "status": "ok", "start_time": 1699184743.2772422, "duration": 2.5140206813812256}, "current_params": {"N": 500, "iss": 0.4825309396306763, "lr": 0.0026215829905024274, "ridge": 1.3617902397367888e-09, "seed": 1234, "sr": 0.30993658351244163}}