{"returned_dict": {"loss": 0.12983770736944647, "r2": 0.028051952427968502, "status": "ok", "start_time": 1698883782.061143, "duration": 1.8645901679992676}, "current_params": {"N": 500, "iss": 0.6371089578578937, "lr": 0.026813811448575312, "ridge": 1.2394753758655106e-09, "seed": 1234, "sr": 0.03747978558716274}}