{"returned_dict": {"loss": 0.12068431341265821, "r2": 0.16784340959975186, "status": "ok", "start_time": 1699175845.3836532, "duration": 1.9797959327697754}, "current_params": {"N": 500, "iss": 0.5315682009230276, "lr": 0.1775950750495892, "ridge": 0.0002207334426427236, "seed": 1234, "sr": 6.954268155528048}}