{"returned_dict": {"loss": 0.1303747175754931, "r2": 0.15820877866865088, "status": "ok", "start_time": 1699238832.311264, "duration": 1.8541481494903564}, "current_params": {"N": 500, "iss": 0.48683979711786196, "lr": 0.0041878954202570285, "ridge": 1.5267158874357313e-07, "seed": 1234, "sr": 0.7656474307799984}}