{"returned_dict": {"loss": 0.13865929048890036, "r2": 0.37925284421414035, "status": "ok", "start_time": 1699239044.876014, "duration": 1.8431551456451416}, "current_params": {"N": 500, "iss": 0.4825309396306763, "lr": 0.0026215829905024274, "ridge": 1.3617902397367888e-09, "seed": 1234, "sr": 0.30993658351244163}}