{"returned_dict": {"loss": 0.13906271793925604, "r2": 0.5808775439985667, "status": "ok", "start_time": 1699095537.313895, "duration": 1.8437538146972656}, "current_params": {"N": 500, "iss": 0.7111875236481379, "lr": 0.014953523366352292, "ridge": 0.003917533648237141, "seed": 1234, "sr": 1.908865762249811}}