{"returned_dict": {"loss": 0.13094003005990765, "r2": -0.001309600704292757, "status": "ok", "start_time": 1698885047.316635, "duration": 1.7746999263763428}, "current_params": {"N": 500, "iss": 0.3158924367205628, "lr": 0.0016930941327325617, "ridge": 0.0006969765320479288, "seed": 1234, "sr": 0.22191193501289097}}