{"returned_dict": {"loss": 0.13523877229977618, "r2": 0.6203663916302916, "status": "ok", "start_time": 1699182124.477859, "duration": 1.9226441383361816}, "current_params": {"N": 500, "iss": 0.550070835811614, "lr": 0.005273335540171085, "ridge": 5.04991308123115e-09, "seed": 1234, "sr": 0.39936841111501603}}