{"returned_dict": {"loss": 0.14154719819625408, "r2": 0.5409524441446574, "status": "ok", "start_time": 1699177655.816818, "duration": 1.8019609451293945}, "current_params": {"N": 500, "iss": 0.45903012586393255, "lr": 0.008993216326780393, "ridge": 3.098662816361876e-05, "seed": 1234, "sr": 1.038057705082271}}