{"returned_dict": {"loss": 0.14877020986728218, "r2": 0.200222867589296, "status": "ok", "start_time": 1699095109.568935, "duration": 2.265679121017456}, "current_params": {"N": 500, "iss": 0.911210058605431, "lr": 0.2183850802283866, "ridge": 1.4229800128550176e-05, "seed": 1234, "sr": 0.22833541526599072}}