{"returned_dict": {"loss": 0.14837766929859394, "r2": 0.35499908801750557, "status": "ok", "start_time": 1698381846.850805, "duration": 1.9290931224822998}, "current_params": {"N": 500, "iss": 0.451625695847095, "lr": 0.2824777807824228, "ridge": 0.0004995561065461233, "seed": 1234, "sr": 4.434072756135233}}