{"returned_dict": {"loss": 0.1464175690586615, "r2": 0.6027842077622574, "status": "ok", "start_time": 1699095487.431146, "duration": 1.8823702335357666}, "current_params": {"N": 500, "iss": 0.6381446788022263, "lr": 0.011295567117425407, "ridge": 7.933169942060012e-08, "seed": 1234, "sr": 0.20877503732087163}}