{"returned_dict": {"loss": 0.1548954567806258, "r2": -0.39107948544700166, "status": "ok", "start_time": 1698895343.990779, "duration": 1.9508471488952637}, "current_params": {"N": 500, "iss": 0.8899024118416428, "lr": 0.029602141041308122, "ridge": 2.7583086552332414e-08, "seed": 1234, "sr": 3.998119826570731}}