{"returned_dict": {"loss": 0.1514284309867163, "r2": -0.420006779193486, "status": "ok", "start_time": 1698883778.289609, "duration": 1.8799679279327393}, "current_params": {"N": 500, "iss": 0.5458161363201689, "lr": 0.1927391235133893, "ridge": 3.4731611050513896e-08, "seed": 1234, "sr": 0.017275455370965257}}