{"returned_dict": {"loss": 0.1563360732502832, "r2": 0.09207940774244598, "status": "ok", "start_time": 1699095452.7004511, "duration": 2.2551028728485107}, "current_params": {"N": 500, "iss": 0.7111875236481379, "lr": 0.014953523366352292, "ridge": 0.003917533648237141, "seed": 1234, "sr": 1.908865762249811}}