{"returned_dict": {"loss": 0.15958129183426967, "r2": -0.46448608705763816, "status": "ok", "start_time": 1698883696.923381, "duration": 2.0026040077209473}, "current_params": {"N": 500, "iss": 0.9228386144334726, "lr": 0.10752060708924599, "ridge": 1.1106829899616503e-06, "seed": 1234, "sr": 0.3157133897830133}}