{"returned_dict": {"loss": 0.15791934459729842, "r2": -0.43199500565976173, "status": "ok", "start_time": 1698884896.185645, "duration": 1.9382908344268799}, "current_params": {"N": 500, "iss": 0.9739479466464522, "lr": 0.0011253563603354569, "ridge": 0.0021883735119396686, "seed": 1234, "sr": 0.04981749804245153}}