{"returned_dict": {"loss": 0.15768474343943847, "r2": -0.5867361063391049, "status": "ok", "start_time": 1698884966.639128, "duration": 2.023522138595581}, "current_params": {"N": 500, "iss": 0.892885997800422, "lr": 0.49981993643396744, "ridge": 3.2585212389411373e-07, "seed": 1234, "sr": 0.13073371451589708}}