{"returned_dict": {"loss": 0.15343132249534516, "r2": 0.00157848264477826, "status": "ok", "start_time": 1699170892.904216, "duration": 1.8384740352630615}, "current_params": {"N": 500, "iss": 0.7229931611804811, "lr": 0.02801415255330273, "ridge": 3.8239824132656686e-09, "seed": 1234, "sr": 0.2090196583408564}}