{"returned_dict": {"loss": 0.1764575620877937, "r2": -0.3552022376144648, "status": "ok", "start_time": 1699172345.8438358, "duration": 1.8875782489776611}, "current_params": {"N": 500, "iss": 0.6743270588841205, "lr": 0.0014402248070585332, "ridge": 0.0006137812121664229, "seed": 1234, "sr": 0.3554664959628415}}