{"returned_dict": {"loss": 0.1828222350882116, "r2": 0.3831752812592339, "status": "ok", "start_time": 1699095248.292105, "duration": 2.272473096847534}, "current_params": {"N": 500, "iss": 0.837083721656963, "lr": 0.001117795359631473, "ridge": 1.2852197972507888e-06, "seed": 1234, "sr": 0.01061907053409471}}