{"returned_dict": {"loss": 0.18606562275322835, "r2": -0.2488458139758468, "status": "ok", "start_time": 1699095071.911231, "duration": 1.9226319789886475}, "current_params": {"N": 500, "iss": 0.24236535975373574, "lr": 0.06703300913405115, "ridge": 4.2269285080674205e-08, "seed": 1234, "sr": 2.773816181603311}}