{"returned_dict": {"loss": 0.18215698149362924, "r2": -0.4042100929690558, "status": "ok", "start_time": 1699185030.181231, "duration": 2.151456117630005}, "current_params": {"N": 500, "iss": 0.06016013465638104, "lr": 0.23962511288825833, "ridge": 0.0007949579169258338, "seed": 1234, "sr": 3.416923934914541}}