{"returned_dict": {"loss": 0.19741380045762127, "r2": 0.28446282076395807, "status": "ok", "start_time": 1699176987.994852, "duration": 2.1840999126434326}, "current_params": {"N": 500, "iss": 0.9739479466464522, "lr": 0.0011253563603354569, "ridge": 0.0021883735119396686, "seed": 1234, "sr": 0.04981749804245153}}