{"returned_dict": {"loss": 0.19527864623727287, "r2": -0.3540748701374014, "status": "ok", "start_time": 1699095039.111406, "duration": 1.908268690109253}, "current_params": {"N": 500, "iss": 0.9739479466464522, "lr": 0.0011253563603354569, "ridge": 0.0021883735119396686, "seed": 1234, "sr": 0.04981749804245153}}