{"returned_dict": {"loss": 0.1964462964395205, "r2": -0.20249757360947837, "status": "ok", "start_time": 1699170415.424905, "duration": 1.7872490882873535}, "current_params": {"N": 500, "iss": 0.06016013465638104, "lr": 0.23962511288825833, "ridge": 0.0007949579169258338, "seed": 1234, "sr": 3.416923934914541}}