{"returned_dict": {"loss": 0.19200405250990124, "r2": -0.7274267304142717, "status": "ok", "start_time": 1699175275.896511, "duration": 1.9395580291748047}, "current_params": {"N": 500, "iss": 0.6381446788022263, "lr": 0.011295567117425407, "ridge": 7.933169942060012e-08, "seed": 1234, "sr": 0.20877503732087163}}