{"returned_dict": {"loss": 0.1943397519199964, "r2": -1.384827400700755, "status": "ok", "start_time": 1698883834.661361, "duration": 1.9379141330718994}, "current_params": {"N": 500, "iss": 0.5933563673798359, "lr": 0.8382221591273349, "ridge": 1.1082393000534913e-06, "seed": 1234, "sr": 0.7323231724059845}}