{"returned_dict": {"loss": 0.20843487556200765, "r2": -1.7662796323884133, "status": "ok", "start_time": 1699175851.305368, "duration": 2.0299761295318604}, "current_params": {"N": 500, "iss": 0.8640890518452584, "lr": 0.056175796579322784, "ridge": 8.914132777984633e-07, "seed": 1234, "sr": 1.6346058937885943}}