{"returned_dict": {"loss": 0.2000662762620681, "r2": -0.3495207821526607, "status": "ok", "start_time": 1699096383.714484, "duration": 1.963940143585205}, "current_params": {"N": 500, "iss": 0.006972115376929322, "lr": 0.012836594720886324, "ridge": 1.4561222069260244e-09, "seed": 1234, "sr": 0.7794764412014389}}