{"returned_dict": {"loss": 0.20221971876413217, "r2": -0.2897563303838622, "status": "ok", "start_time": 1699096590.857035, "duration": 1.937089204788208}, "current_params": {"N": 500, "iss": 0.7111875236481379, "lr": 0.014953523366352292, "ridge": 0.003917533648237141, "seed": 1234, "sr": 1.908865762249811}}