{"returned_dict": {"loss": 0.21221366148860465, "r2": -1.5924590089495958, "status": "ok", "start_time": 1698883515.427642, "duration": 1.956650972366333}, "current_params": {"N": 500, "iss": 0.9739479466464522, "lr": 0.0011253563603354569, "ridge": 0.0021883735119396686, "seed": 1234, "sr": 0.04981749804245153}}