{"returned_dict": {"loss": 0.21390301560819094, "r2": -0.7012009674864345, "status": "ok", "start_time": 1699095410.8761501, "duration": 2.6666648387908936}, "current_params": {"N": 500, "iss": 0.5933563673798359, "lr": 0.8382221591273349, "ridge": 1.1082393000534913e-06, "seed": 1234, "sr": 0.7323231724059845}}