{"returned_dict": {"loss": 0.21203225995523037, "r2": 0.17290159532332403, "status": "ok", "start_time": 1699095161.6343548, "duration": 2.1708731651306152}, "current_params": {"N": 500, "iss": 0.13238073196516953, "lr": 0.13864624141183712, "ridge": 5.1447095217047094e-05, "seed": 1234, "sr": 4.997336540870967}}