{"returned_dict": {"loss": 0.21489247556649302, "r2": -1.851187578036581, "status": "ok", "start_time": 1698883513.117888, "duration": 2.3075480461120605}, "current_params": {"N": 500, "iss": 0.8820998106981124, "lr": 0.0018473770505347527, "ridge": 1.8622584812397071e-06, "seed": 1234, "sr": 0.015931944006093716}}