{"returned_dict": {"loss": 0.22708005164912604, "r2": 0.05149722116521923, "status": "ok", "start_time": 1699177077.840825, "duration": 1.8967370986938477}, "current_params": {"N": 500, "iss": 0.06016013465638104, "lr": 0.23962511288825833, "ridge": 0.0007949579169258338, "seed": 1234, "sr": 3.416923934914541}}