{"returned_dict": {"loss": 0.2254068946759041, "r2": -1.965851479787749, "status": "ok", "start_time": 1698883592.728215, "duration": 1.9205451011657715}, "current_params": {"N": 500, "iss": 0.4472250816990909, "lr": 0.001490692182461561, "ridge": 5.456100711555596e-06, "seed": 1234, "sr": 0.01695935124689556}}