{"returned_dict": {"loss": 0.22573216073992095, "r2": 0.06509133011048496, "status": "ok", "start_time": 1699095241.492835, "duration": 2.278870105743408}, "current_params": {"N": 500, "iss": 0.4318098058036459, "lr": 0.012600442759985371, "ridge": 1.4978972663732007e-06, "seed": 1234, "sr": 7.954497739510178}}