{"returned_dict": {"loss": 0.24635606210677877, "r2": -2.770461080513274, "status": "ok", "start_time": 1698883710.4577222, "duration": 1.8876559734344482}, "current_params": {"N": 500, "iss": 0.8493027570387159, "lr": 0.08352474609695261, "ridge": 1.2092867049259064e-08, "seed": 1234, "sr": 0.1521671071513882}}