{"returned_dict": {"loss": 0.25561530903647983, "r2": -1.7626260589173277, "status": "ok", "start_time": 1699172178.4251149, "duration": 1.8310751914978027}, "current_params": {"N": 500, "iss": 0.11994602555379685, "lr": 0.16859893208998253, "ridge": 6.132193847282312e-09, "seed": 1234, "sr": 2.3297993110223385}}