{"returned_dict": {"loss": 0.26917845138890895, "r2": -3.1618315579744753, "status": "ok", "start_time": 1698895484.1209779, "duration": 1.820605993270874}, "current_params": {"N": 500, "iss": 0.32045037207585336, "lr": 0.013663130602244231, "ridge": 5.368010723935917e-07, "seed": 1234, "sr": 2.6411464130177205}}