{"returned_dict": {"loss": 0.269276433843551, "r2": -1.300779588102878, "status": "ok", "start_time": 1699096349.689161, "duration": 1.932539939880371}, "current_params": {"N": 500, "iss": 0.9406587057968023, "lr": 0.02207977188453779, "ridge": 0.0007602478909161272, "seed": 1234, "sr": 6.833596167908428}}