{"returned_dict": {"loss": 0.27605696551196207, "r2": -3.436253167900961, "status": "ok", "start_time": 1698884958.983256, "duration": 1.9043641090393066}, "current_params": {"N": 500, "iss": 0.04455656901228233, "lr": 0.01935540965604909, "ridge": 0.0004870385305496401, "seed": 1234, "sr": 4.425195681471678}}