{"returned_dict": {"loss": 0.2803264141114712, "r2": -1.5036773016658571, "status": "ok", "start_time": 1699096335.6201658, "duration": 1.9560980796813965}, "current_params": {"N": 500, "iss": 0.23643093070326449, "lr": 0.01146759760328504, "ridge": 0.004599990623823179, "seed": 1234, "sr": 2.3610670815355883}}