{"returned_dict": {"loss": 0.29166081649359804, "r2": -1.7017016432264436, "status": "ok", "start_time": 1699096452.954207, "duration": 1.962672233581543}, "current_params": {"N": 500, "iss": 0.4016192513767243, "lr": 0.023565820546423054, "ridge": 0.0009341644724743216, "seed": 1234, "sr": 5.987530745926846}}