{"returned_dict": {"loss": 0.30435435038043984, "r2": -4.703535635546989, "status": "ok", "start_time": 1698884957.047759, "duration": 1.9330220222473145}, "current_params": {"N": 500, "iss": 0.45903012586393255, "lr": 0.008993216326780393, "ridge": 3.098662816361876e-05, "seed": 1234, "sr": 1.038057705082271}}