{"returned_dict": {"loss": 0.31235678859185984, "r2": -23.107033799205322, "status": "ok", "start_time": 1699186168.479848, "duration": 1.8666951656341553}, "current_params": {"N": 500, "iss": 0.13238073196516953, "lr": 0.13864624141183712, "ridge": 5.1447095217047094e-05, "seed": 1234, "sr": 4.997336540870967}}