{"returned_dict": {"loss": 0.3128009991132303, "r2": -3.0273342296088654, "status": "ok", "start_time": 1699095189.8956642, "duration": 2.2675867080688477}, "current_params": {"N": 500, "iss": 0.4497287205163476, "lr": 0.009807938072620976, "ridge": 6.297475344208429e-09, "seed": 1234, "sr": 0.05016138018026818}}