{"returned_dict": {"loss": 0.31579968884772464, "r2": -4.896582757763067, "status": "ok", "start_time": 1698883507.252977, "duration": 1.9975919723510742}, "current_params": {"N": 500, "iss": 0.9547804466890908, "lr": 0.0063822566002939346, "ridge": 1.9445651653381377e-09, "seed": 1234, "sr": 0.012708968625748275}}