{"returned_dict": {"loss": 0.3373538915230762, "r2": -8.563135200989613, "status": "ok", "start_time": 1698883660.7075279, "duration": 2.1402029991149902}, "current_params": {"N": 500, "iss": 0.900126341412187, "lr": 0.6751854428024655, "ridge": 1.6359488069904826e-09, "seed": 1234, "sr": 0.050152765364070276}}