{"returned_dict": {"loss": 0.34354862338793835, "r2": -5.788510131041036, "status": "ok", "start_time": 1698885084.7068748, "duration": 2.11030912399292}, "current_params": {"N": 500, "iss": 0.9907096740516865, "lr": 0.011152501138346385, "ridge": 4.549840392506736e-07, "seed": 1234, "sr": 1.4037266612887527}}