{"returned_dict": {"loss": 0.34930548867150213, "r2": -3.4411610468924, "status": "ok", "start_time": 1699096592.797645, "duration": 1.954103946685791}, "current_params": {"N": 500, "iss": 0.5345246533740329, "lr": 0.0016821487193693313, "ridge": 8.527242136552148e-08, "seed": 1234, "sr": 0.016130653781102525}}