{"returned_dict": {"loss": 0.35475476327069133, "r2": -2.982519700305948, "status": "ok", "start_time": 1699170453.497858, "duration": 1.9264888763427734}, "current_params": {"N": 500, "iss": 0.9232478994758182, "lr": 0.001009158010588956, "ridge": 8.318524365251139e-07, "seed": 1234, "sr": 0.07326940168674866}}