{"returned_dict": {"loss": 0.36695933805167485, "r2": -6.95949678998858, "status": "ok", "start_time": 1698895353.7299032, "duration": 1.8688807487487793}, "current_params": {"N": 500, "iss": 0.14796761127746416, "lr": 0.0013818551895319936, "ridge": 1.9194269720339747e-07, "seed": 1234, "sr": 0.5693766752526698}}