{"returned_dict": {"loss": 0.37184342666485287, "r2": -4.341300664536316, "status": "ok", "start_time": 1699095180.867019, "duration": 2.26535701751709}, "current_params": {"N": 500, "iss": 0.8328177066055172, "lr": 0.026162881037661297, "ridge": 3.0656276565905996e-07, "seed": 1234, "sr": 2.3820731800209316}}