{"returned_dict": {"loss": 0.38328073756231107, "r2": -5.255738527129096, "status": "ok", "start_time": 1699175157.5640068, "duration": 1.8804311752319336}, "current_params": {"N": 500, "iss": 0.5743858512665214, "lr": 0.0025679857977144393, "ridge": 1.9388590294899276e-08, "seed": 1234, "sr": 0.015217119086357022}}