{"returned_dict": {"loss": 0.4096452772283139, "r2": -41.97117398619944, "status": "ok", "start_time": 1699186225.627472, "duration": 1.7850360870361328}, "current_params": {"N": 500, "iss": 0.28766435081673314, "lr": 0.0012105913148246156, "ridge": 1.9057127432713242e-07, "seed": 1234, "sr": 0.07964860203040938}}