{"returned_dict": {"loss": 0.42577761766451633, "r2": -5.92469084698692, "status": "ok", "start_time": 1699095375.7815108, "duration": 2.5266733169555664}, "current_params": {"N": 500, "iss": 0.26089228108771545, "lr": 0.004924674001327178, "ridge": 2.381485979423505e-09, "seed": 1234, "sr": 0.28962112677540436}}