{"returned_dict": {"loss": 0.4200983102121581, "r2": -9.603913733418073, "status": "ok", "start_time": 1698883630.068853, "duration": 2.0120511054992676}, "current_params": {"N": 500, "iss": 0.029495943205165465, "lr": 0.015679192953865242, "ridge": 3.171371461069988e-05, "seed": 1234, "sr": 7.78867384430367}}