{"returned_dict": {"loss": 0.4206415059701598, "r2": -8.086093824961276, "status": "ok", "start_time": 1699173949.617579, "duration": 2.6626739501953125}, "current_params": {"N": 500, "iss": 0.006972115376929322, "lr": 0.012836594720886324, "ridge": 1.4561222069260244e-09, "seed": 1234, "sr": 0.7794764412014389}}