{"returned_dict": {"loss": 0.43432830839635267, "r2": -45.58616055688595, "status": "ok", "start_time": 1699187002.7204008, "duration": 2.1918492317199707}, "current_params": {"N": 500, "iss": 0.26089228108771545, "lr": 0.004924674001327178, "ridge": 2.381485979423505e-09, "seed": 1234, "sr": 0.28962112677540436}}