{"returned_dict": {"loss": 0.43618698413158796, "r2": -11.521843622181068, "status": "ok", "start_time": 1698883700.830196, "duration": 2.005342960357666}, "current_params": {"N": 500, "iss": 0.5743858512665214, "lr": 0.0025679857977144393, "ridge": 1.9388590294899276e-08, "seed": 1234, "sr": 0.015217119086357022}}