{"returned_dict": {"loss": 0.44683615070732224, "r2": -2.6874954060035523, "status": "ok", "start_time": 1699095489.3167958, "duration": 1.8963372707366943}, "current_params": {"N": 500, "iss": 0.6743270588841205, "lr": 0.0014402248070585332, "ridge": 0.0006137812121664229, "seed": 1234, "sr": 0.3554664959628415}}