{"returned_dict": {"loss": 0.4652990210480123, "r2": -25.84918560536177, "status": "ok", "start_time": 1698883628.0727592, "duration": 1.9936130046844482}, "current_params": {"N": 500, "iss": 0.14796761127746416, "lr": 0.0013818551895319936, "ridge": 1.9194269720339747e-07, "seed": 1234, "sr": 0.5693766752526698}}