{"returned_dict": {"loss": 0.4724759658786412, "r2": -12.080074411812282, "status": "ok", "start_time": 1698884888.082452, "duration": 1.9803187847137451}, "current_params": {"N": 500, "iss": 0.9547804466890908, "lr": 0.0063822566002939346, "ridge": 1.9445651653381377e-09, "seed": 1234, "sr": 0.012708968625748275}}