{"returned_dict": {"loss": 0.5110754983590012, "r2": -5.108077122014973, "status": "ok", "start_time": 1699095131.7073212, "duration": 2.234109878540039}, "current_params": {"N": 500, "iss": 0.33486009438808095, "lr": 0.004100650502354604, "ridge": 0.008206547427376674, "seed": 1234, "sr": 4.224184001973293}}