{"returned_dict": {"loss": 0.5331088031292763, "r2": -18.9511021363782, "status": "ok", "start_time": 1698883662.8500328, "duration": 2.185652256011963}, "current_params": {"N": 500, "iss": 0.6871632474113247, "lr": 0.0033668417829176823, "ridge": 3.836716623456785e-09, "seed": 1234, "sr": 0.10594870634350116}}