{"returned_dict": {"loss": 0.5490122550034086, "r2": -10.876012062150068, "status": "ok", "start_time": 1699095041.02234, "duration": 1.9066009521484375}, "current_params": {"N": 500, "iss": 0.33486009438808095, "lr": 0.004100650502354604, "ridge": 0.008206547427376674, "seed": 1234, "sr": 4.224184001973293}}