{"returned_dict": {"loss": 0.56324339132466, "r2": -21.728302855664193, "status": "ok", "start_time": 1698888751.907307, "duration": 1.7244439125061035}, "current_params": {"N": 500, "iss": 0.26089228108771545, "lr": 0.004924674001327178, "ridge": 2.381485979423505e-09, "seed": 1234, "sr": 0.28962112677540436}}