{"returned_dict": {"loss": 0.5624794623931225, "r2": -9.937588948999576, "status": "ok", "start_time": 1699096262.277697, "duration": 1.971510887145996}, "current_params": {"N": 500, "iss": 0.49797044830105386, "lr": 0.005473899359991359, "ridge": 0.009737952859572229, "seed": 1234, "sr": 4.574545330611019}}