{"returned_dict": {"loss": 0.563619136059678, "r2": -8.959615259179307, "status": "ok", "start_time": 1699096290.032903, "duration": 1.9514548778533936}, "current_params": {"N": 500, "iss": 0.04455656901228233, "lr": 0.01935540965604909, "ridge": 0.0004870385305496401, "seed": 1234, "sr": 4.425195681471678}}