{"returned_dict": {"loss": 0.6201333693982115, "r2": -11.521915047545972, "status": "ok", "start_time": 1699096313.887161, "duration": 1.9460868835449219}, "current_params": {"N": 500, "iss": 0.8564670839009341, "lr": 0.004666278320192311, "ridge": 0.0005245567335623266, "seed": 1234, "sr": 9.019468988959579}}