{"returned_dict": {"loss": 0.6286801137955802, "r2": -22.34808037613549, "status": "ok", "start_time": 1698885030.929462, "duration": 1.840095043182373}, "current_params": {"N": 500, "iss": 0.9232478994758182, "lr": 0.001009158010588956, "ridge": 8.318524365251139e-07, "seed": 1234, "sr": 0.07326940168674866}}