{"returned_dict": {"loss": 0.6710611041945578, "r2": -13.19197734724301, "status": "ok", "start_time": 1699096206.03013, "duration": 1.9745478630065918}, "current_params": {"N": 500, "iss": 0.34611859763450203, "lr": 0.0072789537441323385, "ridge": 4.7480197822394035e-09, "seed": 1234, "sr": 0.3226348405474758}}