{"returned_dict": {"loss": 0.680080816113266, "r2": -14.048259811282792, "status": "ok", "start_time": 1699096274.08296, "duration": 1.930044174194336}, "current_params": {"N": 500, "iss": 0.8967736623178844, "lr": 0.1298405957476471, "ridge": 9.418213809531775e-09, "seed": 1234, "sr": 0.3105316802728771}}