{"returned_dict": {"loss": 0.7085838555122604, "r2": -22.365513868996263, "status": "ok", "start_time": 1699170691.684278, "duration": 1.9019761085510254}, "current_params": {"N": 500, "iss": 0.9232478994758182, "lr": 0.001009158010588956, "ridge": 8.318524365251139e-07, "seed": 1234, "sr": 0.07326940168674866}}