{"returned_dict": {"loss": 0.717552604612413, "r2": -18.671422363051224, "status": "ok", "start_time": 1699095021.314093, "duration": 2.018612861633301}, "current_params": {"N": 500, "iss": 0.7231479244442287, "lr": 0.021175330384294096, "ridge": 1.3401973668525895e-08, "seed": 1234, "sr": 1.8373084854604944}}