{"returned_dict": {"loss": 0.715361705762242, "r2": -21.790443993635595, "status": "ok", "start_time": 1699185521.823741, "duration": 2.2045650482177734}, "current_params": {"N": 500, "iss": 0.45903012586393255, "lr": 0.008993216326780393, "ridge": 3.098662816361876e-05, "seed": 1234, "sr": 1.038057705082271}}