{"returned_dict": {"loss": 0.797758243077467, "r2": -37.165763209230384, "status": "ok", "start_time": 1698884931.95776, "duration": 2.0266568660736084}, "current_params": {"N": 500, "iss": 0.49797044830105386, "lr": 0.005473899359991359, "ridge": 0.009737952859572229, "seed": 1234, "sr": 4.574545330611019}}