{"returned_dict": {"loss": 0.8421195054635687, "r2": -24.52965621880017, "status": "ok", "start_time": 1699095316.7692869, "duration": 2.6296329498291016}, "current_params": {"N": 500, "iss": 0.32045037207585336, "lr": 0.013663130602244231, "ridge": 5.368010723935917e-07, "seed": 1234, "sr": 2.6411464130177205}}