{"returned_dict": {"loss": 0.8706698141402945, "r2": -28.522179076167898, "status": "ok", "start_time": 1699095201.259726, "duration": 2.3522260189056396}, "current_params": {"N": 500, "iss": 0.6871632474113247, "lr": 0.0033668417829176823, "ridge": 3.836716623456785e-09, "seed": 1234, "sr": 0.10594870634350116}}