{"returned_dict": {"loss": 0.8810903496842405, "r2": -159.03791067219592, "status": "ok", "start_time": 1699187014.4102862, "duration": 1.842533826828003}, "current_params": {"N": 500, "iss": 0.9492310760856882, "lr": 0.03448518184164638, "ridge": 1.082471644281706e-09, "seed": 1234, "sr": 0.7476653587619372}}