{"returned_dict": {"loss": 0.9249730389456832, "r2": -16.014029816796086, "status": "ok", "start_time": 1699095266.676256, "duration": 2.2780890464782715}, "current_params": {"N": 500, "iss": 0.43901115116076694, "lr": 0.003493503890213215, "ridge": 1.2096638409130587e-06, "seed": 1234, "sr": 5.1267595669393975}}