{"returned_dict": {"loss": 0.9206762333486832, "r2": -35.61201623790571, "status": "ok", "start_time": 1699095257.747377, "duration": 2.2183289527893066}, "current_params": {"N": 500, "iss": 0.9907096740516865, "lr": 0.011152501138346385, "ridge": 4.549840392506736e-07, "seed": 1234, "sr": 1.4037266612887527}}