{"returned_dict": {"loss": 0.9959566552718959, "r2": -35.13934607875759, "status": "ok", "start_time": 1698380924.251762, "duration": 1.8602700233459473}, "current_params": {"N": 500, "iss": 0.14796761127746416, "lr": 0.0013818551895319936, "ridge": 1.9194269720339747e-07, "seed": 1234, "sr": 0.5693766752526698}}