{"returned_dict": {"loss": 1.0393888498684125, "r2": -60.58294138123275, "status": "ok", "start_time": 1698888776.4454389, "duration": 1.7999529838562012}, "current_params": {"N": 500, "iss": 0.550070835811614, "lr": 0.005273335540171085, "ridge": 5.04991308123115e-09, "seed": 1234, "sr": 0.39936841111501603}}