{"returned_dict": {"loss": 1.0386680592133812, "r2": -37.241882320388484, "status": "ok", "start_time": 1699095150.302038, "duration": 2.4087162017822266}, "current_params": {"N": 500, "iss": 0.8899024118416428, "lr": 0.029602141041308122, "ridge": 2.7583086552332414e-08, "seed": 1234, "sr": 3.998119826570731}}