{"returned_dict": {"loss": 1.059180254452283, "r2": -49.86602450853585, "status": "ok", "start_time": 1699185446.653833, "duration": 1.8728420734405518}, "current_params": {"N": 500, "iss": 0.869355916285306, "lr": 0.0017588986916506517, "ridge": 0.009525997633827816, "seed": 1234, "sr": 1.2509379966926149}}