{"returned_dict": {"loss": 1.1158899628545635, "r2": -70.11575749186706, "status": "ok", "start_time": 1698895326.943359, "duration": 1.8291070461273193}, "current_params": {"N": 500, "iss": 0.8564670839009341, "lr": 0.004666278320192311, "ridge": 0.0005245567335623266, "seed": 1234, "sr": 9.019468988959579}}