{"returned_dict": {"loss": 1.1300338226836548, "r2": -37.61079977204675, "status": "ok", "start_time": 1699184124.542232, "duration": 1.81834077835083}, "current_params": {"N": 500, "iss": 0.27955000672950736, "lr": 0.050891035673396985, "ridge": 6.92305207076248e-05, "seed": 1234, "sr": 9.903672418680925}}