{"returned_dict": {"loss": 1.1380798503393434, "r2": -53.71302005946878, "status": "ok", "start_time": 1699172252.2008991, "duration": 1.8003249168395996}, "current_params": {"N": 500, "iss": 0.18619565979686425, "lr": 0.06289522081324313, "ridge": 2.6051918706653142e-08, "seed": 1234, "sr": 7.227207099998132}}