{"returned_dict": {"loss": 1.202264356178193, "r2": -58.98860716602936, "status": "ok", "start_time": 1699238824.828696, "duration": 1.7994990348815918}, "current_params": {"N": 500, "iss": 0.34711880645906334, "lr": 0.0017068361591199817, "ridge": 1.2839800042841107e-06, "seed": 1234, "sr": 0.7839491567314942}}