{"returned_dict": {"loss": 1.608462474467948, "r2": -68.45372099412087, "status": "ok", "start_time": 1699180472.257065, "duration": 1.872222900390625}, "current_params": {"N": 500, "iss": 0.7111875236481379, "lr": 0.014953523366352292, "ridge": 0.003917533648237141, "seed": 1234, "sr": 1.908865762249811}}