{"returned_dict": {"loss": 1.6108016444675748, "r2": -111.12570498001548, "status": "ok", "start_time": 1699174134.177768, "duration": 1.944784164428711}, "current_params": {"N": 500, "iss": 0.8097531217575742, "lr": 0.04708253287367831, "ridge": 9.2648288823008e-08, "seed": 1234, "sr": 7.231920572306449}}