{"returned_dict": {"loss": 1.7520635457471807, "r2": -273.8597171649691, "status": "ok", "start_time": 1698883757.563301, "duration": 1.8571510314941406}, "current_params": {"N": 500, "iss": 0.15855990557256594, "lr": 0.0013530394390112253, "ridge": 3.771243674444087e-05, "seed": 1234, "sr": 1.2072384196976096}}