{"returned_dict": {"loss": 1.901739824090698, "r2": -117.23226016706741, "status": "ok", "start_time": 1699096502.515748, "duration": 2.0239150524139404}, "current_params": {"N": 500, "iss": 0.4825309396306763, "lr": 0.0026215829905024274, "ridge": 1.3617902397367888e-09, "seed": 1234, "sr": 0.30993658351244163}}