{"returned_dict": {"loss": 1.9975517287910958, "r2": -1220.7957895805312, "status": "ok", "start_time": 1699186399.70626, "duration": 1.7966499328613281}, "current_params": {"N": 500, "iss": 0.4825309396306763, "lr": 0.0026215829905024274, "ridge": 1.3617902397367888e-09, "seed": 1234, "sr": 0.30993658351244163}}