{"returned_dict": {"loss": 10.108361661010578, "r2": -6067.574893961308, "status": "ok", "start_time": 1698883772.658526, "duration": 1.8618559837341309}, "current_params": {"N": 500, "iss": 0.007930380864134223, "lr": 0.010013001344096634, "ridge": 6.670195090070217e-06, "seed": 1234, "sr": 3.180379394013653}}