{"returned_dict": {"loss": 10.219702211218593, "r2": -2205.5669977908187, "status": "ok", "start_time": 1699177657.623178, "duration": 1.7332689762115479}, "current_params": {"N": 500, "iss": 0.04455656901228233, "lr": 0.01935540965604909, "ridge": 0.0004870385305496401, "seed": 1234, "sr": 4.425195681471678}}