{"returned_dict": {"loss": 11.16513111971188, "r2": -4582.155009332278, "status": "ok", "start_time": 1699170507.2783098, "duration": 1.8908941745758057}, "current_params": {"N": 500, "iss": 0.9907096740516865, "lr": 0.011152501138346385, "ridge": 4.549840392506736e-07, "seed": 1234, "sr": 1.4037266612887527}}