{"returned_dict": {"loss": 12.071512230302277, "r2": -5508.083967961963, "status": "ok", "start_time": 1699184272.5073102, "duration": 1.855963945388794}, "current_params": {"N": 500, "iss": 0.5813661769352256, "lr": 0.0010387024872592213, "ridge": 4.333630514338604e-07, "seed": 1234, "sr": 1.0616387878921083}}