{"returned_dict": {"loss": 12.452700779909913, "r2": -39384.77174869119, "status": "ok", "start_time": 1699186223.74295, "duration": 1.8788158893585205}, "current_params": {"N": 500, "iss": 0.8564670839009341, "lr": 0.004666278320192311, "ridge": 0.0005245567335623266, "seed": 1234, "sr": 9.019468988959579}}