{"returned_dict": {"loss": 1228.8633946806021, "r2": -372936199.0161514, "status": "ok", "start_time": 1699186766.782279, "duration": 2.058129072189331}, "current_params": {"N": 500, "iss": 0.6659350740516974, "lr": 0.0068663941226196155, "ridge": 8.704077638470982e-09, "seed": 1234, "sr": 2.2553242781758827}}