{"returned_dict": {"loss": 13.68921821698124, "r2": -5547.298929175871, "status": "ok", "start_time": 1698380931.8050401, "duration": 1.9027307033538818}, "current_params": {"N": 500, "iss": 0.9406587057968023, "lr": 0.02207977188453779, "ridge": 0.0007602478909161272, "seed": 1234, "sr": 6.833596167908428}}