{"returned_dict": {"loss": 1331.8515343458496, "r2": -79699059.34634764, "status": "ok", "start_time": 1699239059.793618, "duration": 1.8601250648498535}, "current_params": {"N": 500, "iss": 0.8468296018182028, "lr": 0.0016562209632395857, "ridge": 7.687566626413539e-08, "seed": 1234, "sr": 6.091700405214507}}