{"returned_dict": {"loss": 1371.3213870180155, "r2": -39208820.79013287, "status": "ok", "start_time": 1699184686.741076, "duration": 2.362773895263672}, "current_params": {"N": 500, "iss": 0.4234539619306149, "lr": 0.001055234755253992, "ridge": 2.7873687266175076e-08, "seed": 1234, "sr": 6.700381333753658}}