{"returned_dict": {"loss": 14.004031362495168, "r2": -5736.133111861404, "status": "ok", "start_time": 1698381034.414786, "duration": 1.920125961303711}, "current_params": {"N": 500, "iss": 0.4016192513767243, "lr": 0.023565820546423054, "ridge": 0.0009341644724743216, "seed": 1234, "sr": 5.987530745926846}}