{"returned_dict": {"loss": 145.66615565562768, "r2": -587607.548277531, "status": "ok", "start_time": 1699183182.762518, "duration": 1.9684569835662842}, "current_params": {"N": 500, "iss": 0.5164119610315949, "lr": 0.005362066549925435, "ridge": 5.41731973139421e-08, "seed": 1234, "sr": 1.7053539993996638}}