{"returned_dict": {"loss": 15.427825032948993, "r2": -10315.688477806985, "status": "ok", "start_time": 1698381014.3247108, "duration": 2.031574010848999}, "current_params": {"N": 500, "iss": 0.4503628369957513, "lr": 0.03709140133925175, "ridge": 2.6234435504939386e-09, "seed": 1234, "sr": 1.665278509291293}}