{"returned_dict": {"loss": 15.666687606381172, "r2": -8094.03603054944, "status": "ok", "start_time": 1698382699.07427, "duration": 1.9796490669250488}, "current_params": {"N": 500, "iss": 0.8383160999911431, "lr": 0.023226759313516834, "ridge": 8.81560223051062e-07, "seed": 1234, "sr": 1.7986325141052368}}