{"returned_dict": {"loss": 16.14148533403827, "r2": -8293.473646664586, "status": "ok", "start_time": 1699096399.37645, "duration": 1.96297287940979}, "current_params": {"N": 500, "iss": 0.15399984759321084, "lr": 0.0019431745080725833, "ridge": 6.149769328825335e-07, "seed": 1234, "sr": 8.323301293667457}}