{"returned_dict": {"loss": 161.90454662171314, "r2": -5517663.014455824, "status": "ok", "start_time": 1699186811.316983, "duration": 1.7685699462890625}, "current_params": {"N": 500, "iss": 0.4318098058036459, "lr": 0.012600442759985371, "ridge": 1.4978972663732007e-06, "seed": 1234, "sr": 7.954497739510178}}