{"returned_dict": {"loss": 1679.8442531632015, "r2": -90840606.08926803, "status": "ok", "start_time": 1699184785.5815601, "duration": 2.4117729663848877}, "current_params": {"N": 500, "iss": 0.14075425983870582, "lr": 0.004542545207344772, "ridge": 1.7619615210880348e-09, "seed": 1234, "sr": 9.335710032985542}}