{"returned_dict": {"loss": 18.3399634182143, "r2": -12123.010732578507, "status": "ok", "start_time": 1699095226.140358, "duration": 2.249108076095581}, "current_params": {"N": 500, "iss": 0.5813661769352256, "lr": 0.0010387024872592213, "ridge": 4.333630514338604e-07, "seed": 1234, "sr": 1.0616387878921083}}