{"returned_dict": {"loss": 1981.5025254059074, "r2": -84131964.0614048, "status": "ok", "start_time": 1699177878.297677, "duration": 1.8122828006744385}, "current_params": {"N": 500, "iss": 0.14075425983870582, "lr": 0.004542545207344772, "ridge": 1.7619615210880348e-09, "seed": 1234, "sr": 9.335710032985542}}