{"returned_dict": {"loss": 2.0243800988986105, "r2": -273.70681215038445, "status": "ok", "start_time": 1698895357.617988, "duration": 1.9520959854125977}, "current_params": {"N": 500, "iss": 0.43901115116076694, "lr": 0.003493503890213215, "ridge": 1.2096638409130587e-06, "seed": 1234, "sr": 5.1267595669393975}}