{"returned_dict": {"loss": 2.0348973468846907, "r2": -160.24949960214113, "status": "ok", "start_time": 1699095127.449574, "duration": 2.3614938259124756}, "current_params": {"N": 500, "iss": 0.6217356289422551, "lr": 0.0029999570595545273, "ridge": 1.822408392802496e-08, "seed": 1234, "sr": 0.38114750465916947}}