{"returned_dict": {"loss": 2.050214885013867, "r2": -82.93608200117, "status": "ok", "start_time": 1699183003.189219, "duration": 1.8977220058441162}, "current_params": {"N": 500, "iss": 0.24236535975373574, "lr": 0.06703300913405115, "ridge": 4.2269285080674205e-08, "seed": 1234, "sr": 2.773816181603311}}