{"returned_dict": {"loss": 2.2548173731478225, "r2": -159.02578946558006, "status": "ok", "start_time": 1699096357.7657769, "duration": 1.9891083240509033}, "current_params": {"N": 500, "iss": 0.8328177066055172, "lr": 0.026162881037661297, "ridge": 3.0656276565905996e-07, "seed": 1234, "sr": 2.3820731800209316}}