{"returned_dict": {"loss": 2.3293599667018525, "r2": -1381.4244443492018, "status": "ok", "start_time": 1699186481.902278, "duration": 1.8444759845733643}, "current_params": {"N": 500, "iss": 0.7111875236481379, "lr": 0.014953523366352292, "ridge": 0.003917533648237141, "seed": 1234, "sr": 1.908865762249811}}