{"returned_dict": {"loss": 2.5485359241931818, "r2": -209.60320615066675, "status": "ok", "start_time": 1699184705.172249, "duration": 3.3658969402313232}, "current_params": {"N": 500, "iss": 0.15855990557256594, "lr": 0.0013530394390112253, "ridge": 3.771243674444087e-05, "seed": 1234, "sr": 1.2072384196976096}}