{"returned_dict": {"loss": 200.37442561317746, "r2": -807073.7660668291, "status": "ok", "start_time": 1699181922.5649002, "duration": 1.8524479866027832}, "current_params": {"N": 500, "iss": 0.43901115116076694, "lr": 0.003493503890213215, "ridge": 1.2096638409130587e-06, "seed": 1234, "sr": 5.1267595669393975}}