{"returned_dict": {"loss": 2037.9739724348783, "r2": -167164564.8668954, "status": "ok", "start_time": 1698381170.3983371, "duration": 1.8684709072113037}, "current_params": {"N": 500, "iss": 0.5797760318934376, "lr": 0.001358642199806875, "ridge": 3.1927648709671725e-08, "seed": 1234, "sr": 4.0906546305123515}}