{"returned_dict": {"loss": 21.253640418744208, "r2": -9415.770564789485, "status": "ok", "start_time": 1699177718.7629519, "duration": 1.7721171379089355}, "current_params": {"N": 500, "iss": 0.8328177066055172, "lr": 0.026162881037661297, "ridge": 3.0656276565905996e-07, "seed": 1234, "sr": 2.3820731800209316}}