{"returned_dict": {"loss": 213.5018091414557, "r2": -1389223.3048861139, "status": "ok", "start_time": 1699184299.6673322, "duration": 2.172757863998413}, "current_params": {"N": 500, "iss": 0.8275692027406062, "lr": 0.00921134174257873, "ridge": 7.465489217273001e-08, "seed": 1234, "sr": 2.9579435824398614}}