{"returned_dict": {"loss": 2215.103836560928, "r2": -100009823.82442148, "status": "ok", "start_time": 1699184840.306578, "duration": 2.35942006111145}, "current_params": {"N": 500, "iss": 0.14075425983870582, "lr": 0.004542545207344772, "ridge": 1.7619615210880348e-09, "seed": 1234, "sr": 9.335710032985542}}