{"returned_dict": {"loss": 235.25723342827152, "r2": -2641324.0685266345, "status": "ok", "start_time": 1699175170.7318962, "duration": 1.8789238929748535}, "current_params": {"N": 500, "iss": 0.8275692027406062, "lr": 0.00921134174257873, "ridge": 7.465489217273001e-08, "seed": 1234, "sr": 2.9579435824398614}}