{"returned_dict": {"loss": 241.13125836854294, "r2": -16253953.053542452, "status": "ok", "start_time": 1699186926.045391, "duration": 1.8891348838806152}, "current_params": {"N": 500, "iss": 0.5164119610315949, "lr": 0.005362066549925435, "ridge": 5.41731973139421e-08, "seed": 1234, "sr": 1.7053539993996638}}