{"returned_dict": {"loss": 26.14896240252541, "r2": -42541.923567164085, "status": "ok", "start_time": 1699175543.411733, "duration": 1.9056189060211182}, "current_params": {"N": 500, "iss": 0.30780459889893874, "lr": 0.0020629649586181636, "ridge": 1.807451674082109e-05, "seed": 1234, "sr": 2.2042634577971216}}