{"returned_dict": {"loss": 26.755694550164037, "r2": -14791.978348797124, "status": "ok", "start_time": 1699181802.082439, "duration": 1.9518680572509766}, "current_params": {"N": 500, "iss": 0.30780459889893874, "lr": 0.0020629649586181636, "ridge": 1.807451674082109e-05, "seed": 1234, "sr": 2.2042634577971216}}