{"returned_dict": {"loss": 2625.450484898491, "r2": -284493276.84159166, "status": "ok", "start_time": 1698383665.034325, "duration": 2.2304840087890625}, "current_params": {"N": 500, "iss": 0.4234539619306149, "lr": 0.001055234755253992, "ridge": 2.7873687266175076e-08, "seed": 1234, "sr": 6.700381333753658}}