{"returned_dict": {"loss": 27.868598225113857, "r2": -24633.174698371688, "status": "ok", "start_time": 1698383709.2810082, "duration": 2.0427117347717285}, "current_params": {"N": 500, "iss": 0.35464883466252195, "lr": 0.02580145195828277, "ridge": 7.502821787034914e-05, "seed": 1234, "sr": 3.1162051286367416}}