{"returned_dict": {"loss": 3.8795805551999165, "r2": -486.40599582311506, "status": "ok", "start_time": 1698383471.793328, "duration": 2.0824978351593018}, "current_params": {"N": 500, "iss": 0.27955000672950736, "lr": 0.050891035673396985, "ridge": 6.92305207076248e-05, "seed": 1234, "sr": 9.903672418680925}}