{"returned_dict": {"loss": 315.98586500951296, "r2": -3503585.605934436, "status": "ok", "start_time": 1698383635.30499, "duration": 1.9944570064544678}, "current_params": {"N": 500, "iss": 0.10204618018844569, "lr": 0.0022976484367460367, "ridge": 6.435132499791384e-09, "seed": 1234, "sr": 1.1658340735577972}}