{"returned_dict": {"loss": 34.27621103801746, "r2": -25495.413783113454, "status": "ok", "start_time": 1699181994.9493032, "duration": 1.898918867111206}, "current_params": {"N": 500, "iss": 0.5806915954693277, "lr": 0.005250222770550053, "ridge": 9.454792365744235e-05, "seed": 1234, "sr": 2.6286963019006704}}