{"returned_dict": {"loss": 343.1543600423902, "r2": -3584103.332728762, "status": "ok", "start_time": 1698381791.868257, "duration": 2.0375308990478516}, "current_params": {"N": 500, "iss": 0.8275692027406062, "lr": 0.00921134174257873, "ridge": 7.465489217273001e-08, "seed": 1234, "sr": 2.9579435824398614}}