{"returned_dict": {"loss": 382.9320177352402, "r2": -3145624.9241081043, "status": "ok", "start_time": 1699184699.50108, "duration": 3.796665906906128}, "current_params": {"N": 500, "iss": 0.8275692027406062, "lr": 0.00921134174257873, "ridge": 7.465489217273001e-08, "seed": 1234, "sr": 2.9579435824398614}}