{"returned_dict": {"loss": 39.91898765686937, "r2": -328747.453788956, "status": "ok", "start_time": 1699186754.9064362, "duration": 1.926292896270752}, "current_params": {"N": 500, "iss": 0.10821341880663882, "lr": 0.04203563441395582, "ridge": 7.954624964810484e-07, "seed": 1234, "sr": 3.6652347285793745}}