{"returned_dict": {"loss": 4.141841577822747, "r2": -513.4438666067498, "status": "ok", "start_time": 1699184550.480614, "duration": 2.3744418621063232}, "current_params": {"N": 500, "iss": 0.9581135333425491, "lr": 0.026802233205999445, "ridge": 0.0008696490633638283, "seed": 1234, "sr": 2.8424339478368448}}