{"returned_dict": {"loss": 4.641844719106632, "r2": -741.8354298159487, "status": "ok", "start_time": 1699096397.442793, "duration": 1.9303910732269287}, "current_params": {"N": 500, "iss": 0.5813661769352256, "lr": 0.0010387024872592213, "ridge": 4.333630514338604e-07, "seed": 1234, "sr": 1.0616387878921083}}