{"returned_dict": {"loss": 4.915455051049317, "r2": -705.3705983840459, "status": "ok", "start_time": 1698381144.629348, "duration": 2.1394288539886475}, "current_params": {"N": 500, "iss": 0.8097531217575742, "lr": 0.04708253287367831, "ridge": 9.2648288823008e-08, "seed": 1234, "sr": 7.231920572306449}}