{"returned_dict": {"loss": 4.970693568848513, "r2": -966.4755404901683, "status": "ok", "start_time": 1699095228.392444, "duration": 2.3200292587280273}, "current_params": {"N": 500, "iss": 0.15399984759321084, "lr": 0.0019431745080725833, "ridge": 6.149769328825335e-07, "seed": 1234, "sr": 8.323301293667457}}