{"returned_dict": {"loss": 43.01999902315442, "r2": -56136.71888848907, "status": "ok", "start_time": 1699184204.78609, "duration": 1.8719360828399658}, "current_params": {"N": 500, "iss": 0.4318098058036459, "lr": 0.012600442759985371, "ridge": 1.4978972663732007e-06, "seed": 1234, "sr": 7.954497739510178}}