{"returned_dict": {"loss": 444.2877531961636, "r2": -12445479.736473484, "status": "ok", "start_time": 1699175598.450607, "duration": 2.00223708152771}, "current_params": {"N": 500, "iss": 0.6659350740516974, "lr": 0.0068663941226196155, "ridge": 8.704077638470982e-09, "seed": 1234, "sr": 2.2553242781758827}}