{"returned_dict": {"loss": 455.18657707356505, "r2": -6262454.776506535, "status": "ok", "start_time": 1698381966.689176, "duration": 2.0335559844970703}, "current_params": {"N": 500, "iss": 0.43901115116076694, "lr": 0.003493503890213215, "ridge": 1.2096638409130587e-06, "seed": 1234, "sr": 5.1267595669393975}}