{"returned_dict": {"loss": 46.07006320384536, "r2": -623891.1253931868, "status": "ok", "start_time": 1699186218.1937559, "duration": 1.8116819858551025}, "current_params": {"N": 500, "iss": 0.8383160999911431, "lr": 0.023226759313516834, "ridge": 8.81560223051062e-07, "seed": 1234, "sr": 1.7986325141052368}}