{"returned_dict": {"loss": 46.22232432956412, "r2": -72222.75805549088, "status": "ok", "start_time": 1698381785.972099, "duration": 1.885990858078003}, "current_params": {"N": 500, "iss": 0.5806915954693277, "lr": 0.005250222770550053, "ridge": 9.454792365744235e-05, "seed": 1234, "sr": 2.6286963019006704}}