{"returned_dict": {"loss": 471.99343664526367, "r2": -6767648.656285028, "status": "ok", "start_time": 1699177756.422689, "duration": 1.7843410968780518}, "current_params": {"N": 500, "iss": 0.15399984759321084, "lr": 0.0019431745080725833, "ridge": 6.149769328825335e-07, "seed": 1234, "sr": 8.323301293667457}}