{"returned_dict": {"loss": 48.823474544513516, "r2": -72529.1321031032, "status": "ok", "start_time": 1698381692.4324632, "duration": 1.843061923980713}, "current_params": {"N": 500, "iss": 0.8899024118416428, "lr": 0.029602141041308122, "ridge": 2.7583086552332414e-08, "seed": 1234, "sr": 3.998119826570731}}