{"returned_dict": {"loss": 5.231265572128433, "r2": -1113.5379391304257, "status": "ok", "start_time": 1699095079.810928, "duration": 1.9494538307189941}, "current_params": {"N": 500, "iss": 0.34711880645906334, "lr": 0.0017068361591199817, "ridge": 1.2839800042841107e-06, "seed": 1234, "sr": 0.7839491567314942}}