{"returned_dict": {"loss": 5.400951476512617, "r2": -572.3892215898046, "status": "ok", "start_time": 1699177259.228456, "duration": 1.8586180210113525}, "current_params": {"N": 500, "iss": 0.8468296018182028, "lr": 0.0016562209632395857, "ridge": 7.687566626413539e-08, "seed": 1234, "sr": 6.091700405214507}}