{"returned_dict": {"loss": 5.457247139685914, "r2": -947.4052750215859, "status": "ok", "start_time": 1699096331.580757, "duration": 2.0772292613983154}, "current_params": {"N": 500, "iss": 0.8899024118416428, "lr": 0.029602141041308122, "ridge": 2.7583086552332414e-08, "seed": 1234, "sr": 3.998119826570731}}