{"returned_dict": {"loss": 51.838871789592964, "r2": -67152.43739322391, "status": "ok", "start_time": 1699177747.410232, "duration": 1.7599248886108398}, "current_params": {"N": 500, "iss": 0.10204618018844569, "lr": 0.0022976484367460367, "ridge": 6.435132499791384e-09, "seed": 1234, "sr": 1.1658340735577972}}