{"returned_dict": {"loss": 55.739611451434996, "r2": -1059721.7599524695, "status": "ok", "start_time": 1699186873.90465, "duration": 1.782715082168579}, "current_params": {"N": 500, "iss": 0.10204618018844569, "lr": 0.0022976484367460367, "ridge": 6.435132499791384e-09, "seed": 1234, "sr": 1.1658340735577972}}