{"returned_dict": {"loss": 56.23249545242029, "r2": -95691.16964288999, "status": "ok", "start_time": 1698380805.6227908, "duration": 1.9861540794372559}, "current_params": {"N": 500, "iss": 0.30780459889893874, "lr": 0.0020629649586181636, "ridge": 1.807451674082109e-05, "seed": 1234, "sr": 2.2042634577971216}}