{"returned_dict": {"loss": 57.21147687589064, "r2": -65558.15997943097, "status": "ok", "start_time": 1699183254.349967, "duration": 1.9872488975524902}, "current_params": {"N": 500, "iss": 0.6029258260507978, "lr": 0.012445144152847186, "ridge": 2.3571184655130715e-07, "seed": 1234, "sr": 9.272462266637495}}