{"returned_dict": {"loss": 58.75582668981158, "r2": -70364.09984183336, "status": "ok", "start_time": 1699177688.276522, "duration": 1.7946441173553467}, "current_params": {"N": 500, "iss": 0.4318098058036459, "lr": 0.012600442759985371, "ridge": 1.4978972663732007e-06, "seed": 1234, "sr": 7.954497739510178}}