{"returned_dict": {"loss": 6.319993143424035, "r2": -1783.8936481355113, "status": "ok", "start_time": 1699096220.113238, "duration": 2.108942985534668}, "current_params": {"N": 500, "iss": 0.30780459889893874, "lr": 0.0020629649586181636, "ridge": 1.807451674082109e-05, "seed": 1234, "sr": 2.2042634577971216}}