{"returned_dict": {"loss": 61.99079986748459, "r2": -131287.0517602825, "status": "ok", "start_time": 1699184618.075082, "duration": 2.3629889488220215}, "current_params": {"N": 500, "iss": 0.41480029454318923, "lr": 0.005647264982798819, "ridge": 3.627252116587822e-06, "seed": 1234, "sr": 2.1198068680338693}}