{"returned_dict": {"loss": 634.3496382876618, "r2": -11870613.703056978, "status": "ok", "start_time": 1698382021.323681, "duration": 1.9674818515777588}, "current_params": {"N": 500, "iss": 0.15399984759321084, "lr": 0.0019431745080725833, "ridge": 6.149769328825335e-07, "seed": 1234, "sr": 8.323301293667457}}