{"returned_dict": {"loss": 66.66582907020175, "r2": -142033.98162826363, "status": "ok", "start_time": 1698381562.2740512, "duration": 2.103394031524658}, "current_params": {"N": 500, "iss": 0.7231479244442287, "lr": 0.021175330384294096, "ridge": 1.3401973668525895e-08, "seed": 1234, "sr": 1.8373084854604944}}