{"returned_dict": {"loss": 67.04138792246788, "r2": -90869.7194476936, "status": "ok", "start_time": 1699177824.507169, "duration": 1.7589309215545654}, "current_params": {"N": 500, "iss": 0.32045037207585336, "lr": 0.013663130602244231, "ridge": 5.368010723935917e-07, "seed": 1234, "sr": 2.6411464130177205}}