{"returned_dict": {"loss": 671.9485869458044, "r2": -24641401.068956297, "status": "ok", "start_time": 1699185222.279147, "duration": 1.8562572002410889}, "current_params": {"N": 500, "iss": 0.8468296018182028, "lr": 0.0016562209632395857, "ridge": 7.687566626413539e-08, "seed": 1234, "sr": 6.091700405214507}}