{"returned_dict": {"loss": 7.248365227525177, "r2": -1644.678589186932, "status": "ok", "start_time": 1698381878.836923, "duration": 1.956775188446045}, "current_params": {"N": 500, "iss": 0.49797044830105386, "lr": 0.005473899359991359, "ridge": 0.009737952859572229, "seed": 1234, "sr": 4.574545330611019}}