{"returned_dict": {"loss": 7.982220810559213, "r2": -2815.471366921485, "status": "ok", "start_time": 1699184937.039901, "duration": 1.8991551399230957}, "current_params": {"N": 500, "iss": 0.33486009438808095, "lr": 0.004100650502354604, "ridge": 0.008206547427376674, "seed": 1234, "sr": 4.224184001973293}}