{"returned_dict": {"loss": 73.02183308937964, "r2": -236248.9485909714, "status": "ok", "start_time": 1699172144.650767, "duration": 1.8001658916473389}, "current_params": {"N": 500, "iss": 0.4318098058036459, "lr": 0.012600442759985371, "ridge": 1.4978972663732007e-06, "seed": 1234, "sr": 7.954497739510178}}