{"returned_dict": {"loss": 79.02016735216415, "r2": -131296.50895193758, "status": "ok", "start_time": 1699183213.18635, "duration": 1.943650722503662}, "current_params": {"N": 500, "iss": 0.32045037207585336, "lr": 0.013663130602244231, "ridge": 5.368010723935917e-07, "seed": 1234, "sr": 2.6411464130177205}}