{"returned_dict": {"loss": 8.318898769880827, "r2": -2380.779903906402, "status": "ok", "start_time": 1699238887.875181, "duration": 1.8096699714660645}, "current_params": {"N": 500, "iss": 0.23643093070326449, "lr": 0.01146759760328504, "ridge": 0.004599990623823179, "seed": 1234, "sr": 2.3610670815355883}}