{"returned_dict": {"loss": 819.7822138650657, "r2": -39861524.82063483, "status": "ok", "start_time": 1699174476.850375, "duration": 1.802751064300537}, "current_params": {"N": 500, "iss": 0.6659350740516974, "lr": 0.0068663941226196155, "ridge": 8.704077638470982e-09, "seed": 1234, "sr": 2.2553242781758827}}