{"returned_dict": {"loss": 9.266118590935696, "r2": -4002.791702984919, "status": "ok", "start_time": 1699185659.977561, "duration": 1.8195199966430664}, "current_params": {"N": 500, "iss": 0.4503628369957513, "lr": 0.03709140133925175, "ridge": 2.6234435504939386e-09, "seed": 1234, "sr": 1.665278509291293}}