{"returned_dict": {"loss": 9.839695145298835, "r2": -5724.879573134885, "status": "ok", "start_time": 1698888720.1821709, "duration": 1.7009069919586182}, "current_params": {"N": 500, "iss": 0.007930380864134223, "lr": 0.010013001344096634, "ridge": 6.670195090070217e-06, "seed": 1234, "sr": 3.180379394013653}}