{"returned_dict": {"loss": 900.5120146506255, "r2": -26700138.42140013, "status": "ok", "start_time": 1698381099.804524, "duration": 2.065474033355713}, "current_params": {"N": 500, "iss": 0.8468296018182028, "lr": 0.0016562209632395857, "ridge": 7.687566626413539e-08, "seed": 1234, "sr": 6.091700405214507}}