{"returned_dict": {"loss": 938.3221672659719, "r2": -37444373.40540575, "status": "ok", "start_time": 1699170738.2519271, "duration": 1.8921558856964111}, "current_params": {"N": 500, "iss": 0.4234539619306149, "lr": 0.001055234755253992, "ridge": 2.7873687266175076e-08, "seed": 1234, "sr": 6.700381333753658}}