{"returned_dict": {"loss": 94.44757288111651, "r2": -2443336.2927014735, "status": "ok", "start_time": 1699186844.151407, "duration": 1.8028349876403809}, "current_params": {"N": 500, "iss": 0.8328177066055172, "lr": 0.026162881037661297, "ridge": 3.0656276565905996e-07, "seed": 1234, "sr": 2.3820731800209316}}