{"returned_dict": {"loss": 97.52561995367795, "r2": -193270.62444600137, "status": "ok", "start_time": 1699180451.735174, "duration": 1.864866018295288}, "current_params": {"N": 500, "iss": 0.7444485210599292, "lr": 0.0020459627481612115, "ridge": 1.674497026534218e-08, "seed": 1234, "sr": 1.182082887824895}}