{"returned_dict": {"loss": 0.008711018045981282, "r2": 0.9967914128714094, "status": "ok", "start_time": 1701085046.104161, "duration": 4.202892065048218}, "current_params": {"N": 500, "iss": 0.19717528305351514, "lr": 0.9881983019474678, "ridge": 3.0067541907260515e-05, "seed": 5555, "sr": 0.07375847237222523}}