{"returned_dict": {"loss": 0.0037493069521376634, "r2": 0.9993967621294266, "status": "ok", "start_time": 1701083876.862476, "duration": 4.163007974624634}, "current_params": {"N": 500, "iss": 0.12559305918129143, "lr": 0.7832513743356733, "ridge": 5.815879736737447e-07, "seed": 5555, "sr": 0.1506712941348417}}