{"returned_dict": {"loss": 0.0029437253765914745, "r2": 0.9996346234710249, "status": "ok", "start_time": 1701084093.636907, "duration": 4.131916046142578}, "current_params": {"N": 500, "iss": 0.04582752476063738, "lr": 0.22678086478961867, "ridge": 1.3497719631826004e-05, "seed": 5555, "sr": 0.45339933141175054}}