{"returned_dict": {"loss": 0.009755767438960653, "r2": 0.9959872003165673, "status": "ok", "start_time": 1701084456.016507, "duration": 4.163222074508667}, "current_params": {"N": 500, "iss": 0.0017176107581609859, "lr": 0.3613643571587253, "ridge": 6.860820470078488e-06, "seed": 5555, "sr": 0.2157642979190592}}