{"returned_dict": {"loss": 0.007988028953994626, "r2": 0.9973071209235168, "status": "ok", "start_time": 1701084529.992429, "duration": 4.415782928466797}, "current_params": {"N": 500, "iss": 0.26053639643921456, "lr": 0.3284324907043338, "ridge": 2.2585532611404457e-06, "seed": 5555, "sr": 0.13421354600110855}}