{"returned_dict": {"loss": 0.0025572656173663507, "r2": 0.9997240504544326, "status": "ok", "start_time": 1701084498.793966, "duration": 4.2900660037994385}, "current_params": {"N": 500, "iss": 0.06765871640568834, "lr": 0.6326250023740468, "ridge": 2.0758624097704385e-06, "seed": 5555, "sr": 0.12385057230798825}}