{"returned_dict": {"loss": 0.004149859254372612, "r2": 0.9992733147167899, "status": "ok", "start_time": 1701084878.8551161, "duration": 4.1390767097473145}, "current_params": {"N": 500, "iss": 0.00889688694759454, "lr": 0.7662443537993953, "ridge": 1.6231542164325057e-06, "seed": 5555, "sr": 0.1327913238259339}}