{"returned_dict": {"loss": 0.0032225227894223996, "r2": 0.9995347237132678, "status": "ok", "start_time": 1701084363.524283, "duration": 4.183732271194458}, "current_params": {"N": 500, "iss": 0.019572883406321587, "lr": 0.5741541588410278, "ridge": 1.1001843749605932e-07, "seed": 5555, "sr": 0.09867568713630473}}