{"returned_dict": {"loss": 0.0028336663113963634, "r2": 0.9996607140456154, "status": "ok", "start_time": 1701083897.6983008, "duration": 4.140677213668823}, "current_params": {"N": 500, "iss": 0.06670983245047903, "lr": 0.48230428633324524, "ridge": 1.074251763891712e-06, "seed": 5555, "sr": 0.030836490890283303}}