{"returned_dict": {"loss": 0.0031558164856007463, "r2": 0.9995801619190335, "status": "ok", "start_time": 1701084705.372315, "duration": 4.386314868927002}, "current_params": {"N": 500, "iss": 0.08915535258126064, "lr": 0.3626167259104594, "ridge": 0.001659968607621584, "seed": 5555, "sr": 0.2921218128605485}}