{"returned_dict": {"loss": 0.008025349817617497, "r2": 0.9969809371473567, "status": "ok", "start_time": 1701085083.4707258, "duration": 802.0867033004761}, "current_params": {"N": 500, "iss": 0.2259853513636388, "lr": 0.5446873927840543, "ridge": 6.665560902363685e-08, "seed": 5555, "sr": 0.15989973318658499}}