{"returned_dict": {"loss": 0.005490105373311432, "r2": 0.9987130282776443, "status": "ok", "start_time": 1701085885.564249, "duration": 4.764082908630371}, "current_params": {"N": 500, "iss": 0.18184551058537218, "lr": 0.22543476337390922, "ridge": 0.0015943465130366108, "seed": 5555, "sr": 0.40127096842924004}}