{"returned_dict": {"loss": 0.004086297571704836, "r2": 0.9992960365884375, "status": "ok", "start_time": 1701084443.360049, "duration": 4.20931077003479}, "current_params": {"N": 500, "iss": 0.07451626665860178, "lr": 0.46119737387049337, "ridge": 0.00012326748488778683, "seed": 5555, "sr": 0.018350830951392377}}