{"returned_dict": {"loss": 0.00263676755234726, "r2": 0.9997066371494793, "status": "ok", "start_time": 1701084624.450996, "duration": 4.20423698425293}, "current_params": {"N": 500, "iss": 0.021431559576147275, "lr": 0.9988643569772112, "ridge": 5.462462418784062e-07, "seed": 5555, "sr": 0.20085764610942125}}