{"returned_dict": {"loss": 0.004763947158539463, "r2": 0.9990418238434096, "status": "ok", "start_time": 1701083960.21104, "duration": 4.137512922286987}, "current_params": {"N": 500, "iss": 0.05744210012519704, "lr": 0.15108278262096364, "ridge": 3.971901201267619e-06, "seed": 5555, "sr": 0.12520635592546153}}