{"returned_dict": {"loss": 0.009507253104660985, "r2": 0.9960840409169384, "status": "ok", "start_time": 1701084615.8606021, "duration": 4.276597023010254}, "current_params": {"N": 500, "iss": 0.1198194424767462, "lr": 0.4323053887315603, "ridge": 7.163712750085363e-09, "seed": 5555, "sr": 0.5584992448304287}}