{"returned_dict": {"loss": 0.0028003283071785824, "r2": 0.9996694334315114, "status": "ok", "start_time": 1701084845.069794, "duration": 4.142180919647217}, "current_params": {"N": 500, "iss": 0.09839136843950037, "lr": 0.5196201010992049, "ridge": 0.0005912288076005043, "seed": 5555, "sr": 0.29833646122997826}}