{"returned_dict": {"loss": 0.004972716612061243, "r2": 0.9989568731566633, "status": "ok", "start_time": 1701084777.296374, "duration": 4.198343753814697}, "current_params": {"N": 500, "iss": 0.11437974830834367, "lr": 0.18768287637439035, "ridge": 0.00035853485639670895, "seed": 5555, "sr": 0.1549394370320073}}