{"returned_dict": {"loss": 0.00882965437877797, "r2": 0.9966900646929512, "status": "ok", "start_time": 1701083893.523478, "duration": 4.169423818588257}, "current_params": {"N": 500, "iss": 0.28214701176662393, "lr": 0.5559041100216173, "ridge": 8.118631434706684e-06, "seed": 5555, "sr": 0.39718639847030995}}