{"returned_dict": {"loss": 0.0027760403378673175, "r2": 0.9996750160914889, "status": "ok", "start_time": 1701084857.96, "duration": 4.17948579788208}, "current_params": {"N": 500, "iss": 0.043715191817595644, "lr": 0.5690368759285986, "ridge": 1.14324090613291e-06, "seed": 5555, "sr": 0.04911445479684806}}