{"returned_dict": {"loss": 0.00809585343449361, "r2": 0.9972357826660657, "status": "ok", "start_time": 1701084464.419926, "duration": 4.185370206832886}, "current_params": {"N": 500, "iss": 0.1644385703630053, "lr": 0.18438527574391453, "ridge": 6.58414182713013e-05, "seed": 5555, "sr": 0.03908750135397399}}