{"returned_dict": {"loss": 0.0194205444116409, "r2": 0.984099935399204, "status": "ok", "start_time": 1701084460.186053, "duration": 4.227458953857422}, "current_params": {"N": 500, "iss": 0.3389336566099645, "lr": 0.9552109476136459, "ridge": 8.682573656376759e-05, "seed": 5555, "sr": 0.07054181086545339}}