{"returned_dict": {"loss": 0.015245178858479846, "r2": 0.9900774666098265, "status": "ok", "start_time": 1701084802.57709, "duration": 4.229410171508789}, "current_params": {"N": 500, "iss": 0.18945230603841282, "lr": 0.06425440307519942, "ridge": 1.1425922898780755e-05, "seed": 5555, "sr": 0.7155006990367188}}