{"returned_dict": {"loss": 0.018660795074166975, "r2": 0.984959912938213, "status": "ok", "start_time": 1701084590.331114, "duration": 4.2692179679870605}, "current_params": {"N": 500, "iss": 0.4729378266555551, "lr": 0.17651517516797371, "ridge": 3.51948172786885e-07, "seed": 5555, "sr": 0.2679735905819092}}