{"returned_dict": {"loss": 0.012708276890800623, "r2": 0.9931489810881832, "status": "ok", "start_time": 1701084747.859185, "duration": 4.268013000488281}, "current_params": {"N": 500, "iss": 0.32898416356031357, "lr": 0.12548971948202856, "ridge": 0.00045449124373888293, "seed": 5555, "sr": 0.41342582740391226}}