{"returned_dict": {"loss": 0.011019250935516896, "r2": 0.9948719923927372, "status": "ok", "start_time": 1701084521.156248, "duration": 4.425369739532471}, "current_params": {"N": 500, "iss": 0.21500157630136646, "lr": 0.9948364829583498, "ridge": 4.340067135472274e-07, "seed": 5555, "sr": 0.016997112208985476}}