{"returned_dict": {"loss": 0.011351977681375495, "r2": 0.9939685220190545, "status": "ok", "start_time": 1701084581.6740322, "duration": 4.380727767944336}, "current_params": {"N": 500, "iss": 0.23695548088691876, "lr": 0.1170225486768332, "ridge": 5.676270533890184e-06, "seed": 5555, "sr": 0.3594946146895683}}