{"returned_dict": {"loss": 0.01292988004917022, "r2": 0.9929529228819519, "status": "ok", "start_time": 1701084068.600256, "duration": 4.164138078689575}, "current_params": {"N": 500, "iss": 0.26727964417793176, "lr": 0.8639021292179265, "ridge": 2.108097098266079e-08, "seed": 5555, "sr": 0.014204371923805114}}