{"returned_dict": {"loss": 0.029046154089525184, "r2": 0.9644198620476341, "status": "ok", "start_time": 1701084718.30145, "duration": 4.202908992767334}, "current_params": {"N": 500, "iss": 0.6553616888680207, "lr": 0.6908697980562569, "ridge": 0.00012861453024127107, "seed": 5555, "sr": 0.09037465697322751}}