{"returned_dict": {"loss": 0.020283401870799737, "r2": 0.9826429844456874, "status": "ok", "start_time": 1701087541.595583, "duration": 4.36709189414978}, "current_params": {"N": 500, "iss": 0.7998696379454184, "lr": 0.5647334568058888, "ridge": 1.801137988009881e-05, "seed": 5555, "sr": 0.4383558251945043}}