{"returned_dict": {"loss": 0.025457134320705514, "r2": 0.9726808412265129, "status": "ok", "start_time": 1701084853.4028559, "duration": 4.548940181732178}, "current_params": {"N": 500, "iss": 0.7459585850229997, "lr": 0.42043498520567724, "ridge": 1.8610654953994593e-05, "seed": 5555, "sr": 0.08202209987455611}}