{"returned_dict": {"loss": 0.02007569353258617, "r2": 0.9830068242800616, "status": "ok", "start_time": 1701084849.2193139, "duration": 4.176199197769165}, "current_params": {"N": 500, "iss": 0.4474919866510127, "lr": 0.8731649171173803, "ridge": 4.0457969256836476e-05, "seed": 5555, "sr": 0.14866998929797848}}