{"returned_dict": {"loss": 0.022692616234577908, "r2": 0.9782777745117129, "status": "ok", "start_time": 1701083968.555577, "duration": 4.152590990066528}, "current_params": {"N": 500, "iss": 0.7973137468210177, "lr": 0.32661658047069, "ridge": 0.0001977686774803257, "seed": 5555, "sr": 1.053296084765872}}