{"returned_dict": {"loss": 0.03160715361075578, "r2": 0.9578828102380386, "status": "ok", "start_time": 1701083956.022154, "duration": 4.183685779571533}, "current_params": {"N": 500, "iss": 0.6398437520532063, "lr": 0.9640254462485217, "ridge": 9.841578159091303e-06, "seed": 5555, "sr": 0.06172988082766013}}