{"returned_dict": {"loss": 0.036131466825202234, "r2": 0.944966594987701, "status": "ok", "start_time": 1701084198.734543, "duration": 4.439990043640137}, "current_params": {"N": 500, "iss": 0.8316553603357837, "lr": 0.07975703748783278, "ridge": 4.2952263099118367e-07, "seed": 5555, "sr": 0.020467220825665933}}