{"returned_dict": {"loss": 0.030509949926511987, "r2": 0.9607615518332802, "status": "ok", "start_time": 1701083935.219808, "duration": 4.164411783218384}, "current_params": {"N": 500, "iss": 0.7856621297926292, "lr": 0.37502110389578, "ridge": 1.2887166060418431e-06, "seed": 5555, "sr": 0.02216013553756987}}