{"returned_dict": {"loss": 0.033977999570330736, "r2": 0.9513262659204414, "status": "ok", "start_time": 1701084477.011411, "duration": 4.189179182052612}, "current_params": {"N": 500, "iss": 0.8315416586110709, "lr": 0.5190619073782946, "ridge": 3.61111789356823e-06, "seed": 5555, "sr": 0.02445570442596644}}