{"returned_dict": {"loss": 0.054332526247536254, "r2": 0.8748315148073242, "status": "ok", "start_time": 1701084001.9279401, "duration": 4.137240886688232}, "current_params": {"N": 500, "iss": 0.0291517223416372, "lr": 0.0164135053935394, "ridge": 0.000117188060895457, "seed": 5555, "sr": 0.010552727639934954}}