{"returned_dict": {"loss": 0.0889760196839104, "r2": 0.6660249123084808, "status": "ok", "start_time": 1701085015.289103, "duration": 30.808202028274536}, "current_params": {"N": 500, "iss": 0.13134233106250395, "lr": 0.2027140186041908, "ridge": 3.938354809506178e-08, "seed": 5555, "sr": 4.96644331827836}}