{"returned_dict": {"loss": 0.09308037375642714, "r2": 0.6347450289315689, "status": "ok", "start_time": 1701083847.670984, "duration": 4.1436450481414795}, "current_params": {"N": 500, "iss": 0.4171626881853736, "lr": 0.002422315386294973, "ridge": 0.0008891693515095883, "seed": 5555, "sr": 0.0544052294998603}}