{"returned_dict": {"loss": 0.6212013050521034, "r2": -15.531115455476197, "status": "ok", "start_time": 1701083788.9595032, "duration": 4.172953844070435}, "current_params": {"N": 500, "iss": 0.34611859763450203, "lr": 0.0072789537441323385, "ridge": 4.7480197822394035e-09, "seed": 5555, "sr": 0.3226348405474758}}