{"returned_dict": {"loss": 0.6944504535607985, "r2": -20.1645438972428, "status": "ok", "start_time": 1701084688.307093, "duration": 4.222628116607666}, "current_params": {"N": 500, "iss": 0.8403917198925153, "lr": 0.002113923879547315, "ridge": 3.488813148567028e-09, "seed": 5555, "sr": 0.14854183615169614}}