{"returned_dict": {"loss": 1.6139888864140683, "r2": -115.33591793150374, "status": "ok", "start_time": 1701083793.134809, "duration": 4.168578863143921}, "current_params": {"N": 500, "iss": 0.7231479244442287, "lr": 0.021175330384294096, "ridge": 1.3401973668525895e-08, "seed": 5555, "sr": 1.8373084854604944}}