{"returned_dict": {"loss": 1.6943806238828902, "r2": -125.71548361747784, "status": "ok", "start_time": 1701083805.673855, "duration": 4.141403913497925}, "current_params": {"N": 500, "iss": 0.5734609694174653, "lr": 0.0014528929731718976, "ridge": 0.0002509953774283313, "seed": 5555, "sr": 1.4787515437601555}}