{"returned_dict": {"loss": 0.0002027111880511075, "r2": 0.9999991884861662, "status": "ok", "start_time": 1699366802.637791, "duration": 4.7584710121154785}, "current_params": {"N": 500, "iss": 0.3753069435292018, "lr": 0.14684610291088665, "ridge": 1.1598652159348575e-08, "seed": 5555, "sr": 1.0993945835225667}}