{"returned_dict": {"loss": 0.003080200484955274, "r2": 0.9997863738529581, "status": "ok", "start_time": 1699367847.877555, "duration": 6.115769147872925}, "current_params": {"N": 500, "iss": 0.19174694607930243, "lr": 0.26170469884206, "ridge": 6.234732381296662e-07, "seed": 5555, "sr": 0.036918677414819426}}