{"returned_dict": {"loss": 5.0812787946098806e-06, "r2": 0.9999999993701744, "status": "ok", "start_time": 1699367930.957633, "duration": 4.717605829238892}, "current_params": {"N": 500, "iss": 0.0847552772285739, "lr": 0.4589596869564032, "ridge": 4.843985123099407e-09, "seed": 5555, "sr": 0.8361142665850508}}