{"returned_dict": {"loss": 0.008571717991605192, "r2": 0.9984967111029638, "status": "ok", "start_time": 1699367463.587129, "duration": 4.525806903839111}, "current_params": {"N": 500, "iss": 0.26089228108771545, "lr": 0.004924674001327178, "ridge": 2.381485979423505e-09, "seed": 5555, "sr": 0.28962112677540436}}