{"returned_dict": {"loss": 0.0049550520565306636, "r2": 0.9994411041608272, "status": "ok", "start_time": 1699366858.116958, "duration": 4.437576055526733}, "current_params": {"N": 500, "iss": 0.12355157400567263, "lr": 0.35065431611638176, "ridge": 0.00016882662561943463, "seed": 5555, "sr": 0.011739026780685318}}