{"returned_dict": {"loss": 0.003381569014460408, "r2": 0.9997728237133102, "status": "ok", "start_time": 1699368079.796447, "duration": 5.828848838806152}, "current_params": {"N": 500, "iss": 0.49061527406246297, "lr": 0.030652330086062815, "ridge": 3.5337775929777197e-07, "seed": 5555, "sr": 1.0194846770896522}}