{"returned_dict": {"loss": 0.005738789204602145, "r2": 0.9993399635991539, "status": "ok", "start_time": 1699367124.889426, "duration": 4.450423955917358}, "current_params": {"N": 500, "iss": 0.3991084746243321, "lr": 0.2279250676188654, "ridge": 3.316996532799217e-06, "seed": 5555, "sr": 0.13048071254874868}}