{"returned_dict": {"loss": 0.015501559412864565, "r2": 0.9947943966390796, "status": "ok", "start_time": 1699367106.723995, "duration": 4.60821008682251}, "current_params": {"N": 500, "iss": 0.900126341412187, "lr": 0.6751854428024655, "ridge": 1.6359488069904826e-09, "seed": 5555, "sr": 0.050152765364070276}}