{"returned_dict": {"loss": 0.01775948581583768, "r2": 0.9937939035446242, "status": "ok", "start_time": 1699367496.612483, "duration": 4.779197931289673}, "current_params": {"N": 500, "iss": 0.6381446788022263, "lr": 0.011295567117425407, "ridge": 7.933169942060012e-08, "seed": 5555, "sr": 0.20877503732087163}}