{"returned_dict": {"loss": 0.01737457251587318, "r2": 0.9940593250421575, "status": "ok", "start_time": 1699367592.944057, "duration": 4.591294050216675}, "current_params": {"N": 500, "iss": 0.3829699328467736, "lr": 0.026695530015763223, "ridge": 3.993947976599462e-07, "seed": 5555, "sr": 0.013649509767262393}}