{"returned_dict": {"loss": 0.012114874647395366, "r2": 0.9970871915039262, "status": "ok", "start_time": 1699368007.7233431, "duration": 4.75079083442688}, "current_params": {"N": 500, "iss": 0.00805239993196094, "lr": 0.09308548117509573, "ridge": 9.467790039590398e-07, "seed": 5555, "sr": 0.14315916370205659}}