{"returned_dict": {"loss": 0.02326622036401943, "r2": 0.9893451055211063, "status": "ok", "start_time": 1699367740.626776, "duration": 4.856938123703003}, "current_params": {"N": 500, "iss": 0.9306903868255004, "lr": 0.043857026135082675, "ridge": 2.7332611790101043e-09, "seed": 5555, "sr": 0.011633704719195411}}