{"returned_dict": {"loss": 0.03491674545871335, "r2": 0.9760361980228258, "status": "ok", "start_time": 1699368085.627341, "duration": 5.262701749801636}, "current_params": {"N": 500, "iss": 0.6585538742012977, "lr": 0.2767485225240802, "ridge": 4.149058538627783e-08, "seed": 5555, "sr": 4.747787753734965}}