{"returned_dict": {"loss": 0.03719219174937512, "r2": 0.9728281811937035, "status": "ok", "start_time": 1699366750.511078, "duration": 5.416783094406128}, "current_params": {"N": 500, "iss": 0.9547804466890908, "lr": 0.0063822566002939346, "ridge": 1.9445651653381377e-09, "seed": 5555, "sr": 0.012708968625748275}}