{"returned_dict": {"loss": 0.031667518515926835, "r2": 0.9802333764779384, "status": "ok", "start_time": 1699367969.571209, "duration": 5.079653024673462}, "current_params": {"N": 500, "iss": 0.34784834720632674, "lr": 0.0065466241047420414, "ridge": 1.3175671301952922e-06, "seed": 5555, "sr": 0.03305651438207593}}