{"returned_dict": {"loss": 0.04091681316383241, "r2": 0.9671096562161976, "status": "ok", "start_time": 1699367332.2960289, "duration": 4.614141941070557}, "current_params": {"N": 500, "iss": 0.735910449821011, "lr": 0.03687802163588743, "ridge": 0.0019711206562567562, "seed": 5555, "sr": 0.04328771757628488}}