{"returned_dict": {"loss": 0.04790317566394692, "r2": 0.9549226173725197, "status": "ok", "start_time": 1699368054.249526, "duration": 4.958199977874756}, "current_params": {"N": 500, "iss": 0.8241918978333055, "lr": 0.0033233220461256173, "ridge": 3.2132442628432337e-07, "seed": 5555, "sr": 0.06972118576109074}}