{"returned_dict": {"loss": 0.05401262094422979, "r2": 0.9426493143747168, "status": "ok", "start_time": 1699367683.875455, "duration": 4.518825054168701}, "current_params": {"N": 500, "iss": 0.41745527655661896, "lr": 0.25423839502357554, "ridge": 5.832702826308837e-07, "seed": 5555, "sr": 5.574834337795087}}