{"returned_dict": {"loss": 0.050920191234886496, "r2": 0.9489472641576092, "status": "ok", "start_time": 1699366898.9489338, "duration": 4.442229986190796}, "current_params": {"N": 500, "iss": 0.4363515860498989, "lr": 0.0016156588507471406, "ridge": 3.474547834739471e-08, "seed": 5555, "sr": 0.03073430140568509}}