{"returned_dict": {"loss": 0.05826281294077242, "r2": 0.9327566877712683, "status": "ok", "start_time": 1699367779.030325, "duration": 4.461787939071655}, "current_params": {"N": 500, "iss": 0.40087365467255454, "lr": 0.0022413456835949823, "ridge": 0.0007606578273399531, "seed": 5555, "sr": 0.1778361712259913}}