{"returned_dict": {"loss": 0.07483013167157991, "r2": 0.8896399099560742, "status": "ok", "start_time": 1699367822.7485209, "duration": 5.4517152309417725}, "current_params": {"N": 500, "iss": 0.9829453946027653, "lr": 0.006469194761786962, "ridge": 0.0011207490766304085, "seed": 5555, "sr": 0.04948724588873851}}