{"returned_dict": {"loss": 0.07768480924557354, "r2": 0.8807574993265824, "status": "ok", "start_time": 1699368106.088213, "duration": 4.973529100418091}, "current_params": {"N": 500, "iss": 0.7929673298415693, "lr": 0.005087030064230837, "ridge": 0.0018442519204838299, "seed": 5555, "sr": 0.013255408707761393}}