{"returned_dict": {"loss": 0.07238669148619256, "r2": 0.8961029571426521, "status": "ok", "start_time": 1699367097.850494, "duration": 4.435744047164917}, "current_params": {"N": 500, "iss": 0.5323854646527727, "lr": 0.003573156992234659, "ridge": 0.0008903885178857998, "seed": 5555, "sr": 0.015928787718820343}}