{"returned_dict": {"loss": 0.7351392342398059, "r2": -9.623713366622507, "status": "ok", "start_time": 1699367012.393386, "duration": 4.475265026092529}, "current_params": {"N": 500, "iss": 0.8899024118416428, "lr": 0.029602141041308122, "ridge": 2.7583086552332414e-08, "seed": 5555, "sr": 3.998119826570731}}