{"returned_dict": {"loss": 196.40148894272383, "r2": -828877.9414002727, "status": "ok", "start_time": 1699367988.478882, "duration": 4.789433717727661}, "current_params": {"N": 500, "iss": 0.31576646360760907, "lr": 0.004256033099586216, "ridge": 5.554917376940043e-09, "seed": 5555, "sr": 7.203312860152165}}