{"returned_dict": {"loss": 3.8836866285154237, "r2": -295.37644651489086, "status": "ok", "start_time": 1699367869.106573, "duration": 5.1565468311309814}, "current_params": {"N": 500, "iss": 0.07068567350214916, "lr": 0.024674137771081867, "ridge": 0.0010581654568244973, "seed": 5555, "sr": 7.040789457597891}}