{"returned_dict": {"loss": 4.8328372715484145, "r2": -461.40677866507275, "status": "ok", "start_time": 1699367267.836601, "duration": 4.383405923843384}, "current_params": {"N": 500, "iss": 0.09111729583113959, "lr": 0.019364061327381353, "ridge": 2.8302701017808404e-08, "seed": 5555, "sr": 6.7303288800603305}}