{"returned_dict": {"loss": 953.1660985141949, "r2": -19366062.901979934, "status": "ok", "start_time": 1699367902.191136, "duration": 4.555867910385132}, "current_params": {"N": 500, "iss": 0.9585452110142985, "lr": 0.002061965156656183, "ridge": 1.4601286801574157e-09, "seed": 5555, "sr": 4.728906376183974}}