{"returned_dict": {"loss": 0.022647506367189967, "r2": 0.970517378361024, "status": "ok", "start_time": 1699235106.769119, "duration": 1.945857048034668}, "current_params": {"N": 500, "iss": 0.9547804466890908, "lr": 0.0063822566002939346, "ridge": 1.9445651653381377e-09, "seed": 1234, "sr": 0.012708968625748275}}