{"returned_dict": {"loss": 0.04249800009683058, "r2": 0.9640174048608809, "status": "ok", "start_time": 1699191980.861912, "duration": 1.8553647994995117}, "current_params": {"N": 500, "iss": 0.9526407636866457, "lr": 0.03942187518677715, "ridge": 0.00016087888046694687, "seed": 1234, "sr": 0.03600276409094316}}