{"returned_dict": {"loss": 0.04647922680986232, "r2": 0.956944390570336, "status": "ok", "start_time": 1699192001.171387, "duration": 1.8532400131225586}, "current_params": {"N": 500, "iss": 0.35807336738969764, "lr": 0.8619303140116904, "ridge": 1.0115479045381332e-07, "seed": 1234, "sr": 4.881086179748358}}