{"returned_dict": {"loss": 0.18437901097130963, "r2": 0.29705074311999924, "status": "ok", "start_time": 1699192046.2201548, "duration": 1.9363632202148438}, "current_params": {"N": 500, "iss": 0.36454979801819787, "lr": 0.001817436335305465, "ridge": 1.2856827057907244e-05, "seed": 1234, "sr": 0.5391304566113871}}