{"returned_dict": {"loss": 28.470735381543534, "r2": -22126.95928855117, "status": "ok", "start_time": 1699192408.709674, "duration": 1.3719990253448486}, "current_params": {"N": 500, "iss": 0.7231479244442287, "lr": 0.021175330384294096, "ridge": 1.3401973668525895e-08, "seed": 1234, "sr": 1.8373084854604944}}