{"returned_dict": {"loss": 4.44307565768285, "r2": -514.4754116248374, "status": "ok", "start_time": 1699192412.658377, "duration": 1.295083999633789}, "current_params": {"N": 500, "iss": 0.5734609694174653, "lr": 0.0014528929731718976, "ridge": 0.0002509953774283313, "seed": 1234, "sr": 1.4787515437601555}}