{"returned_dict": {"loss": 6.266595318012004, "r2": -839.3733548554677, "status": "ok", "start_time": 1699191973.448889, "duration": 1.8238930702209473}, "current_params": {"N": 500, "iss": 0.4016192513767243, "lr": 0.023565820546423054, "ridge": 0.0009341644724743216, "seed": 1234, "sr": 5.987530745926846}}