{"returned_dict": {"loss": 0.001388567736253522, "r2": 0.9998803010367697, "status": "ok", "start_time": 1699235133.466292, "duration": 1.8709611892700195}, "current_params": {"N": 500, "iss": 0.8644046911873131, "lr": 0.6156368875066843, "ridge": 8.186416440991658e-08, "seed": 1234, "sr": 1.6722388684853167}}