{"returned_dict": {"loss": 0.04231862383211615, "r2": 0.8978137497017277, "status": "ok", "start_time": 1699235135.338762, "duration": 1.850066900253296}, "current_params": {"N": 500, "iss": 0.08315064051214127, "lr": 0.934961690273177, "ridge": 1.4389924675211044e-08, "seed": 1234, "sr": 2.4229663969229636}}