{"returned_dict": {"loss": 2.517416339142082, "r2": -523.3392862510603, "status": "ok", "start_time": 1699235103.073592, "duration": 1.847895860671997}, "current_params": {"N": 500, "iss": 0.5734609694174653, "lr": 0.0014528929731718976, "ridge": 0.0002509953774283313, "seed": 1234, "sr": 1.4787515437601555}}