{"returned_dict": {"loss": 8.208373576580987e-05, "r2": 0.9999999212372076, "status": "ok", "start_time": 1699447483.668242, "duration": 4.947636842727661}, "current_params": {"N": 500, "iss": 0.5607125335903201, "lr": 0.020752565078563358, "ridge": 1.923180455505237e-08, "seed": 5555, "sr": 0.6852114123295694}}