{"returned_dict": {"loss": 0.0018846744020849838, "r2": 0.9999565942840561, "status": "ok", "start_time": 1699447474.450325, "duration": 4.579086065292358}, "current_params": {"N": 500, "iss": 0.772241621244868, "lr": 0.0950609232005448, "ridge": 1.8758475779927796e-07, "seed": 5555, "sr": 0.5433244810237211}}