{"returned_dict": {"loss": 0.005725390323630445, "r2": 0.999615401717009, "status": "ok", "start_time": 1699448367.5406568, "duration": 4.943918228149414}, "current_params": {"N": 500, "iss": 0.025857776958615953, "lr": 0.00868601301141836, "ridge": 1.3869205937372848e-08, "seed": 5555, "sr": 0.31584677854052867}}