{"returned_dict": {"loss": 0.001177109645336921, "r2": 0.9999838271590386, "status": "ok", "start_time": 1699447455.99551, "duration": 4.581479787826538}, "current_params": {"N": 500, "iss": 0.976525304162185, "lr": 0.011273269250899024, "ridge": 5.267135160255618e-09, "seed": 5555, "sr": 0.09437285509046839}}