{"returned_dict": {"loss": 0.0001694546152882464, "r2": 0.9999996634790763, "status": "ok", "start_time": 1699447985.6461802, "duration": 4.4683778285980225}, "current_params": {"N": 500, "iss": 0.5155204950243854, "lr": 0.02479533534360062, "ridge": 1.0231875356988291e-05, "seed": 5555, "sr": 1.178574979930124}}