{"returned_dict": {"loss": 4.740741006524274e-05, "r2": 0.9999999616809286, "status": "ok", "start_time": 1699448305.5485098, "duration": 4.720659017562866}, "current_params": {"N": 500, "iss": 0.24932079500821494, "lr": 0.404721633505898, "ridge": 3.376283523233873e-09, "seed": 5555, "sr": 0.6756508346266148}}