{"returned_dict": {"loss": 0.000176949092268069, "r2": 0.9999996288098784, "status": "ok", "start_time": 1699448115.442442, "duration": 4.504408121109009}, "current_params": {"N": 500, "iss": 0.1259101563998453, "lr": 0.45561464622436254, "ridge": 3.856686201114129e-09, "seed": 5555, "sr": 0.010630163411359172}}