{"returned_dict": {"loss": 0.0007484180030677078, "r2": 0.9999907512316099, "status": "ok", "start_time": 1699447890.423386, "duration": 4.433203935623169}, "current_params": {"N": 500, "iss": 0.3324335402476143, "lr": 0.273658898773837, "ridge": 9.756662832613927e-08, "seed": 5555, "sr": 0.4503050245835726}}