{"returned_dict": {"loss": 0.0006639226230395569, "r2": 0.999994816145608, "status": "ok", "start_time": 1699447795.078471, "duration": 4.501094102859497}, "current_params": {"N": 500, "iss": 0.1270654313247255, "lr": 0.04771800198384125, "ridge": 4.2960679996060765e-07, "seed": 5555, "sr": 0.2056125945580458}}