{"returned_dict": {"loss": 0.008067340885803805, "r2": 0.9992301385012547, "status": "ok", "start_time": 1699447531.5663328, "duration": 4.97003436088562}, "current_params": {"N": 500, "iss": 0.620327228917546, "lr": 0.10878446707041292, "ridge": 6.798343093319147e-07, "seed": 5555, "sr": 0.15007192741168546}}