{"returned_dict": {"loss": 2.2776861158903183e-05, "r2": 0.9999999939438068, "status": "ok", "start_time": 1699448031.7962089, "duration": 5.200932025909424}, "current_params": {"N": 500, "iss": 0.15002897910293345, "lr": 0.19877220174947882, "ridge": 1.0339002650357603e-08, "seed": 5555, "sr": 0.44622217599294534}}