{"returned_dict": {"loss": 9.20238175873285e-05, "r2": 0.9999998401386855, "status": "ok", "start_time": 1699448517.872586, "duration": 4.667294979095459}, "current_params": {"N": 500, "iss": 0.25756913350810917, "lr": 0.5559376415028444, "ridge": 1.5564781983949264e-09, "seed": 5555, "sr": 0.4993969637568361}}