{"returned_dict": {"loss": 0.00428138867013485, "r2": 0.9997827269933391, "status": "ok", "start_time": 1699447945.5709372, "duration": 4.4748029708862305}, "current_params": {"N": 500, "iss": 0.13736645888226592, "lr": 0.03359153721121937, "ridge": 5.024545351735925e-06, "seed": 5555, "sr": 0.02047378044523336}}