{"returned_dict": {"loss": 1.1315005122047042e-05, "r2": 0.9999999967908328, "status": "ok", "start_time": 1699448291.433905, "duration": 4.563414096832275}, "current_params": {"N": 500, "iss": 0.06099398158354184, "lr": 0.5797552167555667, "ridge": 2.8151138741100598e-08, "seed": 5555, "sr": 1.3364486267892144}}