{"returned_dict": {"loss": 0.000524233177163174, "r2": 0.9999967880499213, "status": "ok", "start_time": 1699448083.134942, "duration": 4.6691319942474365}, "current_params": {"N": 500, "iss": 0.015143828226160852, "lr": 0.19919180128380734, "ridge": 1.0284288288891253e-09, "seed": 5555, "sr": 0.06311633039100814}}