{"returned_dict": {"loss": 9.431341241665743e-05, "r2": 0.9999998607384594, "status": "ok", "start_time": 1699448273.111199, "duration": 4.570653915405273}, "current_params": {"N": 500, "iss": 0.21632384178703834, "lr": 0.2311546067359562, "ridge": 2.1318109479890216e-08, "seed": 5555, "sr": 0.27716335082667864}}