{"returned_dict": {"loss": 0.006817539153515369, "r2": 0.9994407062026771, "status": "ok", "start_time": 1699447735.848511, "duration": 4.578618049621582}, "current_params": {"N": 500, "iss": 0.4623970318673736, "lr": 0.2457903187608468, "ridge": 2.116718038220072e-05, "seed": 5555, "sr": 0.4057070350044705}}