{"returned_dict": {"loss": 0.00013958728268072823, "r2": 0.9999997725033083, "status": "ok", "start_time": 1699447479.035105, "duration": 4.626781940460205}, "current_params": {"N": 500, "iss": 0.13680245862619492, "lr": 0.023280290796765215, "ridge": 1.2960866314695386e-09, "seed": 5555, "sr": 0.6194795054997234}}