{"returned_dict": {"loss": 4.121874368370551e-05, "r2": 0.9999999801613154, "status": "ok", "start_time": 1699448442.506581, "duration": 4.69991397857666}, "current_params": {"N": 500, "iss": 0.047567389602203025, "lr": 0.28215041332563884, "ridge": 9.319809813392127e-08, "seed": 5555, "sr": 0.5381729705038338}}