{"returned_dict": {"loss": 0.00029507402315036166, "r2": 0.9999988935682023, "status": "ok", "start_time": 1699447740.432843, "duration": 4.415143966674805}, "current_params": {"N": 500, "iss": 0.3986950810864821, "lr": 0.47791469327599206, "ridge": 1.7929449074182669e-07, "seed": 5555, "sr": 1.2422934566357036}}