{"returned_dict": {"loss": 4.122258869462832e-05, "r2": 0.9999999801351508, "status": "ok", "start_time": 1699448400.3402581, "duration": 4.7075347900390625}, "current_params": {"N": 500, "iss": 0.13636479822269998, "lr": 0.17583554915495106, "ridge": 3.7601221232452386e-07, "seed": 5555, "sr": 0.6654654351619784}}