{"returned_dict": {"loss": 5.8550678917466855e-06, "r2": 0.9999999995995053, "status": "ok", "start_time": 1699448597.058249, "duration": 4.607846021652222}, "current_params": {"N": 500, "iss": 0.039575638604274425, "lr": 0.4273929018158631, "ridge": 1.5677719672667561e-09, "seed": 5555, "sr": 0.7035602699812137}}