{"returned_dict": {"loss": 6.163394095380473e-05, "r2": 0.9999999547109982, "status": "ok", "start_time": 1699448480.066167, "duration": 4.593622922897339}, "current_params": {"N": 500, "iss": 0.2314766836189673, "lr": 0.054362895970731864, "ridge": 4.252895442237234e-07, "seed": 5555, "sr": 1.5503337599423268}}