{"returned_dict": {"loss": 0.0004628984513418641, "r2": 0.9999961525003161, "status": "ok", "start_time": 1699448124.566989, "duration": 4.683078050613403}, "current_params": {"N": 500, "iss": 0.3144612153137892, "lr": 0.3361023049210228, "ridge": 1.0135528749448156e-09, "seed": 5555, "sr": 0.30527177144601053}}