{"returned_dict": {"loss": 0.0013144719440431538, "r2": 0.9999796425145258, "status": "ok", "start_time": 1699447749.249614, "duration": 4.515169143676758}, "current_params": {"N": 500, "iss": 0.5920523533545868, "lr": 0.08000122576093786, "ridge": 0.00011111473284414565, "seed": 5555, "sr": 0.8189609617860232}}