{"returned_dict": {"loss": 6.842922965193086e-06, "r2": 0.9999999994538881, "status": "ok", "start_time": 1699448666.247896, "duration": 4.557573080062866}, "current_params": {"N": 500, "iss": 0.10584663715197799, "lr": 0.6188032342783443, "ridge": 3.1987421545239785e-09, "seed": 5555, "sr": 0.2546023133062037}}