{"returned_dict": {"loss": 5.4972472907926226e-05, "r2": 0.9999999647372086, "status": "ok", "start_time": 1699448221.341753, "duration": 4.534847021102905}, "current_params": {"N": 500, "iss": 0.07752589714527035, "lr": 0.318116526627824, "ridge": 6.333946842010671e-09, "seed": 5555, "sr": 0.13805985435150334}}