{"returned_dict": {"loss": 3.3675333568771003e-06, "r2": 0.9999999998673488, "status": "ok", "start_time": 1699448573.989572, "duration": 4.577509880065918}, "current_params": {"N": 500, "iss": 0.08913033063552837, "lr": 0.44294097599270554, "ridge": 1.1382277185474565e-09, "seed": 5555, "sr": 0.5798036264216502}}