{"returned_dict": {"loss": 0.0006582978800473257, "r2": 0.9999949423224751, "status": "ok", "start_time": 1699447685.7691588, "duration": 4.681046009063721}, "current_params": {"N": 500, "iss": 0.6625171464312204, "lr": 0.027352435568492164, "ridge": 4.745406213743929e-06, "seed": 5555, "sr": 0.3806418235879223}}