{"returned_dict": {"loss": 0.005466493870225982, "r2": 0.9996498694132772, "status": "ok", "start_time": 1699447672.5645492, "duration": 4.374427795410156}, "current_params": {"N": 500, "iss": 0.9924741065970594, "lr": 0.07894275883230305, "ridge": 2.7678317788892434e-07, "seed": 5555, "sr": 0.245992616377861}}