{"returned_dict": {"loss": 0.00033515746938343207, "r2": 0.9999986887692195, "status": "ok", "start_time": 1699448202.8140879, "duration": 4.678595066070557}, "current_params": {"N": 500, "iss": 0.021941460151200874, "lr": 0.2481544488934469, "ridge": 1.4637455481988111e-08, "seed": 5555, "sr": 0.09317061340042272}}