{"returned_dict": {"loss": 1.0950141422139312e-05, "r2": 0.99999999860036, "status": "ok", "start_time": 1699448601.6727302, "duration": 4.717063903808594}, "current_params": {"N": 500, "iss": 0.019579468000698222, "lr": 0.5337499158408328, "ridge": 1.0305616122006552e-09, "seed": 5555, "sr": 0.4523322446760608}}