{"returned_dict": {"loss": 1.0017923663003617e-05, "r2": 0.9999999984715656, "status": "ok", "start_time": 1699448536.5612118, "duration": 4.831906080245972}, "current_params": {"N": 500, "iss": 0.16531262034681965, "lr": 0.8989297046582153, "ridge": 1.0524321702209284e-09, "seed": 5555, "sr": 0.33254991458804245}}