{"returned_dict": {"loss": 5.694398791668125e-05, "r2": 0.9999999621019245, "status": "ok", "start_time": 1699447493.3499038, "duration": 4.681835174560547}, "current_params": {"N": 500, "iss": 0.5159108890859617, "lr": 0.0144704409575047, "ridge": 1.3430500639785538e-09, "seed": 5555, "sr": 0.9447400023082375}}