{"returned_dict": {"loss": 0.0008941245951626502, "r2": 0.9999843911421388, "status": "ok", "start_time": 1699448493.985622, "duration": 4.694895267486572}, "current_params": {"N": 500, "iss": 0.30309949894796423, "lr": 0.7594262185036464, "ridge": 2.5397427041987204e-08, "seed": 5555, "sr": 0.2822958439717099}}