{"returned_dict": {"loss": 2.016217346433001e-06, "r2": 0.9999999999514567, "status": "ok", "start_time": 1699448712.216471, "duration": 4.608561992645264}, "current_params": {"N": 500, "iss": 0.14140748622052896, "lr": 0.7299974073049365, "ridge": 1.930654484332148e-08, "seed": 5555, "sr": 0.8523899855054357}}