{"returned_dict": {"loss": 4.235925337553682e-06, "r2": 0.999999999729173, "status": "ok", "start_time": 1699448564.786399, "duration": 4.584643125534058}, "current_params": {"N": 500, "iss": 0.03756749855792227, "lr": 0.4617728229153868, "ridge": 1.7562984726110353e-09, "seed": 5555, "sr": 1.2714855660081728}}