{"returned_dict": {"loss": 1.5404331583888158e-06, "r2": 0.999999999972177, "status": "ok", "start_time": 1699448638.610111, "duration": 4.5901970863342285}, "current_params": {"N": 500, "iss": 0.0959728097339655, "lr": 0.7811293782731736, "ridge": 4.507649333623503e-09, "seed": 5555, "sr": 0.5995867985285488}}