{"returned_dict": {"loss": 0.004191180463134453, "r2": 0.9997831005284389, "status": "ok", "start_time": 1699447804.099165, "duration": 4.6475372314453125}, "current_params": {"N": 500, "iss": 0.5460059399516777, "lr": 0.3989358066444819, "ridge": 2.53549032764966e-06, "seed": 5555, "sr": 0.9037392308072183}}