{"returned_dict": {"loss": 4.398780491244019e-06, "r2": 0.9999999997735135, "status": "ok", "start_time": 1699448587.774262, "duration": 4.599462032318115}, "current_params": {"N": 500, "iss": 0.07931494204776739, "lr": 0.448108477626762, "ridge": 1.2354565049412806e-09, "seed": 5555, "sr": 0.525780129853905}}