{"returned_dict": {"loss": 0.0014468723709278708, "r2": 0.9999633982205564, "status": "ok", "start_time": 1699448550.785509, "duration": 4.668380975723267}, "current_params": {"N": 500, "iss": 0.4153857695514921, "lr": 0.549592457484927, "ridge": 3.131905605519057e-09, "seed": 5555, "sr": 0.6298375112397375}}