{"returned_dict": {"loss": 0.00011981601472842373, "r2": 0.9999998317457651, "status": "ok", "start_time": 1699448647.846136, "duration": 4.577093839645386}, "current_params": {"N": 500, "iss": 0.00454422044496699, "lr": 0.7857056867903299, "ridge": 1.7285692909232967e-08, "seed": 5555, "sr": 0.12360451883810966}}