{"returned_dict": {"loss": 2.1427831107455812e-06, "r2": 0.9999999999458171, "status": "ok", "start_time": 1699448620.208317, "duration": 4.556680917739868}, "current_params": {"N": 500, "iss": 0.0992663158787833, "lr": 0.981834865573607, "ridge": 3.748045626677467e-09, "seed": 5555, "sr": 0.37589098748394784}}