{"returned_dict": {"loss": 0.017032394679295886, "r2": 0.9962784042018996, "status": "ok", "start_time": 1699447786.038701, "duration": 4.523874044418335}, "current_params": {"N": 500, "iss": 0.29165008936121084, "lr": 0.5030750350548664, "ridge": 1.1935004935656523e-07, "seed": 5555, "sr": 1.9850369035739606}}