{"returned_dict": {"loss": 0.013518166733002842, "r2": 0.9978675061266773, "status": "ok", "start_time": 1699447818.0494778, "duration": 4.461463212966919}, "current_params": {"N": 500, "iss": 0.01717435515688096, "lr": 0.042474433032813376, "ridge": 0.00023866902961025007, "seed": 5555, "sr": 0.13129250680774035}}