{"returned_dict": {"loss": 0.02787485047850398, "r2": 0.9908067687336727, "status": "ok", "start_time": 1699448348.339272, "duration": 5.054674863815308}, "current_params": {"N": 500, "iss": 0.37637579145412303, "lr": 0.9820857217363421, "ridge": 2.770066609883361e-08, "seed": 5555, "sr": 2.0848266426258415}}