{"returned_dict": {"loss": 0.04029011870672274, "r2": 0.98096287983225, "status": "ok", "start_time": 1699448353.401108, "duration": 4.636777877807617}, "current_params": {"N": 500, "iss": 0.4641993468137257, "lr": 0.5950032131423532, "ridge": 9.221467007641033e-08, "seed": 5555, "sr": 2.848719753395163}}