{"returned_dict": {"loss": 0.05388079094728132, "r2": 0.9476489696377839, "status": "ok", "start_time": 1699448461.3152351, "duration": 4.6139819622039795}, "current_params": {"N": 500, "iss": 0.3458271885802123, "lr": 0.08772530929026179, "ridge": 2.2502800571108006e-06, "seed": 5555, "sr": 2.232840270519633}}