{"returned_dict": {"loss": 0.06394623766098918, "r2": 0.9523150322441899, "status": "ok", "start_time": 1699447460.5792918, "duration": 4.733066082000732}, "current_params": {"N": 500, "iss": 0.4171626881853736, "lr": 0.002422315386294973, "ridge": 0.0008891693515095883, "seed": 5555, "sr": 0.0544052294998603}}