{"returned_dict": {"loss": 0.07304096050651948, "r2": 0.9377133225520353, "status": "ok", "start_time": 1699447722.277407, "duration": 4.389275074005127}, "current_params": {"N": 500, "iss": 0.6324280682883627, "lr": 0.1307062418645819, "ridge": 3.348329896001837e-07, "seed": 5555, "sr": 3.3191842007793255}}