{"returned_dict": {"loss": 0.08692677759314238, "r2": 0.9118298388852691, "status": "ok", "start_time": 1699447731.2790341, "duration": 4.563454866409302}, "current_params": {"N": 500, "iss": 0.5567115884669368, "lr": 0.16892614292471583, "ridge": 5.079244236525166e-05, "seed": 5555, "sr": 4.524952225091205}}