{"returned_dict": {"loss": 0.08138517521209254, "r2": 0.9227284898351454, "status": "ok", "start_time": 1699447451.408414, "duration": 4.58477520942688}, "current_params": {"N": 500, "iss": 0.451625695847095, "lr": 0.2824777807824228, "ridge": 0.0004995561065461233, "seed": 5555, "sr": 4.434072756135233}}