{"returned_dict": {"loss": 0.08774682683273455, "r2": 0.9102493375955999, "status": "ok", "start_time": 1699448207.4998012, "duration": 4.621728897094727}, "current_params": {"N": 500, "iss": 6.618115790992431e-05, "lr": 0.0012591342714007013, "ridge": 4.4747571273656376e-09, "seed": 5555, "sr": 0.2177749721407972}}