{"returned_dict": {"loss": 0.1409685281311272, "r2": 0.7545685954684975, "status": "ok", "start_time": 1699447894.8620238, "duration": 4.436412334442139}, "current_params": {"N": 500, "iss": 0.604088741149408, "lr": 0.06510576510593034, "ridge": 3.940252961891332e-06, "seed": 5555, "sr": 3.0850187946565235}}