{"returned_dict": {"loss": 0.16504486167664226, "r2": 0.6824445678204919, "status": "ok", "start_time": 1699447776.5900118, "duration": 4.662454128265381}, "current_params": {"N": 500, "iss": 0.6783568504462938, "lr": 0.09695079091780213, "ridge": 6.128704633681776e-06, "seed": 5555, "sr": 8.387099239788736}}