{"returned_dict": {"loss": 0.18782151142596507, "r2": 0.5847950993290406, "status": "ok", "start_time": 1699448456.6518269, "duration": 4.656116962432861}, "current_params": {"N": 500, "iss": 0.14279512267428768, "lr": 0.11996304056988001, "ridge": 1.4183154222448032e-06, "seed": 5555, "sr": 2.75917911260436}}