{"returned_dict": {"loss": 0.19412871430761813, "r2": 0.5605033174977344, "status": "ok", "start_time": 1699447867.958074, "duration": 4.432694911956787}, "current_params": {"N": 500, "iss": 0.5323870714093037, "lr": 0.10886302440460455, "ridge": 6.210164990462927e-06, "seed": 5555, "sr": 9.274271108108708}}