{"returned_dict": {"loss": 0.21467956067320934, "r2": 0.46267052492122396, "status": "ok", "start_time": 1699448451.913794, "duration": 4.731729984283447}, "current_params": {"N": 500, "iss": 0.1686299962809684, "lr": 0.48960645760118915, "ridge": 8.434896710831832e-09, "seed": 5555, "sr": 9.183501938434814}}