{"returned_dict": {"loss": 0.65288395193034, "r2": -3.9751314449010713, "status": "ok", "start_time": 1699447469.885089, "duration": 4.5603861808776855}, "current_params": {"N": 500, "iss": 0.02789034069702053, "lr": 0.043471998740145554, "ridge": 1.1161944206669055e-07, "seed": 5555, "sr": 9.749562515760395}}