{"returned_dict": {"loss": 1.5792948883667848, "r2": -29.000560492787965, "status": "ok", "start_time": 1699448395.713835, "duration": 4.619280815124512}, "current_params": {"N": 500, "iss": 0.04348998316194532, "lr": 0.0420073526521087, "ridge": 1.6927359948695597e-07, "seed": 5555, "sr": 3.4041600993719205}}