{"returned_dict": {"loss": 12.165171384288124, "r2": -2164.4118243503167, "status": "ok", "start_time": 1699448689.188525, "duration": 4.540247201919556}, "current_params": {"N": 500, "iss": 0.022628252531363923, "lr": 0.0015269721355661505, "ridge": 8.35824061908058e-09, "seed": 5555, "sr": 0.9841269695328446}}