{"returned_dict": {"loss": 0.0010066612369356244, "r2": 0.9999748468004089, "status": "ok", "start_time": 1696927027.1485708, "duration": 0.7889001369476318}, "current_params": {"N": 500, "iss": 0.9, "lr": 0.17743219883537267, "ridge": 1e-07, "seed": 1234, "sr": 0.0925852425060542}}