{"returned_dict": {"loss": 0.002030634394461608, "r2": 0.9999020170297374, "status": "ok", "start_time": 1696927018.176866, "duration": 0.7994809150695801}, "current_params": {"N": 500, "iss": 0.9, "lr": 0.12536865035721081, "ridge": 1e-07, "seed": 1234, "sr": 0.01969702873562671}}