{"returned_dict": {"loss": 0.0007317863942770323, "r2": 0.9999875033866362, "status": "ok", "start_time": 1695698412.435575, "duration": 0.7400920391082764}, "current_params": {"N": 500, "iss": 0.9, "lr": 0.4538765718397676, "ridge": 1e-07, "seed": 1234, "sr": 0.011423076308344373}}