{"returned_dict": {"loss": 0.009589636612067036, "r2": 0.9977794245993975, "status": "ok", "start_time": 1695800673.915401, "duration": 0.8360750675201416}, "current_params": {"N": 500, "iss": 0.9, "lr": 0.013028269821287615, "ridge": 1e-07, "seed": 1234, "sr": 0.013649509767262393}}