{"returned_dict": {"loss": 0.001625227554257036, "r2": 0.9999384569237918, "status": "ok", "start_time": 1695800520.7302358, "duration": 1.201855182647705}, "current_params": {"N": 500, "iss": 0.9, "lr": 0.17391291381476306, "ridge": 1e-07, "seed": 1234, "sr": 0.011739026780685318}}