{"returned_dict": {"loss": 0.0035317817125812326, "r2": 0.9997028748821616, "status": "ok", "start_time": 1695698715.7400079, "duration": 0.8052322864532471}, "current_params": {"N": 500, "iss": 0.9, "lr": 0.10015288691890604, "ridge": 1e-07, "seed": 1234, "sr": 0.21354604962375795}}