{"returned_dict": {"loss": 0.003217316379090791, "r2": 0.9997447591667389, "status": "ok", "start_time": 1695698432.597478, "duration": 0.7589752674102783}, "current_params": {"N": 500, "iss": 0.9, "lr": 0.07548680318122616, "ridge": 1e-07, "seed": 1234, "sr": 0.01769587598402526}}