{"returned_dict": {"loss": 0.009813981380880339, "r2": 0.9976371946118929, "status": "ok", "start_time": 1695803377.10531, "duration": 0.7993168830871582}, "current_params": {"N": 500, "iss": 0.9, "lr": 0.027648495633442953, "ridge": 1e-07, "seed": 1234, "sr": 0.09442721440119983}}