{"returned_dict": {"loss": 0.004271616408272976, "r2": 0.9996849068470247, "status": "ok", "start_time": 1695699692.281965, "duration": 4.1532838344573975}, "current_params": {"N": 500, "iss": 0.9, "lr": 0.46427132973394764, "ridge": 1e-07, "seed": 1234, "sr": 0.5335784501655656}}