{"returned_dict": {"loss": 0.0004993389639944434, "r2": 0.9999941762543596, "status": "ok", "start_time": 1696927008.7542012, "duration": 0.795555830001831}, "current_params": {"N": 500, "iss": 0.9, "lr": 0.5368645947090775, "ridge": 1e-07, "seed": 1234, "sr": 0.026761175701104346}}