{"returned_dict": {"loss": 0.002167921752879824, "r2": 0.9998872432035144, "status": "ok", "start_time": 1695698381.8957171, "duration": 0.7471737861633301}, "current_params": {"N": 500, "iss": 0.9, "lr": 0.12536865035721081, "ridge": 1e-07, "seed": 1234, "sr": 0.01969702873562671}}