{"returned_dict": {"loss": 0.00035082746361021636, "r2": 0.9999971007886455, "status": "ok", "start_time": 1695698413.891707, "duration": 0.7552218437194824}, "current_params": {"N": 500, "iss": 0.9, "lr": 0.5127972912670764, "ridge": 1e-07, "seed": 1234, "sr": 0.3797757622392174}}