{"returned_dict": {"loss": 0.001035981677041003, "r2": 0.9999732430100652, "status": "ok", "start_time": 1695698390.043513, "duration": 0.7499568462371826}, "current_params": {"N": 500, "iss": 0.9, "lr": 0.17743219883537267, "ridge": 1e-07, "seed": 1234, "sr": 0.0925852425060542}}