{"returned_dict": {"loss": 0.017874271195291534, "r2": 0.9923689580612177, "status": "ok", "start_time": 1695698381.1420531, "duration": 0.7520978450775146}, "current_params": {"N": 500, "iss": 0.9, "lr": 0.003562915550473451, "ridge": 1e-07, "seed": 1234, "sr": 0.015217119086357022}}