{"returned_dict": {"loss": 0.014970797752674245, "r2": 0.9962659822285156, "status": "ok", "start_time": 1695699642.13846, "duration": 4.142722129821777}, "current_params": {"N": 500, "iss": 0.9, "lr": 0.6539127865872252, "ridge": 1e-07, "seed": 1234, "sr": 0.10149855100477383}}