{"returned_dict": {"loss": 0.014023032612156011, "r2": 0.9951766664895673, "status": "ok", "start_time": 1695800638.269682, "duration": 0.8146102428436279}, "current_params": {"N": 500, "iss": 0.9, "lr": 0.004574152964585012, "ridge": 1e-07, "seed": 1234, "sr": 0.017275455370965257}}