{"returned_dict": {"loss": 0.01809050905416244, "r2": 0.9913466911322261, "status": "ok", "start_time": 1695803526.884007, "duration": 0.7865090370178223}, "current_params": {"N": 500, "iss": 0.9, "lr": 0.0027231966986053157, "ridge": 1e-07, "seed": 1234, "sr": 0.03438139057492874}}