{"returned_dict": {"loss": 0.02686787819184044, "r2": 0.9775460509190763, "status": "ok", "start_time": 1695800653.2111008, "duration": 0.839597225189209}, "current_params": {"N": 500, "iss": 0.9, "lr": 0.05768426240082132, "ridge": 1e-07, "seed": 1234, "sr": 0.5391304566113871}}