{"returned_dict": {"loss": 0.02071562517331318, "r2": 0.9895762183427507, "status": "ok", "start_time": 1695698302.170337, "duration": 0.7364501953125}, "current_params": {"N": 500, "iss": 0.9, "lr": 0.0016633478315350963, "ridge": 1e-07, "seed": 1234, "sr": 0.027598683234115115}}