{"returned_dict": {"loss": 0.023770150384526605, "r2": 0.9906162552205516, "status": "ok", "start_time": 1695699483.472461, "duration": 4.169075965881348}, "current_params": {"N": 500, "iss": 0.9, "lr": 0.49857928733460954, "ridge": 1e-07, "seed": 1234, "sr": 0.04328771757628488}}