{"returned_dict": {"loss": 0.026911715346550794, "r2": 0.9879820347750831, "status": "ok", "start_time": 1695699608.673132, "duration": 4.174382209777832}, "current_params": {"N": 500, "iss": 0.9, "lr": 0.05768426240082132, "ridge": 1e-07, "seed": 1234, "sr": 0.5391304566113871}}