{"returned_dict": {"loss": 0.022327414968755677, "r2": 0.9844524505578879, "status": "ok", "start_time": 1695698340.181879, "duration": 0.7162089347839355}, "current_params": {"N": 500, "iss": 0.9, "lr": 0.0014693850044619381, "ridge": 1e-07, "seed": 1234, "sr": 0.013953269187234588}}