{"returned_dict": {"loss": 0.03560951819230385, "r2": 0.9700380229708857, "status": "ok", "start_time": 1695800679.856404, "duration": 0.9235658645629883}, "current_params": {"N": 500, "iss": 0.9, "lr": 0.6692322890454032, "ridge": 1e-07, "seed": 1234, "sr": 1.908865762249811}}