{"returned_dict": {"loss": 0.04054386235459611, "r2": 0.9587569299652189, "status": "ok", "start_time": 1695698346.848261, "duration": 0.7401888370513916}, "current_params": {"N": 500, "iss": 0.9, "lr": 0.008045090803265967, "ridge": 1e-07, "seed": 1234, "sr": 0.28327116807958513}}