{"returned_dict": {"loss": 0.04964249804504309, "r2": 0.9590720415720783, "status": "ok", "start_time": 1695699233.54756, "duration": 4.147653102874756}, "current_params": {"N": 500, "iss": 0.9, "lr": 0.2538684770646215, "ridge": 1e-07, "seed": 1234, "sr": 0.0108079776956026}}