{"returned_dict": {"loss": 0.04517065216446354, "r2": 0.9507342451345915, "status": "ok", "start_time": 1695803507.486884, "duration": 0.833888053894043}, "current_params": {"N": 500, "iss": 0.9, "lr": 0.006517013347114697, "ridge": 1e-07, "seed": 1234, "sr": 0.20877503732087163}}