{"returned_dict": {"loss": 0.09025280489487435, "r2": 0.8649443267862894, "status": "ok", "start_time": 1695699337.4793851, "duration": 4.164599657058716}, "current_params": {"N": 500, "iss": 0.9, "lr": 0.05729573294171989, "ridge": 1e-07, "seed": 1234, "sr": 0.03414048410383786}}