{"returned_dict": {"loss": 0.17168457386717859, "r2": 0.31664650564927277, "status": "ok", "start_time": 1695698737.056332, "duration": 0.8043928146362305}, "current_params": {"N": 500, "iss": 0.9, "lr": 0.36203692104858476, "ridge": 1e-07, "seed": 1234, "sr": 5.987530745926846}}