{"returned_dict": {"loss": 0.19135128738036936, "r2": 0.15124364814814859, "status": "ok", "start_time": 1695698357.097373, "duration": 0.7452011108398438}, "current_params": {"N": 500, "iss": 0.9, "lr": 0.3314434048357353, "ridge": 1e-07, "seed": 1234, "sr": 6.833596167908428}}