{"returned_dict": {"loss": 0.20051685352691587, "r2": 0.06700681134874113, "status": "ok", "start_time": 1696926942.608953, "duration": 0.819983959197998}, "current_params": {"N": 500, "iss": 0.9, "lr": 0.2768537448431134, "ridge": 1e-07, "seed": 1234, "sr": 4.434072756135233}}