{"returned_dict": {"loss": 0.20270925188796865, "r2": 0.044160607711249446, "status": "ok", "start_time": 1695698678.386904, "duration": 0.8500699996948242}, "current_params": {"N": 500, "iss": 0.9, "lr": 0.28270899609503314, "ridge": 1e-07, "seed": 1234, "sr": 9.019468988959579}}