{"returned_dict": {"loss": 0.21695665428095098, "r2": -0.18462822362049083, "status": "ok", "start_time": 1695698766.7374039, "duration": 0.8586559295654297}, "current_params": {"N": 500, "iss": 0.9, "lr": 0.0014504618087973706, "ridge": 1e-07, "seed": 1234, "sr": 0.28962112677540436}}