{"returned_dict": {"loss": 0.24274784287725257, "r2": 0.023298534632369344, "status": "ok", "start_time": 1695699395.8869429, "duration": 4.20714807510376}, "current_params": {"N": 500, "iss": 0.9, "lr": 0.006565103682340531, "ridge": 1e-07, "seed": 1234, "sr": 0.02857977758285706}}