{"returned_dict": {"loss": 0.2634809533293094, "r2": -0.345148218469748, "status": "ok", "start_time": 1695699171.0519118, "duration": 4.170397996902466}, "current_params": {"N": 500, "iss": 0.9, "lr": 0.008045090803265967, "ridge": 1e-07, "seed": 1234, "sr": 0.28327116807958513}}