{"returned_dict": {"loss": 0.2717980730392909, "r2": -0.7906612550102464, "status": "ok", "start_time": 1695698368.2436988, "duration": 0.7123043537139893}, "current_params": {"N": 500, "iss": 0.9, "lr": 0.2999168282397612, "ridge": 1e-07, "seed": 1234, "sr": 2.0711751271159318}}