{"returned_dict": {"loss": 0.2705431024550648, "r2": -0.21385747604192348, "status": "ok", "start_time": 1695699204.417523, "duration": 4.14414119720459}, "current_params": {"N": 500, "iss": 0.9, "lr": 0.8108075271225141, "ridge": 1e-07, "seed": 1234, "sr": 6.834465647289925}}