{"returned_dict": {"loss": 0.3688127140610464, "r2": -1.2593185779363243, "status": "ok", "start_time": 1695699225.202454, "duration": 4.1917808055877686}, "current_params": {"N": 500, "iss": 0.9, "lr": 0.351101881861253, "ridge": 1e-07, "seed": 1234, "sr": 2.8424339478368448}}