{"returned_dict": {"loss": 0.42281021594946977, "r2": 0.9788034629661811, "status": "ok", "start_time": 1696931362.8436558, "duration": 0.542182207107544}, "current_params": {"N": 500, "iss": 0.9, "lr": 0.0014504618087973706, "ridge": 1e-07, "seed": 1234, "sr": 0.28962112677540436}}