{"returned_dict": {"loss": 0.4590564947691709, "r2": -4.208271631632198, "status": "ok", "start_time": 1695698433.35817, "duration": 0.726823091506958}, "current_params": {"N": 500, "iss": 0.9, "lr": 0.002001738706933608, "ridge": 1e-07, "seed": 1234, "sr": 0.39936841111501603}}