{"returned_dict": {"loss": 0.6835207385584559, "r2": 0.929990489304393, "status": "ok", "start_time": 1696928277.393653, "duration": 0.4379599094390869}, "current_params": {"N": 500, "iss": 0.9, "lr": 0.006565103682340531, "ridge": 1e-07, "seed": 1234, "sr": 0.02857977758285706}}