{"returned_dict": {"loss": 0.7489356726340816, "r2": 0.9348194931443267, "status": "ok", "start_time": 1696930360.341805, "duration": 0.5319540500640869}, "current_params": {"N": 500, "iss": 0.9, "lr": 0.003469578608187846, "ridge": 1e-07, "seed": 1234, "sr": 0.38114750465916947}}