{"returned_dict": {"loss": 0.7690861177470308, "r2": 0.9119992060175169, "status": "ok", "start_time": 1696928284.977442, "duration": 0.4456210136413574}, "current_params": {"N": 500, "iss": 0.9, "lr": 0.008152510284277657, "ridge": 1e-07, "seed": 1234, "sr": 0.026191894186955052}}