{"returned_dict": {"loss": 0.9932876018354088, "r2": 0.8830541146470307, "status": "ok", "start_time": 1696930435.135797, "duration": 0.5324428081512451}, "current_params": {"N": 500, "iss": 0.9, "lr": 0.0033459687263177693, "ridge": 1e-07, "seed": 1234, "sr": 1.182082887824895}}