{"returned_dict": {"loss": 1.1430982651305488, "r2": 0.8461587806523276, "status": "ok", "start_time": 1696932054.7921221, "duration": 0.7217497825622559}, "current_params": {"N": 500, "iss": 0.9, "lr": 0.003562915550473451, "ridge": 1e-07, "seed": 1234, "sr": 0.015217119086357022}}