{"returned_dict": {"loss": 1.1541562440742288, "r2": 0.8466774910158777, "status": "ok", "start_time": 1696931128.519765, "duration": 0.5129311084747314}, "current_params": {"N": 500, "iss": 0.9, "lr": 0.003562915550473451, "ridge": 1e-07, "seed": 1234, "sr": 0.015217119086357022}}