{"returned_dict": {"loss": 1.2407166692079692, "r2": 0.8187636850374388, "status": "ok", "start_time": 1696932191.810339, "duration": 0.5833868980407715}, "current_params": {"N": 500, "iss": 0.9, "lr": 0.003928194271141713, "ridge": 1e-07, "seed": 1234, "sr": 0.050704131972421025}}