{"returned_dict": {"loss": 1.3701226498008265, "r2": 0.7788994005251295, "status": "ok", "start_time": 1696931366.63676, "duration": 0.5443379878997803}, "current_params": {"N": 500, "iss": 0.9, "lr": 0.006517013347114697, "ridge": 1e-07, "seed": 1234, "sr": 0.20877503732087163}}