{"returned_dict": {"loss": 1.8423537372450107, "r2": 0.6003842749512873, "status": "ok", "start_time": 1696931381.5832498, "duration": 0.5270063877105713}, "current_params": {"N": 500, "iss": 0.9, "lr": 0.006721858994363475, "ridge": 1e-07, "seed": 1234, "sr": 0.016130653781102525}}