{"returned_dict": {"loss": 1.8694426333689582, "r2": 0.5977455425680599, "status": "ok", "start_time": 1696930441.7647989, "duration": 0.6057412624359131}, "current_params": {"N": 500, "iss": 0.9, "lr": 0.006721858994363475, "ridge": 1e-07, "seed": 1234, "sr": 0.016130653781102525}}