{"returned_dict": {"loss": 1.895778318433331, "r2": 0.5863024569493543, "status": "ok", "start_time": 1696930361.421567, "duration": 0.5242371559143066}, "current_params": {"N": 500, "iss": 0.9, "lr": 0.009487842647350041, "ridge": 1e-07, "seed": 1234, "sr": 0.07964860203040938}}