{"returned_dict": {"loss": 1.9446853966689475, "r2": -56.398049552176595, "status": "ok", "start_time": 1696933080.4217432, "duration": 2.3144898414611816}, "current_params": {"N": 500, "iss": 0.9, "lr": 0.15674372534107028, "ridge": 1e-07, "seed": 1234, "sr": 0.08438326345409637}}