{"returned_dict": {"loss": 11.484379129230815, "r2": -19.632856308560115, "status": "ok", "start_time": 1696932085.459008, "duration": 0.7303118705749512}, "current_params": {"N": 500, "iss": 0.9, "lr": 0.00474765619086868, "ridge": 1e-07, "seed": 1234, "sr": 5.974243589442645}}