{"returned_dict": {"loss": 11.530238660262961, "r2": -20.189550219431045, "status": "ok", "start_time": 1696931340.073799, "duration": 0.5103752613067627}, "current_params": {"N": 500, "iss": 0.9, "lr": 0.004189980001610144, "ridge": 1e-07, "seed": 1234, "sr": 6.7303288800603305}}