{"returned_dict": {"loss": 128.57158753137068, "r2": -420924.0955736141, "status": "ok", "start_time": 1695699329.1295528, "duration": 4.153038024902344}, "current_params": {"N": 500, "iss": 0.9, "lr": 0.01349209459388104, "ridge": 1e-07, "seed": 1234, "sr": 1.0616387878921083}}