{"returned_dict": {"loss": 13.075385863524465, "r2": -2631.871873349284, "status": "ok", "start_time": 1696932801.78082, "duration": 2.3031182289123535}, "current_params": {"N": 500, "iss": 0.9, "lr": 0.021499031132021465, "ridge": 1e-07, "seed": 1234, "sr": 0.01061907053409471}}