{"returned_dict": {"loss": 16.010760496586812, "r2": -6826.377863916935, "status": "ok", "start_time": 1696926948.95105, "duration": 0.8028059005737305}, "current_params": {"N": 500, "iss": 0.9, "lr": 0.006605373155785381, "ridge": 1e-07, "seed": 1234, "sr": 1.6722388684853167}}