{"returned_dict": {"loss": 16.963218714865206, "r2": -6732.580447484938, "status": "ok", "start_time": 1695698752.000983, "duration": 0.800814151763916}, "current_params": {"N": 500, "iss": 0.9, "lr": 0.043542816329557914, "ridge": 1e-07, "seed": 1234, "sr": 3.180379394013653}}