{"returned_dict": {"loss": 17.211551739798793, "r2": -47.9667648520988, "status": "ok", "start_time": 1696931365.050693, "duration": 0.5328640937805176}, "current_params": {"N": 500, "iss": 0.9, "lr": 0.008419553121357429, "ridge": 1e-07, "seed": 1234, "sr": 5.615522331680127}}