{"returned_dict": {"loss": 19.47329005738884, "r2": -17106.39101745869, "status": "ok", "start_time": 1695803463.8316932, "duration": 0.8200688362121582}, "current_params": {"N": 500, "iss": 0.9, "lr": 0.006714336361084555, "ridge": 1e-07, "seed": 1234, "sr": 1.7459748086870097}}