{"returned_dict": {"loss": 19.70005865769971, "r2": -8989.171962715642, "status": "ok", "start_time": 1695698746.1256242, "duration": 0.8246688842773438}, "current_params": {"N": 500, "iss": 0.9, "lr": 0.014788360119021833, "ridge": 1e-07, "seed": 1234, "sr": 2.6411464130177205}}