{"returned_dict": {"loss": 2.02471863510781, "r2": 0.395396475024619, "status": "ok", "start_time": 1696928260.360608, "duration": 0.4615919589996338}, "current_params": {"N": 500, "iss": 0.9, "lr": 0.054169337705025376, "ridge": 1e-07, "seed": 1234, "sr": 0.02572013644212619}}