{"returned_dict": {"loss": 2.0322852329166854, "r2": 0.5137429479020125, "status": "ok", "start_time": 1696932154.808321, "duration": 0.5236430168151855}, "current_params": {"N": 500, "iss": 0.9, "lr": 0.008152510284277657, "ridge": 1e-07, "seed": 1234, "sr": 0.026191894186955052}}