{"returned_dict": {"loss": 2.099366009571562, "r2": -63.82186560105624, "status": "ok", "start_time": 1696932568.427403, "duration": 2.294916868209839}, "current_params": {"N": 500, "iss": 0.9, "lr": 0.05748154012762825, "ridge": 1e-07, "seed": 1234, "sr": 0.14848409471568397}}