{"returned_dict": {"loss": 2.128295119047935, "r2": 0.47861727568609397, "status": "ok", "start_time": 1696931088.2833862, "duration": 0.5484867095947266}, "current_params": {"N": 500, "iss": 0.9, "lr": 0.021490140480106088, "ridge": 1e-07, "seed": 1234, "sr": 0.7839491567314942}}