{"returned_dict": {"loss": 2.1350327890060234, "r2": 0.457679285333443, "status": "ok", "start_time": 1696932031.9178162, "duration": 0.5941307544708252}, "current_params": {"N": 500, "iss": 0.9, "lr": 0.009517044749879343, "ridge": 1e-07, "seed": 1234, "sr": 0.5693766752526698}}