{"returned_dict": {"loss": 2.2157252547972437, "r2": 0.275962385555976, "status": "ok", "start_time": 1696928304.569373, "duration": 0.4227581024169922}, "current_params": {"N": 500, "iss": 0.9, "lr": 0.07548680318122616, "ridge": 1e-07, "seed": 1234, "sr": 0.01769587598402526}}