{"returned_dict": {"loss": 2.213827940007897, "r2": -157.53131931465703, "status": "ok", "start_time": 1696926978.055845, "duration": 0.7922229766845703}, "current_params": {"N": 500, "iss": 0.9, "lr": 0.005007729021893898, "ridge": 1e-07, "seed": 1234, "sr": 1.0385323042151453}}