{"returned_dict": {"loss": 2.2613769804113106, "r2": 0.3976636450354954, "status": "ok", "start_time": 1696932009.4645472, "duration": 0.5950126647949219}, "current_params": {"N": 500, "iss": 0.9, "lr": 0.021490140480106088, "ridge": 1e-07, "seed": 1234, "sr": 0.7839491567314942}}