{"returned_dict": {"loss": 2.286033262987384, "r2": -93.30468196179193, "status": "ok", "start_time": 1696932542.888119, "duration": 2.5130739212036133}, "current_params": {"N": 500, "iss": 0.9, "lr": 0.8310012558635558, "ridge": 1e-07, "seed": 1234, "sr": 0.2237449778907503}}