{"returned_dict": {"loss": 2.4048535320468303, "r2": 0.07918917228196343, "status": "ok", "start_time": 1696928290.832621, "duration": 0.4257798194885254}, "current_params": {"N": 500, "iss": 0.9, "lr": 0.043542816329557914, "ridge": 1e-07, "seed": 1234, "sr": 3.180379394013653}}