{"returned_dict": {"loss": 2.432028030573211, "r2": 0.12761216861171765, "status": "ok", "start_time": 1696928306.94191, "duration": 0.4442141056060791}, "current_params": {"N": 500, "iss": 0.9, "lr": 0.15674372534107028, "ridge": 1e-07, "seed": 1234, "sr": 0.08438326345409637}}