{"returned_dict": {"loss": 2.5330556303539353, "r2": 0.06943152816555102, "status": "ok", "start_time": 1696932024.653395, "duration": 0.5660810470581055}, "current_params": {"N": 500, "iss": 0.9, "lr": 0.005007729021893898, "ridge": 1e-07, "seed": 1234, "sr": 1.0385323042151453}}