{"returned_dict": {"loss": 2.6751566565927143, "r2": -0.05540430611353542, "status": "ok", "start_time": 1696928289.932702, "duration": 0.43033695220947266}, "current_params": {"N": 500, "iss": 0.9, "lr": 0.5195884549227742, "ridge": 1e-07, "seed": 1234, "sr": 0.11855799312403709}}