{"returned_dict": {"loss": 2.693981046118772, "r2": 0.14554595537945317, "status": "ok", "start_time": 1696931364.489107, "duration": 0.5584261417388916}, "current_params": {"N": 500, "iss": 0.9, "lr": 0.05768426240082132, "ridge": 1e-07, "seed": 1234, "sr": 0.5391304566113871}}