{"returned_dict": {"loss": 2.7006189976714943, "r2": -0.07577946503142963, "status": "ok", "start_time": 1696928259.002051, "duration": 0.4275338649749756}, "current_params": {"N": 500, "iss": 0.9, "lr": 0.351101881861253, "ridge": 1e-07, "seed": 1234, "sr": 2.8424339478368448}}