{"returned_dict": {"loss": 2.7220261080880963, "r2": -0.09271106575342507, "status": "ok", "start_time": 1696928272.269282, "duration": 0.43692684173583984}, "current_params": {"N": 500, "iss": 0.9, "lr": 0.7574590139415617, "ridge": 1e-07, "seed": 1234, "sr": 0.03524277949039688}}