{"returned_dict": {"loss": 2.7332332932365326, "r2": 0.12046953688048039, "status": "ok", "start_time": 1696931278.453253, "duration": 0.7289319038391113}, "current_params": {"N": 500, "iss": 0.9, "lr": 0.025202620361693902, "ridge": 1e-07, "seed": 1234, "sr": 0.015931944006093716}}