{"returned_dict": {"loss": 2.7578366855982686, "r2": 0.12458116802975816, "status": "ok", "start_time": 1696931075.792021, "duration": 0.60713791847229}, "current_params": {"N": 500, "iss": 0.9, "lr": 0.025202620361693902, "ridge": 1e-07, "seed": 1234, "sr": 0.015931944006093716}}