{"returned_dict": {"loss": 2.765500106421086, "r2": -0.12788083834499667, "status": "ok", "start_time": 1696928231.3448918, "duration": 0.4944922924041748}, "current_params": {"N": 500, "iss": 0.9, "lr": 0.9187802178509046, "ridge": 1e-07, "seed": 1234, "sr": 4.224184001973293}}