{"returned_dict": {"loss": 2.7861570146858647, "r2": 0.08607735617817562, "status": "ok", "start_time": 1696932016.743854, "duration": 0.6349718570709229}, "current_params": {"N": 500, "iss": 0.9, "lr": 0.0329584913173178, "ridge": 1e-07, "seed": 1234, "sr": 0.020006202812672045}}