{"returned_dict": {"loss": 2.8191432422067138, "r2": 0.06431232221544014, "status": "ok", "start_time": 1696932114.934609, "duration": 0.8249430656433105}, "current_params": {"N": 500, "iss": 0.9, "lr": 0.031709557696495, "ridge": 1e-07, "seed": 1234, "sr": 0.012260384608014823}}