{"returned_dict": {"loss": 2.8371252528173905, "r2": -0.18706178963068928, "status": "ok", "start_time": 1696928256.707005, "duration": 0.44387388229370117}, "current_params": {"N": 500, "iss": 0.9, "lr": 0.8108075271225141, "ridge": 1e-07, "seed": 1234, "sr": 6.834465647289925}}