{"returned_dict": {"loss": 2.83237215602203, "r2": 0.05548912708143058, "status": "ok", "start_time": 1696932063.467772, "duration": 0.7268970012664795}, "current_params": {"N": 500, "iss": 0.9, "lr": 0.2061305930661559, "ridge": 1e-07, "seed": 1234, "sr": 1.4787515437601555}}