{"returned_dict": {"loss": 2.849251545768675, "r2": 0.04420540895108327, "status": "ok", "start_time": 1696932106.12973, "duration": 0.7176201343536377}, "current_params": {"N": 500, "iss": 0.9, "lr": 0.05979777023560263, "ridge": 1e-07, "seed": 1234, "sr": 0.1378790157061615}}