{"returned_dict": {"loss": 2.945687701864949, "r2": -0.021589804355505022, "status": "ok", "start_time": 1696931300.913911, "duration": 0.5523788928985596}, "current_params": {"N": 500, "iss": 0.9, "lr": 0.10803678961379123, "ridge": 1e-07, "seed": 1234, "sr": 0.21210441974152222}}