{"returned_dict": {"loss": 2.945687701864949, "r2": -0.021589804355505022, "status": "ok", "start_time": 1696932019.94122, "duration": 0.590958833694458}, "current_params": {"N": 500, "iss": 0.9, "lr": 0.10803678961379123, "ridge": 1e-07, "seed": 1234, "sr": 0.21210441974152222}}