{"returned_dict": {"loss": 2.988907063568193, "r2": -0.028429334088797813, "status": "ok", "start_time": 1696931178.241887, "duration": 0.5673229694366455}, "current_params": {"N": 500, "iss": 0.9, "lr": 0.6692322890454032, "ridge": 1e-07, "seed": 1234, "sr": 1.908865762249811}}