{"returned_dict": {"loss": 2.99122060055351, "r2": -0.05714327270078808, "status": "ok", "start_time": 1696932074.885918, "duration": 0.7343671321868896}, "current_params": {"N": 500, "iss": 0.9, "lr": 0.13440662792423172, "ridge": 1e-07, "seed": 1234, "sr": 1.959651331974383}}