{"returned_dict": {"loss": 2.991075355447221, "r2": -0.05331011466758451, "status": "ok", "start_time": 1696932030.156595, "duration": 0.5729660987854004}, "current_params": {"N": 500, "iss": 0.9, "lr": 0.7169143323529686, "ridge": 1e-07, "seed": 1234, "sr": 2.3610670815355883}}