{"returned_dict": {"loss": 20.152114765954554, "r2": -36.59589188529527, "status": "ok", "start_time": 1696936058.336425, "duration": 13.776383876800537}, "current_params": {"N": 500, "iss": 0.9, "lr": 0.027648495633442953, "ridge": 1e-07, "seed": 1234, "sr": 0.09442721440119983}}