{"returned_dict": {"loss": 27.129093285335955, "r2": -11124.376924822272, "status": "ok", "start_time": 1696932915.879524, "duration": 2.706789970397949}, "current_params": {"N": 500, "iss": 0.9, "lr": 0.002910322515656923, "ridge": 1e-07, "seed": 1234, "sr": 0.1521671071513882}}