{"returned_dict": {"loss": 27.298417282628805, "r2": -11127.984012861236, "status": "ok", "start_time": 1696932735.9393659, "duration": 2.3135790824890137}, "current_params": {"N": 500, "iss": 0.9, "lr": 0.002614659205052392, "ridge": 1e-07, "seed": 1234, "sr": 0.3105316802728771}}