{"returned_dict": {"loss": 27.44925646917065, "r2": -11406.701657541678, "status": "ok", "start_time": 1696933119.893003, "duration": 2.2941460609436035}, "current_params": {"N": 500, "iss": 0.9, "lr": 0.003928194271141713, "ridge": 1e-07, "seed": 1234, "sr": 0.050704131972421025}}