{"returned_dict": {"loss": 28.666337658097074, "r2": -12410.54760387759, "status": "ok", "start_time": 1696932685.424897, "duration": 2.355001211166382}, "current_params": {"N": 500, "iss": 0.9, "lr": 0.0020381971895498943, "ridge": 1e-07, "seed": 1234, "sr": 0.09437285509046839}}