{"returned_dict": {"loss": 29.570496356545345, "r2": -13165.856551267076, "status": "ok", "start_time": 1696933105.981473, "duration": 2.31194806098938}, "current_params": {"N": 500, "iss": 0.9, "lr": 0.0017768454950958875, "ridge": 1e-07, "seed": 1234, "sr": 0.2090196583408564}}