{"returned_dict": {"loss": 3.002497869882968, "r2": -0.0394319920711023, "status": "ok", "start_time": 1696930390.490624, "duration": 0.6300978660583496}, "current_params": {"N": 500, "iss": 0.9, "lr": 0.8900744887793847, "ridge": 1e-07, "seed": 1234, "sr": 1.810409666530886}}