{"returned_dict": {"loss": 3.0186752051174874, "r2": -0.07283272937256051, "status": "ok", "start_time": 1696931995.3680031, "duration": 0.5920677185058594}, "current_params": {"N": 500, "iss": 0.9, "lr": 0.15492403550483747, "ridge": 1e-07, "seed": 1234, "sr": 0.07071032186253305}}