{"returned_dict": {"loss": 3.0380532604893737, "r2": -0.0891151164321462, "status": "ok", "start_time": 1696931334.060003, "duration": 0.5515549182891846}, "current_params": {"N": 500, "iss": 0.9, "lr": 0.13565077644388224, "ridge": 1e-07, "seed": 1234, "sr": 2.6286963019006704}}