{"returned_dict": {"loss": 3.0604537898090043, "r2": -0.10272855384225561, "status": "ok", "start_time": 1696931344.943866, "duration": 0.5475189685821533}, "current_params": {"N": 500, "iss": 0.9, "lr": 0.17035572356640263, "ridge": 1e-07, "seed": 1234, "sr": 0.03600276409094316}}