{"returned_dict": {"loss": 3.0748610448808606, "r2": -0.11314331501679613, "status": "ok", "start_time": 1696931284.041322, "duration": 0.6226379871368408}, "current_params": {"N": 500, "iss": 0.9, "lr": 0.3299059340936598, "ridge": 1e-07, "seed": 1234, "sr": 0.18658183701753261}}