{"returned_dict": {"loss": 3.08454835406299, "r2": -0.12016721558917665, "status": "ok", "start_time": 1696932163.058988, "duration": 0.5624639987945557}, "current_params": {"N": 500, "iss": 0.9, "lr": 0.6053395945549397, "ridge": 1e-07, "seed": 1234, "sr": 0.5858648234147782}}