{"returned_dict": {"loss": 3.0997618015354838, "r2": -0.10604798226469736, "status": "ok", "start_time": 1696928433.929481, "duration": 0.678865909576416}, "current_params": {"N": 500, "iss": 0.9, "lr": 0.13776330861630057, "ridge": 1e-07, "seed": 1234, "sr": 0.2197712027474747}}