{"returned_dict": {"loss": 3.0903414473843522, "r2": -0.12475111849560516, "status": "ok", "start_time": 1696931344.395735, "duration": 0.5449669361114502}, "current_params": {"N": 500, "iss": 0.9, "lr": 0.12285193029261984, "ridge": 1e-07, "seed": 1234, "sr": 3.1162051286367416}}