{"returned_dict": {"loss": 3.0979472187390407, "r2": -0.12991078904677567, "status": "ok", "start_time": 1696931998.8814578, "duration": 0.6154892444610596}, "current_params": {"N": 500, "iss": 0.9, "lr": 0.3544579971335427, "ridge": 1e-07, "seed": 1234, "sr": 0.0544052294998603}}