{"returned_dict": {"loss": 3.093490572935984, "r2": -0.12666123317926745, "status": "ok", "start_time": 1696931357.283384, "duration": 0.5736038684844971}, "current_params": {"N": 500, "iss": 0.9, "lr": 0.20854872441770467, "ridge": 1e-07, "seed": 1234, "sr": 0.011405319213458769}}