{"returned_dict": {"loss": 3.103487824087411, "r2": -0.1339557185398831, "status": "ok", "start_time": 1696932107.5913742, "duration": 0.807485818862915}, "current_params": {"N": 500, "iss": 0.9, "lr": 0.6539127865872252, "ridge": 1e-07, "seed": 1234, "sr": 0.10149855100477383}}