{"returned_dict": {"loss": 3.115781989782912, "r2": -0.14306182490486083, "status": "ok", "start_time": 1696931304.181039, "duration": 0.5500450134277344}, "current_params": {"N": 500, "iss": 0.9, "lr": 0.28270899609503314, "ridge": 1e-07, "seed": 1234, "sr": 9.019468988959579}}