{"returned_dict": {"loss": 3.1199386716501216, "r2": -0.14600840582507088, "status": "ok", "start_time": 1696931357.860115, "duration": 0.549994945526123}, "current_params": {"N": 500, "iss": 0.9, "lr": 0.602096761664795, "ridge": 1e-07, "seed": 1234, "sr": 0.016223651162329426}}