{"returned_dict": {"loss": 3.1236289990845325, "r2": -0.14872112593091127, "status": "ok", "start_time": 1696932123.338217, "duration": 0.7593770027160645}, "current_params": {"N": 500, "iss": 0.9, "lr": 0.8066803683138792, "ridge": 1e-07, "seed": 1234, "sr": 0.02045819673305219}}