{"returned_dict": {"loss": 3.130576209074704, "r2": -0.1280687975297988, "status": "ok", "start_time": 1696931156.380586, "duration": 0.5569982528686523}, "current_params": {"N": 500, "iss": 0.9, "lr": 0.1583702239951588, "ridge": 1e-07, "seed": 1234, "sr": 0.020788245498133077}}