{"returned_dict": {"loss": 3.1440855765103923, "r2": -0.13781237615908268, "status": "ok", "start_time": 1696930346.3802292, "duration": 0.5569207668304443}, "current_params": {"N": 500, "iss": 0.9, "lr": 0.17391291381476306, "ridge": 1e-07, "seed": 1234, "sr": 0.011739026780685318}}