{"returned_dict": {"loss": 3.18552225310238, "r2": -0.16799304858442285, "status": "ok", "start_time": 1696931136.5748632, "duration": 0.5888698101043701}, "current_params": {"N": 500, "iss": 0.9, "lr": 0.5629225816283605, "ridge": 1e-07, "seed": 1234, "sr": 0.012580639725311055}}