{"returned_dict": {"loss": 3.207425769147983, "r2": -0.1842469334443991, "status": "ok", "start_time": 1696931151.141321, "duration": 0.5835690498352051}, "current_params": {"N": 500, "iss": 0.9, "lr": 0.6053395945549397, "ridge": 1e-07, "seed": 1234, "sr": 0.5858648234147782}}