{"returned_dict": {"loss": 3.437394387164995, "r2": -0.48101066452449065, "status": "ok", "start_time": 1696930359.193067, "duration": 0.5683689117431641}, "current_params": {"N": 500, "iss": 0.9, "lr": 0.01829156443200663, "ridge": 1e-07, "seed": 1234, "sr": 1.7986325141052368}}