{"returned_dict": {"loss": 3.60140786238513, "r2": -0.931071010704286, "status": "ok", "start_time": 1696931294.259361, "duration": 0.5199549198150635}, "current_params": {"N": 500, "iss": 0.9, "lr": 0.0025277744748336503, "ridge": 1e-07, "seed": 1234, "sr": 2.2553242781758827}}