{"returned_dict": {"loss": 4.128719497231418, "r2": -1.7121461494427364, "status": "ok", "start_time": 1696928239.967934, "duration": 0.42831897735595703}, "current_params": {"N": 500, "iss": 0.9, "lr": 0.01750341268204161, "ridge": 1e-07, "seed": 1234, "sr": 3.6652347285793745}}