{"returned_dict": {"loss": 4.287132274306452, "r2": -298.72777999970634, "status": "ok", "start_time": 1696933031.484162, "duration": 2.3117899894714355}, "current_params": {"N": 500, "iss": 0.9, "lr": 0.0064297670646757095, "ridge": 1e-07, "seed": 1234, "sr": 6.091700405214507}}