{"returned_dict": {"loss": 4.505068951122588, "r2": -2.908378981754769, "status": "ok", "start_time": 1696928287.7688289, "duration": 0.4467010498046875}, "current_params": {"N": 500, "iss": 0.9, "lr": 0.014788360119021833, "ridge": 1e-07, "seed": 1234, "sr": 2.6411464130177205}}