{"returned_dict": {"loss": 4.625685946652666, "r2": -2.620118455682235, "status": "ok", "start_time": 1696928532.3010461, "duration": 0.6313719749450684}, "current_params": {"N": 500, "iss": 0.9, "lr": 0.0012747559185957923, "ridge": 1e-07, "seed": 1234, "sr": 9.335710032985542}}