{"returned_dict": {"loss": 4.706487198040892, "r2": -324.5472104098657, "status": "ok", "start_time": 1696932862.4366798, "duration": 2.4519670009613037}, "current_params": {"N": 500, "iss": 0.9, "lr": 0.03227681862698132, "ridge": 1e-07, "seed": 1234, "sr": 0.13048071254874868}}