{"returned_dict": {"loss": 4.927421956356416, "r2": -360.3345791873426, "status": "ok", "start_time": 1696932981.668999, "duration": 2.354457139968872}, "current_params": {"N": 500, "iss": 0.9, "lr": 0.00870996895715053, "ridge": 1e-07, "seed": 1234, "sr": 1.8759964593517806}}