{"returned_dict": {"loss": 40.036831651743334, "r2": -24478.148357348487, "status": "ok", "start_time": 1696932850.661812, "duration": 2.3833909034729004}, "current_params": {"N": 500, "iss": 0.9, "lr": 0.001438234015621399, "ridge": 1e-07, "seed": 1234, "sr": 2.540247736115996}}