{"returned_dict": {"loss": 41.53147243109711, "r2": -129.85565144988396, "status": "ok", "start_time": 1696936169.136385, "duration": 13.622022867202759}, "current_params": {"N": 500, "iss": 0.9, "lr": 0.0020381971895498943, "ridge": 1e-07, "seed": 1234, "sr": 0.09437285509046839}}