{"returned_dict": {"loss": 42.884844585988226, "r2": -43256.53901127035, "status": "ok", "start_time": 1696927066.897911, "duration": 0.8848037719726562}, "current_params": {"N": 500, "iss": 0.9, "lr": 0.008419553121357429, "ridge": 1e-07, "seed": 1234, "sr": 5.615522331680127}}