{"returned_dict": {"loss": 5.886257689823883, "r2": -5.136105699281791, "status": "ok", "start_time": 1696928276.898777, "duration": 0.4924781322479248}, "current_params": {"N": 500, "iss": 0.9, "lr": 0.00634949608361273, "ridge": 1e-07, "seed": 1234, "sr": 2.9579435824398614}}