{"returned_dict": {"loss": 529.1331147110542, "r2": -4670224.5796861295, "status": "ok", "start_time": 1695699054.186954, "duration": 4.280094861984253}, "current_params": {"N": 500, "iss": 0.9, "lr": 0.01750341268204161, "ridge": 1e-07, "seed": 1234, "sr": 3.6652347285793745}}