{"returned_dict": {"loss": 6.505181131675093, "r2": -655.876578287346, "status": "ok", "start_time": 1696932908.519985, "duration": 2.4028708934783936}, "current_params": {"N": 500, "iss": 0.9, "lr": 0.004162641776033228, "ridge": 1e-07, "seed": 1234, "sr": 6.700381333753658}}