{"returned_dict": {"loss": 616.8885160515661, "r2": -6578993.456037049, "status": "ok", "start_time": 1695699496.0193448, "duration": 4.182226181030273}, "current_params": {"N": 500, "iss": 0.9, "lr": 0.00870996895715053, "ridge": 1e-07, "seed": 1234, "sr": 1.8759964593517806}}