{"returned_dict": {"loss": 8.099721090062271, "r2": -6.792520863880779, "status": "ok", "start_time": 1696930369.939462, "duration": 0.6179780960083008}, "current_params": {"N": 500, "iss": 0.9, "lr": 0.020947973404360564, "ridge": 1e-07, "seed": 1234, "sr": 5.1267595669393975}}