{"returned_dict": {"loss": 9.115980283500269, "r2": -5.825489835211346, "status": "ok", "start_time": 1696936099.636727, "duration": 13.626872062683105}, "current_params": {"N": 500, "iss": 0.9, "lr": 0.15492403550483747, "ridge": 1e-07, "seed": 1234, "sr": 0.07071032186253305}}