{"returned_dict": {"loss": 9.182235326116576, "r2": -5.883656981228267, "status": "ok", "start_time": 1696935948.068379, "duration": 14.027034997940063}, "current_params": {"N": 500, "iss": 0.9, "lr": 0.06679554327816328, "ridge": 1e-07, "seed": 1234, "sr": 0.07966435869333038}}