{"returned_dict": {"loss": 915.918646615408, "r2": -14201186.84730647, "status": "ok", "start_time": 1695699612.849849, "duration": 4.191444158554077}, "current_params": {"N": 500, "iss": 0.9, "lr": 0.008419553121357429, "ridge": 1e-07, "seed": 1234, "sr": 5.615522331680127}}