{"returned_dict": {"loss": 0.009102884382332475, "r2": 0.9980511518065351, "status": "ok", "start_time": 1697096925.75845, "duration": 0.7755980491638184}, "current_params": {"N": 500, "iss": 0.9, "lr": 0.017842200331087264, "ridge": 1e-07, "seed": 1234, "sr": 0.07326940168674866}}