{"returned_dict": {"loss": 0.0077099087725182565, "r2": 0.9521699823819577, "status": "ok", "start_time": 1697451822.69722, "duration": 1.8347830772399902}, "current_params": {"N": 500, "iss": 0.21496591135483278, "lr": 0.012213382575706427, "ridge": 4.430275039678582e-08, "seed": 1234, "sr": 0.015767522293681297}}