{"returned_dict": {"loss": 0.00016584837600470094, "r2": 0.9999992465148483, "status": "ok", "start_time": 1697696458.9859982, "duration": 0.9076569080352783}, "current_params": {"N": 500, "iss": 0.9, "lr": 0.5127972912670764, "ridge": 1e-07, "seed": 1234, "sr": 0.3797757622392174}}