{"returned_dict": {"loss": 0.00045773766013307147, "r2": 0.9999951440445242, "status": "ok", "start_time": 1697698840.3236978, "duration": 1.85654616355896}, "current_params": {"N": 500, "iss": 0.892885997800422, "lr": 0.49981993643396744, "ridge": 3.2585212389411373e-07, "seed": 1234, "sr": 0.13073371451589708}}