{"returned_dict": {"loss": 0.002032057716644814, "r2": 0.9999018936663381, "status": "ok", "start_time": 1697155217.346231, "duration": 0.8504610061645508}, "current_params": {"N": 500, "iss": 0.9, "lr": 0.12536865035721081, "ridge": 1e-07, "seed": 1234, "sr": 0.01969702873562671}}