{"returned_dict": {"loss": 0.00694092597232496, "r2": 0.9614477373772861, "status": "ok", "start_time": 1697451636.2417312, "duration": 1.7841846942901611}, "current_params": {"N": 500, "iss": 0.9903777479356254, "lr": 0.1894882305034404, "ridge": 0.004636302559142713, "seed": 1234, "sr": 1.9577985037865835}}