{"returned_dict": {"loss": 0.004786484721743238, "r2": 0.9817171004006645, "status": "ok", "start_time": 1697451882.503165, "duration": 1.845822811126709}, "current_params": {"N": 500, "iss": 0.0011867504507336868, "lr": 0.4402251533661025, "ridge": 1.398293408194846e-05, "seed": 1234, "sr": 0.1378790157061615}}