{"returned_dict": {"loss": 0.005770840923596059, "r2": 0.9989399613278316, "status": "ok", "start_time": 1697158998.355137, "duration": 0.9772138595581055}, "current_params": {"N": 500, "iss": 0.9, "lr": 0.017842200331087264, "ridge": 1e-07, "seed": 1234, "sr": 0.07326940168674866}}