{"returned_dict": {"loss": 0.008659732494744209, "r2": 0.9975384698948636, "status": "ok", "start_time": 1697696254.123994, "duration": 1.2735469341278076}, "current_params": {"N": 500, "iss": 0.9, "lr": 0.010792320963354871, "ridge": 1e-07, "seed": 1234, "sr": 0.030264242037118992}}