{"returned_dict": {"loss": 0.002592406862738291, "r2": 0.9998420041294868, "status": "ok", "start_time": 1697155168.788001, "duration": 0.8244097232818604}, "current_params": {"N": 500, "iss": 0.9, "lr": 0.10803678961379123, "ridge": 1e-07, "seed": 1234, "sr": 0.21210441974152222}}