{"returned_dict": {"loss": 0.0015397220622108403, "r2": 0.9981110046160202, "status": "ok", "start_time": 1697662871.513516, "duration": 4.924435138702393}, "current_params": {"N": 577.0, "iss": 0.5458161363201689, "lr": 0.1927391235133893, "ridge": 3.4731611050513896e-08, "seed": 1234, "sr": 0.017275455370965257}}