{"returned_dict": {"loss": 0.0010210826859205137, "r2": 0.999970818826562, "status": "ok", "start_time": 1697696413.408368, "duration": 1.0374879837036133}, "current_params": {"N": 500, "iss": 0.9, "lr": 0.10015288691890604, "ridge": 1e-07, "seed": 1234, "sr": 0.21354604962375795}}