{"returned_dict": {"loss": 0.0026646337211101226, "r2": 0.9998993099220127, "status": "ok", "start_time": 1697416738.864537, "duration": 0.791593074798584}, "current_params": {"N": 500, "iss": 0.5458161363201689, "lr": 0.1927391235133893, "ridge": 3.4731611050513896e-08, "seed": 1234, "sr": 0.017275455370965257}}