{"returned_dict": {"loss": 0.0039221233151528504, "r2": 0.9996327940143231, "status": "ok", "start_time": 1697155211.258827, "duration": 0.8818728923797607}, "current_params": {"N": 500, "iss": 0.9, "lr": 0.05729573294171989, "ridge": 1e-07, "seed": 1234, "sr": 0.03414048410383786}}