{"returned_dict": {"loss": 0.0006379156755366902, "r2": 0.9999886203298368, "status": "ok", "start_time": 1697159039.689106, "duration": 1.0062260627746582}, "current_params": {"N": 500, "iss": 0.9, "lr": 0.26781603924522474, "ridge": 1e-07, "seed": 1234, "sr": 0.02786727306368867}}