{"returned_dict": {"loss": 0.0007835287392910046, "r2": 0.9999849243836061, "status": "ok", "start_time": 1697097000.0349739, "duration": 0.7830121517181396}, "current_params": {"N": 500, "iss": 0.9, "lr": 0.2229557041536738, "ridge": 1e-07, "seed": 1234, "sr": 0.09835763510258089}}