{"returned_dict": {"loss": 0.0005651014651869762, "r2": 0.9999925317664063, "status": "ok", "start_time": 1697096873.586176, "duration": 0.78851318359375}, "current_params": {"N": 500, "iss": 0.9, "lr": 0.3544579971335427, "ridge": 1e-07, "seed": 1234, "sr": 0.0544052294998603}}