{"returned_dict": {"loss": 0.0010050722299518539, "r2": 0.9999749281293017, "status": "ok", "start_time": 1697155226.619242, "duration": 0.8547570705413818}, "current_params": {"N": 500, "iss": 0.9, "lr": 0.17743219883537267, "ridge": 1e-07, "seed": 1234, "sr": 0.0925852425060542}}