{"returned_dict": {"loss": 0.0095143570423784, "r2": 0.9965031421295923, "status": "ok", "start_time": 1697189687.9278688, "duration": 4.396879196166992}, "current_params": {"N": 1000, "iss": 0.23999648673506557, "lr": 0.14755529525122685, "ridge": 2.191167299174609e-09, "seed": 1234, "sr": 0.023462246374277934}}