{"returned_dict": {"loss": 0.00015230889303737558, "r2": 0.9999993693187689, "status": "ok", "start_time": 1697695390.883925, "duration": 0.9023950099945068}, "current_params": {"N": 500, "iss": 0.9, "lr": 0.8310012558635558, "ridge": 1e-07, "seed": 1234, "sr": 0.2237449778907503}}