{"returned_dict": {"loss": 0.0018053616224137094, "r2": 0.9999257335414627, "status": "ok", "start_time": 1697698842.188701, "duration": 1.823272943496704}, "current_params": {"N": 500, "iss": 0.9120267528405163, "lr": 0.10377622163746929, "ridge": 0.0009493042476638647, "seed": 1234, "sr": 1.1747727724200443}}