{"returned_dict": {"loss": 0.0010210826859205137, "r2": 0.999970818826562, "status": "ok", "start_time": 1697695460.693776, "duration": 0.8930809497833252}, "current_params": {"N": 500, "iss": 0.9, "lr": 0.10015288691890604, "ridge": 1e-07, "seed": 1234, "sr": 0.21354604962375795}}