{"returned_dict": {"loss": 0.0012534967709249192, "r2": 0.998729651610172, "status": "ok", "start_time": 1697451909.3523579, "duration": 1.9066581726074219}, "current_params": {"N": 500, "iss": 0.2892949225345609, "lr": 0.26564196963566705, "ridge": 0.001669043615883305, "seed": 1234, "sr": 0.5335784501655656}}