{"returned_dict": {"loss": 0.0005825356542625025, "r2": 0.9999905690290487, "status": "ok", "start_time": 1697157719.6787388, "duration": 0.9779741764068604}, "current_params": {"N": 500, "iss": 0.9, "lr": 0.3567209557257145, "ridge": 1e-07, "seed": 1234, "sr": 0.014411455273543402}}