{"returned_dict": {"loss": 0.0017950418279766023, "r2": 0.9974261002377421, "status": "ok", "start_time": 1697663677.448569, "duration": 80.94002485275269}, "current_params": {"N": 3028.0, "iss": 0.5619647530716958, "lr": 0.12251552188440552, "ridge": 0.00013569741429282753, "seed": 1234, "sr": 0.020788245498133077}}