{"returned_dict": {"loss": 0.0009067503922963993, "r2": 0.9993310326818469, "status": "ok", "start_time": 1697653412.079286, "duration": 66.22202682495117}, "current_params": {"N": 2792.0, "iss": 0.892885997800422, "lr": 0.49981993643396744, "ridge": 3.2585212389411373e-07, "seed": 1234, "sr": 0.13073371451589708}}