{"returned_dict": {"loss": 0.0004017829067657697, "r2": 0.9999962556993518, "status": "ok", "start_time": 1697154437.7762072, "duration": 0.7930066585540771}, "current_params": {"N": 500, "iss": 0.9, "lr": 0.3299059340936598, "ridge": 1e-07, "seed": 1234, "sr": 0.18658183701753261}}