{"returned_dict": {"loss": 0.0010567527906695604, "r2": 0.9999842244511784, "status": "ok", "start_time": 1697416710.904002, "duration": 0.7618591785430908}, "current_params": {"N": 500, "iss": 0.8493027570387159, "lr": 0.08352474609695261, "ridge": 1.2092867049259064e-08, "seed": 1234, "sr": 0.1521671071513882}}