{"returned_dict": {"loss": 0.0013804253696706901, "r2": 0.9999727011285916, "status": "ok", "start_time": 1697183671.3746681, "duration": 0.8602449893951416}, "current_params": {"N": 500, "iss": 0.7044600162750467, "lr": 0.05989081733494548, "ridge": 3.058579821085371e-08, "seed": 1234, "sr": 0.1626795681245935}}