{"returned_dict": {"loss": 0.00435179502408952, "r2": 0.9995494499836629, "status": "ok", "start_time": 1697154463.29717, "duration": 0.800922155380249}, "current_params": {"N": 500, "iss": 0.9, "lr": 0.039950389623756244, "ridge": 1e-07, "seed": 1234, "sr": 0.01695935124689556}}