{"returned_dict": {"loss": 0.0002384588878348135, "r2": 0.9999984482844958, "status": "ok", "start_time": 1697697201.627813, "duration": 0.9572019577026367}, "current_params": {"N": 500, "iss": 0.9, "lr": 0.3193275230054053, "ridge": 1e-07, "seed": 1234, "sr": 0.22191193501289097}}