{"returned_dict": {"loss": 0.001094604251372348, "r2": 0.9990506543835179, "status": "ok", "start_time": 1697661202.916362, "duration": 256.07219791412354}, "current_params": {"N": 4507.0, "iss": 0.46362690696575914, "lr": 0.1556591544481278, "ridge": 0.0003537494244538186, "seed": 1234, "sr": 0.05298748174805132}}