{"returned_dict": {"loss": 0.002009821082019483, "r2": 0.9999422519487475, "status": "ok", "start_time": 1697184933.408774, "duration": 0.8312702178955078}, "current_params": {"N": 500, "iss": 0.7044600162750467, "lr": 0.05989081733494548, "ridge": 3.058579821085371e-08, "seed": 1234, "sr": 0.1626795681245935}}