{"returned_dict": {"loss": 0.00028664827306738237, "r2": 0.9999977611843391, "status": "ok", "start_time": 1697157628.082232, "duration": 0.9564099311828613}, "current_params": {"N": 500, "iss": 0.9, "lr": 0.5214286704332637, "ridge": 1e-07, "seed": 1234, "sr": 0.04981749804245153}}