{"returned_dict": {"loss": 0.00989875532561387, "r2": 0.9977942471079285, "status": "ok", "start_time": 1697436736.7843058, "duration": 1.784783124923706}, "current_params": {"N": 500, "iss": 0.44727779774125975, "lr": 0.36822455888750405, "ridge": 0.0002215397496700079, "seed": 1234, "sr": 0.02348225301745763}}