{"returned_dict": {"loss": 0.0035224211114165157, "r2": 0.9901431048905517, "status": "ok", "start_time": 1697659054.402189, "duration": 43.92654299736023}, "current_params": {"N": 2362.0, "iss": 0.8493027570387159, "lr": 0.08352474609695261, "ridge": 1.2092867049259064e-08, "seed": 1234, "sr": 0.1521671071513882}}