{"returned_dict": {"loss": 0.0017686961888347989, "r2": 0.9999556729990347, "status": "ok", "start_time": 1697183799.5997398, "duration": 0.8622291088104248}, "current_params": {"N": 500, "iss": 0.5458161363201689, "lr": 0.1927391235133893, "ridge": 3.4731611050513896e-08, "seed": 1234, "sr": 0.017275455370965257}}