{"returned_dict": {"loss": 0.005494954162221402, "r2": 0.9993123547032156, "status": "ok", "start_time": 1697699072.12001, "duration": 1.7459321022033691}, "current_params": {"N": 500, "iss": 0.61465928198713, "lr": 0.01646090380035458, "ridge": 1.416582108410998e-05, "seed": 1234, "sr": 0.6672376898037004}}