{"returned_dict": {"loss": 0.009549076687819893, "r2": 0.9271910359503401, "status": "ok", "start_time": 1697470432.97979, "duration": 15.497200965881348}, "current_params": {"N": 1417.0, "iss": 0.4965873842307338, "lr": 0.31430549026306187, "ridge": 0.00024733891965125694, "seed": 1234, "sr": 0.09169361093299348}}