{"returned_dict": {"loss": 0.00021831656393692114, "r2": 0.9999993129214687, "status": "ok", "start_time": 1697183712.0477812, "duration": 0.9075808525085449}, "current_params": {"N": 500, "iss": 0.892885997800422, "lr": 0.49981993643396744, "ridge": 3.2585212389411373e-07, "seed": 1234, "sr": 0.13073371451589708}}