{"returned_dict": {"loss": 0.0011567507221874743, "r2": 0.9999800680181191, "status": "ok", "start_time": 1697183700.716343, "duration": 0.8648810386657715}, "current_params": {"N": 500, "iss": 0.47860011851145334, "lr": 0.4166356911062447, "ridge": 1.2751646272541625e-05, "seed": 1234, "sr": 0.14848409471568397}}