{"returned_dict": {"loss": 0.009808467541476282, "r2": 0.9231525659034613, "status": "ok", "start_time": 1697483384.661908, "duration": 24.962849140167236}, "current_params": {"N": 1836.0, "iss": 0.9022140321763757, "lr": 0.28243759923765877, "ridge": 6.331779330149328e-07, "seed": 1234, "sr": 0.014132040674737733}}