{"returned_dict": {"loss": 0.0007619995685267987, "r2": 0.9999837731487586, "status": "ok", "start_time": 1697157626.1432488, "duration": 0.9622430801391602}, "current_params": {"N": 500, "iss": 0.9, "lr": 0.15492403550483747, "ridge": 1e-07, "seed": 1234, "sr": 0.07071032186253305}}