{"returned_dict": {"loss": 0.009096293645380968, "r2": 0.9339352152049004, "status": "ok", "start_time": 1697479704.8219688, "duration": 20.528428077697754}, "current_params": {"N": 1594.0, "iss": 0.5314055739748769, "lr": 0.5869419714703692, "ridge": 2.5739572117002763e-07, "seed": 1234, "sr": 0.030264242037118992}}