{"returned_dict": {"loss": 0.004323405343076519, "r2": 0.9996337188503975, "status": "ok", "start_time": 1697416755.4641979, "duration": 0.7955009937286377}, "current_params": {"N": 500, "iss": 0.9492310760856882, "lr": 0.03448518184164638, "ridge": 1.082471644281706e-09, "seed": 1234, "sr": 0.7476653587619372}}