{"returned_dict": {"loss": 0.00036903160501534265, "r2": 0.9999961966778582, "status": "ok", "start_time": 1697697202.592406, "duration": 1.0339698791503906}, "current_params": {"N": 500, "iss": 0.9, "lr": 0.9489133937634464, "ridge": 1e-07, "seed": 1234, "sr": 0.014438974945890222}}