{"returned_dict": {"loss": 0.008211831669044318, "r2": 0.9466008964003518, "status": "ok", "start_time": 1697657185.6771882, "duration": 50.88516283035278}, "current_params": {"N": 2061.0, "iss": 0.9345866417401569, "lr": 0.04017882290811124, "ridge": 0.008848344280085078, "seed": 1234, "sr": 0.014438974945890222}}