{"returned_dict": {"loss": 0.0006920092896154288, "r2": 0.9999932175092668, "status": "ok", "start_time": 1697185037.9949372, "duration": 0.8387398719787598}, "current_params": {"N": 500, "iss": 0.794303432239716, "lr": 0.7725304602957936, "ridge": 1.3376623261071025e-07, "seed": 1234, "sr": 0.026191894186955052}}