{"returned_dict": {"loss": 0.008428284297646702, "r2": 0.9432699895342838, "status": "ok", "start_time": 1697477048.62599, "duration": 196.95767498016357}, "current_params": {"N": 4283.0, "iss": 0.794303432239716, "lr": 0.7725304602957936, "ridge": 1.3376623261071025e-07, "seed": 1234, "sr": 0.026191894186955052}}