{"returned_dict": {"loss": 0.007974579945814311, "r2": 0.9984885039193819, "status": "ok", "start_time": 1697698854.3060238, "duration": 1.8124072551727295}, "current_params": {"N": 500, "iss": 0.6217356289422551, "lr": 0.0029999570595545273, "ridge": 1.822408392802496e-08, "seed": 1234, "sr": 0.38114750465916947}}