{"returned_dict": {"loss": 0.003871597608447268, "r2": 0.9996366528987305, "status": "ok", "start_time": 1697096669.324757, "duration": 0.7887070178985596}, "current_params": {"N": 500, "iss": 0.9, "lr": 0.054169337705025376, "ridge": 1e-07, "seed": 1234, "sr": 0.02572013644212619}}