{"returned_dict": {"loss": 0.009608098029704108, "r2": 0.9979097078472946, "status": "ok", "start_time": 1697699077.483577, "duration": 1.7883789539337158}, "current_params": {"N": 500, "iss": 0.9212495214371952, "lr": 0.03495869536083056, "ridge": 2.408236190196766e-05, "seed": 1234, "sr": 0.01769587598402526}}