{"returned_dict": {"loss": 0.0059651125362546985, "r2": 0.9694784322265918, "status": "ok", "start_time": 1697451888.229899, "duration": 1.8975820541381836}, "current_params": {"N": 500, "iss": 0.7681136832661768, "lr": 0.43906883802329827, "ridge": 6.060476940238121e-07, "seed": 1234, "sr": 0.7507802307193081}}