{"returned_dict": {"loss": 0.009617548016823664, "r2": 0.9979087697125936, "status": "ok", "start_time": 1697436695.587907, "duration": 1.7815361022949219}, "current_params": {"N": 500, "iss": 0.34611859763450203, "lr": 0.0072789537441323385, "ridge": 4.7480197822394035e-09, "seed": 1234, "sr": 0.3226348405474758}}