{"returned_dict": {"loss": 0.0002257941652315614, "r2": 0.9999986131136804, "status": "ok", "start_time": 1697695439.0182579, "duration": 0.9020640850067139}, "current_params": {"N": 500, "iss": 0.9, "lr": 0.3662606306703129, "ridge": 1e-07, "seed": 1234, "sr": 0.17537309143779847}}