{"returned_dict": {"loss": 0.008942201113926443, "r2": 0.9981950851642608, "status": "ok", "start_time": 1697436774.186059, "duration": 1.812518835067749}, "current_params": {"N": 500, "iss": 0.14258024657972923, "lr": 0.5516837456874331, "ridge": 3.7433235003717447e-07, "seed": 1234, "sr": 0.1931498404234262}}