{"returned_dict": {"loss": 0.00917674997558266, "r2": 0.9327528069688734, "status": "ok", "start_time": 1697454743.479632, "duration": 9.567568063735962}, "current_params": {"N": 1000, "iss": 0.911210058605431, "lr": 0.2183850802283866, "ridge": 1.4229800128550176e-05, "seed": 1234, "sr": 0.22833541526599072}}