{"returned_dict": {"loss": 0.00020241125463129491, "r2": 0.99999888607312, "status": "ok", "start_time": 1697696272.287943, "duration": 0.9272651672363281}, "current_params": {"N": 500, "iss": 0.9, "lr": 0.6539127865872252, "ridge": 1e-07, "seed": 1234, "sr": 0.10149855100477383}}