{"returned_dict": {"loss": 0.00045939431140438547, "r2": 0.9999941717367501, "status": "ok", "start_time": 1697696484.429021, "duration": 0.9050331115722656}, "current_params": {"N": 500, "iss": 0.9, "lr": 0.2229557041536738, "ridge": 1e-07, "seed": 1234, "sr": 0.09835763510258089}}