{"returned_dict": {"loss": 0.0018731041042718349, "r2": 0.9999165288853886, "status": "ok", "start_time": 1697438269.57664, "duration": 1.9413719177246094}, "current_params": {"N": 500, "iss": 0.976525304162185, "lr": 0.011273269250899024, "ridge": 5.267135160255618e-09, "seed": 1234, "sr": 0.09437285509046839}}