{"returned_dict": {"loss": 0.0015736844758506199, "r2": 0.9999394325523832, "status": "ok", "start_time": 1697154435.35057, "duration": 0.8199632167816162}, "current_params": {"N": 500, "iss": 0.9, "lr": 0.13776330861630057, "ridge": 1e-07, "seed": 1234, "sr": 0.2197712027474747}}