{"returned_dict": {"loss": 0.005749529801730865, "r2": 0.9736442226629628, "status": "ok", "start_time": 1697665257.5629709, "duration": 103.82598495483398}, "current_params": {"N": 3422.0, "iss": 0.9212495214371952, "lr": 0.03495869536083056, "ridge": 2.408236190196766e-05, "seed": 1234, "sr": 0.01769587598402526}}