{"returned_dict": {"loss": 0.0025786624586170525, "r2": 0.9998378168299662, "status": "ok", "start_time": 1697155148.927857, "duration": 0.8622400760650635}, "current_params": {"N": 500, "iss": 0.9, "lr": 0.09201201301388376, "ridge": 1e-07, "seed": 1234, "sr": 0.02745813794912951}}