{"returned_dict": {"loss": 0.001778566529973809, "r2": 0.9999252341806194, "status": "ok", "start_time": 1697096982.091709, "duration": 0.787316083908081}, "current_params": {"N": 500, "iss": 0.9, "lr": 0.1583702239951588, "ridge": 1e-07, "seed": 1234, "sr": 0.020788245498133077}}