{"returned_dict": {"loss": 0.0009476726542076127, "r2": 0.99997899133584, "status": "ok", "start_time": 1697155130.19294, "duration": 0.8535690307617188}, "current_params": {"N": 500, "iss": 0.9, "lr": 0.3092209407645961, "ridge": 1e-07, "seed": 1234, "sr": 0.015590519612759524}}