{"returned_dict": {"loss": 0.005303206939267111, "r2": 0.9993231255880527, "status": "ok", "start_time": 1697157446.5005581, "duration": 0.9725408554077148}, "current_params": {"N": 500, "iss": 0.9, "lr": 0.06679554327816328, "ridge": 1e-07, "seed": 1234, "sr": 0.07966435869333038}}