{"returned_dict": {"loss": 0.0003724228893304223, "r2": 0.9999967887116715, "status": "ok", "start_time": 1697155191.673486, "duration": 0.8388309478759766}, "current_params": {"N": 500, "iss": 0.9, "lr": 0.3662606306703129, "ridge": 1e-07, "seed": 1234, "sr": 0.17537309143779847}}