{"returned_dict": {"loss": 0.00015150052754286553, "r2": 0.9999994509072315, "status": "ok", "start_time": 1697437028.295362, "duration": 1.7731249332427979}, "current_params": {"N": 500, "iss": 0.7681136832661768, "lr": 0.43906883802329827, "ridge": 6.060476940238121e-07, "seed": 1234, "sr": 0.7507802307193081}}