{"returned_dict": {"loss": 0.0004726659693383849, "r2": 0.9999945530459846, "status": "ok", "start_time": 1697698921.570028, "duration": 1.8182621002197266}, "current_params": {"N": 500, "iss": 0.9655801894967717, "lr": 0.5494681828865383, "ridge": 2.0065307823836486e-09, "seed": 1234, "sr": 0.01418389479892628}}