{"returned_dict": {"loss": 0.00821169167302996, "r2": 0.9983633234798046, "status": "ok", "start_time": 1697154459.327188, "duration": 0.8146519660949707}, "current_params": {"N": 500, "iss": 0.9, "lr": 0.06024795953076342, "ridge": 1e-07, "seed": 1234, "sr": 0.22833541526599072}}