{"returned_dict": {"loss": 0.0030211741441810622, "r2": 0.9997780432301191, "status": "ok", "start_time": 1697096748.533439, "duration": 0.8185880184173584}, "current_params": {"N": 500, "iss": 0.9, "lr": 0.07548680318122616, "ridge": 1e-07, "seed": 1234, "sr": 0.01769587598402526}}