{"returned_dict": {"loss": 0.000386057694910688, "r2": 0.9999965127200138, "status": "ok", "start_time": 1697155204.3737972, "duration": 0.8249406814575195}, "current_params": {"N": 500, "iss": 0.9, "lr": 0.3193275230054053, "ridge": 1e-07, "seed": 1234, "sr": 0.22191193501289097}}