{"returned_dict": {"loss": 0.0018845173875481416, "r2": 0.9999000252477771, "status": "ok", "start_time": 1697695523.99068, "duration": 0.9039449691772461}, "current_params": {"N": 500, "iss": 0.9, "lr": 0.05979777023560263, "ridge": 1e-07, "seed": 1234, "sr": 0.1378790157061615}}