{"returned_dict": {"loss": 0.001457686492479188, "r2": 0.9999199945742013, "status": "ok", "start_time": 1697189059.986062, "duration": 4.227985858917236}, "current_params": {"N": 1000, "iss": 0.2298357960090034, "lr": 0.8472268156639914, "ridge": 9.801931216645321e-05, "seed": 1234, "sr": 0.2197712027474747}}