{"returned_dict": {"loss": 0.0018689053643898875, "r2": 0.9999494752232098, "status": "ok", "start_time": 1697185040.4248488, "duration": 0.8298861980438232}, "current_params": {"N": 500, "iss": 0.9135989958833419, "lr": 0.4700604405485768, "ridge": 5.192783797391785e-07, "seed": 1234, "sr": 0.02684390359598015}}