{"returned_dict": {"loss": 0.00486525849866299, "r2": 0.9793402619192692, "status": "ok", "start_time": 1697647883.943882, "duration": 7.277063846588135}, "current_params": {"N": 833.0, "iss": 0.7044600162750467, "lr": 0.05989081733494548, "ridge": 3.058579821085371e-08, "seed": 1234, "sr": 0.1626795681245935}}