{"returned_dict": {"loss": 0.0017155389711903208, "r2": 0.9976661487568078, "status": "ok", "start_time": 1697658340.419242, "duration": 158.7122130393982}, "current_params": {"N": 3694.0, "iss": 0.10044612037411704, "lr": 0.07898613150169653, "ridge": 0.005230035728447981, "seed": 1234, "sr": 0.03524277949039688}}