{"returned_dict": {"loss": 0.0010202464187288082, "r2": 0.9999806254487492, "status": "ok", "start_time": 1697185057.484375, "duration": 0.8318510055541992}, "current_params": {"N": 500, "iss": 0.5314055739748769, "lr": 0.5869419714703692, "ridge": 2.5739572117002763e-07, "seed": 1234, "sr": 0.030264242037118992}}