{"returned_dict": {"loss": 0.004934969890136334, "r2": 0.9992732922828956, "status": "ok", "start_time": 1697696328.5454001, "duration": 0.9224348068237305}, "current_params": {"N": 500, "iss": 0.9, "lr": 0.025202620361693902, "ridge": 1e-07, "seed": 1234, "sr": 0.015931944006093716}}