{"returned_dict": {"loss": 0.0004984959467353298, "r2": 0.9999941951430275, "status": "ok", "start_time": 1697155206.94635, "duration": 0.9469549655914307}, "current_params": {"N": 500, "iss": 0.9, "lr": 0.5368645947090775, "ridge": 1e-07, "seed": 1234, "sr": 0.026761175701104346}}