{"returned_dict": {"loss": 0.008133599539755785, "r2": 0.9980967568841127, "status": "ok", "start_time": 1697697168.1783218, "duration": 0.9671761989593506}, "current_params": {"N": 500, "iss": 0.9, "lr": 0.009487842647350041, "ridge": 1e-07, "seed": 1234, "sr": 0.07964860203040938}}