{"returned_dict": {"loss": 0.0009143656769945236, "r2": 0.9993311191704395, "status": "ok", "start_time": 1697451647.10489, "duration": 1.826246976852417}, "current_params": {"N": 500, "iss": 0.2841990386572327, "lr": 0.4297960808148079, "ridge": 3.4827616605209123e-06, "seed": 1234, "sr": 0.020006202812672045}}