{"returned_dict": {"loss": 0.0013474399307646628, "r2": 0.9985587158989863, "status": "ok", "start_time": 1697654449.678072, "duration": 33.99042010307312}, "current_params": {"N": 2072.0, "iss": 0.7714539695031645, "lr": 0.16766766519886953, "ridge": 1.2968971939683203e-07, "seed": 1234, "sr": 0.28327116807958513}}