{"returned_dict": {"loss": 0.0008682141617670738, "r2": 0.9999812203557775, "status": "ok", "start_time": 1697155176.2927349, "duration": 0.9496252536773682}, "current_params": {"N": 500, "iss": 0.9, "lr": 0.2048382486866981, "ridge": 1e-07, "seed": 1234, "sr": 0.09169361093299348}}