{"returned_dict": {"loss": 0.00926732200669105, "r2": 0.9314309074546219, "status": "ok", "start_time": 1697481744.147089, "duration": 1000.6593570709229}, "current_params": {"N": 4997.0, "iss": 0.32792488571889467, "lr": 0.22465500878777248, "ridge": 0.0003014232201482745, "seed": 1234, "sr": 0.09835763510258089}}