{"returned_dict": {"loss": 0.0006313365193154925, "r2": 0.9999902908653002, "status": "ok", "start_time": 1697155269.4555972, "duration": 0.8270158767700195}, "current_params": {"N": 500, "iss": 0.9, "lr": 0.3023968431685585, "ridge": 1e-07, "seed": 1234, "sr": 0.3554664959628415}}