{"returned_dict": {"loss": 0.0005842079080544154, "r2": 0.9999919203189652, "status": "ok", "start_time": 1697155139.49605, "duration": 0.8711259365081787}, "current_params": {"N": 500, "iss": 0.9, "lr": 0.3544579971335427, "ridge": 1e-07, "seed": 1234, "sr": 0.0544052294998603}}