{"returned_dict": {"loss": 0.0017130824102980738, "r2": 0.9999177753711356, "status": "ok", "start_time": 1697158915.869694, "duration": 1.022594928741455}, "current_params": {"N": 500, "iss": 0.9, "lr": 0.06679554327816328, "ridge": 1e-07, "seed": 1234, "sr": 0.07966435869333038}}