{"returned_dict": {"loss": 0.0005887553469877224, "r2": 0.9999903277185557, "status": "ok", "start_time": 1697157732.257568, "duration": 0.9673831462860107}, "current_params": {"N": 500, "iss": 0.9, "lr": 0.17743219883537267, "ridge": 1e-07, "seed": 1234, "sr": 0.0925852425060542}}