{"returned_dict": {"loss": 0.009338775613388344, "r2": 0.9980248552494467, "status": "ok", "start_time": 1697436880.36561, "duration": 1.8948349952697754}, "current_params": {"N": 500, "iss": 0.6914803299511233, "lr": 0.4989873629451257, "ridge": 0.0009024714119816998, "seed": 1234, "sr": 0.014411455273543402}}