{"returned_dict": {"loss": 0.00031169465557743706, "r2": 0.9999973505037435, "status": "ok", "start_time": 1697696141.437273, "duration": 0.918006181716919}, "current_params": {"N": 500, "iss": 0.9, "lr": 0.4679014023329361, "ridge": 1e-07, "seed": 1234, "sr": 0.046727228044946535}}