{"returned_dict": {"loss": 0.0002494713221530583, "r2": 0.9999982724914961, "status": "ok", "start_time": 1697159085.2980092, "duration": 0.9719066619873047}, "current_params": {"N": 500, "iss": 0.9, "lr": 0.3023968431685585, "ridge": 1e-07, "seed": 1234, "sr": 0.3554664959628415}}