{"returned_dict": {"loss": 0.0034385134771759383, "r2": 0.9996719377658988, "status": "ok", "start_time": 1697696158.207038, "duration": 0.9886560440063477}, "current_params": {"N": 500, "iss": 0.9, "lr": 0.039950389623756244, "ridge": 1e-07, "seed": 1234, "sr": 0.01695935124689556}}