{"returned_dict": {"loss": 0.0032309408440071587, "r2": 0.9916912610133163, "status": "ok", "start_time": 1697650899.122786, "duration": 178.52445912361145}, "current_params": {"N": 4514.0, "iss": 0.18640085674470974, "lr": 0.008316425906674767, "ridge": 3.822116394355239e-05, "seed": 1234, "sr": 0.02745813794912951}}