{"returned_dict": {"loss": 0.005436786904437436, "r2": 0.9995876159203082, "status": "ok", "start_time": 1697416749.236444, "duration": 0.7915670871734619}, "current_params": {"N": 500, "iss": 0.23999648673506557, "lr": 0.14755529525122685, "ridge": 2.191167299174609e-09, "seed": 1234, "sr": 0.023462246374277934}}