{"returned_dict": {"loss": 0.0003061072451781416, "r2": 0.9999978329055077, "status": "ok", "start_time": 1697097553.761211, "duration": 0.7889010906219482}, "current_params": {"N": 500, "iss": 0.9, "lr": 0.865053734375228, "ridge": 1e-07, "seed": 1234, "sr": 0.12440910427817788}}