{"returned_dict": {"loss": 0.009955985770267024, "r2": 0.9208511639021305, "status": "ok", "start_time": 1697454859.845095, "duration": 10.244392156600952}, "current_params": {"N": 1000, "iss": 0.4965873842307338, "lr": 0.31430549026306187, "ridge": 0.00024733891965125694, "seed": 1234, "sr": 0.09169361093299348}}