{"returned_dict": {"loss": 0.003368568493763559, "r2": 0.9998396647683144, "status": "ok", "start_time": 1697416637.091766, "duration": 0.7498600482940674}, "current_params": {"N": 500, "iss": 0.2298357960090034, "lr": 0.8472268156639914, "ridge": 9.801931216645321e-05, "seed": 1234, "sr": 0.2197712027474747}}