{"returned_dict": {"loss": 0.0028165982687649166, "r2": 0.9935182155485859, "status": "ok", "start_time": 1697650178.804993, "duration": 165.75421595573425}, "current_params": {"N": 4232.0, "iss": 0.8644046911873131, "lr": 0.6156368875066843, "ridge": 8.186416440991658e-08, "seed": 1234, "sr": 1.6722388684853167}}