{"returned_dict": {"loss": 0.0052605896555569034, "r2": 0.9993648926439832, "status": "ok", "start_time": 1697438577.654188, "duration": 1.904189109802246}, "current_params": {"N": 500, "iss": 0.550070835811614, "lr": 0.005273335540171085, "ridge": 5.04991308123115e-09, "seed": 1234, "sr": 0.39936841111501603}}