{"returned_dict": {"loss": 0.006962455573892902, "r2": 0.9615927175548836, "status": "ok", "start_time": 1697661825.446831, "duration": 8.597150087356567}, "current_params": {"N": 969.0, "iss": 0.735910449821011, "lr": 0.03687802163588743, "ridge": 0.0019711206562567562, "seed": 1234, "sr": 0.04328771757628488}}