{"returned_dict": {"loss": 0.00024284631559229114, "r2": 0.9999983942176002, "status": "ok", "start_time": 1697695387.1969101, "duration": 0.9035530090332031}, "current_params": {"N": 500, "iss": 0.9, "lr": 0.3299059340936598, "ridge": 1e-07, "seed": 1234, "sr": 0.18658183701753261}}