{"returned_dict": {"loss": 0.005127437074839655, "r2": 0.9993755572773333, "status": "ok", "start_time": 1697097474.743009, "duration": 0.8612449169158936}, "current_params": {"N": 500, "iss": 0.9, "lr": 0.0329584913173178, "ridge": 1e-07, "seed": 1234, "sr": 0.020006202812672045}}