{"returned_dict": {"loss": 0.007763314305452616, "r2": 0.9516214303359152, "status": "ok", "start_time": 1697451922.538128, "duration": 1.812865972518921}, "current_params": {"N": 500, "iss": 0.49705680256102114, "lr": 0.047125995444646136, "ridge": 0.006057640163977123, "seed": 1234, "sr": 0.02045819673305219}}