{"returned_dict": {"loss": 0.0077072952855498185, "r2": 0.9529518930147479, "status": "ok", "start_time": 1697665226.015852, "duration": 12.202555894851685}, "current_params": {"N": 1216.0, "iss": 0.5879201405915621, "lr": 0.017942623962965615, "ridge": 0.003711472688952436, "seed": 1234, "sr": 0.10149855100477383}}