{"returned_dict": {"loss": 0.00605034600538237, "r2": 0.9988328435483064, "status": "ok", "start_time": 1697697581.476293, "duration": 0.9490129947662354}, "current_params": {"N": 500, "iss": 0.9, "lr": 0.01723516935753249, "ridge": 1e-07, "seed": 1234, "sr": 0.08930926502440488}}