{"returned_dict": {"loss": 0.00043921360246562403, "r2": 0.9999972612264277, "status": "ok", "start_time": 1697183722.844102, "duration": 0.8740279674530029}, "current_params": {"N": 500, "iss": 0.7714539695031645, "lr": 0.16766766519886953, "ridge": 1.2968971939683203e-07, "seed": 1234, "sr": 0.28327116807958513}}