{"returned_dict": {"loss": 0.006878557805342839, "r2": 0.9985033631090722, "status": "ok", "start_time": 1697157798.814388, "duration": 0.9719421863555908}, "current_params": {"N": 500, "iss": 0.9, "lr": 0.015872813072111937, "ridge": 1e-07, "seed": 1234, "sr": 0.014132040674737733}}