{"returned_dict": {"loss": 0.00027900967051866114, "r2": 0.9999981990296886, "status": "ok", "start_time": 1697156877.392687, "duration": 0.8363888263702393}, "current_params": {"N": 500, "iss": 0.9, "lr": 0.865053734375228, "ridge": 1e-07, "seed": 1234, "sr": 0.12440910427817788}}