{"returned_dict": {"loss": 0.019377772380309497, "r2": 0.6960055315665793, "status": "ok", "start_time": 1697443113.951252, "duration": 1.7779488563537598}, "current_params": {"N": 500, "iss": 0.21506092759674977, "lr": 0.0037871077443508176, "ridge": 7.866367247447239e-05, "seed": 1234, "sr": 0.01969702873562671}}