{"returned_dict": {"loss": 0.012415442268776855, "r2": 0.8765585783730775, "status": "ok", "start_time": 1697443253.9192278, "duration": 2.1603541374206543}, "current_params": {"N": 500, "iss": 0.19784990317265738, "lr": 0.31008930988824535, "ridge": 0.00013246781832067779, "seed": 1234, "sr": 0.08438326345409637}}