{"returned_dict": {"loss": 0.019252654993957948, "r2": 0.9905028179776316, "status": "ok", "start_time": 1697096608.559525, "duration": 0.8020279407501221}, "current_params": {"N": 500, "iss": 0.9, "lr": 0.0016633478315350963, "ridge": 1e-07, "seed": 1234, "sr": 0.027598683234115115}}