{"returned_dict": {"loss": 0.013002472644362472, "r2": 0.9976316952302601, "status": "ok", "start_time": 1697183819.439865, "duration": 0.8698177337646484}, "current_params": {"N": 500, "iss": 0.6381446788022263, "lr": 0.011295567117425407, "ridge": 7.933169942060012e-08, "seed": 1234, "sr": 0.20877503732087163}}