{"returned_dict": {"loss": 0.016046059822520293, "r2": 0.9938341917486887, "status": "ok", "start_time": 1697097551.3587651, "duration": 0.7892959117889404}, "current_params": {"N": 500, "iss": 0.9, "lr": 0.005077070012844686, "ridge": 1e-07, "seed": 1234, "sr": 0.015767522293681297}}