{"returned_dict": {"loss": 0.0130273761417472, "r2": 0.8644635837027738, "status": "ok", "start_time": 1697456137.333527, "duration": 9.607080936431885}, "current_params": {"N": 1000, "iss": 0.3829699328467736, "lr": 0.026695530015763223, "ridge": 3.993947976599462e-07, "seed": 1234, "sr": 0.013649509767262393}}