{"returned_dict": {"loss": 0.012289468290206504, "r2": 0.8794135641605453, "status": "ok", "start_time": 1697483583.671467, "duration": 147.80898308753967}, "current_params": {"N": 4184.0, "iss": 0.3829699328467736, "lr": 0.026695530015763223, "ridge": 3.993947976599462e-07, "seed": 1234, "sr": 0.013649509767262393}}