{"returned_dict": {"loss": 0.010522885412833567, "r2": 0.9973886521973033, "status": "ok", "start_time": 1697096642.045869, "duration": 0.8490900993347168}, "current_params": {"N": 500, "iss": 0.9, "lr": 0.011499726306602578, "ridge": 1e-07, "seed": 1234, "sr": 0.020489195252075855}}