{"returned_dict": {"loss": 0.015902314306242518, "r2": 0.9937587737054804, "status": "ok", "start_time": 1697096693.575731, "duration": 0.8304281234741211}, "current_params": {"N": 500, "iss": 0.9, "lr": 0.003562915550473451, "ridge": 1e-07, "seed": 1234, "sr": 0.015217119086357022}}