{"returned_dict": {"loss": 0.014059883984918508, "r2": 0.8160251894612266, "status": "ok", "start_time": 1697451630.794987, "duration": 1.8068180084228516}, "current_params": {"N": 500, "iss": 0.8967736623178844, "lr": 0.1298405957476471, "ridge": 9.418213809531775e-09, "seed": 1234, "sr": 0.3105316802728771}}