{"returned_dict": {"loss": 0.014021554207419693, "r2": 0.8424116469495218, "status": "ok", "start_time": 1697449029.6117, "duration": 3.9870240688323975}, "current_params": {"N": 1000, "iss": 0.5923323236902225, "lr": 0.09414420070801902, "ridge": 0.0014474323274106797, "seed": 1234, "sr": 0.13317912806568327}}