{"returned_dict": {"loss": 0.014901888488510909, "r2": 0.996897971209958, "status": "ok", "start_time": 1697183833.8916118, "duration": 0.8727512359619141}, "current_params": {"N": 500, "iss": 0.2892949225345609, "lr": 0.26564196963566705, "ridge": 0.001669043615883305, "seed": 1234, "sr": 0.5335784501655656}}