{"returned_dict": {"loss": 0.01975693011256863, "r2": 0.6858688551898137, "status": "ok", "start_time": 1697443134.298872, "duration": 1.9596271514892578}, "current_params": {"N": 500, "iss": 0.8251862354360314, "lr": 0.007413342720100155, "ridge": 0.00017690591223905197, "seed": 1234, "sr": 0.0925852425060542}}