{"returned_dict": {"loss": 0.010386211030296575, "r2": 0.9138656451473866, "status": "ok", "start_time": 1697455574.697099, "duration": 10.249134063720703}, "current_params": {"N": 1000, "iss": 0.794303432239716, "lr": 0.7725304602957936, "ridge": 1.3376623261071025e-07, "seed": 1234, "sr": 0.026191894186955052}}