{"returned_dict": {"loss": 0.011313219865780695, "r2": 0.8981213288265045, "status": "ok", "start_time": 1697667019.291903, "duration": 43.52149200439453}, "current_params": {"N": 2319.0, "iss": 0.15890994153775684, "lr": 0.00792332805983459, "ridge": 3.0909972660202036e-06, "seed": 1234, "sr": 0.575269795679041}}