{"returned_dict": {"loss": 0.011197655925372035, "r2": 0.8997640322115111, "status": "ok", "start_time": 1697455644.1866581, "duration": 9.896605968475342}, "current_params": {"N": 1000, "iss": 0.7671193949876551, "lr": 0.5744555263071301, "ridge": 1.5608892276244172e-07, "seed": 1234, "sr": 1.8759964593517806}}