{"returned_dict": {"loss": 0.012151405087938001, "r2": 0.8821011981399254, "status": "ok", "start_time": 1697466484.608934, "duration": 148.0026981830597}, "current_params": {"N": 3886.0, "iss": 0.51533056692996, "lr": 0.034790822993190244, "ridge": 0.006492379836402213, "seed": 1234, "sr": 0.2237449778907503}}