{"returned_dict": {"loss": 0.014368767211613639, "r2": 0.8351617399575014, "status": "ok", "start_time": 1697478534.043124, "duration": 136.17324423789978}, "current_params": {"N": 3707.0, "iss": 0.134697453845536, "lr": 0.005584438526231021, "ridge": 0.0021703951793471516, "seed": 1234, "sr": 0.11855799312403709}}