{"returned_dict": {"loss": 0.013218024839762886, "r2": 0.8604933742454374, "status": "ok", "start_time": 1697455565.013773, "duration": 9.676926136016846}, "current_params": {"N": 1000, "iss": 0.9526407636866457, "lr": 0.03942187518677715, "ridge": 0.00016087888046694687, "seed": 1234, "sr": 0.03600276409094316}}