{"returned_dict": {"loss": 0.01089080257034867, "r2": 0.9053008707102203, "status": "ok", "start_time": 1697463625.4060202, "duration": 86.73080492019653}, "current_params": {"N": 3077.0, "iss": 0.15717970056189712, "lr": 0.07128243944571559, "ridge": 3.2781375924716163e-09, "seed": 1234, "sr": 0.027598683234115115}}