{"returned_dict": {"loss": 0.015777033662677045, "r2": 0.8006267087766529, "status": "ok", "start_time": 1697449951.832078, "duration": 1.770219087600708}, "current_params": {"N": 500, "iss": 0.20874949204266458, "lr": 0.07729401267577381, "ridge": 5.55904979401799e-05, "seed": 1234, "sr": 0.21210441974152222}}