{"returned_dict": {"loss": 0.016730434326157253, "r2": 0.9894711868190806, "status": "ok", "start_time": 1697189748.5936599, "duration": 4.2451770305633545}, "current_params": {"N": 1000, "iss": 0.7681136832661768, "lr": 0.43906883802329827, "ridge": 6.060476940238121e-07, "seed": 1234, "sr": 0.7507802307193081}}