{"returned_dict": {"loss": 0.016172456933066775, "r2": 0.9941136400806635, "status": "ok", "start_time": 1697438498.374569, "duration": 1.9458632469177246}, "current_params": {"N": 500, "iss": 0.735910449821011, "lr": 0.03687802163588743, "ridge": 0.0019711206562567562, "seed": 1234, "sr": 0.04328771757628488}}