{"returned_dict": {"loss": 0.013241939555526182, "r2": 0.8595127235986807, "status": "ok", "start_time": 1697442980.036355, "duration": 1.7543690204620361}, "current_params": {"N": 500, "iss": 0.600022312535927, "lr": 0.6571588388986347, "ridge": 0.001699652520124697, "seed": 1234, "sr": 0.046727228044946535}}