{"returned_dict": {"loss": 0.017176079897276878, "r2": 0.9958792490733132, "status": "ok", "start_time": 1697185086.540937, "duration": 0.8006331920623779}, "current_params": {"N": 500, "iss": 0.9252782203468204, "lr": 0.026818040062708853, "ridge": 7.673078281627973e-07, "seed": 1234, "sr": 0.08930926502440488}}