{"returned_dict": {"loss": 0.017250966641611153, "r2": 0.7615458739094537, "status": "ok", "start_time": 1697443179.591487, "duration": 1.83194899559021}, "current_params": {"N": 500, "iss": 0.134697453845536, "lr": 0.005584438526231021, "ridge": 0.0021703951793471516, "seed": 1234, "sr": 0.11855799312403709}}