{"returned_dict": {"loss": 0.014487814434398621, "r2": 0.8323053848707547, "status": "ok", "start_time": 1697454292.52289, "duration": 9.81270694732666}, "current_params": {"N": 1000, "iss": 0.7044600162750467, "lr": 0.05989081733494548, "ridge": 3.058579821085371e-08, "seed": 1234, "sr": 0.1626795681245935}}