{"returned_dict": {"loss": 0.014203420796405172, "r2": 0.8381396117499481, "status": "ok", "start_time": 1697449134.491421, "duration": 3.9234228134155273}, "current_params": {"N": 1000, "iss": 0.26934464895629684, "lr": 0.0839574815743966, "ridge": 0.003061173980554755, "seed": 1234, "sr": 0.016223651162329426}}