{"returned_dict": {"loss": 0.018000924028588786, "r2": 0.741227267984743, "status": "ok", "start_time": 1697455467.607896, "duration": 9.751710891723633}, "current_params": {"N": 1000, "iss": 0.7889351766743528, "lr": 0.00398609258790173, "ridge": 0.0026164567787443195, "seed": 1234, "sr": 0.012580639725311055}}