{"returned_dict": {"loss": 0.010916466404257886, "r2": 0.9959044905409137, "status": "ok", "start_time": 1697696441.403709, "duration": 0.8918030261993408}, "current_params": {"N": 500, "iss": 0.9, "lr": 0.008152510284277657, "ridge": 1e-07, "seed": 1234, "sr": 0.026191894186955052}}