{"returned_dict": {"loss": 0.012035428027653804, "r2": 0.8839924740139994, "status": "ok", "start_time": 1697448652.9570339, "duration": 4.1294920444488525}, "current_params": {"N": 1000, "iss": 0.600022312535927, "lr": 0.6571588388986347, "ridge": 0.001699652520124697, "seed": 1234, "sr": 0.046727228044946535}}