{"returned_dict": {"loss": 0.018801663630078604, "r2": 0.9920109600987969, "status": "ok", "start_time": 1697438398.028723, "duration": 1.9138579368591309}, "current_params": {"N": 500, "iss": 0.9232478994758182, "lr": 0.001009158010588956, "ridge": 8.318524365251139e-07, "seed": 1234, "sr": 0.07326940168674866}}