{"returned_dict": {"loss": 0.013752639330326992, "r2": 0.9931381814659853, "status": "ok", "start_time": 1697696216.7686772, "duration": 0.9180507659912109}, "current_params": {"N": 500, "iss": 0.9, "lr": 0.006565103682340531, "ridge": 1e-07, "seed": 1234, "sr": 0.02857977758285706}}