{"returned_dict": {"loss": 0.016712556974232004, "r2": 0.9960584129690587, "status": "ok", "start_time": 1697183763.465626, "duration": 0.8524749279022217}, "current_params": {"N": 500, "iss": 0.6914803299511233, "lr": 0.4989873629451257, "ridge": 0.0009024714119816998, "seed": 1234, "sr": 0.014411455273543402}}