{"returned_dict": {"loss": 0.011875760007558874, "r2": 0.8870390501657868, "status": "ok", "start_time": 1697449243.77568, "duration": 4.226725816726685}, "current_params": {"N": 1000, "iss": 0.19784990317265738, "lr": 0.31008930988824535, "ridge": 0.00013246781832067779, "seed": 1234, "sr": 0.08438326345409637}}