{"returned_dict": {"loss": 0.012294541242213138, "r2": 0.9978956049216513, "status": "ok", "start_time": 1697183796.208592, "duration": 0.839550256729126}, "current_params": {"N": 500, "iss": 0.5252220340132849, "lr": 0.5269856938769655, "ridge": 0.0071301806348985485, "seed": 1234, "sr": 0.12440910427817788}}