{"returned_dict": {"loss": 0.018764667976391043, "r2": 0.9865552479821348, "status": "ok", "start_time": 1697189575.592459, "duration": 4.292253017425537}, "current_params": {"N": 1000, "iss": 0.9135989958833419, "lr": 0.4700604405485768, "ridge": 5.192783797391785e-07, "seed": 1234, "sr": 0.02684390359598015}}