{"returned_dict": {"loss": 0.01191766769608249, "r2": 0.886208810548785, "status": "ok", "start_time": 1697449235.748047, "duration": 4.048511028289795}, "current_params": {"N": 1000, "iss": 0.32792488571889467, "lr": 0.22465500878777248, "ridge": 0.0003014232201482745, "seed": 1234, "sr": 0.09835763510258089}}