{"returned_dict": {"loss": 0.011940596081468394, "r2": 0.8850161521695389, "status": "ok", "start_time": 1697481539.615139, "duration": 204.50103783607483}, "current_params": {"N": 4797.0, "iss": 0.5933563673798359, "lr": 0.8382221591273349, "ridge": 1.1082393000534913e-06, "seed": 1234, "sr": 0.7323231724059845}}