{"returned_dict": {"loss": 0.010620007818150777, "r2": 0.9095416359041321, "status": "ok", "start_time": 1697472888.612454, "duration": 14.326050043106079}, "current_params": {"N": 1349.0, "iss": 0.9655801894967717, "lr": 0.5494681828865383, "ridge": 2.0065307823836486e-09, "seed": 1234, "sr": 0.01418389479892628}}