{"returned_dict": {"loss": 0.010841761585754577, "r2": 0.9972541449166398, "status": "ok", "start_time": 1697096888.341624, "duration": 0.7847669124603271}, "current_params": {"N": 500, "iss": 0.9, "lr": 0.05748154012762825, "ridge": 1e-07, "seed": 1234, "sr": 0.14848409471568397}}