{"returned_dict": {"loss": 0.013552067693409326, "r2": 0.8539758454101806, "status": "ok", "start_time": 1697659938.030774, "duration": 36.37499785423279}, "current_params": {"N": 2174.0, "iss": 0.8251862354360314, "lr": 0.007413342720100155, "ridge": 0.00017690591223905197, "seed": 1234, "sr": 0.0925852425060542}}