{"returned_dict": {"loss": 0.014569977739047888, "r2": 0.8304847544478857, "status": "ok", "start_time": 1697454546.7440152, "duration": 9.534923553466797}, "current_params": {"N": 1000, "iss": 0.18640085674470974, "lr": 0.008316425906674767, "ridge": 3.822116394355239e-05, "seed": 1234, "sr": 0.02745813794912951}}