{"returned_dict": {"loss": 0.011596611689302571, "r2": 0.9969724334937959, "status": "ok", "start_time": 1697438326.503447, "duration": 1.844162940979004}, "current_params": {"N": 500, "iss": 0.2841990386572327, "lr": 0.4297960808148079, "ridge": 3.4827616605209123e-06, "seed": 1234, "sr": 0.020006202812672045}}