{"returned_dict": {"loss": 0.013957416539061948, "r2": 0.8444635851606616, "status": "ok", "start_time": 1697455298.820794, "duration": 9.958000898361206}, "current_params": {"N": 1000, "iss": 0.10044612037411704, "lr": 0.07898613150169653, "ridge": 0.005230035728447981, "seed": 1234, "sr": 0.03524277949039688}}