{"returned_dict": {"loss": 0.011971664984122924, "r2": 0.8852319101004121, "status": "ok", "start_time": 1697450037.9619808, "duration": 1.8661472797393799}, "current_params": {"N": 500, "iss": 0.19717791279794772, "lr": 0.8908311505278818, "ridge": 0.00013283966567113832, "seed": 1234, "sr": 0.20760447792478667}}