{"returned_dict": {"loss": 0.01634109193049683, "r2": 0.7884559716509711, "status": "ok", "start_time": 1697659979.175127, "duration": 48.349018812179565}, "current_params": {"N": 2426.0, "iss": 0.7889351766743528, "lr": 0.00398609258790173, "ridge": 0.0026164567787443195, "seed": 1234, "sr": 0.012580639725311055}}