{"returned_dict": {"loss": 0.014003199666745432, "r2": 0.9955802604608245, "status": "ok", "start_time": 1697698869.871837, "duration": 2.0190720558166504}, "current_params": {"N": 500, "iss": 0.3045451369845007, "lr": 0.27036282441620346, "ridge": 0.00030682003342967967, "seed": 1234, "sr": 0.04049959618384302}}