{"returned_dict": {"loss": 0.01563582617218932, "r2": 0.9932761542841084, "status": "ok", "start_time": 1697695447.1418529, "duration": 0.8794760704040527}, "current_params": {"N": 500, "iss": 0.9, "lr": 0.0012348539342148224, "ridge": 1e-07, "seed": 1234, "sr": 0.050152765364070276}}