{"returned_dict": {"loss": 0.010521763329423681, "r2": 0.9973889746890147, "status": "ok", "start_time": 1697155161.775527, "duration": 0.9309191703796387}, "current_params": {"N": 500, "iss": 0.9, "lr": 0.011499726306602578, "ridge": 1e-07, "seed": 1234, "sr": 0.020489195252075855}}