{"returned_dict": {"loss": 0.013994570845420306, "r2": 0.9951931661306258, "status": "ok", "start_time": 1697155250.558135, "duration": 0.8154759407043457}, "current_params": {"N": 500, "iss": 0.9, "lr": 0.004574152964585012, "ridge": 1e-07, "seed": 1234, "sr": 0.017275455370965257}}