{"returned_dict": {"loss": 0.010191059491156989, "r2": 0.9168146400527993, "status": "ok", "start_time": 1697455604.5978281, "duration": 9.95441198348999}, "current_params": {"N": 1000, "iss": 0.9135989958833419, "lr": 0.4700604405485768, "ridge": 5.192783797391785e-07, "seed": 1234, "sr": 0.02684390359598015}}