{"returned_dict": {"loss": 0.014694269873032772, "r2": 0.8271069901174407, "status": "ok", "start_time": 1697443191.169861, "duration": 1.979313850402832}, "current_params": {"N": 500, "iss": 0.2752328727257135, "lr": 0.062196381712238125, "ridge": 0.0015831477712927589, "seed": 1234, "sr": 0.011423076308344373}}