{"returned_dict": {"loss": 0.010935687754993234, "r2": 0.9044512347108978, "status": "ok", "start_time": 1697469781.935743, "duration": 41.21020579338074}, "current_params": {"N": 1644.0, "iss": 0.7077176383000704, "lr": 0.08645762464145056, "ridge": 2.45461325245235e-09, "seed": 1234, "sr": 0.013953269187234588}}