{"returned_dict": {"loss": 0.019073526381508714, "r2": 0.994919798550599, "status": "ok", "start_time": 1697183676.546881, "duration": 0.8584699630737305}, "current_params": {"N": 500, "iss": 0.7041340569061305, "lr": 0.02018337832903292, "ridge": 2.3115334421298753e-06, "seed": 1234, "sr": 0.09442721440119983}}