{"returned_dict": {"loss": 0.014410143561583965, "r2": 0.833440060246177, "status": "ok", "start_time": 1697448920.434806, "duration": 4.051206827163696}, "current_params": {"N": 1000, "iss": 0.347012423797356, "lr": 0.09201940994765088, "ridge": 1.2655675147834042e-05, "seed": 1234, "sr": 0.03414048410383786}}