{"returned_dict": {"loss": 0.015600556276138341, "r2": 0.9945221499106442, "status": "ok", "start_time": 1697698894.2944288, "duration": 2.421086072921753}, "current_params": {"N": 500, "iss": 0.4893385543018618, "lr": 0.02143015081924661, "ridge": 1.1102605111730034e-05, "seed": 1234, "sr": 0.02572013644212619}}