{"returned_dict": {"loss": 0.01940555244895958, "r2": 0.6969924867324425, "status": "ok", "start_time": 1697448596.618277, "duration": 3.9535109996795654}, "current_params": {"N": 1000, "iss": 0.9326851510627013, "lr": 0.01313978174667569, "ridge": 0.0007520446577387131, "seed": 1234, "sr": 0.18658183701753261}}