{"returned_dict": {"loss": 0.014638569342391272, "r2": 0.8283753755180943, "status": "ok", "start_time": 1697442962.521504, "duration": 1.7737338542938232}, "current_params": {"N": 500, "iss": 0.51533056692996, "lr": 0.034790822993190244, "ridge": 0.006492379836402213, "seed": 1234, "sr": 0.2237449778907503}}