{"returned_dict": {"loss": 0.019171423093329, "r2": 0.9917029469457872, "status": "ok", "start_time": 1697698930.676487, "duration": 1.7782361507415771}, "current_params": {"N": 500, "iss": 0.9345866417401569, "lr": 0.04017882290811124, "ridge": 0.008848344280085078, "seed": 1234, "sr": 0.014438974945890222}}