{"returned_dict": {"loss": 0.012865473744249178, "r2": 0.8678001030848835, "status": "ok", "start_time": 1697455040.729749, "duration": 10.141865968704224}, "current_params": {"N": 1000, "iss": 0.6922327390139184, "lr": 0.034601111100789846, "ridge": 0.0009597922173967499, "seed": 1234, "sr": 0.17537309143779847}}