{"returned_dict": {"loss": 0.015020866164439964, "r2": 0.9938192906901544, "status": "ok", "start_time": 1697157616.3535612, "duration": 1.1682019233703613}, "current_params": {"N": 500, "iss": 0.9, "lr": 0.0016633478315350963, "ridge": 1e-07, "seed": 1234, "sr": 0.027598683234115115}}