{"returned_dict": {"loss": 0.01860916198315841, "r2": 0.9917628586761777, "status": "ok", "start_time": 1697096946.16309, "duration": 0.7414498329162598}, "current_params": {"N": 500, "iss": 0.9, "lr": 0.8900744887793847, "ridge": 1e-07, "seed": 1234, "sr": 1.810409666530886}}