{"returned_dict": {"loss": 0.014712358209507781, "r2": 0.9949798255244559, "status": "ok", "start_time": 1697155223.189301, "duration": 0.8257279396057129}, "current_params": {"N": 500, "iss": 0.9, "lr": 0.006565103682340531, "ridge": 1e-07, "seed": 1234, "sr": 0.02857977758285706}}