{"returned_dict": {"loss": 0.012476286754621849, "r2": 0.9964966910871134, "status": "ok", "start_time": 1697438241.872991, "duration": 1.8485989570617676}, "current_params": {"N": 500, "iss": 0.15717970056189712, "lr": 0.07128243944571559, "ridge": 3.2781375924716163e-09, "seed": 1234, "sr": 0.027598683234115115}}