{"returned_dict": {"loss": 0.015449442166264905, "r2": 0.9946285583192521, "status": "ok", "start_time": 1697438602.1414442, "duration": 1.8720598220825195}, "current_params": {"N": 500, "iss": 0.3829699328467736, "lr": 0.026695530015763223, "ridge": 3.993947976599462e-07, "seed": 1234, "sr": 0.013649509767262393}}