{"returned_dict": {"loss": 0.014743312779548665, "r2": 0.825359467361157, "status": "ok", "start_time": 1697449968.153079, "duration": 1.804710865020752}, "current_params": {"N": 500, "iss": 0.4965873842307338, "lr": 0.31430549026306187, "ridge": 0.00024733891965125694, "seed": 1234, "sr": 0.09169361093299348}}