{"returned_dict": {"loss": 0.018672167077878544, "r2": 0.9921536108386194, "status": "ok", "start_time": 1697436710.0158179, "duration": 1.830658197402954}, "current_params": {"N": 500, "iss": 0.21686967585707428, "lr": 0.06719120770962762, "ridge": 0.00012890720812140736, "seed": 1234, "sr": 0.07071032186253305}}