{"returned_dict": {"loss": 0.010011083765879133, "r2": 0.9976141205562121, "status": "ok", "start_time": 1697097476.60833, "duration": 0.8165738582611084}, "current_params": {"N": 500, "iss": 0.9, "lr": 0.06024795953076342, "ridge": 1e-07, "seed": 1234, "sr": 0.22833541526599072}}