{"returned_dict": {"loss": 0.01565338342245819, "r2": 0.996544839888061, "status": "ok", "start_time": 1697183786.807379, "duration": 0.8591940402984619}, "current_params": {"N": 500, "iss": 0.46362690696575914, "lr": 0.1556591544481278, "ridge": 0.0003537494244538186, "seed": 1234, "sr": 0.05298748174805132}}