{"returned_dict": {"loss": 0.012430626678886662, "r2": 0.8762596154103438, "status": "ok", "start_time": 1697449021.647939, "duration": 4.045047998428345}, "current_params": {"N": 1000, "iss": 0.40735440327681793, "lr": 0.27568095723189284, "ridge": 0.000462329948563324, "seed": 1234, "sr": 0.02786727306368867}}