{"returned_dict": {"loss": 0.013046193603604435, "r2": 0.8639739636818006, "status": "ok", "start_time": 1697454663.493052, "duration": 9.956303119659424}, "current_params": {"N": 1000, "iss": 0.9903777479356254, "lr": 0.1894882305034404, "ridge": 0.004636302559142713, "seed": 1234, "sr": 1.9577985037865835}}