{"returned_dict": {"loss": 0.017541814467932727, "r2": 0.9930725064622162, "status": "ok", "start_time": 1697698844.0205681, "duration": 1.9525361061096191}, "current_params": {"N": 500, "iss": 0.20874949204266458, "lr": 0.07729401267577381, "ridge": 5.55904979401799e-05, "seed": 1234, "sr": 0.21210441974152222}}