{"returned_dict": {"loss": 0.013200795564688622, "r2": 0.8608730583533614, "status": "ok", "start_time": 1697474358.805077, "duration": 157.5011329650879}, "current_params": {"N": 3694.0, "iss": 0.10044612037411704, "lr": 0.07898613150169653, "ridge": 0.005230035728447981, "seed": 1234, "sr": 0.03524277949039688}}