{"returned_dict": {"loss": 0.019132551458659174, "r2": 0.9948614351247466, "status": "ok", "start_time": 1697416706.350958, "duration": 0.7621099948883057}, "current_params": {"N": 500, "iss": 0.6914803299511233, "lr": 0.4989873629451257, "ridge": 0.0009024714119816998, "seed": 1234, "sr": 0.014411455273543402}}