{"returned_dict": {"loss": 0.011907554971941183, "r2": 0.9968047635515865, "status": "ok", "start_time": 1697698788.627109, "duration": 1.8112399578094482}, "current_params": {"N": 500, "iss": 0.9326851510627013, "lr": 0.01313978174667569, "ridge": 0.0007520446577387131, "seed": 1234, "sr": 0.18658183701753261}}