{"returned_dict": {"loss": 0.014090757343254262, "r2": 0.8405611177748634, "status": "ok", "start_time": 1697448940.775321, "duration": 4.275866985321045}, "current_params": {"N": 1000, "iss": 0.6914803299511233, "lr": 0.4989873629451257, "ridge": 0.0009024714119816998, "seed": 1234, "sr": 0.014411455273543402}}