{"returned_dict": {"loss": 0.01457762079895559, "r2": 0.9970323257419995, "status": "ok", "start_time": 1697183838.33666, "duration": 0.865969181060791}, "current_params": {"N": 500, "iss": 0.9252782203468204, "lr": 0.026818040062708853, "ridge": 7.673078281627973e-07, "seed": 1234, "sr": 0.08930926502440488}}