{"returned_dict": {"loss": 0.013906968827514361, "r2": 0.844441337623949, "status": "ok", "start_time": 1697448703.103746, "duration": 4.3420960903167725}, "current_params": {"N": 1000, "iss": 0.14258024657972923, "lr": 0.5516837456874331, "ridge": 3.7433235003717447e-07, "seed": 1234, "sr": 0.1931498404234262}}