{"returned_dict": {"loss": 0.012863761199187864, "r2": 0.8677133704520004, "status": "ok", "start_time": 1697477016.901278, "duration": 31.71812081336975}, "current_params": {"N": 2041.0, "iss": 0.9526407636866457, "lr": 0.03942187518677715, "ridge": 0.00016087888046694687, "seed": 1234, "sr": 0.03600276409094316}}