{"returned_dict": {"loss": 0.015279924533382831, "r2": 0.8061619946676917, "status": "ok", "start_time": 1697476119.127934, "duration": 40.257867097854614}, "current_params": {"N": 2252.0, "iss": 0.9408397105778058, "lr": 0.3594469868947466, "ridge": 2.899155403260927e-08, "seed": 1234, "sr": 0.953319122623503}}