{"returned_dict": {"loss": 0.02225326813640217, "r2": 0.6046357568531614, "status": "ok", "start_time": 1697455779.3886368, "duration": 9.453118085861206}, "current_params": {"N": 1000, "iss": 0.0026462177202568604, "lr": 0.021333081512378033, "ridge": 0.00025791954558242, "seed": 1234, "sr": 0.011405319213458769}}