{"returned_dict": {"loss": 0.024993605540314035, "r2": 0.985898131696464, "status": "ok", "start_time": 1697438349.2769122, "duration": 1.8567118644714355}, "current_params": {"N": 500, "iss": 0.28766435081673314, "lr": 0.0012105913148246156, "ridge": 1.9057127432713242e-07, "seed": 1234, "sr": 0.07964860203040938}}