{"returned_dict": {"loss": 0.020027013146639086, "r2": 0.6687941079958181, "status": "ok", "start_time": 1697443091.9448168, "duration": 2.0924232006073}, "current_params": {"N": 500, "iss": 0.22844120631577203, "lr": 0.5068843153791186, "ridge": 1.748641447561754e-09, "seed": 1234, "sr": 1.2556711601352721}}