{"returned_dict": {"loss": 0.02330885704335471, "r2": 0.9877733241979424, "status": "ok", "start_time": 1697698750.413444, "duration": 1.7621679306030273}, "current_params": {"N": 500, "iss": 0.059936189081400526, "lr": 0.38264094967620654, "ridge": 1.8102732550311867e-05, "seed": 1234, "sr": 0.07966435869333038}}