{"returned_dict": {"loss": 0.021887737176635797, "r2": 0.6153223869606393, "status": "ok", "start_time": 1697448681.569844, "duration": 4.106889009475708}, "current_params": {"N": 1000, "iss": 0.6722112091210425, "lr": 0.002569219109514612, "ridge": 0.007174915864539121, "seed": 1234, "sr": 0.05675258102871899}}