{"returned_dict": {"loss": 0.021474269422426574, "r2": 0.9871499569919545, "status": "ok", "start_time": 1697155252.201824, "duration": 0.8013670444488525}, "current_params": {"N": 500, "iss": 0.9, "lr": 0.0010963749428805649, "ridge": 1e-07, "seed": 1234, "sr": 0.03747978558716274}}