{"returned_dict": {"loss": 0.025250655026065657, "r2": 0.9820213086683675, "status": "ok", "start_time": 1697696423.0861208, "duration": 0.9092433452606201}, "current_params": {"N": 500, "iss": 0.9, "lr": 0.002910322515656923, "ridge": 1e-07, "seed": 1234, "sr": 0.1521671071513882}}