{"returned_dict": {"loss": 0.023055289243290793, "r2": 0.9827684504016666, "status": "ok", "start_time": 1697096929.641939, "duration": 0.7685329914093018}, "current_params": {"N": 500, "iss": 0.9, "lr": 0.0013477819629193828, "ridge": 1e-07, "seed": 1234, "sr": 0.01418389479892628}}