{"returned_dict": {"loss": 0.02321123383563381, "r2": 0.5685018927034395, "status": "ok", "start_time": 1697450119.909515, "duration": 1.7919800281524658}, "current_params": {"N": 500, "iss": 0.35807336738969764, "lr": 0.8619303140116904, "ridge": 1.0115479045381332e-07, "seed": 1234, "sr": 4.881086179748358}}