{"returned_dict": {"loss": 0.022587435512490064, "r2": 0.5857121285398784, "status": "ok", "start_time": 1697451781.9727411, "duration": 2.1201868057250977}, "current_params": {"N": 500, "iss": 0.8251862354360314, "lr": 0.007413342720100155, "ridge": 0.00017690591223905197, "seed": 1234, "sr": 0.0925852425060542}}