{"returned_dict": {"loss": 0.022734412869669412, "r2": 0.9927840276598233, "status": "ok", "start_time": 1697183713.926559, "duration": 0.8826339244842529}, "current_params": {"N": 500, "iss": 0.20874949204266458, "lr": 0.07729401267577381, "ridge": 5.55904979401799e-05, "seed": 1234, "sr": 0.21210441974152222}}