{"returned_dict": {"loss": 0.02076220194339395, "r2": 0.6557426390199149, "status": "ok", "start_time": 1697455673.614254, "duration": 9.533885955810547}, "current_params": {"N": 1000, "iss": 0.35807336738969764, "lr": 0.8619303140116904, "ridge": 1.0115479045381332e-07, "seed": 1234, "sr": 4.881086179748358}}