{"returned_dict": {"loss": 0.02408481182453287, "r2": 0.9778961035912591, "status": "ok", "start_time": 1697192508.582769, "duration": 4.891476154327393}, "current_params": {"N": 1000, "iss": 0.911210058605431, "lr": 0.2183850802283866, "ridge": 1.4229800128550176e-05, "seed": 1234, "sr": 0.22833541526599072}}