{"returned_dict": {"loss": 0.021929284586859138, "r2": 0.6117740939759034, "status": "ok", "start_time": 1697449252.072015, "duration": 4.343491792678833}, "current_params": {"N": 1000, "iss": 0.3945156093805232, "lr": 0.015128007637960973, "ridge": 3.182563639108543e-06, "seed": 1234, "sr": 0.012260384608014823}}