{"returned_dict": {"loss": 0.021947732713706546, "r2": 0.9886870397364138, "status": "ok", "start_time": 1697156806.130176, "duration": 0.8380498886108398}, "current_params": {"N": 500, "iss": 0.9, "lr": 0.009487842647350041, "ridge": 1e-07, "seed": 1234, "sr": 0.07964860203040938}}