{"returned_dict": {"loss": 0.0203950289197576, "r2": 0.6676649844511258, "status": "ok", "start_time": 1697454684.005013, "duration": 9.74807596206665}, "current_params": {"N": 1000, "iss": 0.6722112091210425, "lr": 0.002569219109514612, "ridge": 0.007174915864539121, "seed": 1234, "sr": 0.05675258102871899}}