{"returned_dict": {"loss": 0.026634816344489925, "r2": 0.43036356608469833, "status": "ok", "start_time": 1697481028.3510022, "duration": 15.115846872329712}, "current_params": {"N": 1397.0, "iss": 0.6743270588841205, "lr": 0.0014402248070585332, "ridge": 0.0006137812121664229, "seed": 1234, "sr": 0.3554664959628415}}