{"returned_dict": {"loss": 0.02204358305528505, "r2": 0.9816401104251088, "status": "ok", "start_time": 1697189592.5850801, "duration": 4.224017858505249}, "current_params": {"N": 1000, "iss": 0.7671193949876551, "lr": 0.5744555263071301, "ridge": 1.5608892276244172e-07, "seed": 1234, "sr": 1.8759964593517806}}