{"returned_dict": {"loss": 0.020567311640476208, "r2": 0.6633968471137132, "status": "ok", "start_time": 1697655758.086158, "duration": 63.99330997467041}, "current_params": {"N": 2632.0, "iss": 0.6128741432342986, "lr": 0.0015415307981808321, "ridge": 0.0004080879909316024, "seed": 1234, "sr": 0.0108079776956026}}