{"returned_dict": {"loss": 0.025592387860843526, "r2": 0.4687575865010241, "status": "ok", "start_time": 1697472468.1914291, "duration": 19.51791477203369}, "current_params": {"N": 1640.0, "iss": 0.4497287205163476, "lr": 0.009807938072620976, "ridge": 6.297475344208429e-09, "seed": 1234, "sr": 0.05016138018026818}}