{"returned_dict": {"loss": 0.02027344689658705, "r2": 0.9846830708385926, "status": "ok", "start_time": 1697157655.4708538, "duration": 0.958820104598999}, "current_params": {"N": 500, "iss": 0.9, "lr": 0.004574935585135073, "ridge": 1e-07, "seed": 1234, "sr": 0.03073430140568509}}