{"returned_dict": {"loss": 0.028842936465086136, "r2": 0.3302652130653464, "status": "ok", "start_time": 1697471312.098519, "duration": 32.48981189727783}, "current_params": {"N": 2097.0, "iss": 0.06694893716285133, "lr": 0.0012469785034749062, "ridge": 8.136540810461886e-08, "seed": 1234, "sr": 0.13504276379966784}}