{"returned_dict": {"loss": 0.021729244249289664, "r2": 0.6181116854807106, "status": "ok", "start_time": 1697449001.7427998, "duration": 3.9522511959075928}, "current_params": {"N": 1000, "iss": 0.7889351766743528, "lr": 0.00398609258790173, "ridge": 0.0026164567787443195, "seed": 1234, "sr": 0.012580639725311055}}