{"returned_dict": {"loss": 0.023830860748072596, "r2": 0.9786159604163672, "status": "ok", "start_time": 1697189622.8319721, "duration": 4.596642732620239}, "current_params": {"N": 1000, "iss": 0.8091744524034417, "lr": 0.9358123326900604, "ridge": 3.7883632037985046e-08, "seed": 1234, "sr": 5.974243589442645}}