{"returned_dict": {"loss": 0.020658526701683316, "r2": 0.6570785328078245, "status": "ok", "start_time": 1697450013.827901, "duration": 1.8099641799926758}, "current_params": {"N": 500, "iss": 0.5323854646527727, "lr": 0.003573156992234659, "ridge": 0.0008903885178857998, "seed": 1234, "sr": 0.015928787718820343}}