{"returned_dict": {"loss": 0.024631467245030198, "r2": 0.49826448202334855, "status": "ok", "start_time": 1697449106.082745, "duration": 3.9595730304718018}, "current_params": {"N": 1000, "iss": 0.9822234508984979, "lr": 0.006521274464604564, "ridge": 0.0030997822726422258, "seed": 1234, "sr": 0.5858648234147782}}