{"returned_dict": {"loss": 0.023213473881104674, "r2": 0.9968760294872654, "status": "ok", "start_time": 1697168316.845629, "duration": 0.8910200595855713}, "current_params": {"N": 500, "iss": 0.9, "lr": 0.0012348539342148224, "ridge": 1e-07, "seed": 1234, "sr": 0.050152765364070276}}