{"returned_dict": {"loss": 0.020714682712141205, "r2": 0.6494788069657008, "status": "ok", "start_time": 1697451712.681176, "duration": 1.8065979480743408}, "current_params": {"N": 500, "iss": 0.8088601787647725, "lr": 0.010820249488204384, "ridge": 2.157571970097535e-05, "seed": 1234, "sr": 0.19935467732696538}}