{"returned_dict": {"loss": 0.020837529300551997, "r2": 0.9939194814559612, "status": "ok", "start_time": 1697183843.619307, "duration": 0.9323740005493164}, "current_params": {"N": 500, "iss": 0.5345246533740329, "lr": 0.0016821487193693313, "ridge": 8.527242136552148e-08, "seed": 1234, "sr": 0.016130653781102525}}