{"returned_dict": {"loss": 0.028979386411917652, "r2": 0.2916071330710817, "status": "ok", "start_time": 1697449969.963725, "duration": 1.7807128429412842}, "current_params": {"N": 500, "iss": 0.7714539695031645, "lr": 0.16766766519886953, "ridge": 1.2968971939683203e-07, "seed": 1234, "sr": 0.28327116807958513}}