{"returned_dict": {"loss": 0.026580335457967424, "r2": 0.43547065069121765, "status": "ok", "start_time": 1697454931.832889, "duration": 10.012187004089355}, "current_params": {"N": 1000, "iss": 0.2092695124165096, "lr": 0.20792063760808668, "ridge": 2.4402906778962044e-09, "seed": 1234, "sr": 3.3229413943755635}}