{"returned_dict": {"loss": 0.02224773557472907, "r2": 0.6036786578702983, "status": "ok", "start_time": 1697449130.28844, "duration": 4.196784019470215}, "current_params": {"N": 1000, "iss": 0.0026462177202568604, "lr": 0.021333081512378033, "ridge": 0.00025791954558242, "seed": 1234, "sr": 0.011405319213458769}}