{"returned_dict": {"loss": 0.021120332846660577, "r2": 0.9935771704612293, "status": "ok", "start_time": 1697183803.0362291, "duration": 0.8572537899017334}, "current_params": {"N": 500, "iss": 0.4825309396306763, "lr": 0.0026215829905024274, "ridge": 1.3617902397367888e-09, "seed": 1234, "sr": 0.30993658351244163}}