{"returned_dict": {"loss": 0.02123095409180868, "r2": 0.6392742103775599, "status": "ok", "start_time": 1697451786.0571818, "duration": 1.890235185623169}, "current_params": {"N": 500, "iss": 0.7889351766743528, "lr": 0.00398609258790173, "ridge": 0.0026164567787443195, "seed": 1234, "sr": 0.012580639725311055}}