{"returned_dict": {"loss": 0.0284339435444442, "r2": 0.9695246932270228, "status": "ok", "start_time": 1697696294.4390762, "duration": 0.8825669288635254}, "current_params": {"N": 500, "iss": 0.9, "lr": 0.003928194271141713, "ridge": 1e-07, "seed": 1234, "sr": 0.050704131972421025}}