{"returned_dict": {"loss": 0.02653913534820247, "r2": 0.9901118276252684, "status": "ok", "start_time": 1697416656.340805, "duration": 0.7409288883209229}, "current_params": {"N": 500, "iss": 0.4363515860498989, "lr": 0.0016156588507471406, "ridge": 3.474547834739471e-08, "seed": 1234, "sr": 0.03073430140568509}}