{"returned_dict": {"loss": 0.020472332173143547, "r2": 0.6630480302353601, "status": "ok", "start_time": 1697443187.387292, "duration": 1.8822052478790283}, "current_params": {"N": 500, "iss": 0.9822234508984979, "lr": 0.006521274464604564, "ridge": 0.0030997822726422258, "seed": 1234, "sr": 0.5858648234147782}}