{"returned_dict": {"loss": 0.02035575360050267, "r2": 0.6677615745505276, "status": "ok", "start_time": 1697443015.3202162, "duration": 1.7294089794158936}, "current_params": {"N": 500, "iss": 0.04057815748077798, "lr": 0.048306005915739574, "ridge": 0.0009201974723122006, "seed": 1234, "sr": 1.0784585589734712}}