{"returned_dict": {"loss": 0.023372121592793615, "r2": 0.9827325600226725, "status": "ok", "start_time": 1697156801.2083998, "duration": 0.804584264755249}, "current_params": {"N": 500, "iss": 0.9, "lr": 0.0014693850044619381, "ridge": 1e-07, "seed": 1234, "sr": 0.013953269187234588}}