{"returned_dict": {"loss": 0.025005161527248087, "r2": 0.4992343640388155, "status": "ok", "start_time": 1697449086.260319, "duration": 3.936171054840088}, "current_params": {"N": 1000, "iss": 0.35807336738969764, "lr": 0.8619303140116904, "ridge": 1.0115479045381332e-07, "seed": 1234, "sr": 4.881086179748358}}