{"returned_dict": {"loss": 0.028011875969446803, "r2": 0.9695186854075803, "status": "ok", "start_time": 1697189609.673494, "duration": 4.386704921722412}, "current_params": {"N": 1000, "iss": 0.134697453845536, "lr": 0.005584438526231021, "ridge": 0.0021703951793471516, "seed": 1234, "sr": 0.11855799312403709}}