{"returned_dict": {"loss": 0.022705816614597446, "r2": 0.5739077592592704, "status": "ok", "start_time": 1697448751.669822, "duration": 4.104988098144531}, "current_params": {"N": 1000, "iss": 0.15716834911966804, "lr": 0.8156304946175557, "ridge": 4.290374941230941e-08, "seed": 1234, "sr": 1.0385323042151453}}