{"returned_dict": {"loss": 0.02461888248059532, "r2": 0.9800336260947448, "status": "ok", "start_time": 1697154428.0419462, "duration": 0.7914676666259766}, "current_params": {"N": 500, "iss": 0.9, "lr": 0.0013297839048037883, "ridge": 1e-07, "seed": 1234, "sr": 0.012708968625748275}}