{"returned_dict": {"loss": 0.032122797214219144, "r2": 0.9748539546733728, "status": "ok", "start_time": 1697156861.5878148, "duration": 0.8301141262054443}, "current_params": {"N": 500, "iss": 0.9, "lr": 0.0024618930592986486, "ridge": 1e-07, "seed": 1234, "sr": 0.05019484139736029}}