{"returned_dict": {"loss": 0.03949148947028503, "r2": -0.31795392720824633, "status": "ok", "start_time": 1697668008.082922, "duration": 178.36838603019714}, "current_params": {"N": 4499.0, "iss": 0.5345246533740329, "lr": 0.0016821487193693313, "ridge": 8.527242136552148e-08, "seed": 1234, "sr": 0.016130653781102525}}