{"returned_dict": {"loss": 0.0349169198394813, "r2": 0.012969605898430214, "status": "ok", "start_time": 1697454673.4557571, "duration": 10.542914628982544}, "current_params": {"N": 1000, "iss": 0.4363515860498989, "lr": 0.0016156588507471406, "ridge": 3.474547834739471e-08, "seed": 1234, "sr": 0.03073430140568509}}