{"returned_dict": {"loss": 0.03233907960046892, "r2": 0.1631836443277077, "status": "ok", "start_time": 1697455061.573298, "duration": 9.640959024429321}, "current_params": {"N": 1000, "iss": 0.11994602555379685, "lr": 0.16859893208998253, "ridge": 6.132193847282312e-09, "seed": 1234, "sr": 2.3297993110223385}}