{"returned_dict": {"loss": 0.03794403723678273, "r2": -0.14613261200889452, "status": "ok", "start_time": 1697652709.028098, "duration": 106.47762393951416}, "current_params": {"N": 3592.0, "iss": 0.45903012586393255, "lr": 0.008993216326780393, "ridge": 3.098662816361876e-05, "seed": 1234, "sr": 1.038057705082271}}