{"returned_dict": {"loss": 0.036596037071852015, "r2": -0.0687888110381456, "status": "ok", "start_time": 1697451863.136698, "duration": 1.9283249378204346}, "current_params": {"N": 500, "iss": 0.5315682009230276, "lr": 0.1775950750495892, "ridge": 0.0002207334426427236, "seed": 1234, "sr": 6.954268155528048}}