{"returned_dict": {"loss": 0.03069813683674401, "r2": 0.9786963441357995, "status": "ok", "start_time": 1697436765.2753322, "duration": 1.7651867866516113}, "current_params": {"N": 500, "iss": 0.6722112091210425, "lr": 0.002569219109514612, "ridge": 0.007174915864539121, "seed": 1234, "sr": 0.05675258102871899}}