{"returned_dict": {"loss": 0.032358222420158456, "r2": 0.1635964368535007, "status": "ok", "start_time": 1697466839.370755, "duration": 4.963686943054199}, "current_params": {"N": 509.0, "iss": 0.13238073196516953, "lr": 0.13864624141183712, "ridge": 5.1447095217047094e-05, "seed": 1234, "sr": 4.997336540870967}}