{"returned_dict": {"loss": 0.03198914839766241, "r2": 0.9769373088668948, "status": "ok", "start_time": 1697438271.523274, "duration": 1.8836250305175781}, "current_params": {"N": 500, "iss": 0.4171626881853736, "lr": 0.002422315386294973, "ridge": 0.0008891693515095883, "seed": 1234, "sr": 0.0544052294998603}}