{"returned_dict": {"loss": 0.03269804004077683, "r2": 0.9848781081715803, "status": "ok", "start_time": 1697183742.0568619, "duration": 0.8758361339569092}, "current_params": {"N": 500, "iss": 0.8088601787647725, "lr": 0.010820249488204384, "ridge": 2.157571970097535e-05, "seed": 1234, "sr": 0.19935467732696538}}