{"returned_dict": {"loss": 0.03777419201930432, "r2": -0.1530194862621781, "status": "ok", "start_time": 1697484075.814772, "duration": 179.9054741859436}, "current_params": {"N": 4499.0, "iss": 0.5345246533740329, "lr": 0.0016821487193693313, "ridge": 8.527242136552148e-08, "seed": 1234, "sr": 0.016130653781102525}}