{"returned_dict": {"loss": 0.03526276117759736, "r2": 0.9825680926514241, "status": "ok", "start_time": 1697184939.1023538, "duration": 0.8096880912780762}, "current_params": {"N": 500, "iss": 0.9547804466890908, "lr": 0.0063822566002939346, "ridge": 1.9445651653381377e-09, "seed": 1234, "sr": 0.012708968625748275}}