{"returned_dict": {"loss": 0.032347292518993105, "r2": 0.9746589393300029, "status": "ok", "start_time": 1697155231.664259, "duration": 0.8179569244384766}, "current_params": {"N": 500, "iss": 0.9, "lr": 0.0024618930592986486, "ridge": 1e-07, "seed": 1234, "sr": 0.05019484139736029}}