{"returned_dict": {"loss": 0.03796815728571434, "r2": 0.979700921318916, "status": "ok", "start_time": 1697185074.582658, "duration": 0.7998299598693848}, "current_params": {"N": 500, "iss": 0.9212495214371952, "lr": 0.03495869536083056, "ridge": 2.408236190196766e-05, "seed": 1234, "sr": 0.01769587598402526}}