{"returned_dict": {"loss": 0.03763157877760741, "r2": -0.12228739342668653, "status": "ok", "start_time": 1697655000.005497, "duration": 30.88374900817871}, "current_params": {"N": 2005.0, "iss": 0.2092695124165096, "lr": 0.20792063760808668, "ridge": 2.4402906778962044e-09, "seed": 1234, "sr": 3.3229413943755635}}