{"returned_dict": {"loss": 0.03110212731395613, "r2": 0.9633681194727522, "status": "ok", "start_time": 1697192485.810026, "duration": 4.373360872268677}, "current_params": {"N": 1000, "iss": 0.562902674279726, "lr": 0.08451910338656304, "ridge": 2.98495308723598e-07, "seed": 1234, "sr": 0.020489195252075855}}