{"returned_dict": {"loss": 0.030150755544577343, "r2": 0.2542585491046664, "status": "ok", "start_time": 1697449078.2092102, "duration": 3.990355968475342}, "current_params": {"N": 1000, "iss": 0.7008147713041682, "lr": 0.005199088611116443, "ridge": 0.0010388211610285532, "seed": 1234, "sr": 0.16300115584611943}}