{"returned_dict": {"loss": 0.03949383854411483, "r2": 0.9630095691781172, "status": "ok", "start_time": 1697155290.0303848, "duration": 0.7928283214569092}, "current_params": {"N": 500, "iss": 0.9, "lr": 0.6692322890454032, "ridge": 1e-07, "seed": 1234, "sr": 1.908865762249811}}