{"returned_dict": {"loss": 0.037055559035970055, "r2": 0.9806517635342417, "status": "ok", "start_time": 1697183785.07411, "duration": 0.859321117401123}, "current_params": {"N": 500, "iss": 0.9526407636866457, "lr": 0.03942187518677715, "ridge": 0.00016087888046694687, "seed": 1234, "sr": 0.03600276409094316}}