{"returned_dict": {"loss": 0.03706543831812407, "r2": -0.09715575096589595, "status": "ok", "start_time": 1697455826.875028, "duration": 9.441574335098267}, "current_params": {"N": 1000, "iss": 0.05969594889932428, "lr": 0.22834501963548878, "ridge": 4.079252477787997e-06, "seed": 1234, "sr": 3.3535990156004383}}