{"returned_dict": {"loss": 0.03594130037765775, "r2": -0.042505400792914094, "status": "ok", "start_time": 1697448715.6455, "duration": 3.9436609745025635}, "current_params": {"N": 1000, "iss": 0.9120267528405163, "lr": 0.10377622163746929, "ridge": 0.0009493042476638647, "seed": 1234, "sr": 1.1747727724200443}}