{"returned_dict": {"loss": 0.04946120273210405, "r2": 0.907781007184384, "status": "ok", "start_time": 1697189782.937709, "duration": 4.448225975036621}, "current_params": {"N": 1000, "iss": 0.3945156093805232, "lr": 0.015128007637960973, "ridge": 3.182563639108543e-06, "seed": 1234, "sr": 0.012260384608014823}}