{"returned_dict": {"loss": 0.045716797886151295, "r2": 0.918670363060807, "status": "ok", "start_time": 1697158931.6842592, "duration": 0.9604599475860596}, "current_params": {"N": 500, "iss": 0.9, "lr": 0.0020381971895498943, "ridge": 1e-07, "seed": 1234, "sr": 0.09437285509046839}}