{"returned_dict": {"loss": 0.04514802800540856, "r2": 0.9184553383661765, "status": "ok", "start_time": 1697159002.327551, "duration": 0.9615461826324463}, "current_params": {"N": 500, "iss": 0.9, "lr": 0.0017793789683264896, "ridge": 1e-07, "seed": 1234, "sr": 0.10594870634350116}}