{"returned_dict": {"loss": 0.045461888484064246, "r2": -0.6570590260619199, "status": "ok", "start_time": 1697448727.6132429, "duration": 3.953477144241333}, "current_params": {"N": 1000, "iss": 0.4472250816990909, "lr": 0.001490692182461561, "ridge": 5.456100711555596e-06, "seed": 1234, "sr": 0.01695935124689556}}