{"returned_dict": {"loss": 0.04900693039478828, "r2": -0.9292565636961608, "status": "ok", "start_time": 1697449174.8290439, "duration": 4.012083053588867}, "current_params": {"N": 1000, "iss": 0.8161326333926638, "lr": 0.07816106311699304, "ridge": 7.358885705656805e-05, "seed": 1234, "sr": 0.8542795536342308}}