{"returned_dict": {"loss": 0.049861778737574636, "r2": 0.9418510013427913, "status": "ok", "start_time": 1697096913.438008, "duration": 0.7432188987731934}, "current_params": {"N": 500, "iss": 0.9, "lr": 0.7169143323529686, "ridge": 1e-07, "seed": 1234, "sr": 2.3610670815355883}}