{"returned_dict": {"loss": 0.04945263063235311, "r2": -0.9605169042456811, "status": "ok", "start_time": 1697484255.748926, "duration": 186.83016395568848}, "current_params": {"N": 4579.0, "iss": 0.40978014885751834, "lr": 0.003188301860373708, "ridge": 2.4347267941306313e-08, "seed": 1234, "sr": 0.050704131972421025}}