{"returned_dict": {"loss": 0.04143967235091916, "r2": 0.976027509523178, "status": "ok", "start_time": 1697185007.660494, "duration": 0.7791409492492676}, "current_params": {"N": 500, "iss": 0.9345866417401569, "lr": 0.04017882290811124, "ridge": 0.008848344280085078, "seed": 1234, "sr": 0.014438974945890222}}