{"returned_dict": {"loss": 0.04790345245915362, "r2": -0.843860839884942, "status": "ok", "start_time": 1697454840.1273541, "duration": 9.996142864227295}, "current_params": {"N": 1000, "iss": 0.28766435081673314, "lr": 0.0012105913148246156, "ridge": 1.9057127432713242e-07, "seed": 1234, "sr": 0.07964860203040938}}