{"returned_dict": {"loss": 0.04386878945068038, "r2": 0.9732100685443408, "status": "ok", "start_time": 1697183822.873034, "duration": 0.855942964553833}, "current_params": {"N": 500, "iss": 0.5879201405915621, "lr": 0.017942623962965615, "ridge": 0.003711472688952436, "seed": 1234, "sr": 0.10149855100477383}}