{"returned_dict": {"loss": 0.04530300092187822, "r2": 0.9494700558977351, "status": "ok", "start_time": 1697154476.7060108, "duration": 0.7995913028717041}, "current_params": {"N": 500, "iss": 0.9, "lr": 0.006588095974939943, "ridge": 1e-07, "seed": 1234, "sr": 0.13504276379966784}}