{"returned_dict": {"loss": 0.04097273470125596, "r2": -0.3563194209546596, "status": "ok", "start_time": 1697465288.2573829, "duration": 13.32050108909607}, "current_params": {"N": 1160.0, "iss": 0.976525304162185, "lr": 0.011273269250899024, "ridge": 5.267135160255618e-09, "seed": 1234, "sr": 0.09437285509046839}}