{"returned_dict": {"loss": 0.04741920201722135, "r2": 0.9281921195684392, "status": "ok", "start_time": 1697155271.109858, "duration": 0.8223018646240234}, "current_params": {"N": 500, "iss": 0.9, "lr": 0.06013171745318184, "ridge": 1e-07, "seed": 1234, "sr": 0.6672376898037004}}