{"returned_dict": {"loss": 0.04435545895295275, "r2": -0.5741921735269059, "status": "ok", "start_time": 1697471008.031502, "duration": 31.053377151489258}, "current_params": {"N": 2005.0, "iss": 0.2092695124165096, "lr": 0.20792063760808668, "ridge": 2.4402906778962044e-09, "seed": 1234, "sr": 3.3229413943755635}}