{"returned_dict": {"loss": 0.049306228088060004, "r2": 0.9660917392638718, "status": "ok", "start_time": 1697416732.692497, "duration": 0.7407310009002686}, "current_params": {"N": 500, "iss": 0.7008147713041682, "lr": 0.005199088611116443, "ridge": 0.0010388211610285532, "seed": 1234, "sr": 0.16300115584611943}}