{"returned_dict": {"loss": 0.0482526651711316, "r2": -1.3866091240148208, "status": "ok", "start_time": 1697450127.2182121, "duration": 1.801506757736206}, "current_params": {"N": 500, "iss": 0.8091744524034417, "lr": 0.9358123326900604, "ridge": 3.7883632037985046e-08, "seed": 1234, "sr": 5.974243589442645}}