{"returned_dict": {"loss": 0.05120792442412394, "r2": 0.9007078997199094, "status": "ok", "start_time": 1697189444.647805, "duration": 4.929466009140015}, "current_params": {"N": 1000, "iss": 0.9228386144334726, "lr": 0.10752060708924599, "ridge": 1.1106829899616503e-06, "seed": 1234, "sr": 0.3157133897830133}}