{"returned_dict": {"loss": 0.05877325461698526, "r2": 0.8640889148379202, "status": "ok", "start_time": 1697195947.812955, "duration": 11.98448920249939}, "current_params": {"N": 1000, "iss": 0.5458161363201689, "lr": 0.1927391235133893, "ridge": 3.4731611050513896e-08, "seed": 1234, "sr": 0.017275455370965257}}