{"returned_dict": {"loss": 0.05183848857507794, "r2": 0.9625361234706297, "status": "ok", "start_time": 1697416738.095364, "duration": 0.7636299133300781}, "current_params": {"N": 500, "iss": 0.9822234508984979, "lr": 0.006521274464604564, "ridge": 0.0030997822726422258, "seed": 1234, "sr": 0.5858648234147782}}