{"returned_dict": {"loss": 0.055585468595559205, "r2": 0.9569239679877573, "status": "ok", "start_time": 1697416690.164459, "duration": 0.7542059421539307}, "current_params": {"N": 500, "iss": 0.5323854646527727, "lr": 0.003573156992234659, "ridge": 0.0008903885178857998, "seed": 1234, "sr": 0.015928787718820343}}