{"returned_dict": {"loss": 0.056703441444045245, "r2": 0.955138115029845, "status": "ok", "start_time": 1697416669.445899, "duration": 0.8137919902801514}, "current_params": {"N": 500, "iss": 0.28766435081673314, "lr": 0.0012105913148246156, "ridge": 1.9057127432713242e-07, "seed": 1234, "sr": 0.07964860203040938}}