{"returned_dict": {"loss": 0.059033917176260074, "r2": 0.8693203308309457, "status": "ok", "start_time": 1697193099.164355, "duration": 4.360369920730591}, "current_params": {"N": 1000, "iss": 0.9655801894967717, "lr": 0.5494681828865383, "ridge": 2.0065307823836486e-09, "seed": 1234, "sr": 0.01418389479892628}}