{"returned_dict": {"loss": 0.05881284602505124, "r2": 0.870299169534697, "status": "ok", "start_time": 1697192863.4678779, "duration": 4.425389051437378}, "current_params": {"N": 1000, "iss": 0.600022312535927, "lr": 0.6571588388986347, "ridge": 0.001699652520124697, "seed": 1234, "sr": 0.046727228044946535}}