{"returned_dict": {"loss": 0.05675526811648665, "r2": -1.6044097198317118, "status": "ok", "start_time": 1697647891.227464, "duration": 32.39662313461304}, "current_params": {"N": 2022.0, "iss": 0.34611859763450203, "lr": 0.0072789537441323385, "ridge": 4.7480197822394035e-09, "seed": 1234, "sr": 0.3226348405474758}}