{"returned_dict": {"loss": 0.051114940619969074, "r2": 0.9848502932754393, "status": "ok", "start_time": 1697168864.787513, "duration": 0.8664650917053223}, "current_params": {"N": 500, "iss": 0.9, "lr": 0.0024618930592986486, "ridge": 1e-07, "seed": 1234, "sr": 0.05019484139736029}}