{"returned_dict": {"loss": 0.05077671676587675, "r2": -1.1771184192251918, "status": "ok", "start_time": 1697449926.2455602, "duration": 1.8042197227478027}, "current_params": {"N": 500, "iss": 0.8967736623178844, "lr": 0.1298405957476471, "ridge": 9.418213809531775e-09, "seed": 1234, "sr": 0.3105316802728771}}