{"returned_dict": {"loss": 0.05646223229420894, "r2": 0.8804512768829293, "status": "ok", "start_time": 1697192867.898012, "duration": 4.58057427406311}, "current_params": {"N": 1000, "iss": 0.47860011851145334, "lr": 0.4166356911062447, "ridge": 1.2751646272541625e-05, "seed": 1234, "sr": 0.14848409471568397}}