{"returned_dict": {"loss": 0.0585837119453624, "r2": 0.9522284073072246, "status": "ok", "start_time": 1697183684.238996, "duration": 0.8399150371551514}, "current_params": {"N": 500, "iss": 0.4171626881853736, "lr": 0.002422315386294973, "ridge": 0.0008891693515095883, "seed": 1234, "sr": 0.0544052294998603}}