{"returned_dict": {"loss": 0.05276628042148754, "r2": -1.226152033225817, "status": "ok", "start_time": 1697451677.9799838, "duration": 1.7785520553588867}, "current_params": {"N": 500, "iss": 0.06016013465638104, "lr": 0.23962511288825833, "ridge": 0.0007949579169258338, "seed": 1234, "sr": 3.416923934914541}}