{"returned_dict": {"loss": 0.05273598227038274, "r2": 0.9081554208934515, "status": "ok", "start_time": 1697697268.976096, "duration": 0.9661431312561035}, "current_params": {"N": 500, "iss": 0.9, "lr": 0.0014504618087973706, "ridge": 1e-07, "seed": 1234, "sr": 0.28962112677540436}}