{"returned_dict": {"loss": 0.059260739327058325, "r2": 0.8618775147403351, "status": "ok", "start_time": 1697196324.150239, "duration": 12.049386978149414}, "current_params": {"N": 1000, "iss": 0.32792488571889467, "lr": 0.22465500878777248, "ridge": 0.0003014232201482745, "seed": 1234, "sr": 0.09835763510258089}}