{"returned_dict": {"loss": 0.055797123593494646, "r2": 0.8775459467495872, "status": "ok", "start_time": 1697194893.503697, "duration": 12.084943056106567}, "current_params": {"N": 1000, "iss": 0.4965873842307338, "lr": 0.31430549026306187, "ridge": 0.00024733891965125694, "seed": 1234, "sr": 0.09169361093299348}}