{"returned_dict": {"loss": 0.05190199874351451, "r2": -1.1513566933358208, "status": "ok", "start_time": 1697479926.574741, "duration": 21.143394231796265}, "current_params": {"N": 1679.0, "iss": 0.05969594889932428, "lr": 0.22834501963548878, "ridge": 4.079252477787997e-06, "seed": 1234, "sr": 3.3535990156004383}}