{"returned_dict": {"loss": 0.05344263128979893, "r2": 0.8875389532216532, "status": "ok", "start_time": 1697194760.955266, "duration": 12.125041961669922}, "current_params": {"N": 1000, "iss": 0.892885997800422, "lr": 0.49981993643396744, "ridge": 3.2585212389411373e-07, "seed": 1234, "sr": 0.13073371451589708}}