{"returned_dict": {"loss": 0.05371859922072508, "r2": 0.8860045755780875, "status": "ok", "start_time": 1697702773.8133671, "duration": 7.597648859024048}, "current_params": {"N": 833.0, "iss": 0.7044600162750467, "lr": 0.05989081733494548, "ridge": 3.058579821085371e-08, "seed": 1234, "sr": 0.1626795681245935}}