{"returned_dict": {"loss": 0.0634536894712119, "r2": 0.8411095369751075, "status": "ok", "start_time": 1697194905.599712, "duration": 12.013230085372925}, "current_params": {"N": 1000, "iss": 0.7714539695031645, "lr": 0.16766766519886953, "ridge": 1.2968971939683203e-07, "seed": 1234, "sr": 0.28327116807958513}}