{"returned_dict": {"loss": 0.06695601585436312, "r2": 0.971598060716404, "status": "ok", "start_time": 1697168932.228099, "duration": 0.9064908027648926}, "current_params": {"N": 500, "iss": 0.9, "lr": 0.0010345463215508882, "ridge": 1e-07, "seed": 1234, "sr": 0.7476653587619372}}