{"returned_dict": {"loss": 0.06437200543589873, "r2": 0.9423252799403, "status": "ok", "start_time": 1697183795.364865, "duration": 0.8399207592010498}, "current_params": {"N": 500, "iss": 0.134697453845536, "lr": 0.005584438526231021, "ridge": 0.0021703951793471516, "seed": 1234, "sr": 0.11855799312403709}}