{"returned_dict": {"loss": 0.06395144017775577, "r2": 0.8391437404005866, "status": "ok", "start_time": 1697195383.3961, "duration": 12.297707080841064}, "current_params": {"N": 1000, "iss": 0.347012423797356, "lr": 0.09201940994765088, "ridge": 1.2655675147834042e-05, "seed": 1234, "sr": 0.03414048410383786}}