{"returned_dict": {"loss": 0.06668843772439016, "r2": 0.8354911410956657, "status": "ok", "start_time": 1697449686.9443579, "duration": 1.7837722301483154}, "current_params": {"N": 500, "iss": 0.44727779774125975, "lr": 0.36822455888750405, "ridge": 0.0002215397496700079, "seed": 1234, "sr": 0.02348225301745763}}