{"returned_dict": {"loss": 0.0639543510100404, "r2": 0.8391317224630899, "status": "ok", "start_time": 1697194688.6015239, "duration": 12.04512906074524}, "current_params": {"N": 1000, "iss": 0.562902674279726, "lr": 0.08451910338656304, "ridge": 2.98495308723598e-07, "seed": 1234, "sr": 0.020489195252075855}}