{"returned_dict": {"loss": 0.06274797800680411, "r2": 0.9451984434733434, "status": "ok", "start_time": 1697183754.9073339, "duration": 0.8346381187438965}, "current_params": {"N": 500, "iss": 0.20923040118546266, "lr": 0.0077355403142878795, "ridge": 0.0023425261581026765, "seed": 1234, "sr": 0.026761175701104346}}