{"returned_dict": {"loss": 0.06111142151738678, "r2": 0.8599398064920213, "status": "ok", "start_time": 1697192824.434784, "duration": 4.296416997909546}, "current_params": {"N": 1000, "iss": 0.44727779774125975, "lr": 0.36822455888750405, "ridge": 0.0002215397496700079, "seed": 1234, "sr": 0.02348225301745763}}