{"returned_dict": {"loss": 0.06477093498728277, "r2": 0.8349853622069162, "status": "ok", "start_time": 1697196044.755525, "duration": 12.019027948379517}, "current_params": {"N": 1000, "iss": 0.5619647530716958, "lr": 0.12251552188440552, "ridge": 0.00013569741429282753, "seed": 1234, "sr": 0.020788245498133077}}