{"returned_dict": {"loss": 0.06000112944395824, "r2": 0.949816323179339, "status": "ok", "start_time": 1697184945.5596669, "duration": 0.7828500270843506}, "current_params": {"N": 500, "iss": 0.4171626881853736, "lr": 0.002422315386294973, "ridge": 0.0008891693515095883, "seed": 1234, "sr": 0.0544052294998603}}