{"returned_dict": {"loss": 0.06929960008498133, "r2": 0.8194931652360861, "status": "ok", "start_time": 1697193470.4605088, "duration": 4.303996324539185}, "current_params": {"N": 1000, "iss": 0.7681136832661768, "lr": 0.43906883802329827, "ridge": 6.060476940238121e-07, "seed": 1234, "sr": 0.7507802307193081}}