{"returned_dict": {"loss": 0.07330253291158118, "r2": 0.7886450913487003, "status": "ok", "start_time": 1697196020.755401, "duration": 11.970577239990234}, "current_params": {"N": 1000, "iss": 0.26934464895629684, "lr": 0.0839574815743966, "ridge": 0.003061173980554755, "seed": 1234, "sr": 0.016223651162329426}}