{"returned_dict": {"loss": 0.07774102783318033, "r2": 0.9135988922258007, "status": "ok", "start_time": 1697185080.9524312, "duration": 0.7843377590179443}, "current_params": {"N": 500, "iss": 0.15890994153775684, "lr": 0.00792332805983459, "ridge": 3.0909972660202036e-06, "seed": 1234, "sr": 0.575269795679041}}