{"returned_dict": {"loss": 0.07947116799023836, "r2": 0.7516211550378363, "status": "ok", "start_time": 1697195851.9129071, "duration": 12.001404762268066}, "current_params": {"N": 1000, "iss": 0.7008147713041682, "lr": 0.005199088611116443, "ridge": 0.0010388211610285532, "seed": 1234, "sr": 0.16300115584611943}}