{"returned_dict": {"loss": 0.07546145484827713, "r2": 0.7922753223042763, "status": "ok", "start_time": 1697187229.0276392, "duration": 1.8797359466552734}, "current_params": {"N": 500, "iss": 0.19717791279794772, "lr": 0.8908311505278818, "ridge": 0.00013283966567113832, "seed": 1234, "sr": 0.20760447792478667}}