{"returned_dict": {"loss": 0.0754837295717538, "r2": 0.7759233176277732, "status": "ok", "start_time": 1697194833.382653, "duration": 11.940644979476929}, "current_params": {"N": 1000, "iss": 0.04057815748077798, "lr": 0.048306005915739574, "ridge": 0.0009201974723122006, "seed": 1234, "sr": 1.0784585589734712}}