{"returned_dict": {"loss": 0.07609292242228786, "r2": 0.7887921179778227, "status": "ok", "start_time": 1697187075.150193, "duration": 1.9059381484985352}, "current_params": {"N": 500, "iss": 0.2298357960090034, "lr": 0.8472268156639914, "ridge": 9.801931216645321e-05, "seed": 1234, "sr": 0.2197712027474747}}