{"returned_dict": {"loss": 0.07920025993245457, "r2": 0.7645790915554199, "status": "ok", "start_time": 1697193063.431201, "duration": 4.54552698135376}, "current_params": {"N": 1000, "iss": 0.4183352059788139, "lr": 0.7699157917998888, "ridge": 1.5491027325251184e-06, "seed": 1234, "sr": 1.9933094412983583}}