{"returned_dict": {"loss": 0.07727502207648641, "r2": 0.7821769874950513, "status": "ok", "start_time": 1697187576.03727, "duration": 4.239500999450684}, "current_params": {"N": 1000, "iss": 0.600022312535927, "lr": 0.6571588388986347, "ridge": 0.001699652520124697, "seed": 1234, "sr": 0.046727228044946535}}