{"returned_dict": {"loss": 0.0736613472723542, "r2": 0.7866123090018782, "status": "ok", "start_time": 1697196286.684574, "duration": 12.810271978378296}, "current_params": {"N": 1000, "iss": 0.9212495214371952, "lr": 0.03495869536083056, "ridge": 2.408236190196766e-05, "seed": 1234, "sr": 0.01769587598402526}}