{"returned_dict": {"loss": 0.07635877663375697, "r2": -3.711483176816094, "status": "ok", "start_time": 1697450149.199475, "duration": 1.8036959171295166}, "current_params": {"N": 500, "iss": 0.05969594889932428, "lr": 0.22834501963548878, "ridge": 4.079252477787997e-06, "seed": 1234, "sr": 3.3535990156004383}}