{"returned_dict": {"loss": 0.07708200435801739, "r2": 0.7662539816653057, "status": "ok", "start_time": 1697195863.919415, "duration": 12.044547080993652}, "current_params": {"N": 1000, "iss": 0.21496591135483278, "lr": 0.012213382575706427, "ridge": 4.430275039678582e-08, "seed": 1234, "sr": 0.015767522293681297}}