{"returned_dict": {"loss": 0.07228836176502496, "r2": 0.8093649982636707, "status": "ok", "start_time": 1697187848.756565, "duration": 4.29296088218689}, "current_params": {"N": 1000, "iss": 0.19717791279794772, "lr": 0.8908311505278818, "ridge": 0.00013283966567113832, "seed": 1234, "sr": 0.20760447792478667}}