{"returned_dict": {"loss": 0.07067772416412334, "r2": 0.8120405795734792, "status": "ok", "start_time": 1697192669.322355, "duration": 4.279047966003418}, "current_params": {"N": 1000, "iss": 0.5323854646527727, "lr": 0.003573156992234659, "ridge": 0.0008903885178857998, "seed": 1234, "sr": 0.015928787718820343}}