{"returned_dict": {"loss": 0.07667730863971237, "r2": 0.7762680586141503, "status": "ok", "start_time": 1697188992.000598, "duration": 4.188689947128296}, "current_params": {"N": 1000, "iss": 0.7044600162750467, "lr": 0.05989081733494548, "ridge": 3.058579821085371e-08, "seed": 1234, "sr": 0.1626795681245935}}