{"returned_dict": {"loss": 0.07570175873706207, "r2": 0.790849657362474, "status": "ok", "start_time": 1697187627.416627, "duration": 4.2631752490997314}, "current_params": {"N": 1000, "iss": 0.14258024657972923, "lr": 0.5516837456874331, "ridge": 3.7433235003717447e-07, "seed": 1234, "sr": 0.1931498404234262}}