{"returned_dict": {"loss": 0.07083751001247458, "r2": 0.8025981856429784, "status": "ok", "start_time": 1697194773.085294, "duration": 11.930320978164673}, "current_params": {"N": 1000, "iss": 0.9120267528405163, "lr": 0.10377622163746929, "ridge": 0.0009493042476638647, "seed": 1234, "sr": 1.1747727724200443}}