{"returned_dict": {"loss": 0.0799581931918197, "r2": 0.7840079531291706, "status": "ok", "start_time": 1697181515.015733, "duration": 1.039402961730957}, "current_params": {"N": 500, "iss": 0.13660038119314866, "lr": 0.8673756090827982, "ridge": 1e-07, "seed": 1234, "sr": 0.05675258102871899}}