{"returned_dict": {"loss": 0.07623087360606957, "r2": 0.7820456173498384, "status": "ok", "start_time": 1697193548.240254, "duration": 4.24639105796814}, "current_params": {"N": 1000, "iss": 0.49705680256102114, "lr": 0.047125995444646136, "ridge": 0.006057640163977123, "seed": 1234, "sr": 0.02045819673305219}}