{"returned_dict": {"loss": 0.0793913841886198, "r2": 0.787111612898351, "status": "ok", "start_time": 1697182097.059099, "duration": 1.0537381172180176}, "current_params": {"N": 500, "iss": 0.12355157400567263, "lr": 0.35065431611638176, "ridge": 0.00016882662561943463, "seed": 1234, "sr": 0.011739026780685318}}