{"returned_dict": {"loss": 0.07369947603480333, "r2": 0.7863824357725385, "status": "ok", "start_time": 1697196372.091191, "duration": 11.984918117523193}, "current_params": {"N": 1000, "iss": 0.3945156093805232, "lr": 0.015128007637960973, "ridge": 3.182563639108543e-06, "seed": 1234, "sr": 0.012260384608014823}}