{"returned_dict": {"loss": 0.0728875528474583, "r2": 0.8000621697556866, "status": "ok", "start_time": 1697189501.722666, "duration": 4.301692962646484}, "current_params": {"N": 1000, "iss": 0.25996136073869425, "lr": 0.01122030491707982, "ridge": 8.347574467203145e-08, "seed": 1234, "sr": 0.06204230622513381}}