{"returned_dict": {"loss": 0.0746125012940838, "r2": 0.7866476476365976, "status": "ok", "start_time": 1697192369.029231, "duration": 4.32819390296936}, "current_params": {"N": 1000, "iss": 0.4171626881853736, "lr": 0.002422315386294973, "ridge": 0.0008891693515095883, "seed": 1234, "sr": 0.0544052294998603}}