{"returned_dict": {"loss": 0.07611943871937586, "r2": -3.597995593895701, "status": "ok", "start_time": 1697659974.4123561, "duration": 4.756313800811768}, "current_params": {"N": 579.0, "iss": 0.18619565979686425, "lr": 0.06289522081324313, "ridge": 2.6051918706653142e-08, "seed": 1234, "sr": 7.227207099998132}}