{"returned_dict": {"loss": 0.07362131357701984, "r2": 0.795958210177341, "status": "ok", "start_time": 1697193526.5368052, "duration": 4.2837347984313965}, "current_params": {"N": 1000, "iss": 0.6062643158179813, "lr": 0.48657161636196294, "ridge": 0.00019371347794085468, "seed": 1234, "sr": 1.3671630828846324}}