{"returned_dict": {"loss": 0.07070344928885249, "r2": 0.8116823061730524, "status": "ok", "start_time": 1697416542.696682, "duration": 6.194429874420166}, "current_params": {"N": 1000, "iss": 0.15717970056189712, "lr": 0.07128243944571559, "ridge": 3.2781375924716163e-09, "seed": 1234, "sr": 0.027598683234115115}}