{"returned_dict": {"loss": 0.08531792557254204, "r2": 0.7541433697996704, "status": "ok", "start_time": 1697181626.40868, "duration": 1.078909158706665}, "current_params": {"N": 500, "iss": 0.5979217067505496, "lr": 0.4538765718397676, "ridge": 1e-07, "seed": 1234, "sr": 0.011423076308344373}}