{"returned_dict": {"loss": 0.08556108797588198, "r2": 0.7526184533720607, "status": "ok", "start_time": 1697181571.439022, "duration": 1.0017368793487549}, "current_params": {"N": 500, "iss": 0.29616355127438476, "lr": 0.5368645947090775, "ridge": 1e-07, "seed": 1234, "sr": 0.026761175701104346}}