{"returned_dict": {"loss": 0.08480073431126826, "r2": 0.7171712478025419, "status": "ok", "start_time": 1697194460.572105, "duration": 11.895366907119751}, "current_params": {"N": 1000, "iss": 0.08315064051214127, "lr": 0.934961690273177, "ridge": 1.4389924675211044e-08, "seed": 1234, "sr": 2.4229663969229636}}