{"returned_dict": {"loss": 0.08528991430354976, "r2": 0.7346247440916552, "status": "ok", "start_time": 1697187924.1328351, "duration": 4.543420791625977}, "current_params": {"N": 1000, "iss": 0.5287332640862811, "lr": 0.20878183455914587, "ridge": 8.070436813924713e-08, "seed": 1234, "sr": 0.02857977758285706}}