{"returned_dict": {"loss": 0.08544336281378373, "r2": 0.7534192795877043, "status": "ok", "start_time": 1697181612.4571981, "duration": 1.095780849456787}, "current_params": {"N": 500, "iss": 0.5222558715922816, "lr": 0.49857928733460954, "ridge": 1e-07, "seed": 1234, "sr": 0.04328771757628488}}