{"returned_dict": {"loss": 0.08030413325525305, "r2": 0.7455355605867767, "status": "ok", "start_time": 1697194412.7343, "duration": 11.998318195343018}, "current_params": {"N": 1000, "iss": 0.3753069435292018, "lr": 0.14684610291088665, "ridge": 1.1598652159348575e-08, "seed": 1234, "sr": 1.0993945835225667}}