{"returned_dict": {"loss": 0.08957970787733997, "r2": 0.7072541908406573, "status": "ok", "start_time": 1697187322.910484, "duration": 1.9246010780334473}, "current_params": {"N": 500, "iss": 0.5458161363201689, "lr": 0.1927391235133893, "ridge": 3.4731611050513896e-08, "seed": 1234, "sr": 0.017275455370965257}}