{"returned_dict": {"loss": 0.08006528435206318, "r2": -4.567020028771428, "status": "ok", "start_time": 1697480689.184777, "duration": 82.46059393882751}, "current_params": {"N": 3123.0, "iss": 0.9097376556056701, "lr": 0.3079726626930137, "ridge": 1.4421411301859244e-07, "seed": 1234, "sr": 5.615522331680127}}