{"returned_dict": {"loss": 0.08086187109671338, "r2": 0.7515918915554618, "status": "ok", "start_time": 1697189817.2807832, "duration": 4.350628852844238}, "current_params": {"N": 1000, "iss": 0.9252782203468204, "lr": 0.026818040062708853, "ridge": 7.673078281627973e-07, "seed": 1234, "sr": 0.08930926502440488}}