{"returned_dict": {"loss": 0.08383074851820427, "r2": 0.7223852072103414, "status": "ok", "start_time": 1697195971.8144681, "duration": 12.234115839004517}, "current_params": {"N": 1000, "iss": 0.6371089578578937, "lr": 0.026813811448575312, "ridge": 1.2394753758655106e-09, "seed": 1234, "sr": 0.03747978558716274}}