{"returned_dict": {"loss": 0.08866780644046184, "r2": 0.7257028625304569, "status": "ok", "start_time": 1697185552.619158, "duration": 0.7404952049255371}, "current_params": {"N": 500, "iss": 0.040938266600104134, "lr": 0.3659512815680789, "ridge": 0.0021047798903734414, "seed": 1234, "sr": 0.3797757622392174}}