{"returned_dict": {"loss": 0.08387838538413177, "r2": 0.9555086248664981, "status": "ok", "start_time": 1697168321.249217, "duration": 0.8709418773651123}, "current_params": {"N": 500, "iss": 0.9, "lr": 0.0011747404553185898, "ridge": 1e-07, "seed": 1234, "sr": 0.7794764412014389}}