{"returned_dict": {"loss": 0.08622548235741388, "r2": 0.728787642989763, "status": "ok", "start_time": 1697187874.608819, "duration": 4.326835870742798}, "current_params": {"N": 1000, "iss": 0.10044612037411704, "lr": 0.07898613150169653, "ridge": 0.005230035728447981, "seed": 1234, "sr": 0.03524277949039688}}