{"returned_dict": {"loss": 0.08764530669436409, "r2": -6.07207975823723, "status": "ok", "start_time": 1697442953.756978, "duration": 1.7477190494537354}, "current_params": {"N": 500, "iss": 0.3753069435292018, "lr": 0.14684610291088665, "ridge": 1.1598652159348575e-08, "seed": 1234, "sr": 1.0993945835225667}}