{"returned_dict": {"loss": 0.0878309700140118, "r2": 0.8258443087188096, "status": "ok", "start_time": 1697698748.60121, "duration": 1.8038947582244873}, "current_params": {"N": 500, "iss": 0.6517423997488939, "lr": 0.4485179994925241, "ridge": 2.1919618123313223e-05, "seed": 1234, "sr": 2.76036316173383}}