{"returned_dict": {"loss": 0.08785565492604513, "r2": 0.6962474193381546, "status": "ok", "start_time": 1697195935.740103, "duration": 12.067576885223389}, "current_params": {"N": 1000, "iss": 0.9822234508984979, "lr": 0.006521274464604564, "ridge": 0.0030997822726422258, "seed": 1234, "sr": 0.5858648234147782}}