{"returned_dict": {"loss": 0.08124624076535465, "r2": 0.8440506926183181, "status": "ok", "start_time": 1697155200.104884, "duration": 0.9289689064025879}, "current_params": {"N": 500, "iss": 0.9, "lr": 0.0017793789683264896, "ridge": 1e-07, "seed": 1234, "sr": 0.10594870634350116}}