{"returned_dict": {"loss": 0.08218886438688396, "r2": 0.7718506702298044, "status": "ok", "start_time": 1697182230.583024, "duration": 1.0621321201324463}, "current_params": {"N": 500, "iss": 0.5314055739748769, "lr": 0.5869419714703692, "ridge": 2.5739572117002763e-07, "seed": 1234, "sr": 0.030264242037118992}}