{"returned_dict": {"loss": 0.08795392950480342, "r2": 0.7177955958535968, "status": "ok", "start_time": 1697188126.5603452, "duration": 4.492538690567017}, "current_params": {"N": 1000, "iss": 0.23999648673506557, "lr": 0.14755529525122685, "ridge": 2.191167299174609e-09, "seed": 1234, "sr": 0.023462246374277934}}