{"returned_dict": {"loss": 0.08643109630867558, "r2": 0.727489661377552, "status": "ok", "start_time": 1697187281.6283782, "duration": 1.8801898956298828}, "current_params": {"N": 500, "iss": 0.40735440327681793, "lr": 0.27568095723189284, "ridge": 0.000462329948563324, "seed": 1234, "sr": 0.02786727306368867}}