{"returned_dict": {"loss": 0.08189665480759034, "r2": 0.698391616855018, "status": "ok", "start_time": 1697695432.699531, "duration": 0.9043688774108887}, "current_params": {"N": 500, "iss": 0.9, "lr": 0.009517044749879343, "ridge": 1e-07, "seed": 1234, "sr": 0.5693766752526698}}