{"returned_dict": {"loss": 0.0851916663278464, "r2": -4.795291116195439, "status": "ok", "start_time": 1697480156.876588, "duration": 153.90305471420288}, "current_params": {"N": 4090.0, "iss": 0.5315682009230276, "lr": 0.1775950750495892, "ridge": 0.0002207334426427236, "seed": 1234, "sr": 6.954268155528048}}