{"returned_dict": {"loss": 0.0871591215521056, "r2": 0.7434166222380112, "status": "ok", "start_time": 1697181620.038861, "duration": 1.0641379356384277}, "current_params": {"N": 500, "iss": 0.24899317152191902, "lr": 0.5195884549227742, "ridge": 1e-07, "seed": 1234, "sr": 0.11855799312403709}}