{"returned_dict": {"loss": 0.08550351702627125, "r2": 0.7413173306576981, "status": "ok", "start_time": 1697697292.7735648, "duration": 0.9175093173980713}, "current_params": {"N": 500, "iss": 0.9, "lr": 0.18446995638748825, "ridge": 1e-07, "seed": 1234, "sr": 1.3671630828846324}}