{"returned_dict": {"loss": 0.08742174492035244, "r2": 0.8228894685657536, "status": "ok", "start_time": 1697097461.725852, "duration": 1.0893878936767578}, "current_params": {"N": 500, "iss": 0.9, "lr": 0.9886841501638685, "ridge": 1e-07, "seed": 1234, "sr": 4.574545330611019}}