{"returned_dict": {"loss": 0.08294793599247235, "r2": -4.4942045779610655, "status": "ok", "start_time": 1697454566.034047, "duration": 9.588324069976807}, "current_params": {"N": 1000, "iss": 0.24236535975373574, "lr": 0.06703300913405115, "ridge": 4.2269285080674205e-08, "seed": 1234, "sr": 2.773816181603311}}