{"returned_dict": {"loss": 0.08977231522388356, "r2": 0.7014476756815083, "status": "ok", "start_time": 1697449690.478522, "duration": 1.7521569728851318}, "current_params": {"N": 500, "iss": 0.18640085674470974, "lr": 0.008316425906674767, "ridge": 3.822116394355239e-05, "seed": 1234, "sr": 0.02745813794912951}}