{"returned_dict": {"loss": 0.08695199261778648, "r2": 0.7145177231254607, "status": "ok", "start_time": 1697193238.957162, "duration": 4.263005971908569}, "current_params": {"N": 1000, "iss": 0.7889351766743528, "lr": 0.00398609258790173, "ridge": 0.0026164567787443195, "seed": 1234, "sr": 0.012580639725311055}}