{"returned_dict": {"loss": 0.08561150008673664, "r2": -7.723739432358546, "status": "ok", "start_time": 1697448711.592432, "duration": 4.04672908782959}, "current_params": {"N": 1000, "iss": 0.892885997800422, "lr": 0.49981993643396744, "ridge": 3.2585212389411373e-07, "seed": 1234, "sr": 0.13073371451589708}}