{"returned_dict": {"loss": 0.08685921630904321, "r2": -5.228594674066572, "status": "ok", "start_time": 1697443232.2437901, "duration": 1.9533157348632812}, "current_params": {"N": 500, "iss": 0.6381446788022263, "lr": 0.011295567117425407, "ridge": 7.933169942060012e-08, "seed": 1234, "sr": 0.20877503732087163}}