{"returned_dict": {"loss": 0.08120757634549321, "r2": 0.7406020923536923, "status": "ok", "start_time": 1697194676.6871018, "duration": 11.909541130065918}, "current_params": {"N": 1000, "iss": 0.6722112091210425, "lr": 0.002569219109514612, "ridge": 0.007174915864539121, "seed": 1234, "sr": 0.05675258102871899}}