{"returned_dict": {"loss": 0.09364814808743016, "r2": 0.7037294496550649, "status": "ok", "start_time": 1697182045.0399208, "duration": 0.6630852222442627}, "current_params": {"N": 100, "iss": 0.7591940800782364, "lr": 0.7193342821146759, "ridge": 1e-07, "seed": 1234, "sr": 1.9577985037865835}}