{"returned_dict": {"loss": 0.09790589723709296, "r2": 0.6645506856448659, "status": "ok", "start_time": 1697185511.239077, "duration": 0.7453949451446533}, "current_params": {"N": 500, "iss": 0.19717791279794772, "lr": 0.8908311505278818, "ridge": 0.00013283966567113832, "seed": 1234, "sr": 0.20760447792478667}}