{"returned_dict": {"loss": 0.09808894253594952, "r2": 0.6750357012294511, "status": "ok", "start_time": 1697182036.668422, "duration": 0.7099838256835938}, "current_params": {"N": 100, "iss": 0.30664557420819416, "lr": 0.09201201301388376, "ridge": 1e-07, "seed": 1234, "sr": 0.02745813794912951}}