{"returned_dict": {"loss": 0.09826381858217724, "r2": 0.6418166744153987, "status": "ok", "start_time": 1697188245.143589, "duration": 4.8778440952301025}, "current_params": {"N": 1000, "iss": 0.6062643158179813, "lr": 0.48657161636196294, "ridge": 0.00019371347794085468, "seed": 1234, "sr": 1.3671630828846324}}