{"returned_dict": {"loss": 0.0900918518625083, "r2": 0.7039299669651918, "status": "ok", "start_time": 1697187285.3216472, "duration": 1.8617637157440186}, "current_params": {"N": 500, "iss": 0.5923323236902225, "lr": 0.09414420070801902, "ridge": 0.0014474323274106797, "seed": 1234, "sr": 0.13317912806568327}}