{"returned_dict": {"loss": 0.09177153021878755, "r2": 0.6895302846127535, "status": "ok", "start_time": 1697187398.783432, "duration": 1.8242437839508057}, "current_params": {"N": 500, "iss": 0.6062643158179813, "lr": 0.48657161636196294, "ridge": 0.00019371347794085468, "seed": 1234, "sr": 1.3671630828846324}}