{"returned_dict": {"loss": 0.09684187615150729, "r2": 0.6311516745840808, "status": "ok", "start_time": 1697195132.7087622, "duration": 11.885151863098145}, "current_params": {"N": 1000, "iss": 0.11994602555379685, "lr": 0.16859893208998253, "ridge": 6.132193847282312e-09, "seed": 1234, "sr": 2.3297993110223385}}