{"returned_dict": {"loss": 0.0922053586288869, "r2": 0.6898771300138836, "status": "ok", "start_time": 1697187368.714101, "duration": 1.9055678844451904}, "current_params": {"N": 500, "iss": 0.0011867504507336868, "lr": 0.4402251533661025, "ridge": 1.398293408194846e-05, "seed": 1234, "sr": 0.1378790157061615}}