{"returned_dict": {"loss": 0.09234387880430091, "r2": 0.7119584062029799, "status": "ok", "start_time": 1697181476.893156, "duration": 1.0096819400787354}, "current_params": {"N": 500, "iss": 0.08174694195215582, "lr": 0.9794034504292509, "ridge": 1e-07, "seed": 1234, "sr": 1.2509379966926149}}