{"returned_dict": {"loss": 0.09340907650089485, "r2": 0.6817261166828824, "status": "ok", "start_time": 1697187300.168702, "duration": 1.8574891090393066}, "current_params": {"N": 500, "iss": 0.735910449821011, "lr": 0.03687802163588743, "ridge": 0.0019711206562567562, "seed": 1234, "sr": 0.04328771757628488}}