{"returned_dict": {"loss": 0.09274980755389357, "r2": 0.6774244363118189, "status": "ok", "start_time": 1697193329.003538, "duration": 4.2679901123046875}, "current_params": {"N": 1000, "iss": 0.35807336738969764, "lr": 0.8619303140116904, "ridge": 1.0115479045381332e-07, "seed": 1234, "sr": 4.881086179748358}}