{"returned_dict": {"loss": 0.09730470007573655, "r2": 0.6802151063979155, "status": "ok", "start_time": 1697182224.1758988, "duration": 1.004012107849121}, "current_params": {"N": 500, "iss": 0.2752328727257135, "lr": 0.062196381712238125, "ridge": 0.0015831477712927589, "seed": 1234, "sr": 0.011423076308344373}}