{"returned_dict": {"loss": 0.09794719345269515, "r2": 0.6759764130598783, "status": "ok", "start_time": 1697182270.831069, "duration": 1.0232269763946533}, "current_params": {"N": 500, "iss": 0.49705680256102114, "lr": 0.047125995444646136, "ridge": 0.006057640163977123, "seed": 1234, "sr": 0.02045819673305219}}