{"returned_dict": {"loss": 0.09036814674174087, "r2": -5.558112200927472, "status": "ok", "start_time": 1697451612.7210681, "duration": 1.790860891342163}, "current_params": {"N": 500, "iss": 0.13238073196516953, "lr": 0.13864624141183712, "ridge": 5.1447095217047094e-05, "seed": 1234, "sr": 4.997336540870967}}