{"returned_dict": {"loss": 0.09545458111092575, "r2": 0.7518315810301212, "status": "ok", "start_time": 1697696173.433184, "duration": 0.9013111591339111}, "current_params": {"N": 500, "iss": 0.9, "lr": 0.8108075271225141, "ridge": 1e-07, "seed": 1234, "sr": 6.834465647289925}}