{"returned_dict": {"loss": 0.098994348363591, "r2": 0.6690020465588408, "status": "ok", "start_time": 1697181848.735831, "duration": 0.6794188022613525}, "current_params": {"N": 10, "iss": 0.8839266254726155, "lr": 0.07250316961973834, "ridge": 1e-07, "seed": 1234, "sr": 2.76036316173383}}