{"returned_dict": {"loss": 0.09536343944690828, "r2": 0.6682663960031405, "status": "ok", "start_time": 1697187117.2768362, "duration": 1.8798940181732178}, "current_params": {"N": 500, "iss": 0.9903777479356254, "lr": 0.1894882305034404, "ridge": 0.004636302559142713, "seed": 1234, "sr": 1.9577985037865835}}