{"returned_dict": {"loss": 0.09509733543987399, "r2": 0.6536192513167837, "status": "ok", "start_time": 1697192785.190243, "duration": 4.201172113418579}, "current_params": {"N": 1000, "iss": 0.4171626881853736, "lr": 0.002422315386294973, "ridge": 0.0008891693515095883, "seed": 1234, "sr": 0.0544052294998603}}