{"returned_dict": {"loss": 0.09554007933508708, "r2": 0.6670356058178855, "status": "ok", "start_time": 1697187313.2277918, "duration": 2.003645181655884}, "current_params": {"N": 500, "iss": 0.134697453845536, "lr": 0.005584438526231021, "ridge": 0.0021703951793471516, "seed": 1234, "sr": 0.11855799312403709}}