{"returned_dict": {"loss": 0.09929957770599612, "r2": 0.7100505157771639, "status": "ok", "start_time": 1697697282.459753, "duration": 0.9252431392669678}, "current_params": {"N": 500, "iss": 0.9, "lr": 0.002001738706933608, "ridge": 1e-07, "seed": 1234, "sr": 0.39936841111501603}}