{"returned_dict": {"loss": 0.09396632702008663, "r2": 0.6682404782912665, "status": "ok", "start_time": 1697193116.983692, "duration": 4.321676015853882}, "current_params": {"N": 1000, "iss": 0.3158924367205628, "lr": 0.0016930941327325617, "ridge": 0.0006969765320479288, "seed": 1234, "sr": 0.22191193501289097}}