{"returned_dict": {"loss": 0.0949735608929439, "r2": 0.6709660767119221, "status": "ok", "start_time": 1697187720.575679, "duration": 4.136347055435181}, "current_params": {"N": 1000, "iss": 0.616731567531399, "lr": 0.6954288762234999, "ridge": 0.0061302022177938354, "seed": 1234, "sr": 6.834465647289925}}