{"returned_dict": {"loss": 0.09895276135688669, "r2": 0.6692814769557437, "status": "ok", "start_time": 1697182052.569149, "duration": 0.6950759887695312}, "current_params": {"N": 100, "iss": 0.6293819513467269, "lr": 0.10803678961379123, "ridge": 1e-07, "seed": 1234, "sr": 0.21210441974152222}}