{"returned_dict": {"loss": 0.09222046687070644, "r2": 0.7126942655165976, "status": "ok", "start_time": 1697170287.0091379, "duration": 0.9456701278686523}, "current_params": {"N": 500, "iss": 0.9, "lr": 0.4679014023329361, "ridge": 1e-07, "seed": 1234, "sr": 0.046727228044946535}}