{"returned_dict": {"loss": 0.09751220986322383, "r2": -6.666015282380157, "status": "ok", "start_time": 1697443286.828068, "duration": 1.9970769882202148}, "current_params": {"N": 500, "iss": 0.40978014885751834, "lr": 0.003188301860373708, "ridge": 2.4347267941306313e-08, "seed": 1234, "sr": 0.050704131972421025}}