{"returned_dict": {"loss": 0.0964009663734288, "r2": 0.6860452680275415, "status": "ok", "start_time": 1697171984.015424, "duration": 0.9844520092010498}, "current_params": {"N": 500, "iss": 0.9, "lr": 0.3544579971335427, "ridge": 1e-07, "seed": 1234, "sr": 0.0544052294998603}}