{"returned_dict": {"loss": 0.0971206809231147, "r2": 0.6813040662102257, "status": "ok", "start_time": 1697172094.480026, "duration": 0.9721100330352783}, "current_params": {"N": 500, "iss": 0.9, "lr": 0.26781603924522474, "ridge": 1e-07, "seed": 1234, "sr": 0.02786727306368867}}