{"returned_dict": {"loss": 0.09131589318411765, "r2": 0.6573222623514211, "status": "ok", "start_time": 1697195515.408832, "duration": 12.027045011520386}, "current_params": {"N": 1000, "iss": 0.8493027570387159, "lr": 0.08352474609695261, "ridge": 1.2092867049259064e-08, "seed": 1234, "sr": 0.1521671071513882}}