{"returned_dict": {"loss": 0.10037355253696166, "r2": 0.5774045456575361, "status": "ok", "start_time": 1697195144.599095, "duration": 11.908216953277588}, "current_params": {"N": 1000, "iss": 0.4183352059788139, "lr": 0.7699157917998888, "ridge": 1.5491027325251184e-06, "seed": 1234, "sr": 1.9933094412983583}}