{"returned_dict": {"loss": 0.10419693547204896, "r2": 0.6331172829481341, "status": "ok", "start_time": 1697172125.295548, "duration": 1.0498621463775635}, "current_params": {"N": 500, "iss": 0.9, "lr": 0.1583702239951588, "ridge": 1e-07, "seed": 1234, "sr": 0.020788245498133077}}