{"returned_dict": {"loss": 0.10637450431286789, "r2": 0.6165015846349284, "status": "ok", "start_time": 1697416929.392852, "duration": 2.3422088623046875}, "current_params": {"N": 1000, "iss": 0.059936189081400526, "lr": 0.38264094967620654, "ridge": 1.8102732550311867e-05, "seed": 1234, "sr": 0.07966435869333038}}