{"returned_dict": {"loss": 0.10189336300070011, "r2": 0.610333026635954, "status": "ok", "start_time": 1697189731.424474, "duration": 4.352231979370117}, "current_params": {"N": 1000, "iss": 0.6743270588841205, "lr": 0.0014402248070585332, "ridge": 0.0006137812121664229, "seed": 1234, "sr": 0.3554664959628415}}