{"returned_dict": {"loss": 0.10491033983140764, "r2": 0.6280991536755107, "status": "ok", "start_time": 1697181650.173541, "duration": 1.119264841079712}, "current_params": {"N": 500, "iss": 0.05281009570878947, "lr": 0.3023968431685585, "ridge": 1e-07, "seed": 1234, "sr": 0.3554664959628415}}