{"returned_dict": {"loss": 0.10357630428396743, "r2": 0.5780377868793504, "status": "ok", "start_time": 1697196068.700737, "duration": 11.955559015274048}, "current_params": {"N": 1000, "iss": 0.05969594889932428, "lr": 0.22834501963548878, "ridge": 4.079252477787997e-06, "seed": 1234, "sr": 3.3535990156004383}}