{"returned_dict": {"loss": 0.10409671503870528, "r2": 0.6340114792075352, "status": "ok", "start_time": 1697181559.095563, "duration": 1.0166752338409424}, "current_params": {"N": 500, "iss": 0.0013197239799266347, "lr": 0.017842200331087264, "ridge": 1e-07, "seed": 1234, "sr": 0.07326940168674866}}