{"returned_dict": {"loss": 0.10592678140777963, "r2": 0.5906318054382583, "status": "ok", "start_time": 1697187063.1482828, "duration": 1.8391790390014648}, "current_params": {"N": 500, "iss": 0.8820998106981124, "lr": 0.0018473770505347527, "ridge": 1.8622584812397071e-06, "seed": 1234, "sr": 0.015931944006093716}}