{"returned_dict": {"loss": 0.10253132095489469, "r2": 0.6332293977836411, "status": "ok", "start_time": 1697185584.533399, "duration": 0.7270400524139404}, "current_params": {"N": 500, "iss": 0.49705680256102114, "lr": 0.047125995444646136, "ridge": 0.006057640163977123, "seed": 1234, "sr": 0.02045819673305219}}