{"returned_dict": {"loss": 0.10177245074818142, "r2": -7.384110713496607, "status": "ok", "start_time": 1697471344.5972302, "duration": 13.954253673553467}, "current_params": {"N": 1247.0, "iss": 0.14796761127746416, "lr": 0.0013818551895319936, "ridge": 1.9194269720339747e-07, "seed": 1234, "sr": 0.5693766752526698}}