{"returned_dict": {"loss": 0.10003300408533992, "r2": 0.7321646695860499, "status": "ok", "start_time": 1697154510.0704389, "duration": 0.7989411354064941}, "current_params": {"N": 500, "iss": 0.9, "lr": 0.002910322515656923, "ridge": 1e-07, "seed": 1234, "sr": 0.1521671071513882}}