{"returned_dict": {"loss": 0.10725178075763331, "r2": 0.6113704075394555, "status": "ok", "start_time": 1697182216.927213, "duration": 1.0111241340637207}, "current_params": {"N": 500, "iss": 0.35807336738969764, "lr": 0.8619303140116904, "ridge": 1.0115479045381332e-07, "seed": 1234, "sr": 4.881086179748358}}