{"returned_dict": {"loss": 0.10448226279484617, "r2": 0.6015002010908738, "status": "ok", "start_time": 1697187064.9915469, "duration": 1.8543040752410889}, "current_params": {"N": 500, "iss": 0.9739479466464522, "lr": 0.0011253563603354569, "ridge": 0.0021883735119396686, "seed": 1234, "sr": 0.04981749804245153}}