{"returned_dict": {"loss": 0.10645147409403559, "r2": 0.6158916831416654, "status": "ok", "start_time": 1697417391.272063, "duration": 2.3233320713043213}, "current_params": {"N": 1000, "iss": 0.49705680256102114, "lr": 0.047125995444646136, "ridge": 0.006057640163977123, "seed": 1234, "sr": 0.02045819673305219}}