{"returned_dict": {"loss": 0.10689503469596197, "r2": 0.612688359953633, "status": "ok", "start_time": 1697417381.678178, "duration": 2.314628839492798}, "current_params": {"N": 1000, "iss": 0.3648171195318186, "lr": 0.06815247173845063, "ridge": 0.004137027458330782, "seed": 1234, "sr": 0.0440605775382449}}