{"returned_dict": {"loss": 0.10463979424781977, "r2": 0.5998557440653257, "status": "ok", "start_time": 1697188034.021815, "duration": 4.504448890686035}, "current_params": {"N": 1000, "iss": 0.7008147713041682, "lr": 0.005199088611116443, "ridge": 0.0010388211610285532, "seed": 1234, "sr": 0.16300115584611943}}