{"returned_dict": {"loss": 0.10337188474957766, "r2": 0.634714972591151, "status": "ok", "start_time": 1697171992.486718, "duration": 1.0084710121154785}, "current_params": {"N": 500, "iss": 0.9, "lr": 0.8310012558635558, "ridge": 1e-07, "seed": 1234, "sr": 0.2237449778907503}}