{"returned_dict": {"loss": 0.10136678499766354, "r2": 0.6528759481129983, "status": "ok", "start_time": 1697170284.208622, "duration": 0.9717731475830078}, "current_params": {"N": 500, "iss": 0.9, "lr": 0.17391291381476306, "ridge": 1e-07, "seed": 1234, "sr": 0.011739026780685318}}