{"returned_dict": {"loss": 0.11443794963723992, "r2": 0.6555505857157133, "status": "ok", "start_time": 1697438249.276694, "duration": 1.842895746231079}, "current_params": {"N": 500, "iss": 0.869355916285306, "lr": 0.0017588986916506517, "ridge": 0.009525997633827816, "seed": 1234, "sr": 1.2509379966926149}}