{"returned_dict": {"loss": 0.1116396380742552, "r2": -10.138054256210062, "status": "ok", "start_time": 1697449314.0658932, "duration": 4.183255672454834}, "current_params": {"N": 1000, "iss": 0.40978014885751834, "lr": 0.003188301860373708, "ridge": 2.4347267941306313e-08, "seed": 1234, "sr": 0.050704131972421025}}