{"returned_dict": {"loss": 0.1113333665151653, "r2": 0.5563768768752912, "status": "ok", "start_time": 1697185472.1202738, "duration": 0.7586321830749512}, "current_params": {"N": 500, "iss": 0.2841990386572327, "lr": 0.4297960808148079, "ridge": 3.4827616605209123e-06, "seed": 1234, "sr": 0.020006202812672045}}