{"returned_dict": {"loss": 0.11676762479298863, "r2": 0.5391407495453113, "status": "ok", "start_time": 1697181839.488197, "duration": 0.6397719383239746}, "current_params": {"N": 10, "iss": 0.28735631985323384, "lr": 0.001949548020519852, "ridge": 1e-07, "seed": 1234, "sr": 0.3226348405474758}}