{"returned_dict": {"loss": 0.1191494527227248, "r2": 0.5199599736622648, "status": "ok", "start_time": 1697181551.8870451, "duration": 1.0671980381011963}, "current_params": {"N": 500, "iss": 0.44367507583080523, "lr": 0.054169337705025376, "ridge": 1e-07, "seed": 1234, "sr": 0.02572013644212619}}