{"returned_dict": {"loss": 0.1140979980427876, "r2": 0.5243277474819616, "status": "ok", "start_time": 1697187142.356395, "duration": 1.9127790927886963}, "current_params": {"N": 500, "iss": 0.4472250816990909, "lr": 0.001490692182461561, "ridge": 5.456100711555596e-06, "seed": 1234, "sr": 0.01695935124689556}}