{"returned_dict": {"loss": 0.11936563478351382, "r2": 0.5185986617941128, "status": "ok", "start_time": 1697181660.836972, "duration": 1.0285279750823975}, "current_params": {"N": 500, "iss": 0.8304955981657784, "lr": 0.15674372534107028, "ridge": 1e-07, "seed": 1234, "sr": 0.08438326345409637}}