{"returned_dict": {"loss": 0.11835364863884258, "r2": 0.5249241673418853, "status": "ok", "start_time": 1697181539.8190668, "duration": 1.0099623203277588}, "current_params": {"N": 500, "iss": 0.016120767457275753, "lr": 0.021499031132021465, "ridge": 1e-07, "seed": 1234, "sr": 0.01061907053409471}}