{"returned_dict": {"loss": 0.11220947134302754, "r2": 0.5187779986611057, "status": "ok", "start_time": 1697189038.99406, "duration": 4.268910884857178}, "current_params": {"N": 1000, "iss": 0.9739479466464522, "lr": 0.0011253563603354569, "ridge": 0.0021883735119396686, "seed": 1234, "sr": 0.04981749804245153}}