{"returned_dict": {"loss": 0.128546644624082, "r2": 0.6169953492330091, "status": "ok", "start_time": 1697097497.673106, "duration": 0.7711191177368164}, "current_params": {"N": 500, "iss": 0.9, "lr": 0.351101881861253, "ridge": 1e-07, "seed": 1234, "sr": 2.8424339478368448}}