{"returned_dict": {"loss": 0.12418952476147423, "r2": 0.478557978345971, "status": "ok", "start_time": 1697182155.317036, "duration": 1.0235211849212646}, "current_params": {"N": 500, "iss": 0.5323854646527727, "lr": 0.003573156992234659, "ridge": 0.0008903885178857998, "seed": 1234, "sr": 0.015928787718820343}}