{"returned_dict": {"loss": 0.12326561473309028, "r2": 0.4848379250453178, "status": "ok", "start_time": 1697182260.1885629, "duration": 1.0331621170043945}, "current_params": {"N": 500, "iss": 0.3945156093805232, "lr": 0.015128007637960973, "ridge": 3.182563639108543e-06, "seed": 1234, "sr": 0.012260384608014823}}