{"returned_dict": {"loss": 0.12195603536927868, "r2": 0.47860724995161114, "status": "ok", "start_time": 1697185513.474062, "duration": 0.754838228225708}, "current_params": {"N": 500, "iss": 0.347012423797356, "lr": 0.09201940994765088, "ridge": 1.2655675147834042e-05, "seed": 1234, "sr": 0.03414048410383786}}