{"returned_dict": {"loss": 0.12546001001575732, "r2": 0.4494894890650733, "status": "ok", "start_time": 1697185472.883094, "duration": 0.7634618282318115}, "current_params": {"N": 500, "iss": 0.14258024657972923, "lr": 0.5516837456874331, "ridge": 3.7433235003717447e-07, "seed": 1234, "sr": 0.1931498404234262}}