{"returned_dict": {"loss": 0.12676075812316207, "r2": 0.43678816805424225, "status": "ok", "start_time": 1697185469.134775, "duration": 0.7348060607910156}, "current_params": {"N": 500, "iss": 0.6722112091210425, "lr": 0.002569219109514612, "ridge": 0.007174915864539121, "seed": 1234, "sr": 0.05675258102871899}}