{"returned_dict": {"loss": 0.12485347573912803, "r2": 0.4724350464972646, "status": "ok", "start_time": 1697172061.794516, "duration": 0.9766099452972412}, "current_params": {"N": 500, "iss": 0.9, "lr": 0.3193275230054053, "ridge": 1e-07, "seed": 1234, "sr": 0.22191193501289097}}