{"returned_dict": {"loss": 0.12242115177298213, "r2": 0.4936608590971887, "status": "ok", "start_time": 1697170417.306185, "duration": 0.9020860195159912}, "current_params": {"N": 500, "iss": 0.9, "lr": 0.15674372534107028, "ridge": 1e-07, "seed": 1234, "sr": 0.08438326345409637}}