{"returned_dict": {"loss": 0.12287006781530392, "r2": 0.44729487362508785, "status": "ok", "start_time": 1697187686.3153, "duration": 4.272329092025757}, "current_params": {"N": 1000, "iss": 0.7714539695031645, "lr": 0.16766766519886953, "ridge": 1.2968971939683203e-07, "seed": 1234, "sr": 0.28327116807958513}}