{"returned_dict": {"loss": 0.12854866493137745, "r2": 0.3945154629136011, "status": "ok", "start_time": 1697187878.940465, "duration": 4.390535116195679}, "current_params": {"N": 1000, "iss": 0.9228386144334726, "lr": 0.10752060708924599, "ridge": 1.1106829899616503e-06, "seed": 1234, "sr": 0.3157133897830133}}