{"returned_dict": {"loss": 0.12502122337439253, "r2": 0.4702679724032133, "status": "ok", "start_time": 1697417374.5633678, "duration": 2.3382279872894287}, "current_params": {"N": 1000, "iss": 0.2892949225345609, "lr": 0.26564196963566705, "ridge": 0.001669043615883305, "seed": 1234, "sr": 0.5335784501655656}}