{"returned_dict": {"loss": 0.13963924401171565, "r2": -14.798550123500753, "status": "ok", "start_time": 1697449199.501494, "duration": 4.022126197814941}, "current_params": {"N": 1000, "iss": 0.6381446788022263, "lr": 0.011295567117425407, "ridge": 7.933169942060012e-08, "seed": 1234, "sr": 0.20877503732087163}}