{"returned_dict": {"loss": 0.13199630369206516, "r2": 0.5938608815869599, "status": "ok", "start_time": 1697097489.055659, "duration": 0.7641818523406982}, "current_params": {"N": 500, "iss": 0.9, "lr": 0.33784610522323594, "ridge": 1e-07, "seed": 1234, "sr": 3.416923934914541}}