{"returned_dict": {"loss": 0.13264683295719787, "r2": -13.304270462829734, "status": "ok", "start_time": 1697456195.4449751, "duration": 9.52311086654663}, "current_params": {"N": 1000, "iss": 0.7111875236481379, "lr": 0.014953523366352292, "ridge": 0.003917533648237141, "seed": 1234, "sr": 1.908865762249811}}