{"returned_dict": {"loss": 0.1358565585180603, "r2": 0.4979027016623749, "status": "ok", "start_time": 1697159040.6981409, "duration": 1.0692942142486572}, "current_params": {"N": 500, "iss": 0.9, "lr": 0.36203692104858476, "ridge": 1e-07, "seed": 1234, "sr": 5.987530745926846}}