{"returned_dict": {"loss": 0.1302149766434826, "r2": 0.23430356829156063, "status": "ok", "start_time": 1697697488.124651, "duration": 0.973991870880127}, "current_params": {"N": 500, "iss": 0.9, "lr": 0.0011747404553185898, "ridge": 1e-07, "seed": 1234, "sr": 0.7794764412014389}}