{"returned_dict": {"loss": 0.13962780526363183, "r2": -14.682007533857146, "status": "ok", "start_time": 1697448768.194444, "duration": 4.292978048324585}, "current_params": {"N": 1000, "iss": 0.06016013465638104, "lr": 0.23962511288825833, "ridge": 0.0007949579169258338, "seed": 1234, "sr": 3.416923934914541}}