{"returned_dict": {"loss": 0.137001368795014, "r2": 0.34431282911529837, "status": "ok", "start_time": 1697185473.6505148, "duration": 0.7635703086853027}, "current_params": {"N": 500, "iss": 0.911210058605431, "lr": 0.2183850802283866, "ridge": 1.4229800128550176e-05, "seed": 1234, "sr": 0.22833541526599072}}