{"returned_dict": {"loss": 0.13820667690129218, "r2": 0.478823978525281, "status": "ok", "start_time": 1697696358.752245, "duration": 0.892524003982544}, "current_params": {"N": 500, "iss": 0.9, "lr": 0.27385907525426495, "ridge": 1e-07, "seed": 1234, "sr": 4.425195681471678}}