{"returned_dict": {"loss": 0.13235819337100382, "r2": 0.5945935231483407, "status": "ok", "start_time": 1697155179.003546, "duration": 0.7978310585021973}, "current_params": {"N": 500, "iss": 0.9, "lr": 0.33784610522323594, "ridge": 1e-07, "seed": 1234, "sr": 3.416923934914541}}