{"returned_dict": {"loss": 0.1484103500517023, "r2": -0.34884115505249236, "status": "ok", "start_time": 1697189713.725451, "duration": 4.1309239864349365}, "current_params": {"N": 1000, "iss": 0.9097376556056701, "lr": 0.3079726626930137, "ridge": 1.4421411301859244e-07, "seed": 1234, "sr": 5.615522331680127}}