{"returned_dict": {"loss": 0.14276457267106626, "r2": 0.23048722759832999, "status": "ok", "start_time": 1697189292.710099, "duration": 4.295362949371338}, "current_params": {"N": 1000, "iss": 0.14796761127746416, "lr": 0.0013818551895319936, "ridge": 1.9194269720339747e-07, "seed": 1234, "sr": 0.5693766752526698}}