{"returned_dict": {"loss": 0.1467973372760952, "r2": 0.18313559480963837, "status": "ok", "start_time": 1697193363.14149, "duration": 4.415843963623047}, "current_params": {"N": 1000, "iss": 0.6371089578578937, "lr": 0.026813811448575312, "ridge": 1.2394753758655106e-09, "seed": 1234, "sr": 0.03747978558716274}}