{"returned_dict": {"loss": 0.14703782543832247, "r2": 0.49112038561600285, "status": "ok", "start_time": 1697097585.451494, "duration": 0.8024039268493652}, "current_params": {"N": 500, "iss": 0.9, "lr": 0.0201763660586179, "ridge": 1e-07, "seed": 1234, "sr": 0.7323231724059845}}