{"returned_dict": {"loss": 0.14706388692770248, "r2": 0.14290659677834627, "status": "ok", "start_time": 1697195180.4619122, "duration": 12.003272771835327}, "current_params": {"N": 1000, "iss": 0.9232478994758182, "lr": 0.001009158010588956, "ridge": 8.318524365251139e-07, "seed": 1234, "sr": 0.07326940168674866}}