{"returned_dict": {"loss": 0.14055127260367928, "r2": 0.5269757012027529, "status": "ok", "start_time": 1697155275.260285, "duration": 0.8299300670623779}, "current_params": {"N": 500, "iss": 0.9, "lr": 0.0201763660586179, "ridge": 1e-07, "seed": 1234, "sr": 0.7323231724059845}}