{"returned_dict": {"loss": 0.14856670480822323, "r2": 0.8718935880672657, "status": "ok", "start_time": 1697168933.1379, "duration": 0.8591029644012451}, "current_params": {"N": 500, "iss": 0.9, "lr": 0.006517013347114697, "ridge": 1e-07, "seed": 1234, "sr": 0.20877503732087163}}