{"returned_dict": {"loss": 0.14319728396454615, "r2": 0.3064851371634729, "status": "ok", "start_time": 1697181543.89274, "duration": 0.9881649017333984}, "current_params": {"N": 500, "iss": 0.9474175732959573, "lr": 0.8108075271225141, "ridge": 1e-07, "seed": 1234, "sr": 6.834465647289925}}