{"returned_dict": {"loss": 0.14315849918196163, "r2": 0.2897908586537407, "status": "ok", "start_time": 1697181677.284425, "duration": 1.158393144607544}, "current_params": {"N": 500, "iss": 0.39158117789415503, "lr": 0.6692322890454032, "ridge": 1e-07, "seed": 1234, "sr": 1.908865762249811}}