{"returned_dict": {"loss": 0.15883077752419303, "r2": -19.008661485446464, "status": "ok", "start_time": 1697663463.006434, "duration": 20.462857961654663}, "current_params": {"N": 1708.0, "iss": 0.4825309396306763, "lr": 0.0026215829905024274, "ridge": 1.3617902397367888e-09, "seed": 1234, "sr": 0.30993658351244163}}