{"returned_dict": {"loss": 0.15300327292655466, "r2": 0.32274934990256193, "status": "ok", "start_time": 1697696446.093408, "duration": 1.0039758682250977}, "current_params": {"N": 500, "iss": 0.9, "lr": 0.0914851365421383, "ridge": 1e-07, "seed": 1234, "sr": 1.2072384196976096}}