{"returned_dict": {"loss": 0.1547923823468761, "r2": 0.3490248806177984, "status": "ok", "start_time": 1697696178.958596, "duration": 0.9174590110778809}, "current_params": {"N": 500, "iss": 0.9, "lr": 0.3314434048357353, "ridge": 1e-07, "seed": 1234, "sr": 6.833596167908428}}