{"returned_dict": {"loss": 0.15931089584587368, "r2": 0.14058229633980626, "status": "ok", "start_time": 1697172032.64303, "duration": 0.9789481163024902}, "current_params": {"N": 500, "iss": 0.9, "lr": 0.021499031132021465, "ridge": 1e-07, "seed": 1234, "sr": 0.01061907053409471}}