{"returned_dict": {"loss": 0.15256072422314804, "r2": 0.1864552705526509, "status": "ok", "start_time": 1697185574.7232041, "duration": 0.7380568981170654}, "current_params": {"N": 500, "iss": 0.6913380290583117, "lr": 0.7766456097348572, "ridge": 0.0022490571107960764, "seed": 1234, "sr": 3.382940283445415}}