{"returned_dict": {"loss": 0.1539283394099923, "r2": -18.407590168398055, "status": "ok", "start_time": 1697450219.9688451, "duration": 1.8603808879852295}, "current_params": {"N": 500, "iss": 0.7111875236481379, "lr": 0.014953523366352292, "ridge": 0.003917533648237141, "seed": 1234, "sr": 1.908865762249811}}