{"returned_dict": {"loss": 0.15148622009147164, "r2": -17.579756050224393, "status": "ok", "start_time": 1697442934.269803, "duration": 1.770439863204956}, "current_params": {"N": 500, "iss": 0.9547804466890908, "lr": 0.0063822566002939346, "ridge": 1.9445651653381377e-09, "seed": 1234, "sr": 0.012708968625748275}}