{"returned_dict": {"loss": 0.15225036641310766, "r2": 0.1543428511441763, "status": "ok", "start_time": 1697171906.960226, "duration": 0.9303538799285889}, "current_params": {"N": 500, "iss": 0.9, "lr": 0.49857928733460954, "ridge": 1e-07, "seed": 1234, "sr": 0.04328771757628488}}