{"returned_dict": {"loss": 0.15470861375265657, "r2": 0.126810182787276, "status": "ok", "start_time": 1697171902.273092, "duration": 0.9372918605804443}, "current_params": {"N": 500, "iss": 0.9, "lr": 0.17035572356640263, "ridge": 1e-07, "seed": 1234, "sr": 0.03600276409094316}}