{"returned_dict": {"loss": 0.15721634953703756, "r2": 0.1642315200746883, "status": "ok", "start_time": 1697182163.905174, "duration": 1.004652976989746}, "current_params": {"N": 500, "iss": 0.3158924367205628, "lr": 0.0016930941327325617, "ridge": 0.0006969765320479288, "seed": 1234, "sr": 0.22191193501289097}}