{"returned_dict": {"loss": 0.15139027536215935, "r2": 0.16390701348041647, "status": "ok", "start_time": 1697171924.1059341, "duration": 0.9846079349517822}, "current_params": {"N": 500, "iss": 0.9, "lr": 0.602096761664795, "ridge": 1e-07, "seed": 1234, "sr": 0.016223651162329426}}