{"returned_dict": {"loss": 0.1531437705792605, "r2": 0.6565085848558078, "status": "ok", "start_time": 1697184959.242236, "duration": 0.7862210273742676}, "current_params": {"N": 500, "iss": 0.34711880645906334, "lr": 0.0017068361591199817, "ridge": 1.2839800042841107e-06, "seed": 1234, "sr": 0.7839491567314942}}