{"returned_dict": {"loss": 0.16630523842358405, "r2": -0.00898678664729439, "status": "ok", "start_time": 1697171778.297108, "duration": 0.9651708602905273}, "current_params": {"N": 500, "iss": 0.9, "lr": 0.06679554327816328, "ridge": 1e-07, "seed": 1234, "sr": 0.07966435869333038}}