{"returned_dict": {"loss": 0.16081152388837242, "r2": 0.043560817830662825, "status": "ok", "start_time": 1697185474.418051, "duration": 0.7527508735656738}, "current_params": {"N": 500, "iss": 0.892885997800422, "lr": 0.49981993643396744, "ridge": 3.2585212389411373e-07, "seed": 1234, "sr": 0.13073371451589708}}