{"returned_dict": {"loss": 0.163911212749607, "r2": 0.01844233651843663, "status": "ok", "start_time": 1697187246.13744, "duration": 1.8782870769500732}, "current_params": {"N": 500, "iss": 0.5743858512665214, "lr": 0.0025679857977144393, "ridge": 1.9388590294899276e-08, "seed": 1234, "sr": 0.015217119086357022}}