{"returned_dict": {"loss": 0.16379788739626605, "r2": -23.295994828853395, "status": "ok", "start_time": 1697448747.489989, "duration": 4.173264026641846}, "current_params": {"N": 1000, "iss": 0.28766435081673314, "lr": 0.0012105913148246156, "ridge": 1.9057127432713242e-07, "seed": 1234, "sr": 0.07964860203040938}}