{"returned_dict": {"loss": 0.1789632204003805, "r2": -0.08708725565904263, "status": "ok", "start_time": 1697181781.2028532, "duration": 1.144535779953003}, "current_params": {"N": 500, "iss": 0.8609304819134347, "lr": 0.06679554327816328, "ridge": 1e-07, "seed": 1234, "sr": 0.07966435869333038}}