{"returned_dict": {"loss": 0.1767547583681218, "r2": -0.14861277139322468, "status": "ok", "start_time": 1697185504.41772, "duration": 0.7515199184417725}, "current_params": {"N": 500, "iss": 0.9655801894967717, "lr": 0.5494681828865383, "ridge": 2.0065307823836486e-09, "seed": 1234, "sr": 0.01418389479892628}}