{"returned_dict": {"loss": 0.17015231879924864, "r2": 0.8296294472375455, "status": "ok", "start_time": 1697168985.94523, "duration": 0.8640468120574951}, "current_params": {"N": 500, "iss": 0.9, "lr": 0.006721858994363475, "ridge": 1e-07, "seed": 1234, "sr": 0.016130653781102525}}