{"returned_dict": {"loss": 0.1743826751557688, "r2": -0.03530465734949365, "status": "ok", "start_time": 1697417029.640575, "duration": 2.3137190341949463}, "current_params": {"N": 1000, "iss": 0.6722112091210425, "lr": 0.002569219109514612, "ridge": 0.007174915864539121, "seed": 1234, "sr": 0.05675258102871899}}