{"returned_dict": {"loss": 0.17342452415586795, "r2": -0.021195038355560136, "status": "ok", "start_time": 1697417271.736819, "duration": 2.390993118286133}, "current_params": {"N": 1000, "iss": 0.134697453845536, "lr": 0.005584438526231021, "ridge": 0.0021703951793471516, "seed": 1234, "sr": 0.11855799312403709}}