{"returned_dict": {"loss": 0.1868816269070055, "r2": -0.21931760859383034, "status": "ok", "start_time": 1697181516.06918, "duration": 1.0344901084899902}, "current_params": {"N": 500, "iss": 0.6423182937433641, "lr": 0.011499726306602578, "ridge": 1e-07, "seed": 1234, "sr": 0.020489195252075855}}