{"returned_dict": {"loss": 0.18276528962717628, "r2": -0.33266070761172795, "status": "ok", "start_time": 1697196200.741728, "duration": 12.092319965362549}, "current_params": {"N": 1000, "iss": 0.9492310760856882, "lr": 0.03448518184164638, "ridge": 1.082471644281706e-09, "seed": 1234, "sr": 0.7476653587619372}}