{"returned_dict": {"loss": 0.18902678605093393, "r2": -0.22507233539077717, "status": "ok", "start_time": 1697181603.299814, "duration": 1.0179932117462158}, "current_params": {"N": 500, "iss": 0.457427522069363, "lr": 0.36203692104858476, "ridge": 1e-07, "seed": 1234, "sr": 5.987530745926846}}