{"returned_dict": {"loss": 0.1829827974673269, "r2": -0.2215931187815056, "status": "ok", "start_time": 1697171815.823851, "duration": 0.9010848999023438}, "current_params": {"N": 500, "iss": 0.9, "lr": 0.7193342821146759, "ridge": 1e-07, "seed": 1234, "sr": 1.9577985037865835}}