{"returned_dict": {"loss": 0.18879501407545082, "r2": 0.07868190718327923, "status": "ok", "start_time": 1697097007.0224152, "duration": 0.7471559047698975}, "current_params": {"N": 500, "iss": 0.9, "lr": 0.18446995638748825, "ridge": 1e-07, "seed": 1234, "sr": 1.3671630828846324}}