{"returned_dict": {"loss": 0.18194586943095495, "r2": -0.20806201189624787, "status": "ok", "start_time": 1697171795.1464179, "duration": 0.9319131374359131}, "current_params": {"N": 500, "iss": 0.9, "lr": 0.13776330861630057, "ridge": 1e-07, "seed": 1234, "sr": 0.2197712027474747}}