{"returned_dict": {"loss": 0.19245661627306068, "r2": -0.264751210421333, "status": "ok", "start_time": 1697417044.119488, "duration": 2.409245014190674}, "current_params": {"N": 1000, "iss": 0.911210058605431, "lr": 0.2183850802283866, "ridge": 1.4229800128550176e-05, "seed": 1234, "sr": 0.22833541526599072}}