{"returned_dict": {"loss": 0.19550456469521948, "r2": 0.11377418345161623, "status": "ok", "start_time": 1697155188.998636, "duration": 0.8403677940368652}, "current_params": {"N": 500, "iss": 0.9, "lr": 0.3314434048357353, "ridge": 1e-07, "seed": 1234, "sr": 6.833596167908428}}