{"returned_dict": {"loss": 0.1948426314436529, "r2": -0.3281567779925824, "status": "ok", "start_time": 1697185544.367135, "duration": 0.7396998405456543}, "current_params": {"N": 500, "iss": 0.7008147713041682, "lr": 0.005199088611116443, "ridge": 0.0010388211610285532, "seed": 1234, "sr": 0.16300115584611943}}