{"returned_dict": {"loss": 0.19202018903131857, "r2": -0.32381629179802135, "status": "ok", "start_time": 1697172017.316072, "duration": 1.0557069778442383}, "current_params": {"N": 500, "iss": 0.9, "lr": 0.3645399937282733, "ridge": 1e-07, "seed": 1234, "sr": 1.1747727724200443}}