{"returned_dict": {"loss": 0.20104626978774578, "r2": -0.41760047714441334, "status": "ok", "start_time": 1697185510.4818408, "duration": 0.7530159950256348}, "current_params": {"N": 500, "iss": 0.22844120631577203, "lr": 0.5068843153791186, "ridge": 1.748641447561754e-09, "seed": 1234, "sr": 1.2556711601352721}}