{"returned_dict": {"loss": 0.20161802129697295, "r2": -0.009607819335760196, "status": "ok", "start_time": 1697154571.505173, "duration": 0.7868978977203369}, "current_params": {"N": 500, "iss": 0.9, "lr": 0.18446995638748825, "ridge": 1e-07, "seed": 1234, "sr": 1.3671630828846324}}