{"returned_dict": {"loss": 0.2080871471059534, "r2": -0.06576002047798453, "status": "ok", "start_time": 1697156816.837738, "duration": 0.8292829990386963}, "current_params": {"N": 500, "iss": 0.9, "lr": 0.009517044749879343, "ridge": 1e-07, "seed": 1234, "sr": 0.5693766752526698}}