{"returned_dict": {"loss": 0.20172161040320583, "r2": -0.12393625534657964, "status": "ok", "start_time": 1697697166.155811, "duration": 1.0549230575561523}, "current_params": {"N": 500, "iss": 0.9, "lr": 0.003469578608187846, "ridge": 1e-07, "seed": 1234, "sr": 0.38114750465916947}}