{"returned_dict": {"loss": 0.21038640622959537, "r2": -0.669787973792053, "status": "ok", "start_time": 1697416591.810109, "duration": 6.376693964004517}, "current_params": {"N": 1000, "iss": 0.9547804466890908, "lr": 0.0063822566002939346, "ridge": 1.9445651653381377e-09, "seed": 1234, "sr": 0.012708968625748275}}