{"returned_dict": {"loss": 0.2187738954282594, "r2": -0.7483996652847481, "status": "ok", "start_time": 1697171823.2290401, "duration": 0.927574872970581}, "current_params": {"N": 500, "iss": 0.9, "lr": 0.06024795953076342, "ridge": 1e-07, "seed": 1234, "sr": 0.22833541526599072}}