{"returned_dict": {"loss": 0.21553409195047238, "r2": -0.31642774302760085, "status": "ok", "start_time": 1697154451.372292, "duration": 0.7922320365905762}, "current_params": {"N": 500, "iss": 0.9, "lr": 0.008627726752024523, "ridge": 1e-07, "seed": 1234, "sr": 0.7656474307799984}}