{"returned_dict": {"loss": 0.21569351930195432, "r2": -0.7783070201758594, "status": "ok", "start_time": 1697187370.624137, "duration": 1.9019551277160645}, "current_params": {"N": 500, "iss": 0.61465928198713, "lr": 0.01646090380035458, "ridge": 1.416582108410998e-05, "seed": 1234, "sr": 0.6672376898037004}}