{"returned_dict": {"loss": 0.22600480734059103, "r2": -0.9955536735494149, "status": "ok", "start_time": 1697449638.661495, "duration": 1.7723300457000732}, "current_params": {"N": 500, "iss": 0.6517423997488939, "lr": 0.4485179994925241, "ridge": 2.1919618123313223e-05, "seed": 1234, "sr": 2.76036316173383}}