{"returned_dict": {"loss": 0.22408521361163977, "r2": -0.6972221295462528, "status": "ok", "start_time": 1697171985.00311, "duration": 0.9723320007324219}, "current_params": {"N": 500, "iss": 0.9, "lr": 0.13776330861630057, "ridge": 1e-07, "seed": 1234, "sr": 0.2197712027474747}}