{"returned_dict": {"loss": 0.22277941455242556, "r2": -0.814176959926706, "status": "ok", "start_time": 1697187355.339722, "duration": 1.8662300109863281}, "current_params": {"N": 500, "iss": 0.8640890518452584, "lr": 0.056175796579322784, "ridge": 8.914132777984633e-07, "seed": 1234, "sr": 1.6346058937885943}}