{"returned_dict": {"loss": 0.22191184928595564, "r2": -0.797891052653346, "status": "ok", "start_time": 1697171785.904244, "duration": 0.9305911064147949}, "current_params": {"N": 500, "iss": 0.9, "lr": 0.027648495633442953, "ridge": 1e-07, "seed": 1234, "sr": 0.09442721440119983}}