{"returned_dict": {"loss": 0.22374439105020807, "r2": 0.7042727798862103, "status": "ok", "start_time": 1697168900.680208, "duration": 10.662355184555054}, "current_params": {"N": 500, "iss": 0.9, "lr": 0.010792320963354871, "ridge": 1e-07, "seed": 1234, "sr": 0.030264242037118992}}