{"returned_dict": {"loss": 0.23133375859923036, "r2": -47.15309189478205, "status": "ok", "start_time": 1697451870.777416, "duration": 1.9199459552764893}, "current_params": {"N": 500, "iss": 0.36454979801819787, "lr": 0.001817436335305465, "ridge": 1.2856827057907244e-05, "seed": 1234, "sr": 0.5391304566113871}}