{"returned_dict": {"loss": 0.23376120431914102, "r2": -47.95519520606476, "status": "ok", "start_time": 1697451716.286398, "duration": 1.884763240814209}, "current_params": {"N": 500, "iss": 0.9232478994758182, "lr": 0.001009158010588956, "ridge": 8.318524365251139e-07, "seed": 1234, "sr": 0.07326940168674866}}