{"returned_dict": {"loss": 0.23068049588101955, "r2": -0.962568080114034, "status": "ok", "start_time": 1697187406.2619572, "duration": 1.8735597133636475}, "current_params": {"N": 500, "iss": 0.7229931611804811, "lr": 0.02801415255330273, "ridge": 3.8239824132656686e-09, "seed": 1234, "sr": 0.2090196583408564}}