{"returned_dict": {"loss": 0.24086354861933024, "r2": 0.6599195776054406, "status": "ok", "start_time": 1697168283.605778, "duration": 0.8804359436035156}, "current_params": {"N": 500, "iss": 0.9, "lr": 0.01194012324967483, "ridge": 1e-07, "seed": 1234, "sr": 0.13073371451589708}}