{"returned_dict": {"loss": 0.24523533745413081, "r2": -1.3652042936533555, "status": "ok", "start_time": 1697194400.776808, "duration": 11.952049970626831}, "current_params": {"N": 1000, "iss": 0.27955000672950736, "lr": 0.050891035673396985, "ridge": 6.92305207076248e-05, "seed": 1234, "sr": 9.903672418680925}}