{"returned_dict": {"loss": 0.24746324623584873, "r2": -1.4967185725747962, "status": "ok", "start_time": 1697170258.33709, "duration": 0.8942470550537109}, "current_params": {"N": 500, "iss": 0.9, "lr": 0.9794034504292509, "ridge": 1e-07, "seed": 1234, "sr": 1.2509379966926149}}