{"returned_dict": {"loss": 0.24390096876627146, "r2": -1.0330166507679068, "status": "ok", "start_time": 1697181822.191693, "duration": 1.070030927658081}, "current_params": {"N": 500, "iss": 0.6176608512730031, "lr": 0.0016633478315350963, "ridge": 1e-07, "seed": 1234, "sr": 0.027598683234115115}}