{"returned_dict": {"loss": 0.25551105359213616, "r2": -1.2204394502866611, "status": "ok", "start_time": 1697181564.253442, "duration": 0.9867157936096191}, "current_params": {"N": 500, "iss": 0.9133141831801541, "lr": 0.0013477819629193828, "ridge": 1e-07, "seed": 1234, "sr": 0.01418389479892628}}