{"returned_dict": {"loss": 0.2566573426778059, "r2": -54.87397235085759, "status": "ok", "start_time": 1697448677.196504, "duration": 4.367144823074341}, "current_params": {"N": 1000, "iss": 0.4363515860498989, "lr": 0.0016156588507471406, "ridge": 3.474547834739471e-08, "seed": 1234, "sr": 0.03073430140568509}}