{"returned_dict": {"loss": 0.2521171231773778, "r2": -1.1605269136558467, "status": "ok", "start_time": 1697172019.441896, "duration": 1.0198581218719482}, "current_params": {"N": 500, "iss": 0.9, "lr": 0.0014693850044619381, "ridge": 1e-07, "seed": 1234, "sr": 0.013953269187234588}}