{"returned_dict": {"loss": 0.2525103439417074, "r2": -1.274891234982125, "status": "ok", "start_time": 1697170336.662726, "duration": 0.8560390472412109}, "current_params": {"N": 500, "iss": 0.9, "lr": 0.2999168282397612, "ridge": 1e-07, "seed": 1234, "sr": 2.0711751271159318}}