{"returned_dict": {"loss": 0.26166255757008955, "r2": 0.5958948552503494, "status": "ok", "start_time": 1697168314.09816, "duration": 0.8777430057525635}, "current_params": {"N": 500, "iss": 0.9, "lr": 0.017842200331087264, "ridge": 1e-07, "seed": 1234, "sr": 0.07326940168674866}}