{"returned_dict": {"loss": 0.26339545515405, "r2": -1.34964346175496, "status": "ok", "start_time": 1697170302.098973, "duration": 0.8882448673248291}, "current_params": {"N": 500, "iss": 0.9, "lr": 0.10803678961379123, "ridge": 1e-07, "seed": 1234, "sr": 0.21210441974152222}}