{"returned_dict": {"loss": 0.26668250993913467, "r2": 0.5759414812368868, "status": "ok", "start_time": 1697168303.7037709, "duration": 0.8454031944274902}, "current_params": {"N": 500, "iss": 0.9, "lr": 0.08493875791208122, "ridge": 1e-07, "seed": 1234, "sr": 7.78867384430367}}