{"returned_dict": {"loss": 0.2659820204795269, "r2": -0.6475357694567045, "status": "ok", "start_time": 1697156804.499244, "duration": 0.8334360122680664}, "current_params": {"N": 500, "iss": 0.9, "lr": 0.003469578608187846, "ridge": 1e-07, "seed": 1234, "sr": 0.38114750465916947}}