{"returned_dict": {"loss": 0.26586266214526, "r2": -1.3901781691268038, "status": "ok", "start_time": 1697171968.3733509, "duration": 1.0066890716552734}, "current_params": {"N": 500, "iss": 0.9, "lr": 0.0016633478315350963, "ridge": 1e-07, "seed": 1234, "sr": 0.027598683234115115}}