{"returned_dict": {"loss": 0.26282533140862036, "r2": -62.39980849733732, "status": "ok", "start_time": 1697464034.6793149, "duration": 214.46285605430603}, "current_params": {"N": 4970.0, "iss": 0.5734609694174653, "lr": 0.0014528929731718976, "ridge": 0.0002509953774283313, "seed": 1234, "sr": 1.4787515437601555}}