{"returned_dict": {"loss": 0.2611418621584423, "r2": -84.57101618651829, "status": "ok", "start_time": 1697651468.0481112, "duration": 13.899120807647705}, "current_params": {"N": 1294.0, "iss": 0.34711880645906334, "lr": 0.0017068361591199817, "ridge": 1.2839800042841107e-06, "seed": 1234, "sr": 0.7839491567314942}}