{"returned_dict": {"loss": 0.2624476527879745, "r2": 0.5861378581133848, "status": "ok", "start_time": 1697168326.072629, "duration": 0.9317729473114014}, "current_params": {"N": 500, "iss": 0.9, "lr": 0.0012706168633971231, "ridge": 1e-07, "seed": 1234, "sr": 1.2556711601352721}}