{"returned_dict": {"loss": 0.2714447119062134, "r2": 0.5691806253306005, "status": "ok", "start_time": 1697168956.242131, "duration": 0.9839909076690674}, "current_params": {"N": 500, "iss": 0.9, "lr": 0.015872813072111937, "ridge": 1e-07, "seed": 1234, "sr": 0.014132040674737733}}