{"returned_dict": {"loss": 0.2726114893082501, "r2": -1.711261916424889, "status": "ok", "start_time": 1697171829.808015, "duration": 0.9028589725494385}, "current_params": {"N": 500, "iss": 0.9, "lr": 0.3597071043773894, "ridge": 1e-07, "seed": 1234, "sr": 1.0784585589734712}}