{"returned_dict": {"loss": 0.2716565454920213, "r2": -1.7143125229483118, "status": "ok", "start_time": 1697187711.97539, "duration": 4.450352191925049}, "current_params": {"N": 1000, "iss": 0.2092695124165096, "lr": 0.20792063760808668, "ridge": 2.4402906778962044e-09, "seed": 1234, "sr": 3.3229413943755635}}