{"returned_dict": {"loss": 0.2717980730392909, "r2": -0.7906612550102464, "status": "ok", "start_time": 1697097510.701934, "duration": 0.7764580249786377}, "current_params": {"N": 500, "iss": 0.9, "lr": 0.2999168282397612, "ridge": 1e-07, "seed": 1234, "sr": 2.0711751271159318}}