{"returned_dict": {"loss": 0.2865032094603109, "r2": 0.523114862951037, "status": "ok", "start_time": 1697168280.9811242, "duration": 0.8663890361785889}, "current_params": {"N": 500, "iss": 0.9, "lr": 0.0329584913173178, "ridge": 1e-07, "seed": 1234, "sr": 0.020006202812672045}}