{"returned_dict": {"loss": 0.28046595829665405, "r2": 0.5427813590127106, "status": "ok", "start_time": 1697168245.996619, "duration": 0.896873950958252}, "current_params": {"N": 500, "iss": 0.9, "lr": 0.3092209407645961, "ridge": 1e-07, "seed": 1234, "sr": 0.015590519612759524}}