{"returned_dict": {"loss": 0.28283707947754305, "r2": -1.2686119616684808, "status": "ok", "start_time": 1697155127.6998012, "duration": 0.8342597484588623}, "current_params": {"N": 500, "iss": 0.9, "lr": 0.001949548020519852, "ridge": 1e-07, "seed": 1234, "sr": 0.3226348405474758}}