{"returned_dict": {"loss": 0.28428426776662813, "r2": -2.0801344688579273, "status": "ok", "start_time": 1697187053.782599, "duration": 1.8121440410614014}, "current_params": {"N": 500, "iss": 0.5734609694174653, "lr": 0.0014528929731718976, "ridge": 0.0002509953774283313, "seed": 1234, "sr": 1.4787515437601555}}