{"returned_dict": {"loss": 0.28568601010345757, "r2": 0.5256274021264756, "status": "ok", "start_time": 1697168277.486327, "duration": 0.8754410743713379}, "current_params": {"N": 500, "iss": 0.9, "lr": 0.8673756090827982, "ridge": 1e-07, "seed": 1234, "sr": 0.05675258102871899}}