{"returned_dict": {"loss": 0.28191995757814275, "r2": -62.63975528850073, "status": "ok", "start_time": 1697467936.4390311, "duration": 7.347336769104004}, "current_params": {"N": 810.0, "iss": 0.48683979711786196, "lr": 0.0041878954202570285, "ridge": 1.5267158874357313e-07, "seed": 1234, "sr": 0.7656474307799984}}