{"returned_dict": {"loss": 0.296521603912765, "r2": -2.041637291359063, "status": "ok", "start_time": 1697170423.580436, "duration": 0.8540129661560059}, "current_params": {"N": 500, "iss": 0.9, "lr": 0.18446995638748825, "ridge": 1e-07, "seed": 1234, "sr": 1.3671630828846324}}