{"returned_dict": {"loss": 0.29740903410771274, "r2": -2.086487630672059, "status": "ok", "start_time": 1697182191.0682502, "duration": 1.2420480251312256}, "current_params": {"N": 500, "iss": 0.25996136073869425, "lr": 0.01122030491707982, "ridge": 8.347574467203145e-08, "seed": 1234, "sr": 0.06204230622513381}}