{"returned_dict": {"loss": 0.2906226061276454, "r2": 0.509469602312361, "status": "ok", "start_time": 1697168836.261796, "duration": 1.165585994720459}, "current_params": {"N": 500, "iss": 0.9, "lr": 0.7574590139415617, "ridge": 1e-07, "seed": 1234, "sr": 0.03524277949039688}}