{"returned_dict": {"loss": 0.2952399912871519, "r2": -2.341614593081808, "status": "ok", "start_time": 1697187210.0819142, "duration": 1.9110946655273438}, "current_params": {"N": 500, "iss": 0.6871632474113247, "lr": 0.0033668417829176823, "ridge": 3.836716623456785e-09, "seed": 1234, "sr": 0.10594870634350116}}