{"returned_dict": {"loss": 0.29323726192436667, "r2": 0.5005489667442767, "status": "ok", "start_time": 1697168296.747017, "duration": 0.9108989238739014}, "current_params": {"N": 500, "iss": 0.9, "lr": 0.22465784634152086, "ridge": 1e-07, "seed": 1234, "sr": 0.04049959618384302}}