{"returned_dict": {"loss": 0.29783435970744554, "r2": 0.48588002605317193, "status": "ok", "start_time": 1697168265.256153, "duration": 0.8726978302001953}, "current_params": {"N": 500, "iss": 0.9, "lr": 0.09201201301388376, "ridge": 1e-07, "seed": 1234, "sr": 0.02745813794912951}}