{"returned_dict": {"loss": 0.30080054064184164, "r2": -1.4686632813619032, "status": "ok", "start_time": 1697696408.288241, "duration": 0.8993022441864014}, "current_params": {"N": 500, "iss": 0.9, "lr": 0.0012706168633971231, "ridge": 1e-07, "seed": 1234, "sr": 1.2556711601352721}}