{"returned_dict": {"loss": 0.30230139978822584, "r2": -4.784752514773974, "status": "ok", "start_time": 1697182221.019561, "duration": 1.0320348739624023}, "current_params": {"N": 500, "iss": 0.8091744524034417, "lr": 0.9358123326900604, "ridge": 3.7883632037985046e-08, "seed": 1234, "sr": 5.974243589442645}}