{"returned_dict": {"loss": 0.3013784562833662, "r2": 0.4733291271521524, "status": "ok", "start_time": 1697168307.992527, "duration": 0.8638510704040527}, "current_params": {"N": 500, "iss": 0.9, "lr": 0.054169337705025376, "ridge": 1e-07, "seed": 1234, "sr": 0.02572013644212619}}