{"returned_dict": {"loss": 0.3076409948853676, "r2": -2.5987962875185864, "status": "ok", "start_time": 1697187928.680842, "duration": 4.5705790519714355}, "current_params": {"N": 1000, "iss": 0.9243526866471957, "lr": 0.1542815995343576, "ridge": 8.50499153424126e-08, "seed": 1234, "sr": 1.7459748086870097}}