{"returned_dict": {"loss": 0.31964781603068937, "r2": -2.4655530281523, "status": "ok", "start_time": 1697416948.6510599, "duration": 2.3957293033599854}, "current_params": {"N": 1000, "iss": 0.7041340569061305, "lr": 0.02018337832903292, "ridge": 2.3115334421298753e-06, "seed": 1234, "sr": 0.09442721440119983}}