{"returned_dict": {"loss": 0.3183784017320264, "r2": 0.40642331189556097, "status": "ok", "start_time": 1697168285.339354, "duration": 0.88236403465271}, "current_params": {"N": 500, "iss": 0.9, "lr": 0.10803678961379123, "ridge": 1e-07, "seed": 1234, "sr": 0.21210441974152222}}