{"returned_dict": {"loss": 0.32874094238282486, "r2": 0.3679522137032105, "status": "ok", "start_time": 1697168918.848594, "duration": 0.8524541854858398}, "current_params": {"N": 500, "iss": 0.9, "lr": 0.12183627042316367, "ridge": 1e-07, "seed": 1234, "sr": 0.8542795536342308}}