{"returned_dict": {"loss": 0.3295267685678542, "r2": -87.42940140607546, "status": "ok", "start_time": 1697443083.001329, "duration": 1.7525439262390137}, "current_params": {"N": 500, "iss": 0.006972115376929322, "lr": 0.012836594720886324, "ridge": 1.4561222069260244e-09, "seed": 1234, "sr": 0.7794764412014389}}