{"returned_dict": {"loss": 0.32545116765899346, "r2": 0.3791650272509967, "status": "ok", "start_time": 1697168843.098946, "duration": 0.8426938056945801}, "current_params": {"N": 500, "iss": 0.9, "lr": 0.13565077644388224, "ridge": 1e-07, "seed": 1234, "sr": 2.6286963019006704}}