{"returned_dict": {"loss": 0.3272322933267384, "r2": -85.70786810014299, "status": "ok", "start_time": 1697443043.3306901, "duration": 1.7954308986663818}, "current_params": {"N": 500, "iss": 0.06694893716285133, "lr": 0.0012469785034749062, "ridge": 8.136540810461886e-08, "seed": 1234, "sr": 0.13504276379966784}}