{"returned_dict": {"loss": 0.3330812514813714, "r2": -2.7606695401383106, "status": "ok", "start_time": 1697417151.915327, "duration": 2.283540964126587}, "current_params": {"N": 1000, "iss": 0.3158924367205628, "lr": 0.0016930941327325617, "ridge": 0.0006969765320479288, "seed": 1234, "sr": 0.22191193501289097}}