{"returned_dict": {"loss": 0.3395505901730706, "r2": -3.2421226065781688, "status": "ok", "start_time": 1697188112.87022, "duration": 4.301870822906494}, "current_params": {"N": 1000, "iss": 0.05969594889932428, "lr": 0.22834501963548878, "ridge": 4.079252477787997e-06, "seed": 1234, "sr": 3.3535990156004383}}