{"returned_dict": {"loss": 0.3353287551316552, "r2": -1.9594622765730174, "status": "ok", "start_time": 1697097436.7132192, "duration": 1.2919816970825195}, "current_params": {"N": 500, "iss": 0.9, "lr": 0.001949548020519852, "ridge": 1e-07, "seed": 1234, "sr": 0.3226348405474758}}