{"returned_dict": {"loss": 0.3362441616067269, "r2": -1.7283431036107082, "status": "ok", "start_time": 1697096889.1281679, "duration": 0.779832124710083}, "current_params": {"N": 500, "iss": 0.9, "lr": 0.002614659205052392, "ridge": 1e-07, "seed": 1234, "sr": 0.3105316802728771}}