{"returned_dict": {"loss": 0.3366780254426829, "r2": -3.259399453200924, "status": "ok", "start_time": 1697187968.48754, "duration": 4.388076066970825}, "current_params": {"N": 1000, "iss": 0.1123239562263062, "lr": 0.0017394860367737678, "ridge": 8.18392101434674e-09, "seed": 1234, "sr": 0.05019484139736029}}