{"returned_dict": {"loss": 0.3437958990717011, "r2": -3.0003129462259523, "status": "ok", "start_time": 1697172051.191187, "duration": 1.0878479480743408}, "current_params": {"N": 500, "iss": 0.9, "lr": 0.0022003912952545212, "ridge": 1e-07, "seed": 1234, "sr": 0.05016138018026818}}