{"returned_dict": {"loss": 0.3447208958558085, "r2": -3.0845516590435906, "status": "ok", "start_time": 1697172086.642638, "duration": 1.0044817924499512}, "current_params": {"N": 500, "iss": 0.9, "lr": 0.0066607915672958085, "ridge": 1e-07, "seed": 1234, "sr": 0.06204230622513381}}