{"returned_dict": {"loss": 0.35800413049688906, "r2": -3.4749498974673614, "status": "ok", "start_time": 1697181566.226938, "duration": 1.0050787925720215}, "current_params": {"N": 500, "iss": 0.7859306974381485, "lr": 0.03227681862698132, "ridge": 1e-07, "seed": 1234, "sr": 0.13048071254874868}}