{"returned_dict": {"loss": 0.3565992915576077, "r2": -3.466497556607249, "status": "ok", "start_time": 1697157652.548585, "duration": 0.9780211448669434}, "current_params": {"N": 500, "iss": 0.9, "lr": 0.008627726752024523, "ridge": 1e-07, "seed": 1234, "sr": 0.7656474307799984}}