{"returned_dict": {"loss": 0.3697575057515716, "r2": -0.9408819583541356, "status": "ok", "start_time": 1697416730.3610728, "duration": 0.7464570999145508}, "current_params": {"N": 500, "iss": 0.15855990557256594, "lr": 0.0013530394390112253, "ridge": 3.771243674444087e-05, "seed": 1234, "sr": 1.2072384196976096}}