{"returned_dict": {"loss": 0.36754958211223193, "r2": -3.946070403525732, "status": "ok", "start_time": 1697171837.1655512, "duration": 0.9015617370605469}, "current_params": {"N": 500, "iss": 0.9, "lr": 0.33784610522323594, "ridge": 1e-07, "seed": 1234, "sr": 3.416923934914541}}