{"returned_dict": {"loss": 0.3611420663369475, "r2": -3.477277563576095, "status": "ok", "start_time": 1697172161.477151, "duration": 0.9725940227508545}, "current_params": {"N": 500, "iss": 0.9, "lr": 0.01723516935753249, "ridge": 1e-07, "seed": 1234, "sr": 0.08930926502440488}}