{"returned_dict": {"loss": 0.36301570120794463, "r2": 0.16965852240100152, "status": "ok", "start_time": 1697168893.62219, "duration": 0.8549718856811523}, "current_params": {"N": 500, "iss": 0.9, "lr": 0.6053395945549397, "ridge": 1e-07, "seed": 1234, "sr": 0.5858648234147782}}