{"returned_dict": {"loss": 0.3788174874118238, "r2": 0.14864233662971493, "status": "ok", "start_time": 1697168331.5490491, "duration": 504.70702171325684}, "current_params": {"N": 500, "iss": 0.9, "lr": 0.03353770330253128, "ridge": 1e-07, "seed": 1234, "sr": 2.1198068680338693}}