{"returned_dict": {"loss": 0.37282732249481043, "r2": 0.17395461512308488, "status": "ok", "start_time": 1697168322.123061, "duration": 0.8836431503295898}, "current_params": {"N": 500, "iss": 0.9, "lr": 0.3193275230054053, "ridge": 1e-07, "seed": 1234, "sr": 0.22191193501289097}}