{"returned_dict": {"loss": 0.4004746833184613, "r2": -0.041454013878100916, "status": "ok", "start_time": 1697168295.860605, "duration": 0.8836779594421387}, "current_params": {"N": 500, "iss": 0.9, "lr": 0.33784610522323594, "ridge": 1e-07, "seed": 1234, "sr": 3.416923934914541}}