{"returned_dict": {"loss": 0.4014371295060466, "r2": -4.884375821580615, "status": "ok", "start_time": 1697171931.260154, "duration": 0.9632179737091064}, "current_params": {"N": 500, "iss": 0.9, "lr": 0.0013995995750949496, "ridge": 1e-07, "seed": 1234, "sr": 0.023462246374277934}}