{"returned_dict": {"loss": 0.4083689592524978, "r2": -2.9078437620730324, "status": "ok", "start_time": 1697096622.642845, "duration": 0.7471230030059814}, "current_params": {"N": 500, "iss": 0.9, "lr": 0.11868976127565604, "ridge": 1e-07, "seed": 1234, "sr": 9.903672418680925}}