{"returned_dict": {"loss": 0.41958286210892104, "r2": -4.98740795436565, "status": "ok", "start_time": 1697417125.682613, "duration": 2.4057559967041016}, "current_params": {"N": 1000, "iss": 0.8088601787647725, "lr": 0.010820249488204384, "ridge": 2.157571970097535e-05, "seed": 1234, "sr": 0.19935467732696538}}