{"returned_dict": {"loss": 0.42438030899358653, "r2": -0.14241508980482434, "status": "ok", "start_time": 1697168267.88167, "duration": 0.851593017578125}, "current_params": {"N": 500, "iss": 0.9, "lr": 0.9886841501638685, "ridge": 1e-07, "seed": 1234, "sr": 4.574545330611019}}