{"returned_dict": {"loss": 0.4440820551058701, "r2": -2.4851977442534805, "status": "ok", "start_time": 1697416658.600485, "duration": 0.755263090133667}, "current_params": {"N": 500, "iss": 0.45903012586393255, "lr": 0.008993216326780393, "ridge": 3.098662816361876e-05, "seed": 1234, "sr": 1.038057705082271}}