{"returned_dict": {"loss": 0.4481492276678319, "r2": -9.26733477285566, "status": "ok", "start_time": 1697189129.473548, "duration": 4.332491159439087}, "current_params": {"N": 1000, "iss": 0.34711880645906334, "lr": 0.0017068361591199817, "ridge": 1.2839800042841107e-06, "seed": 1234, "sr": 0.7839491567314942}}