{"returned_dict": {"loss": 0.4551809692420046, "r2": -7.166154453283265, "status": "ok", "start_time": 1697187302.0304792, "duration": 1.8203518390655518}, "current_params": {"N": 500, "iss": 0.15855990557256594, "lr": 0.0013530394390112253, "ridge": 3.771243674444087e-05, "seed": 1234, "sr": 1.2072384196976096}}