{"returned_dict": {"loss": 0.46726382472460903, "r2": -6.539816771299598, "status": "ok", "start_time": 1697417211.3027751, "duration": 2.3966288566589355}, "current_params": {"N": 1000, "iss": 0.25996136073869425, "lr": 0.01122030491707982, "ridge": 8.347574467203145e-08, "seed": 1234, "sr": 0.06204230622513381}}