{"returned_dict": {"loss": 0.46688283581153645, "r2": -188.24556440341985, "status": "ok", "start_time": 1697479510.2245388, "duration": 20.595909118652344}, "current_params": {"N": 1708.0, "iss": 0.4825309396306763, "lr": 0.0026215829905024274, "ridge": 1.3617902397367888e-09, "seed": 1234, "sr": 0.30993658351244163}}