{"returned_dict": {"loss": 0.4659712523529527, "r2": -173.94006496127997, "status": "ok", "start_time": 1697451618.167076, "duration": 1.7875699996948242}, "current_params": {"N": 500, "iss": 0.24236535975373574, "lr": 0.06703300913405115, "ridge": 4.2269285080674205e-08, "seed": 1234, "sr": 2.773816181603311}}