{"returned_dict": {"loss": 0.4728263734031697, "r2": -6.887945604507936, "status": "ok", "start_time": 1697185467.639523, "duration": 0.7271208763122559}, "current_params": {"N": 500, "iss": 0.9903777479356254, "lr": 0.1894882305034404, "ridge": 0.004636302559142713, "seed": 1234, "sr": 1.9577985037865835}}