{"returned_dict": {"loss": 0.48720726969248135, "r2": -12.07781223066628, "status": "ok", "start_time": 1697188007.9744089, "duration": 4.23516321182251}, "current_params": {"N": 1000, "iss": 0.975796083487275, "lr": 0.36345335286724006, "ridge": 3.344756996651249e-07, "seed": 1234, "sr": 3.928074544493676}}