{"returned_dict": {"loss": 0.486811042976262, "r2": -0.452363550938506, "status": "ok", "start_time": 1697168844.82641, "duration": 0.8485779762268066}, "current_params": {"N": 500, "iss": 0.9, "lr": 0.013776573458598628, "ridge": 1e-07, "seed": 1234, "sr": 1.4037266612887527}}