{"returned_dict": {"loss": 0.4843979623426859, "r2": -6.939430034747392, "status": "ok", "start_time": 1697181544.8844092, "duration": 0.9818897247314453}, "current_params": {"N": 500, "iss": 0.03195298892944265, "lr": 0.006588095974939943, "ridge": 1e-07, "seed": 1234, "sr": 0.13504276379966784}}