{"returned_dict": {"loss": 0.4922280329071949, "r2": -0.46873729498706856, "status": "ok", "start_time": 1697168919.7039921, "duration": 0.8966479301452637}, "current_params": {"N": 500, "iss": 0.9, "lr": 0.01837890418829658, "ridge": 1e-07, "seed": 1234, "sr": 1.6346058937885943}}