{"returned_dict": {"loss": 0.5057555195822406, "r2": -2.561970271652509, "status": "ok", "start_time": 1697183682.5429, "duration": 0.8372089862823486}, "current_params": {"N": 500, "iss": 0.451625695847095, "lr": 0.2824777807824228, "ridge": 0.0004995561065461233, "seed": 1234, "sr": 4.434072756135233}}