{"returned_dict": {"loss": 0.5139334187443795, "r2": -9.87443263047709, "status": "ok", "start_time": 1697182040.1738272, "duration": 0.6992738246917725}, "current_params": {"N": 100, "iss": 0.5412058687668697, "lr": 0.01750341268204161, "ridge": 1e-07, "seed": 1234, "sr": 3.6652347285793745}}