{"returned_dict": {"loss": 0.5258512283722304, "r2": -8.559219169752248, "status": "ok", "start_time": 1697170300.2273128, "duration": 0.9534220695495605}, "current_params": {"N": 500, "iss": 0.9, "lr": 0.01194012324967483, "ridge": 1e-07, "seed": 1234, "sr": 0.13073371451589708}}