{"returned_dict": {"loss": 0.5402669918670135, "r2": -8.912609198135371, "status": "ok", "start_time": 1697171983.044964, "duration": 0.9672698974609375}, "current_params": {"N": 500, "iss": 0.9, "lr": 0.0020381971895498943, "ridge": 1e-07, "seed": 1234, "sr": 0.09437285509046839}}