{"returned_dict": {"loss": 0.543728265479044, "r2": -235.16710671160413, "status": "ok", "start_time": 1697481414.441814, "duration": 125.14329504966736}, "current_params": {"N": 3201.0, "iss": 0.550070835811614, "lr": 0.005273335540171085, "ridge": 5.04991308123115e-09, "seed": 1234, "sr": 0.39936841111501603}}