{"returned_dict": {"loss": 0.5569511887910269, "r2": -10.359396150099455, "status": "ok", "start_time": 1697188281.285734, "duration": 4.363131999969482}, "current_params": {"N": 1000, "iss": 0.7111875236481379, "lr": 0.014953523366352292, "ridge": 0.003917533648237141, "seed": 1234, "sr": 1.908865762249811}}