{"returned_dict": {"loss": 0.5512504276380655, "r2": -0.7619122591732742, "status": "ok", "start_time": 1697168323.9916658, "duration": 0.9345390796661377}, "current_params": {"N": 500, "iss": 0.9, "lr": 0.0022208776832486165, "ridge": 1e-07, "seed": 1234, "sr": 1.1658340735577972}}