{"returned_dict": {"loss": 0.5732254790809453, "r2": -0.9085091381747773, "status": "ok", "start_time": 1697168315.97168, "duration": 0.8711099624633789}, "current_params": {"N": 500, "iss": 0.9, "lr": 0.001438234015621399, "ridge": 1e-07, "seed": 1234, "sr": 2.540247736115996}}