{"returned_dict": {"loss": 0.5798138360645275, "r2": -8.563459427771507, "status": "ok", "start_time": 1697159043.697953, "duration": 0.9440369606018066}, "current_params": {"N": 500, "iss": 0.9, "lr": 0.12285193029261984, "ridge": 1e-07, "seed": 1234, "sr": 3.1162051286367416}}