{"returned_dict": {"loss": 0.5981693750666964, "r2": -293.28460641599514, "status": "ok", "start_time": 1697449182.911965, "duration": 4.4453301429748535}, "current_params": {"N": 1000, "iss": 0.36454979801819787, "lr": 0.001817436335305465, "ridge": 1.2856827057907244e-05, "seed": 1234, "sr": 0.5391304566113871}}