{"returned_dict": {"loss": 0.5966261142107347, "r2": -8.91327559170821, "status": "ok", "start_time": 1697157686.252192, "duration": 0.9763920307159424}, "current_params": {"N": 500, "iss": 0.9, "lr": 0.08493875791208122, "ridge": 1e-07, "seed": 1234, "sr": 7.78867384430367}}