{"returned_dict": {"loss": 0.6014838273791702, "r2": -13.824896414096722, "status": "ok", "start_time": 1697187084.94644, "duration": 1.8613779544830322}, "current_params": {"N": 500, "iss": 0.8644046911873131, "lr": 0.6156368875066843, "ridge": 8.186416440991658e-08, "seed": 1234, "sr": 1.6722388684853167}}