{"returned_dict": {"loss": 0.6283487952822223, "r2": -13.930665666295136, "status": "ok", "start_time": 1697187766.693995, "duration": 4.103195905685425}, "current_params": {"N": 1000, "iss": 0.11994602555379685, "lr": 0.16859893208998253, "ridge": 6.132193847282312e-09, "seed": 1234, "sr": 2.3297993110223385}}