{"returned_dict": {"loss": 0.6219858090665147, "r2": -20.369612489281845, "status": "ok", "start_time": 1697192682.1551769, "duration": 4.293960094451904}, "current_params": {"N": 1000, "iss": 0.6871632474113247, "lr": 0.0033668417829176823, "ridge": 3.836716623456785e-09, "seed": 1234, "sr": 0.10594870634350116}}