{"returned_dict": {"loss": 0.6309681970670811, "r2": -1.3115061440177562, "status": "ok", "start_time": 1697168292.353508, "duration": 0.908282995223999}, "current_params": {"N": 500, "iss": 0.9, "lr": 0.005007729021893898, "ridge": 1e-07, "seed": 1234, "sr": 1.0385323042151453}}