{"returned_dict": {"loss": 0.6432889343228406, "r2": -343.55299993372387, "status": "ok", "start_time": 1697449993.456726, "duration": 1.810927152633667}, "current_params": {"N": 500, "iss": 0.9581135333425491, "lr": 0.026802233205999445, "ridge": 0.0008696490633638283, "seed": 1234, "sr": 2.8424339478368448}}