{"returned_dict": {"loss": 0.6447060595759205, "r2": -15.407182170636377, "status": "ok", "start_time": 1697696225.074284, "duration": 0.9126579761505127}, "current_params": {"N": 500, "iss": 0.9, "lr": 0.004233385166803992, "ridge": 1e-07, "seed": 1234, "sr": 0.953319122623503}}