{"returned_dict": {"loss": 0.7122111570320068, "r2": -23.632365380654644, "status": "ok", "start_time": 1697187800.508853, "duration": 4.3956990242004395}, "current_params": {"N": 1000, "iss": 0.6871632474113247, "lr": 0.0033668417829176823, "ridge": 3.836716623456785e-09, "seed": 1234, "sr": 0.10594870634350116}}