{"returned_dict": {"loss": 0.719043258376414, "r2": -16.947472912224235, "status": "ok", "start_time": 1697172080.794028, "duration": 0.9609520435333252}, "current_params": {"N": 500, "iss": 0.9, "lr": 0.002910322515656923, "ridge": 1e-07, "seed": 1234, "sr": 0.1521671071513882}}