{"returned_dict": {"loss": 0.7401468141559601, "r2": -19.00806331553615, "status": "ok", "start_time": 1697171896.5844522, "duration": 0.9262938499450684}, "current_params": {"N": 500, "iss": 0.9, "lr": 0.0024618930592986486, "ridge": 1e-07, "seed": 1234, "sr": 0.05019484139736029}}