{"returned_dict": {"loss": 0.7535730337583115, "r2": -24.1768194852704, "status": "ok", "start_time": 1697170416.451808, "duration": 0.8511500358581543}, "current_params": {"N": 500, "iss": 0.9, "lr": 0.5275770821221862, "ridge": 1e-07, "seed": 1234, "sr": 3.382940283445415}}