{"returned_dict": {"loss": 0.7711582841508569, "r2": -4.444151363435423, "status": "ok", "start_time": 1697168984.919986, "duration": 1.0222480297088623}, "current_params": {"N": 500, "iss": 0.9, "lr": 0.6692322890454032, "ridge": 1e-07, "seed": 1234, "sr": 1.908865762249811}}