{"returned_dict": {"loss": 0.7748019354350415, "r2": -22.086962646298392, "status": "ok", "start_time": 1697189705.3835251, "duration": 4.1697869300842285}, "current_params": {"N": 1000, "iss": 0.8640890518452584, "lr": 0.056175796579322784, "ridge": 8.914132777984633e-07, "seed": 1234, "sr": 1.6346058937885943}}