{"returned_dict": {"loss": 0.7908518433387806, "r2": -20.843699087254993, "status": "ok", "start_time": 1697172014.352706, "duration": 0.9699139595031738}, "current_params": {"N": 500, "iss": 0.9, "lr": 0.012671399492344065, "ridge": 1e-07, "seed": 1234, "sr": 0.1931498404234262}}