{"returned_dict": {"loss": 0.8017726284635791, "r2": -21.582440291308533, "status": "ok", "start_time": 1697185505.1734662, "duration": 0.7222509384155273}, "current_params": {"N": 500, "iss": 0.17176002567391113, "lr": 0.22199089728115365, "ridge": 0.0006020999816891316, "seed": 1234, "sr": 2.0711751271159318}}