{"returned_dict": {"loss": 0.803327183173975, "r2": -21.57080959211872, "status": "ok", "start_time": 1697185551.848174, "duration": 0.7666687965393066}, "current_params": {"N": 500, "iss": 0.6371089578578937, "lr": 0.026813811448575312, "ridge": 1.2394753758655106e-09, "seed": 1234, "sr": 0.03747978558716274}}