{"returned_dict": {"loss": 0.8543959636733742, "r2": -24.163371019561783, "status": "ok", "start_time": 1697181487.9266171, "duration": 1.0057919025421143}, "current_params": {"N": 500, "iss": 0.3506832932733329, "lr": 0.0020381971895498943, "ridge": 1e-07, "seed": 1234, "sr": 0.09437285509046839}}