{"returned_dict": {"loss": 0.8990336834681014, "r2": -27.2106292888429, "status": "ok", "start_time": 1697182242.311278, "duration": 1.0176289081573486}, "current_params": {"N": 500, "iss": 0.36454979801819787, "lr": 0.001817436335305465, "ridge": 1.2856827057907244e-05, "seed": 1234, "sr": 0.5391304566113871}}