{"returned_dict": {"loss": 0.9047400377355251, "r2": -27.787904456861238, "status": "ok", "start_time": 1697181659.80249, "duration": 1.0303449630737305}, "current_params": {"N": 500, "iss": 0.9634076305284732, "lr": 0.5275770821221862, "ridge": 1e-07, "seed": 1234, "sr": 3.382940283445415}}