{"returned_dict": {"loss": 0.9231020073877184, "r2": -22.64612207815001, "status": "ok", "start_time": 1697695454.3790479, "duration": 0.8995702266693115}, "current_params": {"N": 500, "iss": 0.9, "lr": 0.0022208776832486165, "ridge": 1e-07, "seed": 1234, "sr": 1.1658340735577972}}