{"returned_dict": {"loss": 0.9346346150351227, "r2": -29.131073994673965, "status": "ok", "start_time": 1697181587.762832, "duration": 0.9957292079925537}, "current_params": {"N": 500, "iss": 0.6406050547067618, "lr": 0.002910322515656923, "ridge": 1e-07, "seed": 1234, "sr": 0.1521671071513882}}