{"returned_dict": {"loss": 0.9431384024510484, "r2": -31.723318261066566, "status": "ok", "start_time": 1697185564.088772, "duration": 0.7393670082092285}, "current_params": {"N": 500, "iss": 0.36454979801819787, "lr": 0.001817436335305465, "ridge": 1.2856827057907244e-05, "seed": 1234, "sr": 0.5391304566113871}}