{"returned_dict": {"loss": 0.9454552973510104, "r2": -712.8154856420147, "status": "ok", "start_time": 1697654985.429318, "duration": 14.569695234298706}, "current_params": {"N": 1350.0, "iss": 0.8899024118416428, "lr": 0.029602141041308122, "ridge": 2.7583086552332414e-08, "seed": 1234, "sr": 3.998119826570731}}