{"returned_dict": {"loss": 0.9663428785758251, "r2": -31.719538186299108, "status": "ok", "start_time": 1697170407.539305, "duration": 0.8791069984436035}, "current_params": {"N": 500, "iss": 0.9, "lr": 0.006517013347114697, "ridge": 1e-07, "seed": 1234, "sr": 0.20877503732087163}}