{"returned_dict": {"loss": 0.9786757050208256, "r2": -34.222765914635495, "status": "ok", "start_time": 1697171877.662942, "duration": 0.9625201225280762}, "current_params": {"N": 500, "iss": 0.9, "lr": 0.020195420899796784, "ridge": 1e-07, "seed": 1234, "sr": 0.3157133897830133}}