{"returned_dict": {"loss": 0.9830584041021461, "r2": -832.0658850320089, "status": "ok", "start_time": 1697450184.057406, "duration": 1.826200008392334}, "current_params": {"N": 500, "iss": 0.550070835811614, "lr": 0.005273335540171085, "ridge": 5.04991308123115e-09, "seed": 1234, "sr": 0.39936841111501603}}