{"returned_dict": {"loss": 1.0087814056043751, "r2": -39.44156939827162, "status": "ok", "start_time": 1697196299.5004249, "duration": 12.349805116653442}, "current_params": {"N": 1000, "iss": 0.550070835811614, "lr": 0.005273335540171085, "ridge": 5.04991308123115e-09, "seed": 1234, "sr": 0.39936841111501603}}