{"returned_dict": {"loss": 1.0087460136217155, "r2": -34.833680652896604, "status": "ok", "start_time": 1697181580.450088, "duration": 0.9898509979248047}, "current_params": {"N": 500, "iss": 0.677163902618668, "lr": 0.020195420899796784, "ridge": 1e-07, "seed": 1234, "sr": 0.3157133897830133}}