{"returned_dict": {"loss": 1.0166797136350731, "r2": -36.80262253069615, "status": "ok", "start_time": 1697171932.227565, "duration": 0.9372038841247559}, "current_params": {"N": 500, "iss": 0.9, "lr": 0.19508739133158107, "ridge": 1e-07, "seed": 1234, "sr": 6.954268155528048}}