{"returned_dict": {"loss": 1.0185341587929042, "r2": -7.032664793404959, "status": "ok", "start_time": 1697168275.7498538, "duration": 0.8503360748291016}, "current_params": {"N": 500, "iss": 0.9, "lr": 0.7193342821146759, "ridge": 1e-07, "seed": 1234, "sr": 1.9577985037865835}}