{"returned_dict": {"loss": 1.0230288831458403, "r2": -5.3838319878996295, "status": "ok", "start_time": 1697168876.333793, "duration": 0.8415229320526123}, "current_params": {"N": 500, "iss": 0.9, "lr": 0.014788360119021833, "ridge": 1e-07, "seed": 1234, "sr": 2.6411464130177205}}