{"returned_dict": {"loss": 1.0323294538306584, "r2": -63.45933810546821, "status": "ok", "start_time": 1697172041.3796558, "duration": 0.9497742652893066}, "current_params": {"N": 500, "iss": 0.9, "lr": 0.351101881861253, "ridge": 1e-07, "seed": 1234, "sr": 2.8424339478368448}}