{"returned_dict": {"loss": 1.0349720965023375, "r2": -35.651145556772185, "status": "ok", "start_time": 1697417128.094579, "duration": 2.4738950729370117}, "current_params": {"N": 1000, "iss": 0.4497287205163476, "lr": 0.009807938072620976, "ridge": 6.297475344208429e-09, "seed": 1234, "sr": 0.05016138018026818}}