{"returned_dict": {"loss": 1.0630932060380702, "r2": -38.465353547176, "status": "ok", "start_time": 1697181490.964364, "duration": 1.013369083404541}, "current_params": {"N": 500, "iss": 0.5688804297347647, "lr": 0.11868976127565604, "ridge": 1e-07, "seed": 1234, "sr": 9.903672418680925}}