{"returned_dict": {"loss": 1.0950902297259044, "r2": -999.4985463083912, "status": "ok", "start_time": 1697451570.8412511, "duration": 1.7838058471679688}, "current_params": {"N": 500, "iss": 0.7231479244442287, "lr": 0.021175330384294096, "ridge": 1.3401973668525895e-08, "seed": 1234, "sr": 1.8373084854604944}}