{"returned_dict": {"loss": 1.1200803688903287, "r2": -13.29918243854589, "status": "ok", "start_time": 1697168868.539028, "duration": 0.8418071269989014}, "current_params": {"N": 500, "iss": 0.9, "lr": 0.6811753255192898, "ridge": 1e-07, "seed": 1234, "sr": 7.505573307332538}}