{"returned_dict": {"loss": 1.1462921705692828, "r2": -1069.7497503283066, "status": "ok", "start_time": 1697451589.214447, "duration": 1.7945120334625244}, "current_params": {"N": 500, "iss": 0.33486009438808095, "lr": 0.004100650502354604, "ridge": 0.008206547427376674, "seed": 1234, "sr": 4.224184001973293}}