{"returned_dict": {"loss": 1.1851190984227238, "r2": -46.854279103566306, "status": "ok", "start_time": 1697172074.000854, "duration": 0.9767529964447021}, "current_params": {"N": 500, "iss": 0.9, "lr": 0.020195420899796784, "ridge": 1e-07, "seed": 1234, "sr": 0.3157133897830133}}