{"returned_dict": {"loss": 1.2373980539833882, "r2": -52.333044903833716, "status": "ok", "start_time": 1697171994.478678, "duration": 0.9289321899414062}, "current_params": {"N": 500, "iss": 0.9, "lr": 0.10450923140136353, "ridge": 1e-07, "seed": 1234, "sr": 4.997336540870967}}