{"returned_dict": {"loss": 1.2425584893251393, "r2": -1501.7130799606232, "status": "ok", "start_time": 1697451619.961243, "duration": 1.7969930171966553}, "current_params": {"N": 500, "iss": 0.49797044830105386, "lr": 0.005473899359991359, "ridge": 0.009737952859572229, "seed": 1234, "sr": 4.574545330611019}}