{"returned_dict": {"loss": 1.2597718532771107, "r2": -1305.7444584153238, "status": "ok", "start_time": 1697451576.354244, "duration": 1.8262510299682617}, "current_params": {"N": 500, "iss": 0.5734609694174653, "lr": 0.0014528929731718976, "ridge": 0.0002509953774283313, "seed": 1234, "sr": 1.4787515437601555}}