{"returned_dict": {"loss": 1.3053701647830847, "r2": -58.63258297763076, "status": "ok", "start_time": 1697181672.7176251, "duration": 1.2207188606262207}, "current_params": {"N": 500, "iss": 0.4824591631020462, "lr": 0.0017768454950958875, "ridge": 1e-07, "seed": 1234, "sr": 0.2090196583408564}}