{"returned_dict": {"loss": 1.3016266539267605, "r2": -117.11639864018268, "status": "ok", "start_time": 1697170354.405468, "duration": 0.8650860786437988}, "current_params": {"N": 500, "iss": 0.9, "lr": 0.8900744887793847, "ridge": 1e-07, "seed": 1234, "sr": 1.810409666530886}}