{"returned_dict": {"loss": 1.334581660090073, "r2": -107.24772145069808, "status": "ok", "start_time": 1697172131.630481, "duration": 1.0277118682861328}, "current_params": {"N": 500, "iss": 0.9, "lr": 0.19508739133158107, "ridge": 1e-07, "seed": 1234, "sr": 6.954268155528048}}