{"returned_dict": {"loss": 1.3539727865696405, "r2": -1503.8168827706058, "status": "ok", "start_time": 1697442942.997301, "duration": 1.7259578704833984}, "current_params": {"N": 500, "iss": 0.33486009438808095, "lr": 0.004100650502354604, "ridge": 0.008206547427376674, "seed": 1234, "sr": 4.224184001973293}}