{"returned_dict": {"loss": 1.3578597590764812, "r2": -49.34395680953105, "status": "ok", "start_time": 1697159030.879854, "duration": 0.9766569137573242}, "current_params": {"N": 500, "iss": 0.9, "lr": 0.001511876975040721, "ridge": 1e-07, "seed": 1234, "sr": 1.665278509291293}}