{"returned_dict": {"loss": 1.351030247372912, "r2": -63.39387150366061, "status": "ok", "start_time": 1697170401.373303, "duration": 0.8789620399475098}, "current_params": {"N": 500, "iss": 0.9, "lr": 0.0014504618087973706, "ridge": 1e-07, "seed": 1234, "sr": 0.28962112677540436}}