{"returned_dict": {"loss": 1.3647571428533112, "r2": -117.09967217697289, "status": "ok", "start_time": 1697172095.455488, "duration": 1.0480380058288574}, "current_params": {"N": 500, "iss": 0.9, "lr": 0.36203692104858476, "ridge": 1e-07, "seed": 1234, "sr": 5.987530745926846}}