{"returned_dict": {"loss": 1.3998130055312183, "r2": -2299.392303523081, "status": "ok", "start_time": 1697451815.4601002, "duration": 1.7999248504638672}, "current_params": {"N": 500, "iss": 0.15855990557256594, "lr": 0.0013530394390112253, "ridge": 3.771243674444087e-05, "seed": 1234, "sr": 1.2072384196976096}}