{"returned_dict": {"loss": 1.3983557916856348, "r2": -76.6911346349355, "status": "ok", "start_time": 1697192723.695789, "duration": 4.363864898681641}, "current_params": {"N": 1000, "iss": 0.34611859763450203, "lr": 0.0072789537441323385, "ridge": 4.7480197822394035e-09, "seed": 1234, "sr": 0.3226348405474758}}