{"returned_dict": {"loss": 1.4284388241023498, "r2": -72.39556647711906, "status": "ok", "start_time": 1697185587.816809, "duration": 0.7984519004821777}, "current_params": {"N": 500, "iss": 0.7111875236481379, "lr": 0.014953523366352292, "ridge": 0.003917533648237141, "seed": 1234, "sr": 1.908865762249811}}