{"returned_dict": {"loss": 1.4894667967730861, "r2": -74.40460607726261, "status": "ok", "start_time": 1697181629.606442, "duration": 1.0585570335388184}, "current_params": {"N": 500, "iss": 0.1395212035234481, "lr": 0.0011414997148981286, "ridge": 1e-07, "seed": 1234, "sr": 0.30993658351244163}}