{"returned_dict": {"loss": 1.586314387082188, "r2": -60.59191057678827, "status": "ok", "start_time": 1697096937.458452, "duration": 0.7823958396911621}, "current_params": {"N": 500, "iss": 0.9, "lr": 0.01349209459388104, "ridge": 1e-07, "seed": 1234, "sr": 1.0616387878921083}}