{"returned_dict": {"loss": 1.586314387082188, "r2": -60.59191057678827, "status": "ok", "start_time": 1697097518.0768352, "duration": 0.8191277980804443}, "current_params": {"N": 500, "iss": 0.9, "lr": 0.01349209459388104, "ridge": 1e-07, "seed": 1234, "sr": 1.0616387878921083}}