{"returned_dict": {"loss": 1.624192989551806, "r2": -88.44508136327408, "status": "ok", "start_time": 1697170288.8759968, "duration": 0.9083819389343262}, "current_params": {"N": 500, "iss": 0.9, "lr": 0.002614659205052392, "ridge": 1e-07, "seed": 1234, "sr": 0.3105316802728771}}