{"returned_dict": {"loss": 1.620084488656196, "r2": -2318.33243003014, "status": "ok", "start_time": 1697442973.001547, "duration": 1.7278358936309814}, "current_params": {"N": 500, "iss": 0.49797044830105386, "lr": 0.005473899359991359, "ridge": 0.009737952859572229, "seed": 1234, "sr": 4.574545330611019}}