{"returned_dict": {"loss": 1.679384322486613, "r2": -119.62396276742356, "status": "ok", "start_time": 1697187665.4514549, "duration": 4.171898126602173}, "current_params": {"N": 1000, "iss": 0.6217356289422551, "lr": 0.0029999570595545273, "ridge": 1.822408392802496e-08, "seed": 1234, "sr": 0.38114750465916947}}