{"returned_dict": {"loss": 1.8282202446365179, "r2": -2685.7167474063044, "status": "ok", "start_time": 1697467058.845758, "duration": 130.14280700683594}, "current_params": {"N": 3871.0, "iss": 0.24236535975373574, "lr": 0.06703300913405115, "ridge": 4.2269285080674205e-08, "seed": 1234, "sr": 2.773816181603311}}