{"returned_dict": {"loss": 1.8344152735117236, "r2": -135.40276466857605, "status": "ok", "start_time": 1697195527.4409869, "duration": 11.941229104995728}, "current_params": {"N": 1000, "iss": 0.9907096740516865, "lr": 0.011152501138346385, "ridge": 4.549840392506736e-07, "seed": 1234, "sr": 1.4037266612887527}}