{"returned_dict": {"loss": 1.853838433508889, "r2": -138.11738937439645, "status": "ok", "start_time": 1697417393.601181, "duration": 2.450049877166748}, "current_params": {"N": 1000, "iss": 0.9492451986094536, "lr": 0.012192269780560696, "ridge": 1.0355816851799808e-08, "seed": 1234, "sr": 0.03438139057492874}}