{"returned_dict": {"loss": 1.8662368645392753, "r2": -3053.863848182489, "status": "ok", "start_time": 1697451683.401252, "duration": 1.782059907913208}, "current_params": {"N": 500, "iss": 0.8899024118416428, "lr": 0.029602141041308122, "ridge": 2.7583086552332414e-08, "seed": 1234, "sr": 3.998119826570731}}