{"returned_dict": {"loss": 1.8658043227337862, "r2": -2867.1954225076734, "status": "ok", "start_time": 1697443153.443452, "duration": 1.80678391456604}, "current_params": {"N": 500, "iss": 0.5308233319012376, "lr": 0.010754552393914138, "ridge": 0.00408260583459009, "seed": 1234, "sr": 7.505573307332538}}