{"returned_dict": {"loss": 1.8695373104543265, "r2": -118.73582497530644, "status": "ok", "start_time": 1697417244.432433, "duration": 2.3739309310913086}, "current_params": {"N": 1000, "iss": 0.794303432239716, "lr": 0.7725304602957936, "ridge": 1.3376623261071025e-07, "seed": 1234, "sr": 0.026191894186955052}}