{"returned_dict": {"loss": 1.9138765007329095, "r2": -2978.478652966131, "status": "ok", "start_time": 1697448540.668085, "duration": 3.9623327255249023}, "current_params": {"N": 1000, "iss": 0.5734609694174653, "lr": 0.0014528929731718976, "ridge": 0.0002509953774283313, "seed": 1234, "sr": 1.4787515437601555}}