{"returned_dict": {"loss": 1.9254928349067084, "r2": -124.4744699603928, "status": "ok", "start_time": 1697181509.7885509, "duration": 0.9820811748504639}, "current_params": {"N": 500, "iss": 0.7044701664987525, "lr": 0.002614659205052392, "ridge": 1e-07, "seed": 1234, "sr": 0.3105316802728771}}