{"returned_dict": {"loss": 1.9260789788726258, "r2": -149.41867246766762, "status": "ok", "start_time": 1697449652.857433, "duration": 1.7450969219207764}, "current_params": {"N": 500, "iss": 0.5734609694174653, "lr": 0.0014528929731718976, "ridge": 0.0002509953774283313, "seed": 1234, "sr": 1.4787515437601555}}