{"returned_dict": {"loss": 1.9356976587936183, "r2": -143.26149251822724, "status": "ok", "start_time": 1697189279.327053, "duration": 4.760662078857422}, "current_params": {"N": 1000, "iss": 0.23643093070326449, "lr": 0.01146759760328504, "ridge": 0.004599990623823179, "seed": 1234, "sr": 2.3610670815355883}}