{"returned_dict": {"loss": 1.9770301977054558, "r2": -92.61529515557864, "status": "ok", "start_time": 1697097454.4734871, "duration": 0.8214747905731201}, "current_params": {"N": 500, "iss": 0.9, "lr": 0.13440662792423172, "ridge": 1e-07, "seed": 1234, "sr": 1.959651331974383}}