{"returned_dict": {"loss": 10.760875431167973, "r2": -8420.424919083229, "status": "ok", "start_time": 1697182020.033563, "duration": 0.6793110370635986}, "current_params": {"N": 100, "iss": 0.44194339835245333, "lr": 0.003041391485982446, "ridge": 1e-07, "seed": 1234, "sr": 1.8373084854604944}}