{"returned_dict": {"loss": 1055.9815337840816, "r2": -38586210.62437589, "status": "ok", "start_time": 1697417310.408205, "duration": 2.392749786376953}, "current_params": {"N": 1000, "iss": 0.6029258260507978, "lr": 0.012445144152847186, "ridge": 2.3571184655130715e-07, "seed": 1234, "sr": 9.272462266637495}}