{"returned_dict": {"loss": 1077.2607405773251, "r2": -69988612.5608779, "status": "ok", "start_time": 1697171908.826944, "duration": 0.9622299671173096}, "current_params": {"N": 500, "iss": 0.9, "lr": 0.014788360119021833, "ridge": 1e-07, "seed": 1234, "sr": 2.6411464130177205}}