{"returned_dict": {"loss": 1078.5561823771907, "r2": -34836807.49131596, "status": "ok", "start_time": 1697436759.926073, "duration": 1.7884678840637207}, "current_params": {"N": 500, "iss": 0.6659350740516974, "lr": 0.0068663941226196155, "ridge": 8.704077638470982e-09, "seed": 1234, "sr": 2.2553242781758827}}