{"returned_dict": {"loss": 11.202306756563777, "r2": -5158.770312072058, "status": "ok", "start_time": 1697193054.4376261, "duration": 4.433061838150024}, "current_params": {"N": 1000, "iss": 0.8328177066055172, "lr": 0.026162881037661297, "ridge": 3.0656276565905996e-07, "seed": 1234, "sr": 2.3820731800209316}}