{"returned_dict": {"loss": 11.310561655760937, "r2": -4938.365219480441, "status": "ok", "start_time": 1697192806.50771, "duration": 4.316257953643799}, "current_params": {"N": 1000, "iss": 0.22424280171073074, "lr": 0.012042080474948267, "ridge": 9.253689703516465e-05, "seed": 1234, "sr": 1.959651331974383}}