{"returned_dict": {"loss": 11.49307125731047, "r2": -3187.7888352386417, "status": "ok", "start_time": 1697097507.317445, "duration": 0.9310669898986816}, "current_params": {"N": 500, "iss": 0.9, "lr": 0.001438234015621399, "ridge": 1e-07, "seed": 1234, "sr": 2.540247736115996}}