{"returned_dict": {"loss": 11.665613266792525, "r2": -4035.0378911344665, "status": "ok", "start_time": 1697096863.4853141, "duration": 0.7858538627624512}, "current_params": {"N": 500, "iss": 0.9, "lr": 0.003041391485982446, "ridge": 1e-07, "seed": 1234, "sr": 1.8373084854604944}}