{"returned_dict": {"loss": 11.607379610880765, "r2": -3466.360781809995, "status": "ok", "start_time": 1697157445.535149, "duration": 0.9627759456634521}, "current_params": {"N": 500, "iss": 0.9, "lr": 0.07250316961973834, "ridge": 1e-07, "seed": 1234, "sr": 2.76036316173383}}