{"returned_dict": {"loss": 11.815785893534091, "r2": -5196.344156577486, "status": "ok", "start_time": 1697182038.111445, "duration": 0.6837160587310791}, "current_params": {"N": 100, "iss": 0.608762905151635, "lr": 0.004975856135800747, "ridge": 1e-07, "seed": 1234, "sr": 2.773816181603311}}