{"returned_dict": {"loss": 110.70685376930275, "r2": -336246.8433367657, "status": "ok", "start_time": 1697159096.0462542, "duration": 0.988562822341919}, "current_params": {"N": 500, "iss": 0.9, "lr": 0.006965147459842892, "ridge": 1e-07, "seed": 1234, "sr": 7.231920572306449}}