{"returned_dict": {"loss": 112.98852293774739, "r2": -179759.366773883, "status": "ok", "start_time": 1697416701.7389069, "duration": 0.8066821098327637}, "current_params": {"N": 500, "iss": 0.15399984759321084, "lr": 0.0019431745080725833, "ridge": 6.149769328825335e-07, "seed": 1234, "sr": 8.323301293667457}}