{"returned_dict": {"loss": 116.52714853253421, "r2": -591644.0558462188, "status": "ok", "start_time": 1697170430.0572171, "duration": 0.9198529720306396}, "current_params": {"N": 500, "iss": 0.9, "lr": 0.004412075877965789, "ridge": 1e-07, "seed": 1234, "sr": 4.0906546305123515}}