{"returned_dict": {"loss": 1217.9735784566953, "r2": -33387801.808857176, "status": "ok", "start_time": 1697436885.823796, "duration": 1.8097550868988037}, "current_params": {"N": 500, "iss": 0.4234539619306149, "lr": 0.001055234755253992, "ridge": 2.7873687266175076e-08, "seed": 1234, "sr": 6.700381333753658}}