{"returned_dict": {"loss": 122.98708615268625, "r2": -342376.3546010487, "status": "ok", "start_time": 1697698884.5867589, "duration": 1.81793212890625}, "current_params": {"N": 500, "iss": 0.029495943205165465, "lr": 0.015679192953865242, "ridge": 3.171371461069988e-05, "seed": 1234, "sr": 7.78867384430367}}