{"returned_dict": {"loss": 13.170115018107792, "r2": -6168.291956901504, "status": "ok", "start_time": 1697417353.236187, "duration": 2.3963098526000977}, "current_params": {"N": 1000, "iss": 0.550070835811614, "lr": 0.005273335540171085, "ridge": 5.04991308123115e-09, "seed": 1234, "sr": 0.39936841111501603}}