{"returned_dict": {"loss": 13.26666324498241, "r2": -7785.664942865212, "status": "ok", "start_time": 1697185444.725116, "duration": 0.7468881607055664}, "current_params": {"N": 500, "iss": 0.30780459889893874, "lr": 0.0020629649586181636, "ridge": 1.807451674082109e-05, "seed": 1234, "sr": 2.2042634577971216}}