{"returned_dict": {"loss": 13.361682281218505, "r2": -6051.089074711573, "status": "ok", "start_time": 1697172113.972857, "duration": 1.0228188037872314}, "current_params": {"N": 500, "iss": 0.9, "lr": 0.043542816329557914, "ridge": 1e-07, "seed": 1234, "sr": 3.180379394013653}}