{"returned_dict": {"loss": 13.461417593969363, "r2": -4129.005809518546, "status": "ok", "start_time": 1697438484.9696372, "duration": 1.84320068359375}, "current_params": {"N": 500, "iss": 0.5308233319012376, "lr": 0.010754552393914138, "ridge": 0.00408260583459009, "seed": 1234, "sr": 7.505573307332538}}