{"returned_dict": {"loss": 13.56685738351748, "r2": -6241.261936773408, "status": "ok", "start_time": 1697182201.0778282, "duration": 1.0354650020599365}, "current_params": {"N": 500, "iss": 0.4016192513767243, "lr": 0.023565820546423054, "ridge": 0.0009341644724743216, "seed": 1234, "sr": 5.987530745926846}}