{"returned_dict": {"loss": 13.908694414770615, "r2": -6745.336616899321, "status": "ok", "start_time": 1697417063.467006, "duration": 2.4542510509490967}, "current_params": {"N": 1000, "iss": 0.6217356289422551, "lr": 0.0029999570595545273, "ridge": 1.822408392802496e-08, "seed": 1234, "sr": 0.38114750465916947}}