{"returned_dict": {"loss": 13.937876578876649, "r2": -6560.546123099382, "status": "ok", "start_time": 1697182104.042808, "duration": 1.1019608974456787}, "current_params": {"N": 500, "iss": 0.48683979711786196, "lr": 0.0041878954202570285, "ridge": 1.5267158874357313e-07, "seed": 1234, "sr": 0.7656474307799984}}