{"returned_dict": {"loss": 139.74026534147168, "r2": -16348535.77069938, "status": "ok", "start_time": 1697450152.8105228, "duration": 1.9710431098937988}, "current_params": {"N": 500, "iss": 0.8468296018182028, "lr": 0.0016562209632395857, "ridge": 7.687566626413539e-08, "seed": 1234, "sr": 6.091700405214507}}