{"returned_dict": {"loss": 14.44802321157511, "r2": -3762.2607811785697, "status": "ok", "start_time": 1697183760.835552, "duration": 0.8565099239349365}, "current_params": {"N": 500, "iss": 0.41480029454318923, "lr": 0.005647264982798819, "ridge": 3.627252116587822e-06, "seed": 1234, "sr": 2.1198068680338693}}