{"returned_dict": {"loss": 14.951849878670975, "r2": -8391.730172489819, "status": "ok", "start_time": 1697189125.2516742, "duration": 4.217371940612793}, "current_params": {"N": 1000, "iss": 0.10821341880663882, "lr": 0.04203563441395582, "ridge": 7.954624964810484e-07, "seed": 1234, "sr": 3.6652347285793745}}