{"returned_dict": {"loss": 14.939749270971129, "r2": -7792.360601737873, "status": "ok", "start_time": 1697416998.2502568, "duration": 2.3012044429779053}, "current_params": {"N": 1000, "iss": 0.8710694708540748, "lr": 0.5093800439838342, "ridge": 3.613494953765636e-08, "seed": 1234, "sr": 5.580343023547168}}