{"returned_dict": {"loss": 15.4193153057018, "r2": -8790.545030713994, "status": "ok", "start_time": 1697171869.904726, "duration": 0.9512441158294678}, "current_params": {"N": 500, "iss": 0.9, "lr": 0.0012706168633971231, "ridge": 1e-07, "seed": 1234, "sr": 1.2556711601352721}}