{"returned_dict": {"loss": 15.911686027337504, "r2": -6742.7394126293375, "status": "ok", "start_time": 1697155144.6813529, "duration": 0.8457412719726562}, "current_params": {"N": 500, "iss": 0.9, "lr": 0.006605373155785381, "ridge": 1e-07, "seed": 1234, "sr": 1.6722388684853167}}