{"returned_dict": {"loss": 1558.6539225473334, "r2": -2163726001.9115677, "status": "ok", "start_time": 1697449191.4658911, "duration": 4.02226996421814}, "current_params": {"N": 1000, "iss": 0.14075425983870582, "lr": 0.004542545207344772, "ridge": 1.7619615210880348e-09, "seed": 1234, "sr": 9.335710032985542}}