{"returned_dict": {"loss": 16.440035194755634, "r2": -10215.601815270376, "status": "ok", "start_time": 1697187707.849518, "duration": 4.12160587310791}, "current_params": {"N": 1000, "iss": 0.8899024118416428, "lr": 0.029602141041308122, "ridge": 2.7583086552332414e-08, "seed": 1234, "sr": 3.998119826570731}}