{"returned_dict": {"loss": 16.59597892816667, "r2": -13119.534269570766, "status": "ok", "start_time": 1697192673.6060328, "duration": 4.207350969314575}, "current_params": {"N": 1000, "iss": 0.3415352429252124, "lr": 0.024081733532461607, "ridge": 2.334903649885824e-09, "seed": 1234, "sr": 2.540247736115996}}