{"returned_dict": {"loss": 163.8223397761958, "r2": -1033200.7313920924, "status": "ok", "start_time": 1697171800.766242, "duration": 0.9277398586273193}, "current_params": {"N": 500, "iss": 0.9, "lr": 0.003135528802871368, "ridge": 1e-07, "seed": 1234, "sr": 2.4229663969229636}}