{"returned_dict": {"loss": 170.66609306073192, "r2": -1130991.222210464, "status": "ok", "start_time": 1697185548.1035268, "duration": 0.7377653121948242}, "current_params": {"N": 500, "iss": 0.007930380864134223, "lr": 0.010013001344096634, "ridge": 6.670195090070217e-06, "seed": 1234, "sr": 3.180379394013653}}