{"returned_dict": {"loss": 174.78235960057427, "r2": -861137.4344261499, "status": "ok", "start_time": 1697698757.515348, "duration": 1.823857069015503}, "current_params": {"N": 500, "iss": 0.7231479244442287, "lr": 0.021175330384294096, "ridge": 1.3401973668525895e-08, "seed": 1234, "sr": 1.8373084854604944}}