{"returned_dict": {"loss": 176.13300071191793, "r2": -1231164.3530259032, "status": "ok", "start_time": 1697170375.724216, "duration": 0.8566780090332031}, "current_params": {"N": 500, "iss": 0.9, "lr": 0.012074538215625902, "ridge": 1e-07, "seed": 1234, "sr": 3.928074544493676}}