{"returned_dict": {"loss": 18.70236701078417, "r2": -11365.320815650472, "status": "ok", "start_time": 1697696426.766335, "duration": 0.9525580406188965}, "current_params": {"N": 500, "iss": 0.9, "lr": 0.006714336361084555, "ridge": 1e-07, "seed": 1234, "sr": 1.7459748086870097}}