{"returned_dict": {"loss": 18.998297437481984, "r2": -12727.002027570727, "status": "ok", "start_time": 1697170341.069762, "duration": 0.8991999626159668}, "current_params": {"N": 500, "iss": 0.9, "lr": 0.0022208776832486165, "ridge": 1e-07, "seed": 1234, "sr": 1.1658340735577972}}