{"returned_dict": {"loss": 181.25671158507097, "r2": -1190658.3182699827, "status": "ok", "start_time": 1697172069.095168, "duration": 0.9982330799102783}, "current_params": {"N": 500, "iss": 0.9, "lr": 0.015675637477485127, "ridge": 1e-07, "seed": 1234, "sr": 8.323301293667457}}