{"returned_dict": {"loss": 189.74316493716492, "r2": -1452600.1425452104, "status": "ok", "start_time": 1697417223.0853992, "duration": 2.4093737602233887}, "current_params": {"N": 1000, "iss": 0.5164119610315949, "lr": 0.005362066549925435, "ridge": 5.41731973139421e-08, "seed": 1234, "sr": 1.7053539993996638}}