{"returned_dict": {"loss": 19.320064495220294, "r2": -8977.141285824022, "status": "ok", "start_time": 1697096650.727135, "duration": 0.7833459377288818}, "current_params": {"N": 500, "iss": 0.9, "lr": 0.01829156443200663, "ridge": 1e-07, "seed": 1234, "sr": 1.7986325141052368}}