{"returned_dict": {"loss": 199.40579886154248, "r2": -1620277.9901500866, "status": "ok", "start_time": 1697171928.249813, "duration": 0.9524750709533691}, "current_params": {"N": 500, "iss": 0.9, "lr": 0.035268880917861616, "ridge": 1e-07, "seed": 1234, "sr": 3.3535990156004383}}