{"returned_dict": {"loss": 199.84205344959398, "r2": -1400767.3912759228, "status": "ok", "start_time": 1697170397.867501, "duration": 0.8768131732940674}, "current_params": {"N": 500, "iss": 0.9, "lr": 0.010392855525269688, "ridge": 1e-07, "seed": 1234, "sr": 9.272462266637495}}