{"returned_dict": {"loss": 2.0746665354773466, "r2": -145.9683573734026, "status": "ok", "start_time": 1697172147.4456818, "duration": 1.0378413200378418}, "current_params": {"N": 500, "iss": 0.9, "lr": 0.002001738706933608, "ridge": 1e-07, "seed": 1234, "sr": 0.39936841111501603}}