{"returned_dict": {"loss": 2.072019287232853, "r2": -57.456197419219244, "status": "ok", "start_time": 1697168917.167713, "duration": 0.8266880512237549}, "current_params": {"N": 500, "iss": 0.9, "lr": 0.19508739133158107, "ridge": 1e-07, "seed": 1234, "sr": 6.954268155528048}}