{"returned_dict": {"loss": 2.1583645061416945, "r2": -188.54509727766992, "status": "ok", "start_time": 1697187853.0540302, "duration": 4.1965696811676025}, "current_params": {"N": 1000, "iss": 0.5813661769352256, "lr": 0.0010387024872592213, "ridge": 4.333630514338604e-07, "seed": 1234, "sr": 1.0616387878921083}}