{"returned_dict": {"loss": 2.1964153577836605, "r2": 0.2572770067163169, "status": "ok", "start_time": 1697093028.163451, "duration": 3.3438010215759277}, "current_params": {"cell_number": 500, "connectivity": 0.1993599986859922, "input_connectivity": 0.2, "input_scaling": 0.6743270588841205, "leak_rate": 0.0014402248070585332, "regularization": 0.018560550095529732, "seed": 1234, "spectral_radius": 0.3554664959628415}}