{"returned_dict": {"loss": 2.2440000475691897, "r2": -4020.852469079531, "status": "ok", "start_time": 1697649226.696348, "duration": 189.3083140850067}, "current_params": {"N": 4358.0, "iss": 0.33486009438808095, "lr": 0.004100650502354604, "ridge": 0.008206547427376674, "seed": 1234, "sr": 4.224184001973293}}