{"returned_dict": {"loss": 2.3063036477119048, "r2": -197.2112774749177, "status": "ok", "start_time": 1697185488.71981, "duration": 0.7294449806213379}, "current_params": {"N": 500, "iss": 0.23643093070326449, "lr": 0.01146759760328504, "ridge": 0.004599990623823179, "seed": 1234, "sr": 2.3610670815355883}}