{"returned_dict": {"loss": 2.309069641090397, "r2": -4288.378672193956, "status": "ok", "start_time": 1697655564.7738822, "duration": 193.30559372901917}, "current_params": {"N": 4268.0, "iss": 0.9406587057968023, "lr": 0.02207977188453779, "ridge": 0.0007602478909161272, "seed": 1234, "sr": 6.833596167908428}}