{"returned_dict": {"loss": 2.3947392430695067, "r2": -4602.427421102462, "status": "ok", "start_time": 1697471358.5578518, "duration": 7.036691427230835}, "current_params": {"N": 795.0, "iss": 0.029495943205165465, "lr": 0.015679192953865242, "ridge": 3.171371461069988e-05, "seed": 1234, "sr": 7.78867384430367}}