{"returned_dict": {"loss": 2.430863506362398, "r2": -212.1890175322595, "status": "ok", "start_time": 1697185449.448152, "duration": 0.7692990303039551}, "current_params": {"N": 500, "iss": 0.976525304162185, "lr": 0.011273269250899024, "ridge": 5.267135160255618e-09, "seed": 1234, "sr": 0.09437285509046839}}