{"returned_dict": {"loss": 2.4681170451518355, "r2": 0.06215853957703599, "status": "ok", "start_time": 1697091162.27196, "duration": 4.2786760330200195}, "current_params": {"cell_number": 500, "connectivity": 0.34926509662388205, "input_connectivity": 0.2, "input_scaling": 0.4171626881853736, "leak_rate": 0.002422315386294973, "regularization": 0.03151731874486191, "seed": 1234, "spectral_radius": 0.0544052294998603}}