{"returned_dict": {"loss": 2.5005466164762695, "r2": -234.06763444323312, "status": "ok", "start_time": 1697193234.5650291, "duration": 4.38718581199646}, "current_params": {"N": 1000, "iss": 0.18619565979686425, "lr": 0.06289522081324313, "ridge": 2.6051918706653142e-08, "seed": 1234, "sr": 7.227207099998132}}