{"returned_dict": {"loss": 2.5222549776292644, "r2": 0.02054929256441196, "status": "ok", "start_time": 1697090915.462123, "duration": 2.444272041320801}, "current_params": {"N": 500, "iss": 0.9, "lr": 0.004574935585135073, "ridge": 1e-07, "seed": 1234, "sr": 0.03073430140568509}}