{"returned_dict": {"loss": 2.577150200589879, "r2": -249.07046067916755, "status": "ok", "start_time": 1697193444.656951, "duration": 4.3763861656188965}, "current_params": {"N": 1000, "iss": 0.9492310760856882, "lr": 0.03448518184164638, "ridge": 1.082471644281706e-09, "seed": 1234, "sr": 0.7476653587619372}}