{"returned_dict": {"loss": 2.5928574203897563, "r2": -0.03503538479897306, "status": "ok", "start_time": 1697092834.950306, "duration": 2.3681421279907227}, "current_params": {"cell_number": 500, "connectivity": 0.04951914174719885, "input_connectivity": 0.2, "input_scaling": 0.7008147713041682, "leak_rate": 0.005199088611116443, "regularization": 0.039360288060645295, "seed": 1234, "spectral_radius": 0.16300115584611943}}