{"returned_dict": {"loss": 2.6154720948459973, "r2": -0.05316909700385941, "status": "ok", "start_time": 1697092697.685727, "duration": 5.014405250549316}, "current_params": {"cell_number": 500, "connectivity": 0.37203654295588373, "input_connectivity": 0.2, "input_scaling": 0.8251862354360314, "leak_rate": 0.007413342720100155, "regularization": 0.0031388804995552445, "seed": 1234, "spectral_radius": 0.0925852425060542}}