{"returned_dict": {"loss": 2.640021157380875, "r2": -244.8052906052026, "status": "ok", "start_time": 1697417327.269737, "duration": 2.3068971633911133}, "current_params": {"N": 1000, "iss": 0.36454979801819787, "lr": 0.001817436335305465, "ridge": 1.2856827057907244e-05, "seed": 1234, "sr": 0.5391304566113871}}