{"returned_dict": {"loss": 2.6466669630532214, "r2": -0.07845667027684049, "status": "ok", "start_time": 1697090955.313501, "duration": 2.375965118408203}, "current_params": {"N": 500, "iss": 0.9, "lr": 0.009487842647350041, "ridge": 1e-07, "seed": 1234, "sr": 0.07964860203040938}}