{"returned_dict": {"loss": 2.6564690367565382, "r2": -0.08644424075063428, "status": "ok", "start_time": 1697093166.220165, "duration": 2.7783257961273193}, "current_params": {"cell_number": 500, "connectivity": 0.13246883221646988, "input_connectivity": 0.2, "input_scaling": 0.9252782203468204, "leak_rate": 0.026818040062708853, "regularization": 1.3224680367746245e-06, "seed": 1234, "spectral_radius": 0.08930926502440488}}