{"returned_dict": {"loss": 2.6615912665139634, "r2": -0.090638065111462, "status": "ok", "start_time": 1697091146.206296, "duration": 9.175384044647217}, "current_params": {"cell_number": 500, "connectivity": 0.8572559557173138, "input_connectivity": 0.2, "input_scaling": 0.33486009438808095, "leak_rate": 0.004100650502354604, "regularization": 0.754001343312891, "seed": 1234, "spectral_radius": 4.224184001973293}}