{"returned_dict": {"loss": 2.67728725936326, "r2": -0.10357949551236774, "status": "ok", "start_time": 1697090813.731314, "duration": 2.561249017715454}, "current_params": {"N": 500, "iss": 0.9, "lr": 0.06679554327816328, "ridge": 1e-07, "seed": 1234, "sr": 0.07966435869333038}}