{"returned_dict": {"loss": 2.675766480458409, "r2": -0.10228613214199611, "status": "ok", "start_time": 1697093043.264242, "duration": 3.0814619064331055}, "current_params": {"cell_number": 500, "connectivity": 0.1597650921474546, "input_connectivity": 0.2, "input_scaling": 0.61465928198713, "leak_rate": 0.01646090380035458, "regularization": 8.518151509220256e-05, "seed": 1234, "spectral_radius": 0.6672376898037004}}