{"returned_dict": {"loss": 2.684419895946918, "r2": -0.10948016555291917, "status": "ok", "start_time": 1697090929.5916622, "duration": 2.3904976844787598}, "current_params": {"N": 500, "iss": 0.9, "lr": 0.012671399492344065, "ridge": 1e-07, "seed": 1234, "sr": 0.1931498404234262}}