{"returned_dict": {"loss": 2.695216405043657, "r2": -0.1183692267198233, "status": "ok", "start_time": 1697092235.5143611, "duration": 8.738156795501709}, "current_params": {"cell_number": 500, "connectivity": 0.7441748232825236, "input_connectivity": 0.2, "input_scaling": 0.14258024657972923, "leak_rate": 0.5516837456874331, "regularization": 4.743314750229007e-07, "seed": 1234, "spectral_radius": 0.1931498404234262}}