{"returned_dict": {"loss": 2.696731184090553, "r2": -0.11965846821239334, "status": "ok", "start_time": 1697090860.2782981, "duration": 2.5755629539489746}, "current_params": {"N": 500, "iss": 0.9, "lr": 0.13776330861630057, "ridge": 1e-07, "seed": 1234, "sr": 0.2197712027474747}}