{"returned_dict": {"loss": 2.6992474064403154, "r2": -0.12171702404648443, "status": "ok", "start_time": 1697092324.355603, "duration": 4.389628171920776}, "current_params": {"cell_number": 500, "connectivity": 0.3494264668538182, "input_connectivity": 0.2, "input_scaling": 0.7714539695031645, "leak_rate": 0.16766766519886953, "regularization": 1.0433655687975978e-07, "seed": 1234, "spectral_radius": 0.28327116807958513}}