{"returned_dict": {"loss": 2.7063853724982003, "r2": -0.12765746855708193, "status": "ok", "start_time": 1697092846.682836, "duration": 7.30937385559082}, "current_params": {"cell_number": 500, "connectivity": 0.582405678476618, "input_connectivity": 0.2, "input_scaling": 0.35807336738969764, "leak_rate": 0.8619303140116904, "regularization": 7.315876473830791e-08, "seed": 1234, "spectral_radius": 4.881086179748358}}