{"returned_dict": {"loss": 2.707214582501439, "r2": -0.1283485808502678, "status": "ok", "start_time": 1697092249.422431, "duration": 6.083323001861572}, "current_params": {"cell_number": 500, "connectivity": 0.5093783797734144, "input_connectivity": 0.2, "input_scaling": 0.892885997800422, "leak_rate": 0.49981993643396744, "regularization": 3.8907145204640216e-07, "seed": 1234, "spectral_radius": 0.13073371451589708}}