{"returned_dict": {"loss": 2.7096930529134085, "r2": -0.1304155457166194, "status": "ok", "start_time": 1697092365.319959, "duration": 4.478943109512329}, "current_params": {"cell_number": 500, "connectivity": 0.3344591759962927, "input_connectivity": 0.2, "input_scaling": 0.2092695124165096, "leak_rate": 0.20792063760808668, "regularization": 3.576744715049069e-10, "seed": 1234, "spectral_radius": 3.3229413943755635}}