{"returned_dict": {"loss": 2.7094092983250717, "r2": -0.13017880760879597, "status": "ok", "start_time": 1697092657.273779, "duration": 9.540525197982788}, "current_params": {"cell_number": 500, "connectivity": 0.8088085182650551, "input_connectivity": 0.2, "input_scaling": 0.5287332640862811, "leak_rate": 0.20878183455914587, "regularization": 5.298325444519355e-08, "seed": 1234, "spectral_radius": 0.02857977758285706}}