{"returned_dict": {"loss": 2.7022625866662087, "r2": -0.1242244400058905, "status": "ok", "start_time": 1697091953.707903, "duration": 11.12559700012207}, "current_params": {"cell_number": 500, "connectivity": 0.9511548717715149, "input_connectivity": 0.2, "input_scaling": 0.9547804466890908, "leak_rate": 0.0063822566002939346, "regularization": 2.585851458708765e-10, "seed": 1234, "spectral_radius": 0.012708968625748275}}