{"returned_dict": {"loss": 2.707494444999243, "r2": -6357.68717817562, "status": "ok", "start_time": 1697456089.588083, "duration": 9.611232995986938}, "current_params": {"N": 1000, "iss": 0.7444485210599292, "lr": 0.0020459627481612115, "ridge": 1.674497026534218e-08, "seed": 1234, "sr": 1.182082887824895}}