{"returned_dict": {"loss": 2.711382784991739, "r2": -0.13182621131171932, "status": "ok", "start_time": 1697090960.018892, "duration": 2.8352530002593994}, "current_params": {"N": 500, "iss": 0.9, "lr": 0.2048382486866981, "ridge": 1e-07, "seed": 1234, "sr": 0.09169361093299348}}