{"returned_dict": {"loss": 2.710665261298315, "r2": -0.13912027411320496, "status": "ok", "start_time": 1697090855.034743, "duration": 2.62326979637146}, "current_params": {"N": 500, "iss": 0.9, "lr": 0.0020381971895498943, "ridge": 1e-07, "seed": 1234, "sr": 0.09437285509046839}}