{"returned_dict": {"loss": 2.726881418355782, "r2": -0.14480213501420902, "status": "ok", "start_time": 1697092730.854493, "duration": 7.351129055023193}, "current_params": {"cell_number": 500, "connectivity": 0.6081874762396934, "input_connectivity": 0.2, "input_scaling": 0.40735440327681793, "leak_rate": 0.27568095723189284, "regularization": 0.012381937564867773, "seed": 1234, "spectral_radius": 0.02786727306368867}}