{"returned_dict": {"loss": 2.724287178248304, "r2": -0.1426268607213348, "status": "ok", "start_time": 1697090868.254988, "duration": 2.550930976867676}, "current_params": {"N": 500, "iss": 0.9, "lr": 0.3299059340936598, "ridge": 1e-07, "seed": 1234, "sr": 0.18658183701753261}}