{"returned_dict": {"loss": 2.7210839542000915, "r2": -0.13993951496606605, "status": "ok", "start_time": 1697092803.486022, "duration": 7.0750391483306885}, "current_params": {"cell_number": 500, "connectivity": 0.5773174633203658, "input_connectivity": 0.2, "input_scaling": 0.9135989958833419, "leak_rate": 0.4700604405485768, "regularization": 7.570824893896947e-07, "seed": 1234, "spectral_radius": 0.02684390359598015}}