{"returned_dict": {"loss": 2.72198383200525, "r2": -0.14069360848612522, "status": "ok", "start_time": 1697092782.499328, "duration": 10.149115085601807}, "current_params": {"cell_number": 500, "connectivity": 0.8904474663068703, "input_connectivity": 0.2, "input_scaling": 0.46362690696575914, "leak_rate": 0.1556591544481278, "regularization": 0.008447111032442056, "seed": 1234, "spectral_radius": 0.05298748174805132}}