{"returned_dict": {"loss": 2.7387817268677934, "r2": -0.15481593720487985, "status": "ok", "start_time": 1697092542.8044622, "duration": 4.369048833847046}, "current_params": {"cell_number": 500, "connectivity": 0.34806405411593166, "input_connectivity": 0.2, "input_scaling": 0.22844120631577203, "leak_rate": 0.5068843153791186, "regularization": 2.221853311307114e-10, "seed": 1234, "spectral_radius": 1.2556711601352721}}