{"returned_dict": {"loss": 2.7352624252968334, "r2": -0.15185586313618807, "status": "ok", "start_time": 1697090891.731969, "duration": 2.3969919681549072}, "current_params": {"N": 500, "iss": 0.9, "lr": 0.9886841501638685, "ridge": 1e-07, "seed": 1234, "sr": 4.574545330611019}}