{"returned_dict": {"loss": 2.731838001955215, "r2": -0.14897358344660092, "status": "ok", "start_time": 1697090849.9196959, "duration": 2.477166175842285}, "current_params": {"N": 500, "iss": 0.9, "lr": 0.9187802178509046, "ridge": 1e-07, "seed": 1234, "sr": 4.224184001973293}}