{"returned_dict": {"loss": 2.738068366234128, "r2": -43.14827872836948, "status": "ok", "start_time": 1697168915.432409, "duration": 0.876370906829834}, "current_params": {"N": 500, "iss": 0.9, "lr": 0.0064297670646757095, "ridge": 1e-07, "seed": 1234, "sr": 6.091700405214507}}