{"returned_dict": {"loss": 2.7360483312490356, "r2": -0.15251199774761637, "status": "ok", "start_time": 1697093021.235811, "duration": 6.925638914108276}, "current_params": {"cell_number": 500, "connectivity": 0.5754771748774529, "input_connectivity": 0.2, "input_scaling": 0.6381446788022263, "leak_rate": 0.011295567117425407, "regularization": 5.170057439733419e-08, "seed": 1234, "spectral_radius": 0.20877503732087163}}