{"returned_dict": {"loss": 2.753139237654505, "r2": -266.1006741165226, "status": "ok", "start_time": 1697696183.6120589, "duration": 0.9319732189178467}, "current_params": {"N": 500, "iss": 0.9, "lr": 0.0021754527786438816, "ridge": 1e-07, "seed": 1234, "sr": 2.3297993110223385}}