{"returned_dict": {"loss": 2.755355753663036, "r2": -0.1688657438423354, "status": "ok", "start_time": 1697090995.7959511, "duration": 2.354691743850708}, "current_params": {"N": 500, "iss": 0.9, "lr": 0.3314434048357353, "ridge": 1e-07, "seed": 1234, "sr": 6.833596167908428}}