{"returned_dict": {"loss": 2.7894243318787164, "r2": -290.4641408450894, "status": "ok", "start_time": 1697188161.920032, "duration": 4.457306861877441}, "current_params": {"N": 1000, "iss": 0.9492310760856882, "lr": 0.03448518184164638, "ridge": 1.082471644281706e-09, "seed": 1234, "sr": 0.7476653587619372}}