{"returned_dict": {"loss": 2.8296041077538376, "r2": -0.23267696427712847, "status": "ok", "start_time": 1697092717.692927, "duration": 4.834376096725464}, "current_params": {"cell_number": 500, "connectivity": 0.3893682918972865, "input_connectivity": 0.2, "input_scaling": 0.9408397105778058, "leak_rate": 0.3594469868947466, "regularization": 1.2273241480424446e-08, "seed": 1234, "spectral_radius": 0.953319122623503}}