{"returned_dict": {"loss": 2.824332273386579, "r2": -0.22808804307870467, "status": "ok", "start_time": 1697091354.763925, "duration": 7.672138929367065}, "current_params": {"cell_number": 500, "connectivity": 0.6871892288150541, "input_connectivity": 0.2, "input_scaling": 0.45903012586393255, "leak_rate": 0.008993216326780393, "regularization": 0.00026059334182272604, "seed": 1234, "spectral_radius": 1.038057705082271}}