{"returned_dict": {"loss": 2.9188802016510507, "r2": -303.21015827939317, "status": "ok", "start_time": 1697182203.1714208, "duration": 1.0338010787963867}, "current_params": {"N": 500, "iss": 0.5308233319012376, "lr": 0.010754552393914138, "ridge": 0.00408260583459009, "seed": 1234, "sr": 7.505573307332538}}