{"returned_dict": {"loss": 2.9984362209111093, "r2": -0.3860031045835453, "status": "ok", "start_time": 1697090962.855925, "duration": 2.3743879795074463}, "current_params": {"N": 500, "iss": 0.9, "lr": 0.008045090803265967, "ridge": 1e-07, "seed": 1234, "sr": 0.28327116807958513}}