{"returned_dict": {"loss": 20.751202746271414, "r2": -6577.898079538034, "status": "ok", "start_time": 1697416668.659797, "duration": 0.7808351516723633}, "current_params": {"N": 500, "iss": 0.8564670839009341, "lr": 0.004666278320192311, "ridge": 0.0005245567335623266, "seed": 1234, "sr": 9.019468988959579}}