{"returned_dict": {"loss": 202.72271312801527, "r2": -1822832.2822893474, "status": "ok", "start_time": 1697185512.729186, "duration": 0.740548849105835}, "current_params": {"N": 500, "iss": 0.15399984759321084, "lr": 0.0019431745080725833, "ridge": 6.149769328825335e-07, "seed": 1234, "sr": 8.323301293667457}}