{"returned_dict": {"loss": 208.56681672411096, "r2": -1570422.9199756132, "status": "ok", "start_time": 1697417156.5385349, "duration": 2.3800580501556396}, "current_params": {"N": 1000, "iss": 0.10204618018844569, "lr": 0.0022976484367460367, "ridge": 6.435132499791384e-09, "seed": 1234, "sr": 1.1658340735577972}}