{"returned_dict": {"loss": 21.799093419288, "r2": -16543.793802736414, "status": "ok", "start_time": 1697170272.433374, "duration": 1.0379300117492676}, "current_params": {"N": 500, "iss": 0.9, "lr": 0.0028587399658546522, "ridge": 1e-07, "seed": 1234, "sr": 1.0993945835225667}}