{"returned_dict": {"loss": 21.836050457506683, "r2": -18542.42812545582, "status": "ok", "start_time": 1697193277.370357, "duration": 4.228880882263184}, "current_params": {"N": 1000, "iss": 0.35464883466252195, "lr": 0.02580145195828277, "ridge": 7.502821787034914e-05, "seed": 1234, "sr": 3.1162051286367416}}