{"returned_dict": {"loss": 21.926912045564233, "r2": -17564.061236786685, "status": "ok", "start_time": 1697187567.6914282, "duration": 4.124224901199341}, "current_params": {"N": 1000, "iss": 0.10821341880663882, "lr": 0.04203563441395582, "ridge": 7.954624964810484e-07, "seed": 1234, "sr": 3.6652347285793745}}