{"returned_dict": {"loss": 210.71175869242893, "r2": -1760636.3078921381, "status": "ok", "start_time": 1697195049.598065, "duration": 11.888370275497437}, "current_params": {"N": 1000, "iss": 0.43901115116076694, "lr": 0.003493503890213215, "ridge": 1.2096638409130587e-06, "seed": 1234, "sr": 5.1267595669393975}}