{"returned_dict": {"loss": 22.13202587555047, "r2": -21981.04380416026, "status": "ok", "start_time": 1697187906.436457, "duration": 4.465105295181274}, "current_params": {"N": 1000, "iss": 0.5806915954693277, "lr": 0.005250222770550053, "ridge": 9.454792365744235e-05, "seed": 1234, "sr": 2.6286963019006704}}