{"returned_dict": {"loss": 222.52605324053908, "r2": -2025998.5738883878, "status": "ok", "start_time": 1697171799.838101, "duration": 0.9250712394714355}, "current_params": {"N": 500, "iss": 0.9, "lr": 0.006605373155785381, "ridge": 1e-07, "seed": 1234, "sr": 1.6722388684853167}}