{"returned_dict": {"loss": 224.3251611035885, "r2": -2184515.406077655, "status": "ok", "start_time": 1697187232.788565, "duration": 1.8465659618377686}, "current_params": {"N": 500, "iss": 0.15399984759321084, "lr": 0.0019431745080725833, "ridge": 6.149769328825335e-07, "seed": 1234, "sr": 8.323301293667457}}