{"returned_dict": {"loss": 23.212140642390192, "r2": -7577.432241046909, "status": "ok", "start_time": 1697183783.380647, "duration": 0.8515748977661133}, "current_params": {"N": 500, "iss": 0.5308233319012376, "lr": 0.010754552393914138, "ridge": 0.00408260583459009, "seed": 1234, "sr": 7.505573307332538}}