{"returned_dict": {"loss": 23.302399670796536, "r2": -27604.298316335306, "status": "ok", "start_time": 1697196396.172928, "duration": 11.96953797340393}, "current_params": {"N": 1000, "iss": 0.7444485210599292, "lr": 0.0020459627481612115, "ridge": 1.674497026534218e-08, "seed": 1234, "sr": 1.182082887824895}}