{"returned_dict": {"loss": 24.357137228987572, "r2": -516996.57269311766, "status": "ok", "start_time": 1697450084.941417, "duration": 1.8176019191741943}, "current_params": {"N": 500, "iss": 0.5164119610315949, "lr": 0.005362066549925435, "ridge": 5.41731973139421e-08, "seed": 1234, "sr": 1.7053539993996638}}