{"returned_dict": {"loss": 24.427975406952722, "r2": -17419.793261132436, "status": "ok", "start_time": 1697696244.566772, "duration": 0.8937389850616455}, "current_params": {"N": 500, "iss": 0.9, "lr": 0.043542816329557914, "ridge": 1e-07, "seed": 1234, "sr": 3.180379394013653}}