{"returned_dict": {"loss": 24.974203560551093, "r2": -14848.765264389795, "status": "ok", "start_time": 1697154479.084405, "duration": 0.7898318767547607}, "current_params": {"N": 500, "iss": 0.9, "lr": 0.020947973404360564, "ridge": 1e-07, "seed": 1234, "sr": 5.1267595669393975}}