{"returned_dict": {"loss": 245.81626498991105, "r2": -2389771.3417677092, "status": "ok", "start_time": 1697193405.992137, "duration": 4.363275051116943}, "current_params": {"N": 1000, "iss": 0.8468296018182028, "lr": 0.0016562209632395857, "ridge": 7.687566626413539e-08, "seed": 1234, "sr": 6.091700405214507}}