{"returned_dict": {"loss": 25.392132797267394, "r2": -24661.182461411106, "status": "ok", "start_time": 1697193160.483184, "duration": 4.284731864929199}, "current_params": {"N": 1000, "iss": 0.41480029454318923, "lr": 0.005647264982798819, "ridge": 3.627252116587822e-06, "seed": 1234, "sr": 2.1198068680338693}}