{"returned_dict": {"loss": 25.680205805623846, "r2": -16144.188581181865, "status": "ok", "start_time": 1697097488.2467551, "duration": 0.8069949150085449}, "current_params": {"N": 500, "iss": 0.9, "lr": 0.02295730315688215, "ridge": 1e-07, "seed": 1234, "sr": 7.954497739510178}}