{"returned_dict": {"loss": 25.645290208149685, "r2": -663074.2787306415, "status": "ok", "start_time": 1697448896.496285, "duration": 4.016778945922852}, "current_params": {"N": 1000, "iss": 0.10204618018844569, "lr": 0.0022976484367460367, "ridge": 6.435132499791384e-09, "seed": 1234, "sr": 1.1658340735577972}}