{"returned_dict": {"loss": 26.28220991833854, "r2": -112.30589421254939, "status": "ok", "start_time": 1697090839.7103329, "duration": 2.534878969192505}, "current_params": {"N": 500, "iss": 0.9, "lr": 0.06675090446914045, "ridge": 1e-07, "seed": 1234, "sr": 2.2042634577971216}}