{"returned_dict": {"loss": 26.21047610223087, "r2": -24442.800128198778, "status": "ok", "start_time": 1697182148.817033, "duration": 1.1158990859985352}, "current_params": {"N": 500, "iss": 0.8328177066055172, "lr": 0.026162881037661297, "ridge": 3.0656276565905996e-07, "seed": 1234, "sr": 2.3820731800209316}}