{"returned_dict": {"loss": 260.19593167314855, "r2": -3134937.2583472193, "status": "ok", "start_time": 1697193028.519552, "duration": 4.247297048568726}, "current_params": {"N": 1000, "iss": 0.43901115116076694, "lr": 0.003493503890213215, "ridge": 1.2096638409130587e-06, "seed": 1234, "sr": 5.1267595669393975}}