{"returned_dict": {"loss": 27.677215217276046, "r2": -31905.01677460136, "status": "ok", "start_time": 1697171991.371209, "duration": 1.1122801303863525}, "current_params": {"N": 500, "iss": 0.9, "lr": 0.003135528802871368, "ridge": 1e-07, "seed": 1234, "sr": 2.4229663969229636}}