{"returned_dict": {"loss": 270.1454859621742, "r2": -3414127.357046111, "status": "ok", "start_time": 1697417118.4638028, "duration": 2.43888521194458}, "current_params": {"N": 1000, "iss": 0.8328177066055172, "lr": 0.026162881037661297, "ridge": 3.0656276565905996e-07, "seed": 1234, "sr": 2.3820731800209316}}