{"returned_dict": {"loss": 277.1275546180587, "r2": -3139197.6610379876, "status": "ok", "start_time": 1697189618.6456509, "duration": 4.1816041469573975}, "current_params": {"N": 1000, "iss": 0.007930380864134223, "lr": 0.010013001344096634, "ridge": 6.670195090070217e-06, "seed": 1234, "sr": 3.180379394013653}}