{"returned_dict": {"loss": 28.861151499957874, "r2": -11604.99920751883, "status": "ok", "start_time": 1697183775.663867, "duration": 0.8399498462677002}, "current_params": {"N": 500, "iss": 0.18619565979686425, "lr": 0.06289522081324313, "ridge": 2.6051918706653142e-08, "seed": 1234, "sr": 7.227207099998132}}