{"returned_dict": {"loss": 3.003643350834418, "r2": -312.33673069624786, "status": "ok", "start_time": 1697417251.5237591, "duration": 2.551821708679199}, "current_params": {"N": 1000, "iss": 0.9135989958833419, "lr": 0.4700604405485768, "ridge": 5.192783797391785e-07, "seed": 1234, "sr": 0.02684390359598015}}