{"returned_dict": {"loss": 3.0105316891624105, "r2": -315.3802789374481, "status": "ok", "start_time": 1697185484.958733, "duration": 0.7854657173156738}, "current_params": {"N": 500, "iss": 0.06016013465638104, "lr": 0.23962511288825833, "ridge": 0.0007949579169258338, "seed": 1234, "sr": 3.416923934914541}}