{"returned_dict": {"loss": 3.1048976919300486, "r2": -728.463522975533, "status": "ok", "start_time": 1697170318.033491, "duration": 0.8553280830383301}, "current_params": {"N": 500, "iss": 0.9, "lr": 0.8108075271225141, "ridge": 1e-07, "seed": 1234, "sr": 6.834465647289925}}