{"returned_dict": {"loss": 3.1289013404421127, "r2": -0.5106037322934337, "status": "ok", "start_time": 1697090831.9515462, "duration": 2.6378748416900635}, "current_params": {"N": 500, "iss": 0.9, "lr": 0.2061305930661559, "ridge": 1e-07, "seed": 1234, "sr": 1.4787515437601555}}