{"returned_dict": {"loss": 3.2035678460911057, "r2": -8627.455210963615, "status": "ok", "start_time": 1697450092.411919, "duration": 1.8155977725982666}, "current_params": {"N": 500, "iss": 0.4016192513767243, "lr": 0.023565820546423054, "ridge": 0.0009341644724743216, "seed": 1234, "sr": 5.987530745926846}}