{"returned_dict": {"loss": 3.2320964151777694, "r2": -0.6082980695981353, "status": "ok", "start_time": 1697092991.641597, "duration": 4.575261116027832}, "current_params": {"cell_number": 500, "connectivity": 0.3538970796521256, "input_connectivity": 0.2, "input_scaling": 0.8640890518452584, "leak_rate": 0.056175796579322784, "regularization": 1.6383199224833317e-06, "seed": 1234, "spectral_radius": 1.6346058937885943}}