{"returned_dict": {"loss": 3.383743498930474, "r2": -72.04176657973629, "status": "ok", "start_time": 1697168888.643153, "duration": 1.0351741313934326}, "current_params": {"N": 500, "iss": 0.9, "lr": 0.0072323578952706085, "ridge": 1e-07, "seed": 1234, "sr": 4.881086179748358}}