{"returned_dict": {"loss": 3.4341121452779166, "r2": -297.4806611489743, "status": "ok", "start_time": 1697097542.702023, "duration": 0.7879519462585449}, "current_params": {"N": 500, "iss": 0.9, "lr": 0.12285193029261984, "ridge": 1e-07, "seed": 1234, "sr": 3.1162051286367416}}