{"returned_dict": {"loss": 3.48003768363631, "r2": -502.2562669314337, "status": "ok", "start_time": 1697194989.612809, "duration": 11.920438051223755}, "current_params": {"N": 1000, "iss": 0.23643093070326449, "lr": 0.01146759760328504, "ridge": 0.004599990623823179, "seed": 1234, "sr": 2.3610670815355883}}