{"returned_dict": {"loss": 3.716167319197325, "r2": -546.3169602377496, "status": "ok", "start_time": 1697194712.6147578, "duration": 11.93949818611145}, "current_params": {"N": 1000, "iss": 0.04455656901228233, "lr": 0.01935540965604909, "ridge": 0.0004870385305496401, "seed": 1234, "sr": 4.425195681471678}}