{"returned_dict": {"loss": 3.819670372998555, "r2": -328.16387866641753, "status": "ok", "start_time": 1697698977.44974, "duration": 1.7679340839385986}, "current_params": {"N": 500, "iss": 0.18619565979686425, "lr": 0.06289522081324313, "ridge": 2.6051918706653142e-08, "seed": 1234, "sr": 7.227207099998132}}