{"returned_dict": {"loss": 3.8792988746305883, "r2": -548.1386438423857, "status": "ok", "start_time": 1697171901.366688, "duration": 0.9021618366241455}, "current_params": {"N": 500, "iss": 0.9, "lr": 0.12285193029261984, "ridge": 1e-07, "seed": 1234, "sr": 3.1162051286367416}}