{"returned_dict": {"loss": 3.908381807516196, "r2": -12409.09607828253, "status": "ok", "start_time": 1697450097.8931289, "duration": 1.7906959056854248}, "current_params": {"N": 500, "iss": 0.35464883466252195, "lr": 0.02580145195828277, "ridge": 7.502821787034914e-05, "seed": 1234, "sr": 3.1162051286367416}}