{"returned_dict": {"loss": 31.569051393057492, "r2": -37575.341023758614, "status": "ok", "start_time": 1697181578.441495, "duration": 0.9959561824798584}, "current_params": {"N": 500, "iss": 0.250612722107167, "lr": 0.03353770330253128, "ridge": 1e-07, "seed": 1234, "sr": 2.1198068680338693}}