{"returned_dict": {"loss": 31.7185284301644, "r2": -23569.608752783828, "status": "ok", "start_time": 1697436743.8820438, "duration": 1.762120246887207}, "current_params": {"N": 500, "iss": 0.24236535975373574, "lr": 0.06703300913405115, "ridge": 4.2269285080674205e-08, "seed": 1234, "sr": 2.773816181603311}}