{"returned_dict": {"loss": 31.982845369132164, "r2": -24250.627884567366, "status": "ok", "start_time": 1697436792.195682, "duration": 1.764106035232544}, "current_params": {"N": 500, "iss": 0.8564670839009341, "lr": 0.004666278320192311, "ridge": 0.0005245567335623266, "seed": 1234, "sr": 9.019468988959579}}