{"returned_dict": {"loss": 32.103868505968954, "r2": -893094.2898595572, "status": "ok", "start_time": 1697449260.395978, "duration": 4.08723783493042}, "current_params": {"N": 1000, "iss": 0.7444485210599292, "lr": 0.0020459627481612115, "ridge": 1.674497026534218e-08, "seed": 1234, "sr": 1.182082887824895}}