{"returned_dict": {"loss": 326.1624824022894, "r2": -3616842.3114111964, "status": "ok", "start_time": 1697181596.1173508, "duration": 1.0038063526153564}, "current_params": {"N": 500, "iss": 0.5995392153959466, "lr": 0.004043788650283284, "ridge": 1e-07, "seed": 1234, "sr": 7.227207099998132}}