{"returned_dict": {"loss": 327.6080953399844, "r2": -3802162.4857690856, "status": "ok", "start_time": 1697417258.831413, "duration": 2.676290988922119}, "current_params": {"N": 1000, "iss": 0.32045037207585336, "lr": 0.013663130602244231, "ridge": 5.368010723935917e-07, "seed": 1234, "sr": 2.6411464130177205}}