{"returned_dict": {"loss": 33.90560347498183, "r2": -41498.96917953352, "status": "ok", "start_time": 1697155192.514955, "duration": 0.8171298503875732}, "current_params": {"N": 500, "iss": 0.9, "lr": 0.011631913763100198, "ridge": 1e-07, "seed": 1234, "sr": 2.3820731800209316}}