{"returned_dict": {"loss": 333.52267277203026, "r2": -5007205.017565046, "status": "ok", "start_time": 1697193186.389258, "duration": 4.283161163330078}, "current_params": {"N": 1000, "iss": 0.4234539619306149, "lr": 0.001055234755253992, "ridge": 2.7873687266175076e-08, "seed": 1234, "sr": 6.700381333753658}}