{"returned_dict": {"loss": 34.16941435643733, "r2": -42981.492561408806, "status": "ok", "start_time": 1697187959.5564811, "duration": 4.344059705734253}, "current_params": {"N": 1000, "iss": 0.5164119610315949, "lr": 0.005362066549925435, "ridge": 5.41731973139421e-08, "seed": 1234, "sr": 1.7053539993996638}}