{"returned_dict": {"loss": 34.99889777525629, "r2": -52619.41753452269, "status": "ok", "start_time": 1697172049.0006669, "duration": 1.057887315750122}, "current_params": {"N": 500, "iss": 0.9, "lr": 0.023290415540192212, "ridge": 1e-07, "seed": 1234, "sr": 1.9933094412983583}}