{"returned_dict": {"loss": 35.48674091388998, "r2": -35789.551875279845, "status": "ok", "start_time": 1697155145.529446, "duration": 0.827113151550293}, "current_params": {"N": 500, "iss": 0.9, "lr": 0.003135528802871368, "ridge": 1e-07, "seed": 1234, "sr": 2.4229663969229636}}