{"returned_dict": {"loss": 35.606263277965375, "r2": -29469.735709677887, "status": "ok", "start_time": 1697096886.010507, "duration": 0.7682480812072754}, "current_params": {"N": 500, "iss": 0.9, "lr": 0.01750341268204161, "ridge": 1e-07, "seed": 1234, "sr": 3.6652347285793745}}