{"returned_dict": {"loss": 352.47553330601005, "r2": -4280688.981474484, "status": "ok", "start_time": 1697417120.908617, "duration": 2.356639862060547}, "current_params": {"N": 1000, "iss": 0.11994602555379685, "lr": 0.16859893208998253, "ridge": 6.132193847282312e-09, "seed": 1234, "sr": 2.3297993110223385}}