{"returned_dict": {"loss": 354.99013246160285, "r2": -19540.49140725973, "status": "ok", "start_time": 1697090889.4156601, "duration": 2.3148107528686523}, "current_params": {"N": 500, "iss": 0.9, "lr": 0.004975856135800747, "ridge": 1e-07, "seed": 1234, "sr": 2.773816181603311}}