{"returned_dict": {"loss": 359.20294496074575, "r2": -106815532.13331091, "status": "ok", "start_time": 1697473651.3164558, "duration": 57.93207406997681}, "current_params": {"N": 2588.0, "iss": 0.15399984759321084, "lr": 0.0019431745080725833, "ridge": 6.149769328825335e-07, "seed": 1234, "sr": 8.323301293667457}}