{"returned_dict": {"loss": 36.16708421615524, "r2": -49214.085722967946, "status": "ok", "start_time": 1697192494.75123, "duration": 4.455804824829102}, "current_params": {"N": 1000, "iss": 0.04455656901228233, "lr": 0.01935540965604909, "ridge": 0.0004870385305496401, "seed": 1234, "sr": 4.425195681471678}}