{"returned_dict": {"loss": 36.198401079835335, "r2": -20589.365967940892, "status": "ok", "start_time": 1697416666.3060071, "duration": 0.7974557876586914}, "current_params": {"N": 500, "iss": 0.8383160999911431, "lr": 0.023226759313516834, "ridge": 8.81560223051062e-07, "seed": 1234, "sr": 1.7986325141052368}}