{"returned_dict": {"loss": 36.6507284224655, "r2": -38386.054508010995, "status": "ok", "start_time": 1697697550.483532, "duration": 0.9193770885467529}, "current_params": {"N": 500, "iss": 0.9, "lr": 0.035268880917861616, "ridge": 1e-07, "seed": 1234, "sr": 3.3535990156004383}}