{"returned_dict": {"loss": 37.4984179216436, "r2": -73097.70856205025, "status": "ok", "start_time": 1697170304.792448, "duration": 0.880957841873169}, "current_params": {"N": 500, "iss": 0.9, "lr": 0.01829156443200663, "ridge": 1e-07, "seed": 1234, "sr": 1.7986325141052368}}