{"returned_dict": {"loss": 38.20965147753347, "r2": -42122.92771162371, "status": "ok", "start_time": 1697155243.136348, "duration": 0.8123481273651123}, "current_params": {"N": 500, "iss": 0.9, "lr": 0.00870996895715053, "ridge": 1e-07, "seed": 1234, "sr": 1.8759964593517806}}