{"returned_dict": {"loss": 39.6491703776536, "r2": -50315.239153018316, "status": "ok", "start_time": 1697696411.091516, "duration": 1.074272871017456}, "current_params": {"N": 500, "iss": 0.9, "lr": 0.015675637477485127, "ridge": 1e-07, "seed": 1234, "sr": 8.323301293667457}}