{"returned_dict": {"loss": 4.046537513729009, "r2": -596.3071673184942, "status": "ok", "start_time": 1697187521.8437371, "duration": 4.198823928833008}, "current_params": {"N": 1000, "iss": 0.22424280171073074, "lr": 0.012042080474948267, "ridge": 9.253689703516465e-05, "seed": 1234, "sr": 1.959651331974383}}