{"returned_dict": {"loss": 4.129886661841585, "r2": -635.7083656222791, "status": "ok", "start_time": 1697185503.6464682, "duration": 0.7671387195587158}, "current_params": {"N": 500, "iss": 0.6871632474113247, "lr": 0.0033668417829176823, "ridge": 3.836716623456785e-09, "seed": 1234, "sr": 0.10594870634350116}}