{"returned_dict": {"loss": 4.14530698315523, "r2": -585.1432211262663, "status": "ok", "start_time": 1697417140.0434089, "duration": 2.383049964904785}, "current_params": {"N": 1000, "iss": 0.6871632474113247, "lr": 0.0033668417829176823, "ridge": 3.836716623456785e-09, "seed": 1234, "sr": 0.10594870634350116}}