{"returned_dict": {"loss": 4.220345824321405, "r2": -705.5297897168912, "status": "ok", "start_time": 1697187257.423143, "duration": 1.8712198734283447}, "current_params": {"N": 500, "iss": 0.9907096740516865, "lr": 0.011152501138346385, "ridge": 4.549840392506736e-07, "seed": 1234, "sr": 1.4037266612887527}}