{"returned_dict": {"loss": 4.249172832819357, "r2": -617.5661408300912, "status": "ok", "start_time": 1697417196.916169, "duration": 2.396886110305786}, "current_params": {"N": 1000, "iss": 0.8493027570387159, "lr": 0.08352474609695261, "ridge": 1.2092867049259064e-08, "seed": 1234, "sr": 0.1521671071513882}}