{"returned_dict": {"loss": 4.3535687783156085, "r2": -693.5325270796299, "status": "ok", "start_time": 1697187588.810954, "duration": 4.223527908325195}, "current_params": {"N": 1000, "iss": 0.48683979711786196, "lr": 0.0041878954202570285, "ridge": 1.5267158874357313e-07, "seed": 1234, "sr": 0.7656474307799984}}