{"returned_dict": {"loss": 4.437840852930429, "r2": -16281.570889299801, "status": "ok", "start_time": 1697455487.159853, "duration": 9.645946025848389}, "current_params": {"N": 1000, "iss": 0.5164119610315949, "lr": 0.005362066549925435, "ridge": 5.41731973139421e-08, "seed": 1234, "sr": 1.7053539993996638}}