{"returned_dict": {"loss": 4.782356614259407, "r2": -837.8151889000313, "status": "ok", "start_time": 1697187206.2568161, "duration": 1.8853819370269775}, "current_params": {"N": 500, "iss": 0.3415352429252124, "lr": 0.024081733532461607, "ridge": 2.334903649885824e-09, "seed": 1234, "sr": 2.540247736115996}}