{"returned_dict": {"loss": 4.860835500056272, "r2": -1274.5919596879774, "status": "ok", "start_time": 1697187741.527532, "duration": 4.199115991592407}, "current_params": {"N": 1000, "iss": 0.9581135333425491, "lr": 0.026802233205999445, "ridge": 0.0008696490633638283, "seed": 1234, "sr": 2.8424339478368448}}