{"returned_dict": {"loss": 40.17898023898037, "r2": -52403.58317733789, "status": "ok", "start_time": 1697696238.098699, "duration": 0.915895938873291}, "current_params": {"N": 500, "iss": 0.9, "lr": 0.014788360119021833, "ridge": 1e-07, "seed": 1234, "sr": 2.6411464130177205}}