{"returned_dict": {"loss": 479.86476867408334, "r2": -4077280.940016355, "status": "ok", "start_time": 1697184963.21287, "duration": 0.8049190044403076}, "current_params": {"N": 500, "iss": 0.6659350740516974, "lr": 0.0068663941226196155, "ridge": 8.704077638470982e-09, "seed": 1234, "sr": 2.2553242781758827}}