{"returned_dict": {"loss": 48.36990689037582, "r2": -82337.54419681772, "status": "ok", "start_time": 1697182235.820956, "duration": 1.0845201015472412}, "current_params": {"N": 500, "iss": 0.8468296018182028, "lr": 0.0016562209632395857, "ridge": 7.687566626413539e-08, "seed": 1234, "sr": 6.091700405214507}}