{"returned_dict": {"loss": 49.47327014900758, "r2": -87280.93806325125, "status": "ok", "start_time": 1697170275.5948439, "duration": 0.9100680351257324}, "current_params": {"N": 500, "iss": 0.9, "lr": 0.006605373155785381, "ridge": 1e-07, "seed": 1234, "sr": 1.6722388684853167}}