{"returned_dict": {"loss": 49.56376239157449, "r2": -99624.74242805566, "status": "ok", "start_time": 1697193086.2050319, "duration": 4.24445915222168}, "current_params": {"N": 1000, "iss": 0.3415352429252124, "lr": 0.024081733532461607, "ridge": 2.334903649885824e-09, "seed": 1234, "sr": 2.540247736115996}}