{"returned_dict": {"loss": 5.198047973148296, "r2": -1086.3426946894203, "status": "ok", "start_time": 1697195719.697919, "duration": 11.908787965774536}, "current_params": {"N": 1000, "iss": 0.5308233319012376, "lr": 0.010754552393914138, "ridge": 0.00408260583459009, "seed": 1234, "sr": 7.505573307332538}}