{"returned_dict": {"loss": 5.229852722888208, "r2": -926.5415804027316, "status": "ok", "start_time": 1697417237.385867, "duration": 2.3001039028167725}, "current_params": {"N": 1000, "iss": 0.5308233319012376, "lr": 0.010754552393914138, "ridge": 0.00408260583459009, "seed": 1234, "sr": 7.505573307332538}}