{"returned_dict": {"loss": 5.27464181791254, "r2": -22528.478365166142, "status": "ok", "start_time": 1697455399.613617, "duration": 9.77204704284668}, "current_params": {"N": 1000, "iss": 0.8275692027406062, "lr": 0.00921134174257873, "ridge": 7.465489217273001e-08, "seed": 1234, "sr": 2.9579435824398614}}