{"returned_dict": {"loss": 5.323434032865483, "r2": -1189.5913739037967, "status": "ok", "start_time": 1697187716.430136, "duration": 4.1320531368255615}, "current_params": {"N": 1000, "iss": 0.23643093070326449, "lr": 0.01146759760328504, "ridge": 0.004599990623823179, "seed": 1234, "sr": 2.3610670815355883}}