{"returned_dict": {"loss": 5.396678603101741, "r2": -406.10797002317116, "status": "ok", "start_time": 1697416750.033715, "duration": 0.7523150444030762}, "current_params": {"N": 500, "iss": 0.5315682009230276, "lr": 0.1775950750495892, "ridge": 0.0002207334426427236, "seed": 1234, "sr": 6.954268155528048}}