{"returned_dict": {"loss": 5.45558723962321, "r2": -417.3525728424151, "status": "ok", "start_time": 1697416694.019289, "duration": 0.7489399909973145}, "current_params": {"N": 500, "iss": 0.17176002567391113, "lr": 0.22199089728115365, "ridge": 0.0006020999816891316, "seed": 1234, "sr": 2.0711751271159318}}