{"returned_dict": {"loss": 5.498214657132608, "r2": -1053.556349420138, "status": "ok", "start_time": 1697170286.111818, "duration": 0.8943657875061035}, "current_params": {"N": 500, "iss": 0.9, "lr": 0.021490140480106088, "ridge": 1e-07, "seed": 1234, "sr": 0.7839491567314942}}