{"returned_dict": {"loss": 5.559319990396555, "r2": -1219.5957276381896, "status": "ok", "start_time": 1697417137.572999, "duration": 2.4647998809814453}, "current_params": {"N": 1000, "iss": 0.900126341412187, "lr": 0.6751854428024655, "ridge": 1.6359488069904826e-09, "seed": 1234, "sr": 0.050152765364070276}}