{"returned_dict": {"loss": 50.55846739155596, "r2": -2076848.9801553574, "status": "ok", "start_time": 1697662682.57642, "duration": 6.283827066421509}, "current_params": {"N": 756.0, "iss": 0.007930380864134223, "lr": 0.010013001344096634, "ridge": 6.670195090070217e-06, "seed": 1234, "sr": 3.180379394013653}}