{"returned_dict": {"loss": 50.73869358926183, "r2": -93252.43972981277, "status": "ok", "start_time": 1697181495.1993458, "duration": 1.0795941352844238}, "current_params": {"N": 500, "iss": 0.929774877945855, "lr": 0.006605373155785381, "ridge": 1e-07, "seed": 1234, "sr": 1.6722388684853167}}