{"returned_dict": {"loss": 51.963114612766084, "r2": -87850.3762103624, "status": "ok", "start_time": 1697696344.0903978, "duration": 0.8958902359008789}, "current_params": {"N": 500, "iss": 0.9, "lr": 0.004652465849430955, "ridge": 1e-07, "seed": 1234, "sr": 5.580343023547168}}