{"returned_dict": {"loss": 53.343207960827975, "r2": -437.0827828003509, "status": "ok", "start_time": 1697091279.122748, "duration": 8.015870332717896}, "current_params": {"cell_number": 500, "connectivity": 0.7134050370934503, "input_connectivity": 0.2, "input_scaling": 0.10821341880663882, "leak_rate": 0.04203563441395582, "regularization": 1.3923308348994844e-06, "seed": 1234, "spectral_radius": 3.6652347285793745}}