{"returned_dict": {"loss": 537.6241648688826, "r2": -4956410.999592175, "status": "ok", "start_time": 1697183723.722273, "duration": 0.8519847393035889}, "current_params": {"N": 500, "iss": 0.4318098058036459, "lr": 0.012600442759985371, "ridge": 1.4978972663732007e-06, "seed": 1234, "sr": 7.954497739510178}}