{"returned_dict": {"loss": 568.5979100130389, "r2": -7336871.194502938, "status": "ok", "start_time": 1697436978.077184, "duration": 1.8078861236572266}, "current_params": {"N": 500, "iss": 0.8468296018182028, "lr": 0.0016562209632395857, "ridge": 7.687566626413539e-08, "seed": 1234, "sr": 6.091700405214507}}