{"returned_dict": {"loss": 57.85719423050815, "r2": -126524.35245514206, "status": "ok", "start_time": 1697187259.298798, "duration": 1.8428919315338135}, "current_params": {"N": 500, "iss": 0.8275692027406062, "lr": 0.00921134174257873, "ridge": 7.465489217273001e-08, "seed": 1234, "sr": 2.9579435824398614}}