{"returned_dict": {"loss": 570.2996676954157, "r2": -11705951.256097062, "status": "ok", "start_time": 1697185524.2434702, "duration": 0.7694847583770752}, "current_params": {"N": 500, "iss": 0.8275692027406062, "lr": 0.00921134174257873, "ridge": 7.465489217273001e-08, "seed": 1234, "sr": 2.9579435824398614}}