{"returned_dict": {"loss": 58.968713306825, "r2": -94264.99440985027, "status": "ok", "start_time": 1697154473.6183512, "duration": 0.7730367183685303}, "current_params": {"N": 500, "iss": 0.9, "lr": 0.00414398685863738, "ridge": 1e-07, "seed": 1234, "sr": 3.998119826570731}}