{"returned_dict": {"loss": 6.233161451867811, "r2": -1382.9551937641565, "status": "ok", "start_time": 1697182065.999265, "duration": 1.0887250900268555}, "current_params": {"N": 500, "iss": 0.34611859763450203, "lr": 0.0072789537441323385, "ridge": 4.7480197822394035e-09, "seed": 1234, "sr": 0.3226348405474758}}