{"returned_dict": {"loss": 6.255680746096317, "r2": -31971.14242997365, "status": "ok", "start_time": 1697454370.318114, "duration": 9.567566156387329}, "current_params": {"N": 1000, "iss": 0.30780459889893874, "lr": 0.0020629649586181636, "ridge": 1.807451674082109e-05, "seed": 1234, "sr": 2.2042634577971216}}