{"returned_dict": {"loss": 6.485606473756078, "r2": -1630.7172477110228, "status": "ok", "start_time": 1697185536.161654, "duration": 0.7377028465270996}, "current_params": {"N": 500, "iss": 0.5308233319012376, "lr": 0.010754552393914138, "ridge": 0.00408260583459009, "seed": 1234, "sr": 7.505573307332538}}