{"returned_dict": {"loss": 6.560999590874368, "r2": -1540.7426526545385, "status": "ok", "start_time": 1697185561.668245, "duration": 0.7860538959503174}, "current_params": {"N": 500, "iss": 0.26089228108771545, "lr": 0.004924674001327178, "ridge": 2.381485979423505e-09, "seed": 1234, "sr": 0.28962112677540436}}