{"returned_dict": {"loss": 6.778054191571503, "r2": -37068.153703916694, "status": "ok", "start_time": 1697448694.698312, "duration": 4.2049560546875}, "current_params": {"N": 1000, "iss": 0.04455656901228233, "lr": 0.01935540965604909, "ridge": 0.0004870385305496401, "seed": 1234, "sr": 4.425195681471678}}