{"returned_dict": {"loss": 6.838736058338939, "r2": -1636.7861710908467, "status": "ok", "start_time": 1697181654.611927, "duration": 1.0221610069274902}, "current_params": {"N": 500, "iss": 0.8808442050237353, "lr": 0.015577684928036517, "ridge": 1e-07, "seed": 1234, "sr": 0.7507802307193081}}