{"returned_dict": {"loss": 6.878442216829899, "r2": -1744.5758852526794, "status": "ok", "start_time": 1697171803.572722, "duration": 0.9026532173156738}, "current_params": {"N": 500, "iss": 0.9, "lr": 0.10450923140136353, "ridge": 1e-07, "seed": 1234, "sr": 4.997336540870967}}