{"returned_dict": {"loss": 6.927193178109817, "r2": -1213.4841860442027, "status": "ok", "start_time": 1697156766.2281, "duration": 0.8143010139465332}, "current_params": {"N": 500, "iss": 0.9, "lr": 0.06675090446914045, "ridge": 1e-07, "seed": 1234, "sr": 2.2042634577971216}}