{"returned_dict": {"loss": 6.930098481827129, "r2": -1658.614078016064, "status": "ok", "start_time": 1697182094.659904, "duration": 1.2890560626983643}, "current_params": {"N": 500, "iss": 0.24236535975373574, "lr": 0.06703300913405115, "ridge": 4.2269285080674205e-08, "seed": 1234, "sr": 2.773816181603311}}