{"returned_dict": {"loss": 61.4984558047633, "r2": -92551.81397986929, "status": "ok", "start_time": 1697097460.085815, "duration": 0.8282370567321777}, "current_params": {"N": 500, "iss": 0.9, "lr": 0.004652465849430955, "ridge": 1e-07, "seed": 1234, "sr": 5.580343023547168}}