{"returned_dict": {"loss": 628.4918650083692, "r2": -7137204.288708929, "status": "ok", "start_time": 1697416712.441365, "duration": 0.7798740863800049}, "current_params": {"N": 500, "iss": 0.8275692027406062, "lr": 0.00921134174257873, "ridge": 7.465489217273001e-08, "seed": 1234, "sr": 2.9579435824398614}}