{"returned_dict": {"loss": 65.24879779407648, "r2": -155268.26718632635, "status": "ok", "start_time": 1697170285.183595, "duration": 0.9250822067260742}, "current_params": {"N": 500, "iss": 0.9, "lr": 0.01750341268204161, "ridge": 1e-07, "seed": 1234, "sr": 3.6652347285793745}}