{"returned_dict": {"loss": 66.20262299593476, "r2": -261718.88966301712, "status": "ok", "start_time": 1697187791.9266582, "duration": 4.19058084487915}, "current_params": {"N": 1000, "iss": 0.3415352429252124, "lr": 0.024081733532461607, "ridge": 2.334903649885824e-09, "seed": 1234, "sr": 2.540247736115996}}