{"returned_dict": {"loss": 660.8985886048542, "r2": -15342638.70210623, "status": "ok", "start_time": 1697417000.5567539, "duration": 2.3704402446746826}, "current_params": {"N": 1000, "iss": 0.24236535975373574, "lr": 0.06703300913405115, "ridge": 4.2269285080674205e-08, "seed": 1234, "sr": 2.773816181603311}}