{"returned_dict": {"loss": 67.31260614141961, "r2": -153616.82623191547, "status": "ok", "start_time": 1697416974.636443, "duration": 2.3044421672821045}, "current_params": {"N": 1000, "iss": 0.27955000672950736, "lr": 0.050891035673396985, "ridge": 6.92305207076248e-05, "seed": 1234, "sr": 9.903672418680925}}