{"returned_dict": {"loss": 67.48142356241719, "r2": -115590.6461758578, "status": "ok", "start_time": 1697156875.72228, "duration": 0.8253140449523926}, "current_params": {"N": 500, "iss": 0.9, "lr": 0.0072323578952706085, "ridge": 1e-07, "seed": 1234, "sr": 4.881086179748358}}