{"returned_dict": {"loss": 678.0677019311458, "r2": -17278867.86278292, "status": "ok", "start_time": 1697171937.054785, "duration": 0.9490950107574463}, "current_params": {"N": 500, "iss": 0.9, "lr": 0.008419553121357429, "ridge": 1e-07, "seed": 1234, "sr": 5.615522331680127}}