{"returned_dict": {"loss": 697.3174282378527, "r2": -7346674.191594836, "status": "ok", "start_time": 1697183809.525812, "duration": 0.8574972152709961}, "current_params": {"N": 500, "iss": 0.6029258260507978, "lr": 0.012445144152847186, "ridge": 2.3571184655130715e-07, "seed": 1234, "sr": 9.272462266637495}}