{"returned_dict": {"loss": 7.1448996119533446, "r2": -2554.738552348743, "status": "ok", "start_time": 1697182037.382508, "duration": 0.7252228260040283}, "current_params": {"N": 100, "iss": 0.9023473088589377, "lr": 0.004652465849430955, "ridge": 1e-07, "seed": 1234, "sr": 5.580343023547168}}