{"returned_dict": {"loss": 7.847292629258107, "r2": -1387.5473834966272, "status": "ok", "start_time": 1697438587.052851, "duration": 1.839980125427246}, "current_params": {"N": 500, "iss": 0.8097531217575742, "lr": 0.04708253287367831, "ridge": 9.2648288823008e-08, "seed": 1234, "sr": 7.231920572306449}}