{"returned_dict": {"loss": 70.48150142497194, "r2": -151241.90878887541, "status": "ok", "start_time": 1697696430.448852, "duration": 0.9075031280517578}, "current_params": {"N": 500, "iss": 0.9, "lr": 0.004043788650283284, "ridge": 1e-07, "seed": 1234, "sr": 7.227207099998132}}