{"returned_dict": {"loss": 72.12053062041356, "r2": -195230.11113140764, "status": "ok", "start_time": 1697185491.724721, "duration": 0.7317171096801758}, "current_params": {"N": 500, "iss": 0.029495943205165465, "lr": 0.015679192953865242, "ridge": 3.171371461069988e-05, "seed": 1234, "sr": 7.78867384430367}}