{"returned_dict": {"loss": 72.15274014034084, "r2": -946.7858335651559, "status": "ok", "start_time": 1697090865.572156, "duration": 2.68143892288208}, "current_params": {"N": 500, "iss": 0.9, "lr": 0.0028587399658546522, "ridge": 1e-07, "seed": 1234, "sr": 1.0993945835225667}}