{"returned_dict": {"loss": 74.44037123068559, "r2": -199931.62732986253, "status": "ok", "start_time": 1697172126.3489852, "duration": 1.0354506969451904}, "current_params": {"N": 500, "iss": 0.9, "lr": 0.0018646665439208772, "ridge": 1e-07, "seed": 1234, "sr": 7.567304757039052}}