{"returned_dict": {"loss": 74.64128499045343, "r2": -203379.8173203279, "status": "ok", "start_time": 1697171871.8059342, "duration": 0.9456057548522949}, "current_params": {"N": 500, "iss": 0.9, "lr": 0.01349209459388104, "ridge": 1e-07, "seed": 1234, "sr": 1.0616387878921083}}