{"returned_dict": {"loss": 748.0825930829202, "r2": -26937779.847558543, "status": "ok", "start_time": 1697171886.051584, "duration": 0.9325177669525146}, "current_params": {"N": 500, "iss": 0.9, "lr": 0.00634949608361273, "ridge": 1e-07, "seed": 1234, "sr": 2.9579435824398614}}