{"returned_dict": {"loss": 75.67605365457923, "r2": -154433.5899979408, "status": "ok", "start_time": 1697096705.5404, "duration": 0.7869269847869873}, "current_params": {"N": 500, "iss": 0.9, "lr": 0.004189980001610144, "ridge": 1e-07, "seed": 1234, "sr": 6.7303288800603305}}