{"returned_dict": {"loss": 8.158790498806956, "r2": -53460.42739416203, "status": "ok", "start_time": 1697652815.5122318, "duration": 227.58609318733215}, "current_params": {"N": 4541.0, "iss": 0.04455656901228233, "lr": 0.01935540965604909, "ridge": 0.0004870385305496401, "seed": 1234, "sr": 4.425195681471678}}