{"returned_dict": {"loss": 8.236281862214893, "r2": -2593.3249167038716, "status": "ok", "start_time": 1697193125.672437, "duration": 4.498776197433472}, "current_params": {"N": 1000, "iss": 0.10204618018844569, "lr": 0.0022976484367460367, "ridge": 6.435132499791384e-09, "seed": 1234, "sr": 1.1658340735577972}}