{"returned_dict": {"loss": 8.853747026002068, "r2": -2944.954477045087, "status": "ok", "start_time": 1697417319.907508, "duration": 2.604300022125244}, "current_params": {"N": 1000, "iss": 0.26089228108771545, "lr": 0.004924674001327178, "ridge": 2.381485979423505e-09, "seed": 1234, "sr": 0.28962112677540436}}