{"returned_dict": {"loss": 80.14312346179071, "r2": -89960.09045697527, "status": "ok", "start_time": 1697184947.286282, "duration": 0.7761828899383545}, "current_params": {"N": 500, "iss": 0.27955000672950736, "lr": 0.050891035673396985, "ridge": 6.92305207076248e-05, "seed": 1234, "sr": 9.903672418680925}}