{"returned_dict": {"loss": 82.24915331501045, "r2": -274035.3675952937, "status": "ok", "start_time": 1697172029.763909, "duration": 0.9447329044342041}, "current_params": {"N": 500, "iss": 0.9, "lr": 0.02295730315688215, "ridge": 1e-07, "seed": 1234, "sr": 7.954497739510178}}