{"returned_dict": {"loss": 86.80951413325397, "r2": -1291.7329101096575, "status": "ok", "start_time": 1697090946.055307, "duration": 2.276221990585327}, "current_params": {"N": 500, "iss": 0.9, "lr": 0.01829156443200663, "ridge": 1e-07, "seed": 1234, "sr": 1.7986325141052368}}