{"returned_dict": {"loss": 9.098810486124577, "r2": -66984.04220792092, "status": "ok", "start_time": 1697448912.462476, "duration": 3.994158983230591}, "current_params": {"N": 1000, "iss": 0.5813661769352256, "lr": 0.0010387024872592213, "ridge": 4.333630514338604e-07, "seed": 1234, "sr": 1.0616387878921083}}