{"returned_dict": {"loss": 9.318856035064732, "r2": -3197.0673202915623, "status": "ok", "start_time": 1697172054.560205, "duration": 1.0047850608825684}, "current_params": {"N": 500, "iss": 0.9, "lr": 0.001438234015621399, "ridge": 1e-07, "seed": 1234, "sr": 2.540247736115996}}