{"returned_dict": {"loss": 9.791344947280901, "r2": -1402.0654058542343, "status": "ok", "start_time": 1697185021.098067, "duration": 0.7896180152893066}, "current_params": {"N": 500, "iss": 0.5806915954693277, "lr": 0.005250222770550053, "ridge": 9.454792365744235e-05, "seed": 1234, "sr": 2.6286963019006704}}