{"returned_dict": {"loss": 90.46816308171601, "r2": -383254.91891106585, "status": "ok", "start_time": 1697189422.826952, "duration": 4.298447132110596}, "current_params": {"N": 1000, "iss": 0.15399984759321084, "lr": 0.0019431745080725833, "ridge": 6.149769328825335e-07, "seed": 1234, "sr": 8.323301293667457}}