{"returned_dict": {"loss": 98.34688081041641, "r2": -433672.9445375542, "status": "ok", "start_time": 1697170282.337815, "duration": 0.9947149753570557}, "current_params": {"N": 500, "iss": 0.9, "lr": 0.004975856135800747, "ridge": 1e-07, "seed": 1234, "sr": 2.773816181603311}}