{"returned_dict": {"loss": 0.011748466901072835, "r2": 0.9972514877414439, "status": "ok", "start_time": 1699188674.414094, "duration": 2.828299045562744}, "current_params": {"N": 500, "iss": 0.3045451369845007, "lr": 0.27036282441620346, "ridge": 0.00030682003342967967, "seed": 1234, "sr": 0.04049959618384302}}