{"returned_dict": {"loss": 0.020595983307273857, "r2": 0.9915495789404852, "status": "ok", "start_time": 1699188952.0029922, "duration": 2.8099398612976074}, "current_params": {"N": 500, "iss": 0.61465928198713, "lr": 0.01646090380035458, "ridge": 1.416582108410998e-05, "seed": 1234, "sr": 0.6672376898037004}}