{"returned_dict": {"loss": 0.06736320152425025, "r2": 0.9037336949078935, "status": "ok", "start_time": 1699188735.80597, "duration": 2.2740800380706787}, "current_params": {"N": 500, "iss": 0.6871632474113247, "lr": 0.0033668417829176823, "ridge": 3.836716623456785e-09, "seed": 1234, "sr": 0.10594870634350116}}