{"returned_dict": {"loss": 0.07342412629810309, "r2": 0.8927160080414501, "status": "ok", "start_time": 1699188619.429217, "duration": 2.3824408054351807}, "current_params": {"N": 500, "iss": 0.6722112091210425, "lr": 0.002569219109514612, "ridge": 0.007174915864539121, "seed": 1234, "sr": 0.05675258102871899}}