{"returned_dict": {"loss": 0.001005987512950953, "r2": 0.9999761044483934, "status": "ok", "start_time": 1695803472.436427, "duration": 0.7980508804321289}, "current_params": {"N": 500, "iss": 0.9, "lr": 0.26781603924522474, "ridge": 1e-07, "seed": 1234, "sr": 0.02786727306368867}}