{"returned_dict": {"loss": 0.0003743008937279642, "r2": 0.9999967562641771, "status": "ok", "start_time": 1697097309.844647, "duration": 0.8055610656738281}, "current_params": {"N": 500, "iss": 0.9, "lr": 0.3662606306703129, "ridge": 1e-07, "seed": 1234, "sr": 0.17537309143779847}}