{"returned_dict": {"loss": 0.0005267183733968795, "r2": 0.999993462209878, "status": "ok", "start_time": 1695800592.965908, "duration": 0.9195168018341064}, "current_params": {"N": 500, "iss": 0.9, "lr": 0.9489133937634464, "ridge": 1e-07, "seed": 1234, "sr": 0.014438974945890222}}