{"returned_dict": {"loss": 0.0029006174067952757, "r2": 0.9998001871669077, "status": "ok", "start_time": 1695698673.2990458, "duration": 0.8616881370544434}, "current_params": {"N": 500, "iss": 0.9, "lr": 0.10803678961379123, "ridge": 1e-07, "seed": 1234, "sr": 0.21210441974152222}}