{"returned_dict": {"loss": 0.0010637685999094488, "r2": 0.9999726976283472, "status": "ok", "start_time": 1695698684.136193, "duration": 0.8657429218292236}, "current_params": {"N": 500, "iss": 0.9, "lr": 0.22465784634152086, "ridge": 1e-07, "seed": 1234, "sr": 0.04049959618384302}}