{"returned_dict": {"loss": 0.003918498653978802, "r2": 0.9996335489818914, "status": "ok", "start_time": 1697097750.2552, "duration": 0.7917890548706055}, "current_params": {"N": 500, "iss": 0.9, "lr": 0.05729573294171989, "ridge": 1e-07, "seed": 1234, "sr": 0.03414048410383786}}