{"returned_dict": {"loss": 0.0002294970261107637, "r2": 0.999998776320948, "status": "ok", "start_time": 1696926950.5318882, "duration": 0.7905497550964355}, "current_params": {"N": 500, "iss": 0.9, "lr": 0.8310012558635558, "ridge": 1e-07, "seed": 1234, "sr": 0.2237449778907503}}