{"returned_dict": {"loss": 0.00856660062580905, "r2": 0.9987611080699234, "status": "ok", "start_time": 1695699020.573154, "duration": 4.204545021057129}, "current_params": {"N": 500, "iss": 0.9, "lr": 0.8310012558635558, "ridge": 1e-07, "seed": 1234, "sr": 0.2237449778907503}}