{"returned_dict": {"loss": 0.000386706591158072, "r2": 0.9999965049421734, "status": "ok", "start_time": 1695698332.72343, "duration": 0.7741522789001465}, "current_params": {"N": 500, "iss": 0.9, "lr": 0.8673756090827982, "ridge": 1e-07, "seed": 1234, "sr": 0.05675258102871899}}