{"returned_dict": {"loss": 0.0006023893673952654, "r2": 0.9999915115623557, "status": "ok", "start_time": 1697097766.755881, "duration": 0.8070409297943115}, "current_params": {"N": 500, "iss": 0.9, "lr": 0.5629225816283605, "ridge": 1e-07, "seed": 1234, "sr": 0.012580639725311055}}