{"returned_dict": {"loss": 0.0010001532389400144, "r2": 0.9999763297911879, "status": "ok", "start_time": 1695698736.189903, "duration": 0.8642990589141846}, "current_params": {"N": 500, "iss": 0.9, "lr": 0.26781603924522474, "ridge": 1e-07, "seed": 1234, "sr": 0.02786727306368867}}