{"returned_dict": {"loss": 0.008691079965187405, "r2": 0.9981655491605824, "status": "ok", "start_time": 1697097396.431034, "duration": 0.7792448997497559}, "current_params": {"N": 500, "iss": 0.9, "lr": 0.015872813072111937, "ridge": 1e-07, "seed": 1234, "sr": 0.014132040674737733}}