{"returned_dict": {"loss": 0.00038466506754453866, "r2": 0.9999965761323183, "status": "ok", "start_time": 1695698359.377225, "duration": 0.7504980564117432}, "current_params": {"N": 500, "iss": 0.9, "lr": 0.3662606306703129, "ridge": 1e-07, "seed": 1234, "sr": 0.17537309143779847}}