{"returned_dict": {"loss": 0.0054584544302571794, "r2": 0.9992904839721689, "status": "ok", "start_time": 1695698437.93979, "duration": 0.7467329502105713}, "current_params": {"N": 500, "iss": 0.9, "lr": 0.031709557696495, "ridge": 1e-07, "seed": 1234, "sr": 0.012260384608014823}}