{"returned_dict": {"loss": 0.002576961200658511, "r2": 0.9998380140461212, "status": "ok", "start_time": 1697006218.8054342, "duration": 1.3514938354492188}, "current_params": {"N": 500, "iss": 0.9, "lr": 0.09201201301388376, "ridge": 1e-07, "seed": 1234, "sr": 0.02745813794912951}}