{"returned_dict": {"loss": 0.001035981677041003, "r2": 0.9999732430100652, "status": "ok", "start_time": 1695698730.247979, "duration": 0.8823530673980713}, "current_params": {"N": 500, "iss": 0.9, "lr": 0.17743219883537267, "ridge": 1e-07, "seed": 1234, "sr": 0.0925852425060542}}