{"returned_dict": {"loss": 0.0010066612369356244, "r2": 0.9999748468004089, "status": "ok", "start_time": 1697006314.170652, "duration": 1.0331051349639893}, "current_params": {"N": 500, "iss": 0.9, "lr": 0.17743219883537267, "ridge": 1e-07, "seed": 1234, "sr": 0.0925852425060542}}