{"returned_dict": {"loss": 0.008876198212570865, "r2": 0.9980854672646443, "status": "ok", "start_time": 1696926998.6308532, "duration": 0.8056619167327881}, "current_params": {"N": 500, "iss": 0.9, "lr": 0.017842200331087264, "ridge": 1e-07, "seed": 1234, "sr": 0.07326940168674866}}