{"returned_dict": {"loss": 0.0014006890816561847, "r2": 0.9999539614792541, "status": "ok", "start_time": 1697006215.333125, "duration": 1.725005865097046}, "current_params": {"N": 500, "iss": 0.9, "lr": 0.1953924842255818, "ridge": 1e-07, "seed": 1234, "sr": 0.02348225301745763}}