{"returned_dict": {"loss": 0.007813486209133547, "r2": 0.9985693566366862, "status": "ok", "start_time": 1695800658.554965, "duration": 0.8325350284576416}, "current_params": {"N": 500, "iss": 0.9, "lr": 0.05979777023560263, "ridge": 1e-07, "seed": 1234, "sr": 0.1378790157061615}}