{"returned_dict": {"loss": 0.0005857427136374303, "r2": 0.9999918789876839, "status": "ok", "start_time": 1695803384.405944, "duration": 0.844066858291626}, "current_params": {"N": 500, "iss": 0.9, "lr": 0.3544579971335427, "ridge": 1e-07, "seed": 1234, "sr": 0.0544052294998603}}