{"returned_dict": {"loss": 0.005935344195003311, "r2": 0.9991422678395212, "status": "ok", "start_time": 1696926997.0616808, "duration": 0.7973754405975342}, "current_params": {"N": 500, "iss": 0.9, "lr": 0.07201346307149094, "ridge": 1e-07, "seed": 1234, "sr": 0.19935467732696538}}