{"returned_dict": {"loss": 0.0004290637033764765, "r2": 0.9999957092258426, "status": "ok", "start_time": 1695698717.380445, "duration": 0.8308060169219971}, "current_params": {"N": 500, "iss": 0.9, "lr": 0.7574590139415617, "ridge": 1e-07, "seed": 1234, "sr": 0.03524277949039688}}