{"returned_dict": {"loss": 0.014686151809952216, "r2": 0.9949977310244676, "status": "ok", "start_time": 1695800610.522683, "duration": 0.8327929973602295}, "current_params": {"N": 500, "iss": 0.9, "lr": 0.006565103682340531, "ridge": 1e-07, "seed": 1234, "sr": 0.02857977758285706}}