{"returned_dict": {"loss": 0.01687131069555328, "r2": 0.993248404781454, "status": "ok", "start_time": 1695698676.6906471, "duration": 0.8356237411499023}, "current_params": {"N": 500, "iss": 0.9, "lr": 0.3597071043773894, "ridge": 1e-07, "seed": 1234, "sr": 1.0784585589734712}}