{"returned_dict": {"loss": 0.012100007369634014, "r2": 0.9975445571981618, "status": "ok", "start_time": 1695699516.8479402, "duration": 4.162542819976807}, "current_params": {"N": 500, "iss": 0.9, "lr": 0.865053734375228, "ridge": 1e-07, "seed": 1234, "sr": 0.12440910427817788}}