{"returned_dict": {"loss": 0.010219541950602179, "r2": 0.9975645732410957, "status": "ok", "start_time": 1695698789.809003, "duration": 0.8252108097076416}, "current_params": {"N": 500, "iss": 0.9, "lr": 0.01723516935753249, "ridge": 1e-07, "seed": 1234, "sr": 0.08930926502440488}}