{"returned_dict": {"loss": 0.018939933648003244, "r2": 0.9916994345289648, "status": "ok", "start_time": 1695698331.971457, "duration": 0.7505578994750977}, "current_params": {"N": 500, "iss": 0.9, "lr": 0.004574935585135073, "ridge": 1e-07, "seed": 1234, "sr": 0.03073430140568509}}