{"returned_dict": {"loss": 0.0172417853310777, "r2": 0.9950563294595942, "status": "ok", "start_time": 1695699091.943251, "duration": 4.1682960987091064}, "current_params": {"N": 500, "iss": 0.9, "lr": 0.8673756090827982, "ridge": 1e-07, "seed": 1234, "sr": 0.05675258102871899}}