{"returned_dict": {"loss": 0.013317011861201678, "r2": 0.9968465078888981, "status": "ok", "start_time": 1697436151.4766238, "duration": 2.1066112518310547}, "current_params": {"N": 500, "iss": 0.9547804466890908, "lr": 0.0063822566002939346, "ridge": 1.9445651653381377e-09, "seed": 1234, "sr": 0.012708968625748275}}