{"returned_dict": {"loss": 0.011246106896410148, "r2": 0.9977162042843064, "status": "ok", "start_time": 1697436025.864737, "duration": 1.9216210842132568}, "current_params": {"N": 500, "iss": 0.562902674279726, "lr": 0.08451910338656304, "ridge": 2.98495308723598e-07, "seed": 1234, "sr": 0.020489195252075855}}