{"returned_dict": {"loss": 0.017932046236251213, "r2": 0.9942869368857785, "status": "ok", "start_time": 1697436170.1345909, "duration": 2.2197132110595703}, "current_params": {"N": 500, "iss": 0.2298357960090034, "lr": 0.8472268156639914, "ridge": 9.801931216645321e-05, "seed": 1234, "sr": 0.2197712027474747}}