{"returned_dict": {"loss": 0.022532038756496828, "r2": 0.9909833420790793, "status": "ok", "start_time": 1697436176.5501702, "duration": 2.5649068355560303}, "current_params": {"N": 500, "iss": 0.9326851510627013, "lr": 0.01313978174667569, "ridge": 0.0007520446577387131, "seed": 1234, "sr": 0.18658183701753261}}