{"returned_dict": {"loss": 0.023349832107362193, "r2": 0.981933276977686, "status": "ok", "start_time": 1695698308.1562738, "duration": 0.7454202175140381}, "current_params": {"N": 500, "iss": 0.9, "lr": 0.0013297839048037883, "ridge": 1e-07, "seed": 1234, "sr": 0.012708968625748275}}