{"returned_dict": {"loss": 0.027083089985296304, "r2": 0.987684047076543, "status": "ok", "start_time": 1695699308.385607, "duration": 4.145330190658569}, "current_params": {"N": 500, "iss": 0.9, "lr": 0.9489133937634464, "ridge": 1e-07, "seed": 1234, "sr": 0.014438974945890222}}