{"returned_dict": {"loss": 0.02427270770411326, "r2": 0.9808795821273263, "status": "ok", "start_time": 1695803441.766824, "duration": 0.7800779342651367}, "current_params": {"N": 500, "iss": 0.9, "lr": 0.0013477819629193828, "ridge": 1e-07, "seed": 1234, "sr": 0.01418389479892628}}