{"returned_dict": {"loss": 0.02197704991570874, "r2": 0.9860042271111311, "status": "ok", "start_time": 1697097800.430542, "duration": 0.7809450626373291}, "current_params": {"N": 500, "iss": 0.9, "lr": 0.0013995995750949496, "ridge": 1e-07, "seed": 1234, "sr": 0.023462246374277934}}