{"returned_dict": {"loss": 0.029254868342441287, "r2": 0.9847984335693347, "status": "ok", "start_time": 1697436185.074427, "duration": 1.931307077407837}, "current_params": {"N": 500, "iss": 0.51533056692996, "lr": 0.034790822993190244, "ridge": 0.006492379836402213, "seed": 1234, "sr": 0.2237449778907503}}