{"returned_dict": {"loss": 0.035438883678568775, "r2": 0.9791574154451882, "status": "ok", "start_time": 1695699671.281584, "duration": 4.182179927825928}, "current_params": {"N": 500, "iss": 0.9, "lr": 0.15674372534107028, "ridge": 1e-07, "seed": 1234, "sr": 0.08438326345409637}}