{"returned_dict": {"loss": 0.030463603426680527, "r2": 0.9835172489998154, "status": "ok", "start_time": 1697436157.820878, "duration": 1.9807450771331787}, "current_params": {"N": 500, "iss": 0.8820998106981124, "lr": 0.0018473770505347527, "ridge": 1.8622584812397071e-06, "seed": 1234, "sr": 0.015931944006093716}}