{"returned_dict": {"loss": 0.031857246565020224, "r2": 0.9819375540633976, "status": "ok", "start_time": 1697436155.692511, "duration": 2.1234688758850098}, "current_params": {"N": 500, "iss": 0.21686967585707428, "lr": 0.06719120770962762, "ridge": 0.00012890720812140736, "seed": 1234, "sr": 0.07071032186253305}}