{"returned_dict": {"loss": 0.031131682319144437, "r2": 0.9761810646895376, "status": "ok", "start_time": 1695698449.197948, "duration": 0.759052038192749}, "current_params": {"N": 500, "iss": 0.9, "lr": 0.003928194271141713, "ridge": 1e-07, "seed": 1234, "sr": 0.050704131972421025}}