{"returned_dict": {"loss": 0.03389338492592203, "r2": 0.9730902399606108, "status": "ok", "start_time": 1696926962.61884, "duration": 0.7781839370727539}, "current_params": {"N": 500, "iss": 0.9, "lr": 0.7193342821146759, "ridge": 1e-07, "seed": 1234, "sr": 1.9577985037865835}}