{"returned_dict": {"loss": 0.04719496644217606, "r2": 0.9291431291320315, "status": "ok", "start_time": 1695800659.389604, "duration": 0.8536319732666016}, "current_params": {"N": 500, "iss": 0.9, "lr": 0.06013171745318184, "ridge": 1e-07, "seed": 1234, "sr": 0.6672376898037004}}