{"returned_dict": {"loss": 0.056293650034104414, "r2": 0.9237825542487913, "status": "ok", "start_time": 1695698689.135374, "duration": 1.0932700634002686}, "current_params": {"N": 500, "iss": 0.9, "lr": 0.006588095974939943, "ridge": 1e-07, "seed": 1234, "sr": 0.13504276379966784}}