{"returned_dict": {"loss": 0.05914205789346099, "r2": 0.9153967475302448, "status": "ok", "start_time": 1697006382.5127559, "duration": 1.150008201599121}, "current_params": {"N": 500, "iss": 0.9, "lr": 0.031315298214446584, "ridge": 1e-07, "seed": 1234, "sr": 0.575269795679041}}