{"returned_dict": {"loss": 0.05557409543569138, "r2": 0.918657180938215, "status": "ok", "start_time": 1695698379.579821, "duration": 0.7946639060974121}, "current_params": {"N": 500, "iss": 0.9, "lr": 0.020195420899796784, "ridge": 1e-07, "seed": 1234, "sr": 0.3157133897830133}}