{"returned_dict": {"loss": 0.05301508572259544, "r2": 0.9533347369420963, "status": "ok", "start_time": 1695699554.346594, "duration": 4.149139881134033}, "current_params": {"N": 500, "iss": 0.9, "lr": 0.20854872441770467, "ridge": 1e-07, "seed": 1234, "sr": 0.011405319213458769}}