{"returned_dict": {"loss": 0.07301783062346057, "r2": 0.8867147567093497, "status": "ok", "start_time": 1697436210.22368, "duration": 1.9342610836029053}, "current_params": {"N": 500, "iss": 0.48683979711786196, "lr": 0.0041878954202570285, "ridge": 1.5267158874357313e-07, "seed": 1234, "sr": 0.7656474307799984}}