{"returned_dict": {"loss": 0.10294473005597625, "r2": 0.7374445369854236, "status": "ok", "start_time": 1695803372.423414, "duration": 0.7778921127319336}, "current_params": {"N": 500, "iss": 0.9, "lr": 0.004331629980965586, "ridge": 1e-07, "seed": 1234, "sr": 0.1626795681245935}}