{"returned_dict": {"loss": 0.1222008300127569, "r2": 0.9771246528186402, "status": "ok", "start_time": 1697428900.002636, "duration": 1.9444870948791504}, "current_params": {"N": 500, "iss": 0.9, "lr": 0.0011414997148981286, "ridge": 1e-07, "seed": 1234, "sr": 0.30993658351244163}}