{"returned_dict": {"loss": 0.12256294143326978, "r2": 0.645956416886829, "status": "ok", "start_time": 1697097728.86446, "duration": 0.7536451816558838}, "current_params": {"N": 500, "iss": 0.9, "lr": 0.351101881861253, "ridge": 1e-07, "seed": 1234, "sr": 2.8424339478368448}}