{"returned_dict": {"loss": 0.12679887500829168, "r2": 0.627865410780131, "status": "ok", "start_time": 1695803425.9307609, "duration": 0.7660081386566162}, "current_params": {"N": 500, "iss": 0.9, "lr": 0.8108075271225141, "ridge": 1e-07, "seed": 1234, "sr": 6.834465647289925}}