{"returned_dict": {"loss": 0.12679887500829168, "r2": 0.627865410780131, "status": "ok", "start_time": 1695800567.1263459, "duration": 1.1404831409454346}, "current_params": {"N": 500, "iss": 0.9, "lr": 0.8108075271225141, "ridge": 1e-07, "seed": 1234, "sr": 6.834465647289925}}