{"returned_dict": {"loss": 0.13888390194906838, "r2": 0.5520873722575712, "status": "ok", "start_time": 1695698397.504128, "duration": 0.7169559001922607}, "current_params": {"N": 500, "iss": 0.9, "lr": 0.6811753255192898, "ridge": 1e-07, "seed": 1234, "sr": 7.505573307332538}}