{"returned_dict": {"loss": 0.14743841329971136, "r2": 0.49549854258768544, "status": "ok", "start_time": 1697097350.6334138, "duration": 0.7486190795898438}, "current_params": {"N": 500, "iss": 0.9, "lr": 0.6811753255192898, "ridge": 1e-07, "seed": 1234, "sr": 7.505573307332538}}