{"returned_dict": {"loss": 0.14248685264091795, "r2": 0.5077989873110853, "status": "ok", "start_time": 1695803398.265981, "duration": 0.7715859413146973}, "current_params": {"N": 500, "iss": 0.9, "lr": 0.021490140480106088, "ridge": 1e-07, "seed": 1234, "sr": 0.7839491567314942}}