{"returned_dict": {"loss": 0.15242664303342243, "r2": 0.6147930441787985, "status": "ok", "start_time": 1695699108.6322088, "duration": 4.160555124282837}, "current_params": {"N": 500, "iss": 0.9, "lr": 0.0329584913173178, "ridge": 1e-07, "seed": 1234, "sr": 0.020006202812672045}}