{"returned_dict": {"loss": 0.1605832305300645, "r2": 0.39583845136717494, "status": "ok", "start_time": 1695698776.597949, "duration": 0.8503949642181396}, "current_params": {"N": 500, "iss": 0.9, "lr": 0.015577684928036517, "ridge": 1e-07, "seed": 1234, "sr": 0.7507802307193081}}