{"returned_dict": {"loss": 0.17399131048602487, "r2": 0.27264778269877515, "status": "ok", "start_time": 1695803511.543445, "duration": 0.805952787399292}, "current_params": {"N": 500, "iss": 0.9, "lr": 0.015577684928036517, "ridge": 1e-07, "seed": 1234, "sr": 0.7507802307193081}}