{"returned_dict": {"loss": 0.18074070284016178, "r2": 0.23878482454531402, "status": "ok", "start_time": 1695800537.9024372, "duration": 1.0113615989685059}, "current_params": {"N": 500, "iss": 0.9, "lr": 0.27385907525426495, "ridge": 1e-07, "seed": 1234, "sr": 4.425195681471678}}