{"returned_dict": {"loss": 0.18879501407545082, "r2": 0.07868190718327923, "status": "ok", "start_time": 1695698441.68112, "duration": 0.7126200199127197}, "current_params": {"N": 500, "iss": 0.9, "lr": 0.18446995638748825, "ridge": 1e-07, "seed": 1234, "sr": 1.3671630828846324}}