{"returned_dict": {"loss": 0.18224034096618966, "r2": 0.9490090010957166, "status": "ok", "start_time": 1697429026.743175, "duration": 1.8178129196166992}, "current_params": {"N": 500, "iss": 0.869355916285306, "lr": 0.0017588986916506517, "ridge": 0.009525997633827816, "seed": 1234, "sr": 1.2509379966926149}}