{"returned_dict": {"loss": 0.18981011353737, "r2": 0.1643250711095063, "status": "ok", "start_time": 1695803430.617125, "duration": 0.7460801601409912}, "current_params": {"N": 500, "iss": 0.9, "lr": 0.3314434048357353, "ridge": 1e-07, "seed": 1234, "sr": 6.833596167908428}}