{"returned_dict": {"loss": 0.1947110229286779, "r2": 0.003049740809550968, "status": "ok", "start_time": 1695698306.6577752, "duration": 0.7568268775939941}, "current_params": {"N": 500, "iss": 0.9, "lr": 0.2061305930661559, "ridge": 1e-07, "seed": 1234, "sr": 1.4787515437601555}}