{"returned_dict": {"loss": 0.20336917143154373, "r2": -0.06004335423669945, "status": "ok", "start_time": 1696926935.814112, "duration": 0.8824629783630371}, "current_params": {"N": 500, "iss": 0.9, "lr": 0.2061305930661559, "ridge": 1e-07, "seed": 1234, "sr": 1.4787515437601555}}