{"returned_dict": {"loss": 0.20792704288901298, "r2": -0.04205198482495379, "status": "ok", "start_time": 1695803501.938593, "duration": 0.7926721572875977}, "current_params": {"N": 500, "iss": 0.9, "lr": 0.0014504618087973706, "ridge": 1e-07, "seed": 1234, "sr": 0.28962112677540436}}