{"returned_dict": {"loss": 0.22914390377446267, "r2": 0.12941663658819894, "status": "ok", "start_time": 1695699408.443102, "duration": 4.156195163726807}, "current_params": {"N": 500, "iss": 0.9, "lr": 0.0066607915672958085, "ridge": 1e-07, "seed": 1234, "sr": 0.06204230622513381}}