{"returned_dict": {"loss": 0.23536433415134103, "r2": -0.2888811524858026, "status": "ok", "start_time": 1697006252.109279, "duration": 0.9177210330963135}, "current_params": {"N": 500, "iss": 0.9, "lr": 0.28270899609503314, "ridge": 1e-07, "seed": 1234, "sr": 9.019468988959579}}