{"returned_dict": {"loss": 0.24932049103407125, "r2": 0.09589019964210614, "status": "ok", "start_time": 1696932631.2657778, "duration": 2.411651134490967}, "current_params": {"N": 500, "iss": 0.9, "lr": 0.33784610522323594, "ridge": 1e-07, "seed": 1234, "sr": 3.416923934914541}}