{"returned_dict": {"loss": 0.2522831794165617, "r2": -0.05493622454361772, "status": "ok", "start_time": 1695699362.401653, "duration": 4.206810712814331}, "current_params": {"N": 500, "iss": 0.9, "lr": 0.003562915550473451, "ridge": 1e-07, "seed": 1234, "sr": 0.015217119086357022}}