{"returned_dict": {"loss": 0.26330702032718944, "r2": 0.9920185163991952, "status": "ok", "start_time": 1697006173.635941, "duration": 0.9700889587402344}, "current_params": {"N": 500, "iss": 0.9, "lr": 0.0011414997148981286, "ridge": 1e-07, "seed": 1234, "sr": 0.30993658351244163}}