{"returned_dict": {"loss": 0.2792824437891468, "r2": 0.8805624824319533, "status": "ok", "start_time": 1697429087.873298, "duration": 1.830146074295044}, "current_params": {"N": 500, "iss": 0.48683979711786196, "lr": 0.0041878954202570285, "ridge": 1.5267158874357313e-07, "seed": 1234, "sr": 0.7656474307799984}}