{"returned_dict": {"loss": 0.27556804783208305, "r2": -0.2586571204745208, "status": "ok", "start_time": 1695699725.769974, "duration": 4.165441036224365}, "current_params": {"N": 500, "iss": 0.9, "lr": 0.0027231966986053157, "ridge": 1e-07, "seed": 1234, "sr": 0.03438139057492874}}