{"returned_dict": {"loss": 0.2840654049280782, "r2": -0.8663395507736439, "status": "ok", "start_time": 1697097319.952492, "duration": 0.7496140003204346}, "current_params": {"N": 500, "iss": 0.9, "lr": 0.2999168282397612, "ridge": 1e-07, "seed": 1234, "sr": 2.0711751271159318}}