{"returned_dict": {"loss": 0.31103851545426087, "r2": -0.6035614177977504, "status": "ok", "start_time": 1695699262.716149, "duration": 4.144140958786011}, "current_params": {"N": 500, "iss": 0.9, "lr": 0.0022003912952545212, "ridge": 1e-07, "seed": 1234, "sr": 0.05016138018026818}}