{"returned_dict": {"loss": 0.31209862064527655, "r2": 0.9830665685561923, "status": "ok", "start_time": 1696928293.158931, "duration": 0.46756815910339355}, "current_params": {"N": 500, "iss": 0.9, "lr": 0.0010963749428805649, "ridge": 1e-07, "seed": 1234, "sr": 0.03747978558716274}}