{"returned_dict": {"loss": 0.3199455802056073, "r2": 0.9882173015819999, "status": "ok", "start_time": 1696928479.195791, "duration": 0.6322250366210938}, "current_params": {"N": 500, "iss": 0.9, "lr": 0.0012348539342148224, "ridge": 1e-07, "seed": 1234, "sr": 0.050152765364070276}}