{"returned_dict": {"loss": 0.3397703934835938, "r2": 0.980265208908217, "status": "ok", "start_time": 1696928265.752637, "duration": 0.4283020496368408}, "current_params": {"N": 500, "iss": 0.9, "lr": 0.0013477819629193828, "ridge": 1e-07, "seed": 1234, "sr": 0.01418389479892628}}