{"returned_dict": {"loss": 0.3356543187889139, "r2": 0.8274922788097226, "status": "ok", "start_time": 1697428629.969151, "duration": 1.8410589694976807}, "current_params": {"N": 500, "iss": 0.9, "lr": 0.0013297839048037883, "ridge": 1e-07, "seed": 1234, "sr": 0.012708968625748275}}