{"returned_dict": {"loss": 0.3370428258782889, "r2": 0.826063225935766, "status": "ok", "start_time": 1697428781.635968, "duration": 1.8422138690948486}, "current_params": {"N": 500, "iss": 0.9, "lr": 0.0013477819629193828, "ridge": 1e-07, "seed": 1234, "sr": 0.01418389479892628}}