{"returned_dict": {"loss": 0.3450664050200154, "r2": 0.9797084177624704, "status": "ok", "start_time": 1696928298.059809, "duration": 0.4401700496673584}, "current_params": {"N": 500, "iss": 0.9, "lr": 0.0013995995750949496, "ridge": 1e-07, "seed": 1234, "sr": 0.023462246374277934}}