{"returned_dict": {"loss": 0.35788641142557864, "r2": 0.8032345992410166, "status": "ok", "start_time": 1697428486.5497248, "duration": 1.8198320865631104}, "current_params": {"N": 500, "iss": 0.9, "lr": 0.0020381971895498943, "ridge": 1e-07, "seed": 1234, "sr": 0.09437285509046839}}