{"returned_dict": {"loss": 0.36619060535123316, "r2": 0.7560633415601657, "status": "ok", "start_time": 1697429188.22036, "duration": 1.907696008682251}, "current_params": {"N": 500, "iss": 0.006972115376929322, "lr": 0.012836594720886324, "ridge": 1.4561222069260244e-09, "seed": 1234, "sr": 0.7794764412014389}}