{"returned_dict": {"loss": 0.3723540951694894, "r2": 0.7861397531069113, "status": "ok", "start_time": 1697428556.533997, "duration": 1.862889051437378}, "current_params": {"N": 500, "iss": 0.9, "lr": 0.01829156443200663, "ridge": 1e-07, "seed": 1234, "sr": 1.7986325141052368}}