{"returned_dict": {"loss": 0.37936259023783325, "r2": -1.223308644360575, "status": "ok", "start_time": 1696933096.7306728, "duration": 2.3311049938201904}, "current_params": {"N": 500, "iss": 0.9, "lr": 0.18446995638748825, "ridge": 1e-07, "seed": 1234, "sr": 1.3671630828846324}}