{"returned_dict": {"loss": 0.3817935186511838, "r2": 0.9756711434890422, "status": "ok", "start_time": 1696928265.3341079, "duration": 0.41608595848083496}, "current_params": {"N": 500, "iss": 0.9, "lr": 0.0017793789683264896, "ridge": 1e-07, "seed": 1234, "sr": 0.10594870634350116}}