{"returned_dict": {"loss": 0.38239663732547546, "r2": -1.3122458085539928, "status": "ok", "start_time": 1696932700.408007, "duration": 2.3459272384643555}, "current_params": {"N": 500, "iss": 0.9, "lr": 0.13440662792423172, "ridge": 1e-07, "seed": 1234, "sr": 1.959651331974383}}