{"returned_dict": {"loss": 0.3871350454252916, "r2": 0.7705202021572645, "status": "ok", "start_time": 1697428615.1405902, "duration": 1.8459997177124023}, "current_params": {"N": 500, "iss": 0.9, "lr": 0.0016633478315350963, "ridge": 1e-07, "seed": 1234, "sr": 0.027598683234115115}}