{"returned_dict": {"loss": 0.3935090761370081, "r2": -1.306066300494933, "status": "ok", "start_time": 1696932508.401429, "duration": 2.270841121673584}, "current_params": {"N": 500, "iss": 0.9, "lr": 0.06675090446914045, "ridge": 1e-07, "seed": 1234, "sr": 2.2042634577971216}}