{"returned_dict": {"loss": 0.408061842896479, "r2": 0.9801561825812563, "status": "ok", "start_time": 1696932041.4039612, "duration": 0.5614190101623535}, "current_params": {"N": 500, "iss": 0.9, "lr": 0.0012348539342148224, "ridge": 1e-07, "seed": 1234, "sr": 0.050152765364070276}}