{"returned_dict": {"loss": 0.41035482114062355, "r2": -1.4907121303783857, "status": "ok", "start_time": 1696932976.8846679, "duration": 2.4210870265960693}, "current_params": {"N": 500, "iss": 0.9, "lr": 0.0914851365421383, "ridge": 1e-07, "seed": 1234, "sr": 1.2072384196976096}}