{"returned_dict": {"loss": 0.43850154090921106, "r2": 0.704590175751152, "status": "ok", "start_time": 1697428527.1787379, "duration": 1.8287479877471924}, "current_params": {"N": 500, "iss": 0.9, "lr": 0.008627726752024523, "ridge": 1e-07, "seed": 1234, "sr": 0.7656474307799984}}