{"returned_dict": {"loss": 0.4376791469818067, "r2": 0.9690692919862287, "status": "ok", "start_time": 1696928281.887425, "duration": 0.4469940662384033}, "current_params": {"N": 500, "iss": 0.9, "lr": 0.0024618930592986486, "ridge": 1e-07, "seed": 1234, "sr": 0.05019484139736029}}