{"returned_dict": {"loss": 0.43545030909702054, "r2": 0.7018343760085327, "status": "ok", "start_time": 1697429383.3097532, "duration": 1.8752858638763428}, "current_params": {"N": 500, "iss": 0.7111875236481379, "lr": 0.014953523366352292, "ridge": 0.003917533648237141, "seed": 1234, "sr": 1.908865762249811}}