{"returned_dict": {"loss": 0.437387885628661, "r2": 0.7070630301335951, "status": "ok", "start_time": 1697428849.9878771, "duration": 1.8273921012878418}, "current_params": {"N": 500, "iss": 0.9, "lr": 0.0024618930592986486, "ridge": 1e-07, "seed": 1234, "sr": 0.05019484139736029}}