{"returned_dict": {"loss": 0.4500730564063387, "r2": 0.6882388304083881, "status": "ok", "start_time": 1697429117.344052, "duration": 1.8276169300079346}, "current_params": {"N": 500, "iss": 0.8383160999911431, "lr": 0.023226759313516834, "ridge": 8.81560223051062e-07, "seed": 1234, "sr": 1.7986325141052368}}