{"returned_dict": {"loss": 0.4565875687775918, "r2": 0.9666771072822303, "status": "ok", "start_time": 1696928312.692357, "duration": 0.4660041332244873}, "current_params": {"N": 500, "iss": 0.9, "lr": 0.0027231966986053157, "ridge": 1e-07, "seed": 1234, "sr": 0.03438139057492874}}