{"returned_dict": {"loss": 0.47790359909503666, "r2": 0.9712101391730593, "status": "ok", "start_time": 1696932131.146672, "duration": 0.8175570964813232}, "current_params": {"N": 500, "iss": 0.9, "lr": 0.0011747404553185898, "ridge": 1e-07, "seed": 1234, "sr": 0.7794764412014389}}