{"returned_dict": {"loss": 0.476050081753107, "r2": -2.324083223898995, "status": "ok", "start_time": 1696932752.2262259, "duration": 2.408576011657715}, "current_params": {"N": 500, "iss": 0.9, "lr": 0.08409864424316024, "ridge": 1e-07, "seed": 1234, "sr": 1.038057705082271}}