{"returned_dict": {"loss": 0.4766114843763653, "r2": 0.9594370469855513, "status": "ok", "start_time": 1696928278.267978, "duration": 0.42296600341796875}, "current_params": {"N": 500, "iss": 0.9, "lr": 0.001511876975040721, "ridge": 1e-07, "seed": 1234, "sr": 1.665278509291293}}