{"returned_dict": {"loss": 0.4820020686688485, "r2": -3.1466391538500162, "status": "ok", "start_time": 1697436258.213352, "duration": 1.9532148838043213}, "current_params": {"N": 500, "iss": 0.06016013465638104, "lr": 0.23962511288825833, "ridge": 0.0007949579169258338, "seed": 1234, "sr": 3.416923934914541}}