{"returned_dict": {"loss": 0.49924034030799636, "r2": 0.9713119782904909, "status": "ok", "start_time": 1696930438.9398952, "duration": 0.5475199222564697}, "current_params": {"N": 500, "iss": 0.9, "lr": 0.0017768454950958875, "ridge": 1e-07, "seed": 1234, "sr": 0.2090196583408564}}