{"returned_dict": {"loss": 0.5002668050095783, "r2": -2.6643230849700466, "status": "ok", "start_time": 1696933040.724146, "duration": 2.3235971927642822}, "current_params": {"N": 500, "iss": 0.9, "lr": 0.12183627042316367, "ridge": 1e-07, "seed": 1234, "sr": 0.8542795536342308}}