{"returned_dict": {"loss": 0.526003513240848, "r2": 0.9673637419601185, "status": "ok", "start_time": 1696931378.847766, "duration": 0.5402791500091553}, "current_params": {"N": 500, "iss": 0.9, "lr": 0.0017768454950958875, "ridge": 1e-07, "seed": 1234, "sr": 0.2090196583408564}}