{"returned_dict": {"loss": 0.5202742652176412, "r2": 0.9688013719722718, "status": "ok", "start_time": 1696930378.792293, "duration": 0.5502197742462158}, "current_params": {"N": 500, "iss": 0.9, "lr": 0.0013477819629193828, "ridge": 1e-07, "seed": 1234, "sr": 0.01418389479892628}}