{"returned_dict": {"loss": 0.5346094771808018, "r2": 0.9662598985980448, "status": "ok", "start_time": 1696931272.038681, "duration": 0.5382721424102783}, "current_params": {"N": 500, "iss": 0.9, "lr": 0.0016633478315350963, "ridge": 1e-07, "seed": 1234, "sr": 0.027598683234115115}}