{"returned_dict": {"loss": 0.538559883415223, "r2": 0.9657813882093618, "status": "ok", "start_time": 1696932041.968724, "duration": 0.5678179264068604}, "current_params": {"N": 500, "iss": 0.9, "lr": 0.0017793789683264896, "ridge": 1e-07, "seed": 1234, "sr": 0.10594870634350116}}