{"returned_dict": {"loss": 0.5371874077734804, "r2": 0.5507528544129118, "status": "ok", "start_time": 1697428808.22841, "duration": 1.9592599868774414}, "current_params": {"N": 500, "iss": 0.9, "lr": 0.03353770330253128, "ridge": 1e-07, "seed": 1234, "sr": 2.1198068680338693}}