{"returned_dict": {"loss": 0.544287650551344, "r2": 0.5463964173455002, "status": "ok", "start_time": 1697428815.933881, "duration": 1.8441448211669922}, "current_params": {"N": 500, "iss": 0.9, "lr": 0.003562915550473451, "ridge": 1e-07, "seed": 1234, "sr": 0.015217119086357022}}