{"returned_dict": {"loss": 0.5423261837648817, "r2": 0.9660492166149274, "status": "ok", "start_time": 1696931167.919084, "duration": 0.523932933807373}, "current_params": {"N": 500, "iss": 0.9, "lr": 0.002001738706933608, "ridge": 1e-07, "seed": 1234, "sr": 0.39936841111501603}}