{"returned_dict": {"loss": 0.5592588514335178, "r2": -7.7239040248454955, "status": "ok", "start_time": 1696927068.595365, "duration": 0.7916848659515381}, "current_params": {"N": 500, "iss": 0.9, "lr": 0.0010345463215508882, "ridge": 1e-07, "seed": 1234, "sr": 0.7476653587619372}}