{"returned_dict": {"loss": 0.5671550315092357, "r2": 0.33427580296381315, "status": "ok", "start_time": 1697428406.9177139, "duration": 2.5279879570007324}, "current_params": {"N": 500, "iss": 0.9, "lr": 0.07250316961973834, "ridge": 1e-07, "seed": 1234, "sr": 2.76036316173383}}