{"returned_dict": {"loss": 0.5877800790363366, "r2": 0.46924745299703224, "status": "ok", "start_time": 1697428519.882457, "duration": 1.8086118698120117}, "current_params": {"N": 500, "iss": 0.9, "lr": 0.021490140480106088, "ridge": 1e-07, "seed": 1234, "sr": 0.7839491567314942}}