{"returned_dict": {"loss": 0.5988301817421878, "r2": 0.9576326707049393, "status": "ok", "start_time": 1696932042.5397189, "duration": 0.5765750408172607}, "current_params": {"N": 500, "iss": 0.9, "lr": 0.0013477819629193828, "ridge": 1e-07, "seed": 1234, "sr": 0.01418389479892628}}