{"returned_dict": {"loss": 0.5955684332010153, "r2": 0.4568962997586137, "status": "ok", "start_time": 1697429174.486208, "duration": 1.9115369319915771}, "current_params": {"N": 500, "iss": 0.5323854646527727, "lr": 0.003573156992234659, "ridge": 0.0008903885178857998, "seed": 1234, "sr": 0.015928787718820343}}