{"returned_dict": {"loss": 0.627815547896707, "r2": 0.39585329130461794, "status": "ok", "start_time": 1697428654.633474, "duration": 1.9680588245391846}, "current_params": {"N": 500, "iss": 0.9, "lr": 0.13440662792423172, "ridge": 1e-07, "seed": 1234, "sr": 1.959651331974383}}