{"returned_dict": {"loss": 0.6275877147409382, "r2": 0.39472212123783534, "status": "ok", "start_time": 1697429043.23837, "duration": 1.8716418743133545}, "current_params": {"N": 500, "iss": 0.33486009438808095, "lr": 0.004100650502354604, "ridge": 0.008206547427376674, "seed": 1234, "sr": 4.224184001973293}}