{"returned_dict": {"loss": 0.6241762694057037, "r2": 0.9540954242479073, "status": "ok", "start_time": 1696931281.016253, "duration": 0.6122779846191406}, "current_params": {"N": 500, "iss": 0.9, "lr": 0.0020381971895498943, "ridge": 1e-07, "seed": 1234, "sr": 0.09437285509046839}}