{"returned_dict": {"loss": 0.6564047463201069, "r2": 0.3402728826697432, "status": "ok", "start_time": 1697428696.718066, "duration": 1.882030963897705}, "current_params": {"N": 500, "iss": 0.9, "lr": 0.08409864424316024, "ridge": 1e-07, "seed": 1234, "sr": 1.038057705082271}}