{"returned_dict": {"loss": 0.6577953715557293, "r2": 0.337476721129157, "status": "ok", "start_time": 1697429017.370235, "duration": 1.9116950035095215}, "current_params": {"N": 500, "iss": 0.059936189081400526, "lr": 0.38264094967620654, "ridge": 1.8102732550311867e-05, "seed": 1234, "sr": 0.07966435869333038}}