{"returned_dict": {"loss": 0.6664540534893629, "r2": 0.3199202027102028, "status": "ok", "start_time": 1697429297.107221, "duration": 1.8650572299957275}, "current_params": {"N": 500, "iss": 0.6371089578578937, "lr": 0.026813811448575312, "ridge": 1.2394753758655106e-09, "seed": 1234, "sr": 0.03747978558716274}}