{"returned_dict": {"loss": 0.667556233243818, "r2": 0.315408078224459, "status": "ok", "start_time": 1697428471.547261, "duration": 1.843155860900879}, "current_params": {"N": 500, "iss": 0.9, "lr": 0.027648495633442953, "ridge": 1e-07, "seed": 1234, "sr": 0.09442721440119983}}