{"returned_dict": {"loss": 0.6655817266225958, "r2": 0.3194463079955802, "status": "ok", "start_time": 1697428530.851014, "duration": 1.8358771800994873}, "current_params": {"N": 500, "iss": 0.9, "lr": 0.7193342821146759, "ridge": 1e-07, "seed": 1234, "sr": 1.9577985037865835}}