{"returned_dict": {"loss": 0.6711914597732841, "r2": 0.3102153790130869, "status": "ok", "start_time": 1697429109.940903, "duration": 1.8183059692382812}, "current_params": {"N": 500, "iss": 0.9120267528405163, "lr": 0.10377622163746929, "ridge": 0.0009493042476638647, "seed": 1234, "sr": 1.1747727724200443}}