{"returned_dict": {"loss": 0.674375902914187, "r2": 0.3036566509381215, "status": "ok", "start_time": 1697429021.191344, "duration": 1.8531849384307861}, "current_params": {"N": 500, "iss": 0.7044600162750467, "lr": 0.05989081733494548, "ridge": 3.058579821085371e-08, "seed": 1234, "sr": 0.1626795681245935}}