{"returned_dict": {"loss": 0.6743579178022067, "r2": 0.30138642271081467, "status": "ok", "start_time": 1697428549.119467, "duration": 1.8721117973327637}, "current_params": {"N": 500, "iss": 0.9, "lr": 0.3645399937282733, "ridge": 1e-07, "seed": 1234, "sr": 1.1747727724200443}}