{"returned_dict": {"loss": 0.6767889127919974, "r2": 0.2986644930986372, "status": "ok", "start_time": 1697428713.910651, "duration": 1.9284472465515137}, "current_params": {"N": 500, "iss": 0.9, "lr": 0.039950389623756244, "ridge": 1e-07, "seed": 1234, "sr": 0.01695935124689556}}