{"returned_dict": {"loss": 0.679520981699434, "r2": 0.2929906886835245, "status": "ok", "start_time": 1697429113.6261451, "duration": 1.891427993774414}, "current_params": {"N": 500, "iss": 0.7077176383000704, "lr": 0.08645762464145056, "ridge": 2.45461325245235e-09, "seed": 1234, "sr": 0.013953269187234588}}