{"returned_dict": {"loss": 0.6708696061207492, "r2": 0.31087844670024817, "status": "ok", "start_time": 1697429323.098233, "duration": 1.8367838859558105}, "current_params": {"N": 500, "iss": 0.8161326333926638, "lr": 0.07816106311699304, "ridge": 7.358885705656805e-05, "seed": 1234, "sr": 0.8542795536342308}}