{"returned_dict": {"loss": 0.6788274070120801, "r2": 0.2920953939340046, "status": "ok", "start_time": 1697428490.2253902, "duration": 1.8226947784423828}, "current_params": {"N": 500, "iss": 0.9, "lr": 0.13776330861630057, "ridge": 1e-07, "seed": 1234, "sr": 0.2197712027474747}}