{"returned_dict": {"loss": 0.6750807880117895, "r2": 0.3022001847641886, "status": "ok", "start_time": 1697428681.615995, "duration": 1.8959999084472656}, "current_params": {"N": 500, "iss": 0.9, "lr": 0.05748154012762825, "ridge": 1e-07, "seed": 1234, "sr": 0.14848409471568397}}