{"returned_dict": {"loss": 0.68462876446696, "r2": 0.28232190899227044, "status": "ok", "start_time": 1697429106.2814631, "duration": 1.8213858604431152}, "current_params": {"N": 500, "iss": 0.911210058605431, "lr": 0.2183850802283866, "ridge": 1.4229800128550176e-05, "seed": 1234, "sr": 0.22833541526599072}}