{"returned_dict": {"loss": 0.6831644702876499, "r2": 0.28538837254757377, "status": "ok", "start_time": 1697429262.005465, "duration": 1.8370320796966553}, "current_params": {"N": 500, "iss": 0.9526407636866457, "lr": 0.03942187518677715, "ridge": 0.00016087888046694687, "seed": 1234, "sr": 0.03600276409094316}}