{"returned_dict": {"loss": 0.6857605532108823, "r2": 0.2799471489395065, "status": "ok", "start_time": 1697429271.325949, "duration": 1.82224702835083}, "current_params": {"N": 500, "iss": 0.735910449821011, "lr": 0.03687802163588743, "ridge": 0.0019711206562567562, "seed": 1234, "sr": 0.04328771757628488}}