{"returned_dict": {"loss": 0.689868671178743, "r2": 0.2712942186972154, "status": "ok", "start_time": 1697428969.179967, "duration": 1.8282990455627441}, "current_params": {"N": 500, "iss": 0.9, "lr": 0.6850520991863419, "ridge": 1e-07, "seed": 1234, "sr": 0.0440605775382449}}