{"returned_dict": {"loss": 0.6869786041015665, "r2": 0.2773868451809174, "status": "ok", "start_time": 1697429178.302252, "duration": 1.8578228950500488}, "current_params": {"N": 500, "iss": 0.900126341412187, "lr": 0.6751854428024655, "ridge": 1.6359488069904826e-09, "seed": 1234, "sr": 0.050152765364070276}}