{"returned_dict": {"loss": 0.6875024347150616, "r2": 0.2738864348154613, "status": "ok", "start_time": 1697428488.374159, "duration": 1.8466548919677734}, "current_params": {"N": 500, "iss": 0.9, "lr": 0.3544579971335427, "ridge": 1e-07, "seed": 1234, "sr": 0.0544052294998603}}