{"returned_dict": {"loss": 0.6888719173416048, "r2": 0.2733984088070819, "status": "ok", "start_time": 1697428637.392139, "duration": 1.8440141677856445}, "current_params": {"N": 500, "iss": 0.9, "lr": 0.5214286704332637, "ridge": 1e-07, "seed": 1234, "sr": 0.04981749804245153}}