{"returned_dict": {"loss": 0.681831414089662, "r2": 0.2881747044729111, "status": "ok", "start_time": 1697428898.098578, "duration": 1.8988640308380127}, "current_params": {"N": 500, "iss": 0.9, "lr": 0.5127972912670764, "ridge": 1e-07, "seed": 1234, "sr": 0.3797757622392174}}