{"returned_dict": {"loss": 0.6886738275923617, "r2": 0.27381620496417053, "status": "ok", "start_time": 1697428679.6654751, "duration": 1.9455387592315674}, "current_params": {"N": 500, "iss": 0.9, "lr": 0.4679014023329361, "ridge": 1e-07, "seed": 1234, "sr": 0.046727228044946535}}