{"returned_dict": {"loss": 0.6901945275615988, "r2": 0.9450112813218835, "status": "ok", "start_time": 1697006093.454068, "duration": 0.6692790985107422}, "current_params": {"N": 500, "iss": 0.9, "lr": 0.002614659205052392, "ridge": 1e-07, "seed": 1234, "sr": 0.3105316802728771}}