{"returned_dict": {"loss": 0.6923519594030655, "r2": 0.9281502305226844, "status": "ok", "start_time": 1696928278.693381, "duration": 0.4352531433105469}, "current_params": {"N": 500, "iss": 0.9, "lr": 0.0066607915672958085, "ridge": 1e-07, "seed": 1234, "sr": 0.06204230622513381}}