{"returned_dict": {"loss": 0.691140905056431, "r2": 0.2686039753523569, "status": "ok", "start_time": 1697428842.353757, "duration": 2.023360013961792}, "current_params": {"N": 500, "iss": 0.9, "lr": 0.5629225816283605, "ridge": 1e-07, "seed": 1234, "sr": 0.012580639725311055}}