{"returned_dict": {"loss": 0.6966291521595375, "r2": 0.254460520973376, "status": "ok", "start_time": 1697428482.926379, "duration": 1.8073148727416992}, "current_params": {"N": 500, "iss": 0.9, "lr": 0.9187802178509046, "ridge": 1e-07, "seed": 1234, "sr": 4.224184001973293}}