{"returned_dict": {"loss": 0.6964419077842153, "r2": 0.25733297844294095, "status": "ok", "start_time": 1697428671.738102, "duration": 1.9701261520385742}, "current_params": {"N": 500, "iss": 0.9, "lr": 0.9886841501638685, "ridge": 1e-07, "seed": 1234, "sr": 4.574545330611019}}