{"returned_dict": {"loss": 0.6904359370895747, "r2": 0.2700928875594285, "status": "ok", "start_time": 1697429289.713045, "duration": 1.8414289951324463}, "current_params": {"N": 500, "iss": 0.8091744524034417, "lr": 0.9358123326900604, "ridge": 3.7883632037985046e-08, "seed": 1234, "sr": 5.974243589442645}}