{"returned_dict": {"loss": 0.6909252467240402, "r2": 0.2690604207787676, "status": "ok", "start_time": 1697429263.847504, "duration": 1.8605990409851074}, "current_params": {"N": 500, "iss": 0.794303432239716, "lr": 0.7725304602957936, "ridge": 1.3376623261071025e-07, "seed": 1234, "sr": 0.026191894186955052}}