{"returned_dict": {"loss": 0.7063434904535457, "r2": 0.2356128578140033, "status": "ok", "start_time": 1697429319.4039621, "duration": 1.8145637512207031}, "current_params": {"N": 500, "iss": 0.5315682009230276, "lr": 0.1775950750495892, "ridge": 0.0002207334426427236, "seed": 1234, "sr": 6.954268155528048}}