{"returned_dict": {"loss": 0.7104714561934237, "r2": 0.22678784001164387, "status": "ok", "start_time": 1697428664.2228532, "duration": 1.8933687210083008}, "current_params": {"N": 500, "iss": 0.9, "lr": 0.10450923140136353, "ridge": 1e-07, "seed": 1234, "sr": 4.997336540870967}}