{"returned_dict": {"loss": 0.7146666757981602, "r2": 0.2176797718489535, "status": "ok", "start_time": 1697428755.402943, "duration": 1.8304100036621094}, "current_params": {"N": 500, "iss": 0.9, "lr": 0.3314434048357353, "ridge": 1e-07, "seed": 1234, "sr": 6.833596167908428}}