{"returned_dict": {"loss": 0.7237622625769314, "r2": 0.19705940041198952, "status": "ok", "start_time": 1697428698.6050181, "duration": 1.874450922012329}, "current_params": {"N": 500, "iss": 0.9, "lr": 0.27385907525426495, "ridge": 1e-07, "seed": 1234, "sr": 4.425195681471678}}