{"returned_dict": {"loss": 0.7202335654231292, "r2": 0.2049216287355395, "status": "ok", "start_time": 1697429267.598808, "duration": 1.8194828033447266}, "current_params": {"N": 500, "iss": 0.975796083487275, "lr": 0.36345335286724006, "ridge": 3.344756996651249e-07, "seed": 1234, "sr": 3.928074544493676}}