{"returned_dict": {"loss": 0.7259482308028452, "r2": 0.933101622307321, "status": "ok", "start_time": 1697012436.554742, "duration": 0.5339267253875732}, "current_params": {"N": 500, "iss": 0.9, "lr": 0.0022208776832486165, "ridge": 1e-07, "seed": 1234, "sr": 1.1658340735577972}}