{"returned_dict": {"loss": 0.7297115551977734, "r2": 0.18039877216001046, "status": "ok", "start_time": 1697428573.0246882, "duration": 1.8040509223937988}, "current_params": {"N": 500, "iss": 0.9, "lr": 0.33784610522323594, "ridge": 1e-07, "seed": 1234, "sr": 3.416923934914541}}