{"returned_dict": {"loss": 0.7366004719404776, "r2": 0.1689460417592741, "status": "ok", "start_time": 1697428753.5584419, "duration": 1.839717149734497}, "current_params": {"N": 500, "iss": 0.9, "lr": 0.351101881861253, "ridge": 1e-07, "seed": 1234, "sr": 2.8424339478368448}}