{"returned_dict": {"loss": 0.7514816303873864, "r2": 0.518485576796479, "status": "ok", "start_time": 1696941681.420341, "duration": 2.3405890464782715}, "current_params": {"N": 500, "iss": 0.9, "lr": 0.0013477819629193828, "ridge": 1e-07, "seed": 1234, "sr": 0.01418389479892628}}