{"returned_dict": {"loss": 0.7688505693115134, "r2": 0.9319606031201645, "status": "ok", "start_time": 1696928504.030644, "duration": 0.627683162689209}, "current_params": {"N": 500, "iss": 0.9, "lr": 0.0024618930592986486, "ridge": 1e-07, "seed": 1234, "sr": 0.05019484139736029}}