{"returned_dict": {"loss": 0.8021576391921053, "r2": 0.4510614735356541, "status": "ok", "start_time": 1696999277.112658, "duration": 8.83619499206543}, "current_params": {"N": 500, "connectivity": 0.8202041368713199, "iss": 0.3547992325623448, "lr": 0.0015879865199761832, "noise_rc": 1.4446576598938763e-05, "ridge": 5.36043117633386e-08, "seed": 1234, "sr": 0.13504276379966784}}