{"returned_dict": {"loss": 0.8288309435262508, "r2": 0.9128694006700419, "status": "ok", "start_time": 1697006133.7075179, "duration": 0.655569314956665}, "current_params": {"N": 500, "iss": 0.9, "lr": 0.0012706168633971231, "ridge": 1e-07, "seed": 1234, "sr": 1.2556711601352721}}