{"returned_dict": {"loss": 0.8582597719133469, "r2": 0.37193498948660464, "status": "ok", "start_time": 1696999818.6407921, "duration": 2.766589879989624}, "current_params": {"N": 500, "connectivity": 0.1425599646716027, "iss": 0.5837026252412505, "lr": 0.0010184475157472665, "noise_rc": 0.0016409272277954922, "ridge": 0.005378879223360764, "seed": 1234, "sr": 0.011405319213458769}}