{"returned_dict": {"loss": 0.8689301866948123, "r2": 0.35624272112147076, "status": "ok", "start_time": 1696999739.7914088, "duration": 9.718884229660034}, "current_params": {"N": 500, "connectivity": 0.9285259992764897, "iss": 0.7126580174444501, "lr": 0.002535667834391894, "noise_rc": 0.00017577854188914168, "ridge": 0.11277122778088225, "seed": 1234, "sr": 0.11855799312403709}}