{"returned_dict": {"loss": 0.8646553457550361, "r2": 0.36251026184445556, "status": "ok", "start_time": 1696941723.4096892, "duration": 2.329866886138916}, "current_params": {"N": 500, "iss": 0.9, "lr": 0.003562915550473451, "ridge": 1e-07, "seed": 1234, "sr": 0.015217119086357022}}