{"returned_dict": {"loss": 0.8698162194294423, "r2": -11.682792723955474, "status": "ok", "start_time": 1695698982.869616, "duration": 4.183057069778442}, "current_params": {"N": 500, "iss": 0.9, "lr": 0.0020381971895498943, "ridge": 1e-07, "seed": 1234, "sr": 0.09437285509046839}}