{"returned_dict": {"loss": 0.87886903571468, "r2": 0.3412636502403015, "status": "ok", "start_time": 1696999637.230572, "duration": 9.470020055770874}, "current_params": {"N": 500, "connectivity": 0.8529274756372378, "iss": 0.7143954050509415, "lr": 0.0021725604472230754, "noise_rc": 2.5159475215065267e-05, "ridge": 2.0147938343068603e-09, "seed": 1234, "sr": 0.05019484139736029}}