{"returned_dict": {"loss": 0.8944476451839369, "r2": 0.31784690569344604, "status": "ok", "start_time": 1696941802.4671402, "duration": 2.4260997772216797}, "current_params": {"N": 500, "iss": 0.9, "lr": 0.005077070012844686, "ridge": 1e-07, "seed": 1234, "sr": 0.015767522293681297}}