{"returned_dict": {"loss": 0.8908815486696909, "r2": 0.3226827333162602, "status": "ok", "start_time": 1697000031.484096, "duration": 7.600158929824829}, "current_params": {"N": 500, "connectivity": 0.6643275076210466, "iss": 0.40431171532758003, "lr": 0.0029972973147658027, "noise_rc": 0.0003149048841737889, "ridge": 9.679550116546153e-06, "seed": 1234, "sr": 0.575269795679041}}