{"returned_dict": {"loss": 0.9011948141326004, "r2": 0.9065191851582363, "status": "ok", "start_time": 1697006143.608923, "duration": 0.6228032112121582}, "current_params": {"N": 500, "iss": 0.9, "lr": 0.002910322515656923, "ridge": 1e-07, "seed": 1234, "sr": 0.1521671071513882}}