{"returned_dict": {"loss": 0.957785743029063, "r2": 0.21779197673778258, "status": "ok", "start_time": 1696999107.444175, "duration": 7.4745848178863525}, "current_params": {"N": 500, "connectivity": 0.6771919705115091, "iss": 0.06885148603805569, "lr": 0.02887482703111221, "noise_rc": 0.00010880772082248292, "ridge": 1.3172087504770113e-07, "seed": 1234, "sr": 0.7656474307799984}}