{"returned_dict": {"loss": 0.9637527147392531, "r2": 0.2080764152282271, "status": "ok", "start_time": 1697007794.9601989, "duration": 5.07501220703125}, "current_params": {"N": 500, "connectivity": 0.4035695413244863, "iss": 0.33816558149537235, "lr": 0.010923348581454497, "noise_rc": 0.0002733893543017881, "ridge": 9.256492567853924e-10, "seed": 1234, "sr": 0.3226348405474758}}