{"returned_dict": {"loss": 0.965626922327496, "r2": 0.20498093665403005, "status": "ok", "start_time": 1696999592.923234, "duration": 9.088115930557251}, "current_params": {"N": 500, "connectivity": 0.8302807939622167, "iss": 0.8287590905150228, "lr": 0.006023987780186843, "noise_rc": 0.0005623513802166778, "ridge": 5.560145361852039e-08, "seed": 1234, "sr": 0.06204230622513381}}