{"returned_dict": {"loss": 0.9652066238057753, "r2": 0.20568481234788158, "status": "ok", "start_time": 1696999319.379126, "duration": 2.261132001876831}, "current_params": {"N": 500, "connectivity": 0.0749828789645065, "iss": 0.050515080111762756, "lr": 0.029377556007147088, "noise_rc": 0.0016533902761856865, "ridge": 6.014207657028441e-05, "seed": 1234, "sr": 0.02572013644212619}}