{"returned_dict": {"loss": 0.9689886483625063, "r2": 0.19929834903684163, "status": "ok", "start_time": 1696941581.2196622, "duration": 2.3410186767578125}, "current_params": {"N": 500, "iss": 0.9, "lr": 0.0329584913173178, "ridge": 1e-07, "seed": 1234, "sr": 0.020006202812672045}}