{"returned_dict": {"loss": 0.9717697338206778, "r2": 0.1948454358112829, "status": "ok", "start_time": 1696999114.922457, "duration": 7.291884183883667}, "current_params": {"N": 500, "connectivity": 0.677577852296773, "iss": 0.7423288590243644, "lr": 0.09949590855212753, "noise_rc": 0.00024805493955452234, "ridge": 2.2001945281497216e-09, "seed": 1234, "sr": 2.2553242781758827}}