{"returned_dict": {"loss": 0.9757658735486759, "r2": 0.1881294430141077, "status": "ok", "start_time": 1696941597.626933, "duration": 2.3387649059295654}, "current_params": {"N": 500, "iss": 0.9, "lr": 0.039950389623756244, "ridge": 1e-07, "seed": 1234, "sr": 0.01695935124689556}}