{"returned_dict": {"loss": 0.9727857710374411, "r2": 0.193116807112644, "status": "ok", "start_time": 1696999140.5383732, "duration": 2.9276816844940186}, "current_params": {"N": 500, "connectivity": 0.16016790147379623, "iss": 0.6871892288150541, "lr": 0.02382815286621202, "noise_rc": 0.00038891831941095773, "ridge": 0.00026059334182272604, "seed": 1234, "sr": 1.038057705082271}}