{"returned_dict": {"loss": 0.9808087720315842, "r2": 0.17979694443350236, "status": "ok", "start_time": 1697007800.039623, "duration": 6.720984935760498}, "current_params": {"N": 500, "connectivity": 0.5630844248780101, "iss": 0.9065407930159006, "lr": 0.14772152190499194, "noise_rc": 0.0016207535881927406, "ridge": 4.076064861081557e-09, "seed": 1234, "sr": 1.8373084854604944}}