{"returned_dict": {"loss": 0.9850810171888504, "r2": 0.1722580055580739, "status": "ok", "start_time": 1696941499.61634, "duration": 2.333484172821045}, "current_params": {"N": 500, "iss": 0.9, "lr": 0.15492403550483747, "ridge": 1e-07, "seed": 1234, "sr": 0.07071032186253305}}