{"returned_dict": {"loss": 0.980386214292769, "r2": 0.18051071634787855, "status": "ok", "start_time": 1697007856.3352342, "duration": 7.266672849655151}, "current_params": {"N": 500, "connectivity": 0.6106246394952863, "iss": 0.8087834650219081, "lr": 0.004473104328583632, "noise_rc": 0.01110505580857817, "ridge": 0.001997082488783037, "seed": 1234, "sr": 0.07071032186253305}}