{"returned_dict": {"loss": 0.9853608646123964, "r2": 0.17172062627016152, "status": "ok", "start_time": 1696999651.177491, "duration": 3.9687280654907227}, "current_params": {"N": 500, "connectivity": 0.32687694127144995, "iss": 0.8750851928754076, "lr": 0.016027203605528336, "noise_rc": 0.001937035634924831, "ridge": 0.03382020293675784, "seed": 1234, "sr": 5.987530745926846}}