{"returned_dict": {"loss": 0.987623591017689, "r2": 0.16836251815345682, "status": "ok", "start_time": 1696999353.2449, "duration": 8.86339807510376}, "current_params": {"N": 500, "connectivity": 0.809686733400673, "iss": 0.28113258027382537, "lr": 0.26704259294622523, "noise_rc": 0.0005293327820550987, "ridge": 0.00015537422939270278, "seed": 1234, "sr": 0.19935467732696538}}