{"returned_dict": {"loss": 0.9868889723713407, "r2": 0.16959036122365892, "status": "ok", "start_time": 1696999308.47316, "duration": 1.9141559600830078}, "current_params": {"N": 500, "connectivity": 0.0076677608331633396, "iss": 0.8373535245087249, "lr": 0.6637065710185946, "noise_rc": 0.0017377646975096069, "ridge": 0.025197914948442753, "seed": 1234, "sr": 6.833596167908428}}