{"returned_dict": {"loss": 0.9870179794074269, "r2": 0.16928233777403526, "status": "ok", "start_time": 1696941709.383156, "duration": 2.3451240062713623}, "current_params": {"N": 500, "iss": 0.9, "lr": 0.05729573294171989, "ridge": 1e-07, "seed": 1234, "sr": 0.03414048410383786}}