{"returned_dict": {"loss": 0.9859262678744382, "r2": 0.17121417470878053, "status": "ok", "start_time": 1697007866.901866, "duration": 3.8397819995880127}, "current_params": {"N": 500, "connectivity": 0.24752489240406406, "iss": 0.11024313222527427, "lr": 0.835302612938579, "noise_rc": 1.2175405934555878e-05, "ridge": 0.11410806907420716, "seed": 1234, "sr": 0.04981749804245153}}