{"returned_dict": {"loss": 0.9828941782345302, "r2": 0.176291401988236, "status": "ok", "start_time": 1696999526.5132759, "duration": 8.31691312789917}, "current_params": {"N": 500, "connectivity": 0.762411818883553, "iss": 0.85662073181039, "lr": 0.052863699646660045, "noise_rc": 4.815643874169537e-05, "ridge": 6.907990986345517e-09, "seed": 1234, "sr": 0.015217119086357022}}