{"returned_dict": {"loss": 0.9882417720557637, "r2": 0.1673081196383018, "status": "ok", "start_time": 1696999774.429124, "duration": 10.72364592552185}, "current_params": {"N": 500, "connectivity": 0.9592284963506915, "iss": 0.5115916562816185, "lr": 0.884444025732572, "noise_rc": 0.00022762544001317842, "ridge": 0.1876420944129833, "seed": 1234, "sr": 0.5858648234147782}}