{"returned_dict": {"loss": 0.9935029782342379, "r2": 0.15831705947365884, "status": "ok", "start_time": 1697000012.675354, "duration": 8.995517015457153}, "current_params": {"N": 500, "connectivity": 0.8209386237785189, "iss": 0.4282118217196931, "lr": 0.268694864082811, "noise_rc": 0.006139029173015031, "ridge": 6.453089935543633e-08, "seed": 1234, "sr": 7.231920572306449}}