{"returned_dict": {"loss": 0.9915866879373435, "r2": 0.1616547309699117, "status": "ok", "start_time": 1696941809.5811992, "duration": 2.348585844039917}, "current_params": {"N": 500, "iss": 0.9, "lr": 0.865053734375228, "ridge": 1e-07, "seed": 1234, "sr": 0.12440910427817788}}