{"returned_dict": {"loss": 0.9904101979945953, "r2": 0.1636067675729347, "status": "ok", "start_time": 1696941576.5778198, "duration": 2.3221471309661865}, "current_params": {"N": 500, "iss": 0.9, "lr": 0.08409864424316024, "ridge": 1e-07, "seed": 1234, "sr": 1.038057705082271}}