{"returned_dict": {"loss": 0.9908608073696595, "r2": 0.16288179067472772, "status": "ok", "start_time": 1696941721.034212, "duration": 2.3717777729034424}, "current_params": {"N": 500, "iss": 0.9, "lr": 0.3567209557257145, "ridge": 1e-07, "seed": 1234, "sr": 0.014411455273543402}}