{"returned_dict": {"loss": 0.9913217204410171, "r2": 0.16211684623429526, "status": "ok", "start_time": 1696999560.589866, "duration": 3.613297939300537}, "current_params": {"N": 500, "connectivity": 0.2792446959910163, "iss": 0.4137623217395947, "lr": 0.35310858059453937, "noise_rc": 0.01595972021267786, "ridge": 3.5194143252304336e-09, "seed": 1234, "sr": 0.1521671071513882}}