{"returned_dict": {"loss": 1.0042504999218291, "r2": 0.14011211299321116, "status": "ok", "start_time": 1696998916.674582, "duration": 7.937525987625122}, "current_params": {"N": 500, "connectivity": 0.7375817486746217, "iss": 0.13981015914424932, "lr": 0.010255083898098764, "noise_rc": 0.054976724966398285, "ridge": 0.0199938451269659, "seed": 1234, "sr": 0.015590519612759524}}