{"returned_dict": {"loss": 1.0015875189655372, "r2": 0.14450909907996087, "status": "ok", "start_time": 1696941651.041931, "duration": 2.3568661212921143}, "current_params": {"N": 500, "iss": 0.9, "lr": 0.2538684770646215, "ridge": 1e-07, "seed": 1234, "sr": 0.0108079776956026}}