{"returned_dict": {"loss": 1.008783834442724, "r2": 0.13233673638237597, "status": "ok", "start_time": 1696999219.312526, "duration": 2.644145965576172}, "current_params": {"N": 500, "connectivity": 0.1375536547789583, "iss": 0.20380323243440646, "lr": 0.030886034533500646, "noise_rc": 0.14529587303906402, "ridge": 0.005066447113342334, "seed": 1234, "sr": 0.09169361093299348}}