{"returned_dict": {"loss": 1.0026026746023238, "r2": 0.14263365726340693, "status": "ok", "start_time": 1696941912.028977, "duration": 2.320404291152954}, "current_params": {"N": 500, "iss": 0.9, "lr": 0.18446995638748825, "ridge": 1e-07, "seed": 1234, "sr": 1.3671630828846324}}