{"returned_dict": {"loss": 1.0167074667507532, "r2": 0.11866088961063781, "status": "ok", "start_time": 1696999977.1542091, "duration": 9.81497597694397}, "current_params": {"N": 500, "connectivity": 0.9145832938002159, "iss": 0.9548228482666989, "lr": 0.06026554691009378, "noise_rc": 0.7451869303939683, "ridge": 2.236024179842572e-06, "seed": 1234, "sr": 0.7323231724059845}}