{"returned_dict": {"loss": 1.0214017406695066, "r2": 0.11048761553645207, "status": "ok", "start_time": 1696999088.53097, "duration": 8.927019119262695}, "current_params": {"N": 500, "connectivity": 0.8261700927768476, "iss": 0.8441763372588644, "lr": 0.027277235644713547, "noise_rc": 0.23241319718555808, "ridge": 7.329842669084213e-05, "seed": 1234, "sr": 0.14848409471568397}}