{"returned_dict": {"loss": 1.0394392060023723, "r2": 0.07599578488729535, "status": "ok", "start_time": 1696941548.5487301, "duration": 2.3416457176208496}, "current_params": {"N": 500, "iss": 0.9, "lr": 0.17391291381476306, "ridge": 1e-07, "seed": 1234, "sr": 0.011739026780685318}}