{"returned_dict": {"loss": 1.0759414870663828, "r2": 0.8625868371163202, "status": "ok", "start_time": 1696931138.279371, "duration": 0.5420200824737549}, "current_params": {"N": 500, "iss": 0.9, "lr": 0.004233385166803992, "ridge": 1e-07, "seed": 1234, "sr": 0.953319122623503}}