{"returned_dict": {"loss": 1.0713520784061272, "r2": 0.01843571596319878, "status": "ok", "start_time": 1696941497.280305, "duration": 2.332437038421631}, "current_params": {"N": 500, "iss": 0.9, "lr": 0.06675090446914045, "ridge": 1e-07, "seed": 1234, "sr": 2.2042634577971216}}