{"returned_dict": {"loss": 1.0930971100231401, "r2": -0.020570986770437633, "status": "ok", "start_time": 1696941470.670877, "duration": 2.342339038848877}, "current_params": {"N": 500, "iss": 0.9, "lr": 0.07250316961973834, "ridge": 1e-07, "seed": 1234, "sr": 2.76036316173383}}