{"returned_dict": {"loss": 1.0922627847489748, "r2": -0.017242642259716095, "status": "ok", "start_time": 1696999420.098191, "duration": 7.077699899673462}, "current_params": {"N": 500, "connectivity": 0.6457945937305171, "iss": 0.5180967267225881, "lr": 0.0032755186536236234, "noise_rc": 0.08138766915906669, "ridge": 0.018057991679142224, "seed": 1234, "sr": 2.0711751271159318}}