{"returned_dict": {"loss": 1.1045469829525894, "r2": -0.040202861559318924, "status": "ok", "start_time": 1696999147.5884092, "duration": 2.9079339504241943}, "current_params": {"N": 500, "connectivity": 0.17323672418670966, "iss": 0.6477652928145938, "lr": 0.007121920410033346, "noise_rc": 0.24477708108773677, "ridge": 1.1478656994856579e-05, "seed": 1234, "sr": 0.020006202812672045}}