{"returned_dict": {"loss": 1.1367428703198, "r2": 0.8511799348639086, "status": "ok", "start_time": 1696930329.541506, "duration": 0.5190567970275879}, "current_params": {"N": 500, "iss": 0.9, "lr": 0.004331629980965586, "ridge": 1e-07, "seed": 1234, "sr": 0.1626795681245935}}