{"returned_dict": {"loss": 1.138048081672473, "r2": -18.182152747094747, "status": "ok", "start_time": 1696932526.7822149, "duration": 2.352809190750122}, "current_params": {"N": 500, "iss": 0.9, "lr": 0.13776330861630057, "ridge": 1e-07, "seed": 1234, "sr": 0.2197712027474747}}