{"returned_dict": {"loss": 1.1843992049456067, "r2": -19.88903822105407, "status": "ok", "start_time": 1696932768.869919, "duration": 2.4324898719787598}, "current_params": {"N": 500, "iss": 0.9, "lr": 0.10803678961379123, "ridge": 1e-07, "seed": 1234, "sr": 0.21210441974152222}}