{"returned_dict": {"loss": 1.203161746743709, "r2": -0.2688583994523763, "status": "ok", "start_time": 1696941851.493082, "duration": 2.2867250442504883}, "current_params": {"N": 500, "iss": 0.9, "lr": 0.19508739133158107, "ridge": 1e-07, "seed": 1234, "sr": 6.954268155528048}}