{"returned_dict": {"loss": 1.2122445054819686, "r2": -0.25360478465257935, "status": "ok", "start_time": 1696941553.213569, "duration": 2.3546111583709717}, "current_params": {"N": 500, "iss": 0.9, "lr": 0.021490140480106088, "ridge": 1e-07, "seed": 1234, "sr": 0.7839491567314942}}