{"returned_dict": {"loss": 1.228154469974741, "r2": 0.7312842490881053, "status": "ok", "start_time": 1696928261.750617, "duration": 0.443756103515625}, "current_params": {"N": 500, "iss": 0.9, "lr": 0.0021754527786438816, "ridge": 1e-07, "seed": 1234, "sr": 2.3297993110223385}}