{"returned_dict": {"loss": 1.2328669340358336, "r2": 0.8206960413932615, "status": "ok", "start_time": 1696931106.405834, "duration": 0.515049934387207}, "current_params": {"N": 500, "iss": 0.9, "lr": 0.0014657043717974704, "ridge": 1e-07, "seed": 1234, "sr": 3.3229413943755635}}