{"returned_dict": {"loss": 1.2563220052673243, "r2": 0.8183319584253578, "status": "ok", "start_time": 1696928552.083292, "duration": 0.6350328922271729}, "current_params": {"N": 500, "iss": 0.9, "lr": 0.003928194271141713, "ridge": 1e-07, "seed": 1234, "sr": 0.050704131972421025}}