{"returned_dict": {"loss": 1.2665934354918127, "r2": -25.93113208675725, "status": "ok", "start_time": 1696932838.907756, "duration": 2.350123882293701}, "current_params": {"N": 500, "iss": 0.9, "lr": 0.023290415540192212, "ridge": 1e-07, "seed": 1234, "sr": 1.9933094412983583}}