{"returned_dict": {"loss": 1.3446594309614994, "r2": 0.775583501445079, "status": "ok", "start_time": 1696931374.985705, "duration": 0.5330071449279785}, "current_params": {"N": 500, "iss": 0.9, "lr": 0.0033459687263177693, "ridge": 1e-07, "seed": 1234, "sr": 1.182082887824895}}