{"returned_dict": {"loss": 1.3868280213392312, "r2": -0.7141333001787906, "status": "ok", "start_time": 1696999708.427187, "duration": 4.844908952713013}, "current_params": {"N": 500, "connectivity": 0.4306477862928544, "iss": 0.6710488599314507, "lr": 0.009148525779926408, "noise_rc": 0.0007808789205817366, "ridge": 7.938407570833539e-07, "seed": 1234, "sr": 2.6411464130177205}}