{"returned_dict": {"loss": 1.3883461080372823, "r2": -4.790240579507331, "status": "ok", "start_time": 1697428602.995012, "duration": 1.8595879077911377}, "current_params": {"N": 500, "iss": 0.9, "lr": 0.011631913763100198, "ridge": 1e-07, "seed": 1234, "sr": 2.3820731800209316}}