{"returned_dict": {"loss": 1.3988592987967892, "r2": 0.7746637627145603, "status": "ok", "start_time": 1696930349.76201, "duration": 0.5514678955078125}, "current_params": {"N": 500, "iss": 0.9, "lr": 0.008627726752024523, "ridge": 1e-07, "seed": 1234, "sr": 0.7656474307799984}}