{"returned_dict": {"loss": 1.4363574890205777, "r2": 0.7625338759886219, "status": "ok", "start_time": 1696928519.199056, "duration": 0.6356420516967773}, "current_params": {"N": 500, "iss": 0.9, "lr": 0.004574152964585012, "ridge": 1e-07, "seed": 1234, "sr": 0.017275455370965257}}