{"returned_dict": {"loss": 1.440666923473504, "r2": -0.8589053734758271, "status": "ok", "start_time": 1696941646.421742, "duration": 2.304763078689575}, "current_params": {"N": 500, "iss": 0.9, "lr": 0.351101881861253, "ridge": 1e-07, "seed": 1234, "sr": 2.8424339478368448}}