{"returned_dict": {"loss": 1.4777226302641957, "r2": 0.677892703176126, "status": "ok", "start_time": 1696928230.15681, "duration": 0.4926440715789795}, "current_params": {"N": 500, "iss": 0.9, "lr": 0.025202620361693902, "ridge": 1e-07, "seed": 1234, "sr": 0.015931944006093716}}