{"returned_dict": {"loss": 1.5057348719051393, "r2": 0.738958539557653, "status": "ok", "start_time": 1697006116.0926359, "duration": 0.643869161605835}, "current_params": {"N": 500, "iss": 0.9, "lr": 0.009517044749879343, "ridge": 1e-07, "seed": 1234, "sr": 0.5693766752526698}}