{"returned_dict": {"loss": 1.5059896910041901, "r2": 0.7145835346527853, "status": "ok", "start_time": 1696928447.741119, "duration": 0.6177270412445068}, "current_params": {"N": 500, "iss": 0.9, "lr": 0.0025277744748336503, "ridge": 1e-07, "seed": 1234, "sr": 2.2553242781758827}}