{"returned_dict": {"loss": 1.5348584255640587, "r2": 0.7226462691755402, "status": "ok", "start_time": 1696931350.6547132, "duration": 0.5268926620483398}, "current_params": {"N": 500, "iss": 0.9, "lr": 0.005077070012844686, "ridge": 1e-07, "seed": 1234, "sr": 0.015767522293681297}}