{"returned_dict": {"loss": 1.5775274094223166, "r2": -1.2647415683461196, "status": "ok", "start_time": 1696941632.525887, "duration": 2.2939560413360596}, "current_params": {"N": 500, "iss": 0.9, "lr": 0.7169143323529686, "ridge": 1e-07, "seed": 1234, "sr": 2.3610670815355883}}