{"returned_dict": {"loss": 1.6056480384093639, "r2": 0.5498054028936, "status": "ok", "start_time": 1696928242.6087492, "duration": 0.45718979835510254}, "current_params": {"N": 500, "iss": 0.9, "lr": 0.0025277744748336503, "ridge": 1e-07, "seed": 1234, "sr": 2.2553242781758827}}