{"returned_dict": {"loss": 1.6216987596595513, "r2": -3.187062922331988, "status": "ok", "start_time": 1697428571.205334, "duration": 1.8144772052764893}, "current_params": {"N": 500, "iss": 0.9, "lr": 0.02295730315688215, "ridge": 1e-07, "seed": 1234, "sr": 7.954497739510178}}