{"returned_dict": {"loss": 1.6782351902728496, "r2": -67.0796031211675, "status": "ok", "start_time": 1695803449.669547, "duration": 0.791140079498291}, "current_params": {"N": 500, "iss": 0.9, "lr": 0.01349209459388104, "ridge": 1e-07, "seed": 1234, "sr": 1.0616387878921083}}