{"returned_dict": {"loss": 1.7523372730063886, "r2": 0.47488470482004796, "status": "ok", "start_time": 1696928226.64699, "duration": 0.427340030670166}, "current_params": {"N": 500, "iss": 0.9, "lr": 0.003041391485982446, "ridge": 1e-07, "seed": 1234, "sr": 1.8373084854604944}}