{"returned_dict": {"loss": 1.8450033801156784, "r2": -78.28024593357728, "status": "ok", "start_time": 1695698653.550655, "duration": 0.8136031627655029}, "current_params": {"N": 500, "iss": 0.9, "lr": 0.10450923140136353, "ridge": 1e-07, "seed": 1234, "sr": 4.997336540870967}}