{"returned_dict": {"loss": 1.9307304335450624, "r2": 0.5610809017907309, "status": "ok", "start_time": 1696931304.734039, "duration": 0.546238899230957}, "current_params": {"N": 500, "iss": 0.9, "lr": 0.009487842647350041, "ridge": 1e-07, "seed": 1234, "sr": 0.07964860203040938}}