{"returned_dict": {"loss": 10.065031247388008, "r2": -11.846728549602842, "status": "ok", "start_time": 1696932075.761197, "duration": 0.7623748779296875}, "current_params": {"N": 500, "iss": 0.9, "lr": 0.012074538215625902, "ridge": 1e-07, "seed": 1234, "sr": 3.928074544493676}}