{"returned_dict": {"loss": 104.70122820359109, "r2": -305137.9458644979, "status": "ok", "start_time": 1697097402.6703842, "duration": 0.7763469219207764}, "current_params": {"N": 500, "iss": 0.9, "lr": 0.004412075877965789, "ridge": 1e-07, "seed": 1234, "sr": 4.0906546305123515}}