{"returned_dict": {"loss": 11.110069422510525, "r2": -17.76563822269141, "status": "ok", "start_time": 1696932006.2788632, "duration": 0.6192057132720947}, "current_params": {"N": 500, "iss": 0.9, "lr": 0.004652465849430955, "ridge": 1e-07, "seed": 1234, "sr": 5.580343023547168}}