{"returned_dict": {"loss": 11.433861591931453, "r2": -19.935104746820763, "status": "ok", "start_time": 1696932065.1034272, "duration": 0.7029907703399658}, "current_params": {"N": 500, "iss": 0.9, "lr": 0.004043788650283284, "ridge": 1e-07, "seed": 1234, "sr": 7.227207099998132}}