{"returned_dict": {"loss": 12.045824833184687, "r2": -4963.42482459429, "status": "ok", "start_time": 1696926995.2264829, "duration": 0.9046940803527832}, "current_params": {"N": 500, "iss": 0.9, "lr": 0.0021754527786438816, "ridge": 1e-07, "seed": 1234, "sr": 2.3297993110223385}}