{"returned_dict": {"loss": 12.243022943070878, "r2": -5125.312801520419, "status": "ok", "start_time": 1696926933.476991, "duration": 0.7755041122436523}, "current_params": {"N": 500, "iss": 0.9, "lr": 0.003041391485982446, "ridge": 1e-07, "seed": 1234, "sr": 1.8373084854604944}}