{"returned_dict": {"loss": 12.38169038408791, "r2": -4792.41506663914, "status": "ok", "start_time": 1695698330.5249972, "duration": 0.7384288311004639}, "current_params": {"N": 500, "iss": 0.9, "lr": 0.0025277744748336503, "ridge": 1e-07, "seed": 1234, "sr": 2.2553242781758827}}