{"returned_dict": {"loss": 12.894289338345592, "r2": -3062.590026980149, "status": "ok", "start_time": 1695699071.04077, "duration": 4.174315929412842}, "current_params": {"N": 500, "iss": 0.9, "lr": 0.002614659205052392, "ridge": 1e-07, "seed": 1234, "sr": 0.3105316802728771}}