{"returned_dict": {"loss": 134.1257605740086, "r2": -17697.02715682105, "status": "ok", "start_time": 1696941674.426698, "duration": 2.3282089233398438}, "current_params": {"N": 500, "iss": 0.9, "lr": 0.001438234015621399, "ridge": 1e-07, "seed": 1234, "sr": 2.540247736115996}}