{"returned_dict": {"loss": 1382.7558693781064, "r2": -32187559.535996486, "status": "ok", "start_time": 1695699416.7433732, "duration": 4.162380933761597}, "current_params": {"N": 500, "iss": 0.9, "lr": 0.004043788650283284, "ridge": 1e-07, "seed": 1234, "sr": 7.227207099998132}}