{"returned_dict": {"loss": 145.0925853474935, "r2": -19209.41346881648, "status": "ok", "start_time": 1696941541.592609, "duration": 2.326245069503784}, "current_params": {"N": 500, "iss": 0.9, "lr": 0.004652465849430955, "ridge": 1e-07, "seed": 1234, "sr": 5.580343023547168}}