{"returned_dict": {"loss": 148.44336701981837, "r2": -394838.4801370255, "status": "ok", "start_time": 1697436275.314643, "duration": 1.8669650554656982}, "current_params": {"N": 500, "iss": 0.029495943205165465, "lr": 0.015679192953865242, "ridge": 3.171371461069988e-05, "seed": 1234, "sr": 7.78867384430367}}