{"returned_dict": {"loss": 15.284979686467295, "r2": -7830.089885211302, "status": "ok", "start_time": 1697097278.896009, "duration": 0.7816078662872314}, "current_params": {"N": 500, "iss": 0.9, "lr": 0.0025277744748336503, "ridge": 1e-07, "seed": 1234, "sr": 2.2553242781758827}}