{"returned_dict": {"loss": 15.602443411106938, "r2": -5837.2858099423165, "status": "ok", "start_time": 1695800635.768857, "duration": 0.8252758979797363}, "current_params": {"N": 500, "iss": 0.9, "lr": 0.043542816329557914, "ridge": 1e-07, "seed": 1234, "sr": 3.180379394013653}}