{"returned_dict": {"loss": 16.125901709367263, "r2": -4342.050890952019, "status": "ok", "start_time": 1695699596.1028008, "duration": 4.16572117805481}, "current_params": {"N": 500, "iss": 0.9, "lr": 0.0014504618087973706, "ridge": 1e-07, "seed": 1234, "sr": 0.28962112677540436}}