{"returned_dict": {"loss": 16.801532802117936, "r2": -8607.10720447387, "status": "ok", "start_time": 1697097723.4335349, "duration": 0.7735991477966309}, "current_params": {"N": 500, "iss": 0.9, "lr": 0.0014657043717974704, "ridge": 1e-07, "seed": 1234, "sr": 3.3229413943755635}}