{"returned_dict": {"loss": 2.0020902478874034, "r2": -68.68539789715065, "status": "ok", "start_time": 1696932979.311125, "duration": 2.354274034500122}, "current_params": {"N": 500, "iss": 0.9, "lr": 0.014788360119021833, "ridge": 1e-07, "seed": 1234, "sr": 2.6411464130177205}}