{"returned_dict": {"loss": 2.092038665498829, "r2": -101.50857313483358, "status": "ok", "start_time": 1695803388.564399, "duration": 0.7533798217773438}, "current_params": {"N": 500, "iss": 0.9, "lr": 0.13440662792423172, "ridge": 1e-07, "seed": 1234, "sr": 1.959651331974383}}