{"returned_dict": {"loss": 2.0969698655057054, "r2": 0.351267353743403, "status": "ok", "start_time": 1696928224.845616, "duration": 0.49388980865478516}, "current_params": {"N": 500, "iss": 0.9, "lr": 0.06679554327816328, "ridge": 1e-07, "seed": 1234, "sr": 0.07966435869333038}}