{"returned_dict": {"loss": 2.092038665498829, "r2": -101.50857313483358, "status": "ok", "start_time": 1695800508.779056, "duration": 1.067152976989746}, "current_params": {"N": 500, "iss": 0.9, "lr": 0.13440662792423172, "ridge": 1e-07, "seed": 1234, "sr": 1.959651331974383}}