{"returned_dict": {"loss": 2.2597130971189157, "r2": 0.3988194590873014, "status": "ok", "start_time": 1696931358.4132102, "duration": 0.5453367233276367}, "current_params": {"N": 500, "iss": 0.9, "lr": 0.010792320963354871, "ridge": 1e-07, "seed": 1234, "sr": 0.030264242037118992}}