{"returned_dict": {"loss": 2.2569005290776647, "r2": 0.4137239417451551, "status": "ok", "start_time": 1697012442.193151, "duration": 0.5215950012207031}, "current_params": {"N": 500, "iss": 0.9, "lr": 0.020195420899796784, "ridge": 1e-07, "seed": 1234, "sr": 0.3157133897830133}}