{"returned_dict": {"loss": 2.324086571370557, "r2": 0.36408192668509526, "status": "ok", "start_time": 1696932091.8392682, "duration": 0.9475178718566895}, "current_params": {"N": 500, "iss": 0.9, "lr": 0.011499726306602578, "ridge": 1e-07, "seed": 1234, "sr": 0.020489195252075855}}