{"returned_dict": {"loss": 2.3928003862434344, "r2": -82.60051066439007, "status": "ok", "start_time": 1696932728.802186, "duration": 2.428114891052246}, "current_params": {"N": 500, "iss": 0.9, "lr": 0.021490140480106088, "ridge": 1e-07, "seed": 1234, "sr": 0.7839491567314942}}