{"returned_dict": {"loss": 2.451160232300035, "r2": 0.3084556969189703, "status": "ok", "start_time": 1697006217.2832398, "duration": 1.1054463386535645}, "current_params": {"N": 500, "iss": 0.9, "lr": 0.013028269821287615, "ridge": 1e-07, "seed": 1234, "sr": 0.013649509767262393}}