{"returned_dict": {"loss": 2.4654982420884033, "r2": 0.30033088226333543, "status": "ok", "start_time": 1696928510.6161568, "duration": 0.6279821395874023}, "current_params": {"N": 500, "iss": 0.9, "lr": 0.014579511085556102, "ridge": 1e-07, "seed": 1234, "sr": 0.02684390359598015}}