{"returned_dict": {"loss": 2.4949851482286163, "r2": 0.17687106139614386, "status": "ok", "start_time": 1696928498.2389061, "duration": 0.6299736499786377}, "current_params": {"N": 500, "iss": 0.9, "lr": 0.006714336361084555, "ridge": 1e-07, "seed": 1234, "sr": 1.7459748086870097}}