{"returned_dict": {"loss": 2.5112543184976786, "r2": 0.1934571763031138, "status": "ok", "start_time": 1697012395.054433, "duration": 0.5540919303894043}, "current_params": {"N": 500, "iss": 0.9, "lr": 0.006605373155785381, "ridge": 1e-07, "seed": 1234, "sr": 1.6722388684853167}}