{"returned_dict": {"loss": 2.5230441498320935, "r2": 0.061202547015776286, "status": "ok", "start_time": 1696928239.518854, "duration": 0.4467482566833496}, "current_params": {"N": 500, "iss": 0.9, "lr": 0.17391291381476306, "ridge": 1e-07, "seed": 1234, "sr": 0.011739026780685318}}