{"returned_dict": {"loss": 2.5384296501607886, "r2": 0.24137595672668818, "status": "ok", "start_time": 1696932118.450774, "duration": 0.7621791362762451}, "current_params": {"N": 500, "iss": 0.9, "lr": 0.015872813072111937, "ridge": 1e-07, "seed": 1234, "sr": 0.014132040674737733}}