{"returned_dict": {"loss": 2.542987774080282, "r2": -4.930553860005681, "status": "ok", "start_time": 1696941769.976096, "duration": 2.2976179122924805}, "current_params": {"N": 500, "iss": 0.9, "lr": 0.36203692104858476, "ridge": 1e-07, "seed": 1234, "sr": 5.987530745926846}}