{"returned_dict": {"loss": 2.5517837748598278, "r2": -0.06392906121112814, "status": "ok", "start_time": 1696928308.25279, "duration": 0.4148099422454834}, "current_params": {"N": 500, "iss": 0.9, "lr": 0.031315298214446584, "ridge": 1e-07, "seed": 1234, "sr": 0.575269795679041}}