{"returned_dict": {"loss": 2.5812413872610906, "r2": -5.21063262296335, "status": "ok", "start_time": 1696941508.99298, "duration": 2.3033859729766846}, "current_params": {"N": 500, "iss": 0.9, "lr": 0.2768537448431134, "ridge": 1e-07, "seed": 1234, "sr": 4.434072756135233}}