{"returned_dict": {"loss": 2.602178942296945, "r2": 0.0013909916732178413, "status": "ok", "start_time": 1696928259.882147, "duration": 0.47591614723205566}, "current_params": {"N": 500, "iss": 0.9, "lr": 0.2538684770646215, "ridge": 1e-07, "seed": 1234, "sr": 0.0108079776956026}}