{"returned_dict": {"loss": 2.6055501861584442, "r2": -0.0012540432813186915, "status": "ok", "start_time": 1696928266.183271, "duration": 0.4198729991912842}, "current_params": {"N": 500, "iss": 0.9, "lr": 0.2999168282397612, "ridge": 1e-07, "seed": 1234, "sr": 2.0711751271159318}}