{"returned_dict": {"loss": 2.603550311855163, "r2": 0.00033587518503615704, "status": "ok", "start_time": 1696928260.824525, "duration": 0.43971896171569824}, "current_params": {"N": 500, "iss": 0.9, "lr": 0.3662606306703129, "ridge": 1e-07, "seed": 1234, "sr": 0.17537309143779847}}