{"returned_dict": {"loss": 2.611779429947386, "r2": -12.873376596257819, "status": "ok", "start_time": 1697428687.29114, "duration": 1.9143738746643066}, "current_params": {"N": 500, "iss": 0.9, "lr": 0.0025277744748336503, "ridge": 1e-07, "seed": 1234, "sr": 2.2553242781758827}}