{"returned_dict": {"loss": 2.6172555925712784, "r2": 0.19352547228348463, "status": "ok", "start_time": 1696931993.6073291, "duration": 0.6008198261260986}, "current_params": {"N": 500, "iss": 0.9, "lr": 0.027648495633442953, "ridge": 1e-07, "seed": 1234, "sr": 0.09442721440119983}}