{"returned_dict": {"loss": 2.646234563509013, "r2": 0.19400074933901915, "status": "ok", "start_time": 1696930428.277926, "duration": 0.5576529502868652}, "current_params": {"N": 500, "iss": 0.9, "lr": 0.06013171745318184, "ridge": 1e-07, "seed": 1234, "sr": 0.6672376898037004}}