{"returned_dict": {"loss": 2.6476036671726777, "r2": 0.193169014671683, "status": "ok", "start_time": 1697012386.750504, "duration": 0.5519118309020996}, "current_params": {"N": 500, "iss": 0.9, "lr": 0.027648495633442953, "ridge": 1e-07, "seed": 1234, "sr": 0.09442721440119983}}