{"returned_dict": {"loss": 2.6476036671726777, "r2": 0.193169014671683, "status": "ok", "start_time": 1696930332.8319612, "duration": 0.539888858795166}, "current_params": {"N": 500, "iss": 0.9, "lr": 0.027648495633442953, "ridge": 1e-07, "seed": 1234, "sr": 0.09442721440119983}}