{"returned_dict": {"loss": 2.6513989643421074, "r2": -0.03674293156120164, "status": "ok", "start_time": 1696928264.02646, "duration": 0.4373950958251953}, "current_params": {"N": 500, "iss": 0.9, "lr": 0.3546662046669203, "ridge": 1e-07, "seed": 1234, "sr": 0.015928787718820343}}