{"returned_dict": {"loss": 2.6881302858658027, "r2": -0.06565578378336039, "status": "ok", "start_time": 1696928313.6608, "duration": 0.4196810722351074}, "current_params": {"N": 500, "iss": 0.9, "lr": 0.6692322890454032, "ridge": 1e-07, "seed": 1234, "sr": 1.908865762249811}}