{"returned_dict": {"loss": 2.688711784839867, "r2": -0.06612802765154295, "status": "ok", "start_time": 1696928230.654921, "duration": 0.6876158714294434}, "current_params": {"N": 500, "iss": 0.9, "lr": 0.5214286704332637, "ridge": 1e-07, "seed": 1234, "sr": 0.04981749804245153}}