{"returned_dict": {"loss": 2.7269134401438926, "r2": -0.0966384671965946, "status": "ok", "start_time": 1696928312.208191, "duration": 0.48125123977661133}, "current_params": {"N": 500, "iss": 0.9, "lr": 0.8066803683138792, "ridge": 1e-07, "seed": 1234, "sr": 0.02045819673305219}}