{"returned_dict": {"loss": 2.7487067993841685, "r2": -0.114447158695558, "status": "ok", "start_time": 1696928245.381094, "duration": 0.48638296127319336}, "current_params": {"N": 500, "iss": 0.9, "lr": 0.27385907525426495, "ridge": 1e-07, "seed": 1234, "sr": 4.425195681471678}}