{"returned_dict": {"loss": 2.8043275168692756, "r2": -0.15979130819727505, "status": "ok", "start_time": 1696928282.805362, "duration": 0.4380509853363037}, "current_params": {"N": 500, "iss": 0.9, "lr": 0.36203692104858476, "ridge": 1e-07, "seed": 1234, "sr": 5.987530745926846}}