{"returned_dict": {"loss": 2.813641761395452, "r2": -14.541156763010113, "status": "ok", "start_time": 1697428658.5274932, "duration": 1.8991947174072266}, "current_params": {"N": 500, "iss": 0.9, "lr": 0.003135528802871368, "ridge": 1e-07, "seed": 1234, "sr": 2.4229663969229636}}