{"returned_dict": {"loss": 2.810518131092238, "r2": 0.09082073079282955, "status": "ok", "start_time": 1697006187.2309592, "duration": 1.1735186576843262}, "current_params": {"N": 500, "iss": 0.9, "lr": 0.12183627042316367, "ridge": 1e-07, "seed": 1234, "sr": 0.8542795536342308}}