{"returned_dict": {"loss": 2.851875588419007, "r2": 0.04245655464863751, "status": "ok", "start_time": 1696932099.512189, "duration": 0.7514371871948242}, "current_params": {"N": 500, "iss": 0.9, "lr": 0.039950389623756244, "ridge": 1e-07, "seed": 1234, "sr": 0.01695935124689556}}