{"returned_dict": {"loss": 2.8996553390223068, "r2": -13.173952590556409, "status": "ok", "start_time": 1697428518.058032, "duration": 1.8196990489959717}, "current_params": {"N": 500, "iss": 0.9, "lr": 0.01750341268204161, "ridge": 1e-07, "seed": 1234, "sr": 3.6652347285793745}}