{"returned_dict": {"loss": 2.9074606324498937, "r2": 0.004758197277613545, "status": "ok", "start_time": 1696931271.472607, "duration": 0.5628201961517334}, "current_params": {"N": 500, "iss": 0.9, "lr": 0.06679554327816328, "ridge": 1e-07, "seed": 1234, "sr": 0.07966435869333038}}