{"returned_dict": {"loss": 2.9229151949449412, "r2": 0.011732292079115858, "status": "ok", "start_time": 1697012441.0564091, "duration": 0.5619337558746338}, "current_params": {"N": 500, "iss": 0.9, "lr": 0.03353770330253128, "ridge": 1e-07, "seed": 1234, "sr": 2.1198068680338693}}