{"returned_dict": {"loss": 2.92530995521388, "r2": 0.015035482478122994, "status": "ok", "start_time": 1696930372.220741, "duration": 0.559255838394165}, "current_params": {"N": 500, "iss": 0.9, "lr": 0.054169337705025376, "ridge": 1e-07, "seed": 1234, "sr": 0.02572013644212619}}