{"returned_dict": {"loss": 2.9478150574011472, "r2": -0.00018361334325141718, "status": "ok", "start_time": 1696931069.137931, "duration": 0.544785737991333}, "current_params": {"N": 500, "iss": 0.9, "lr": 0.06679554327816328, "ridge": 1e-07, "seed": 1234, "sr": 0.07966435869333038}}