{"returned_dict": {"loss": 2.9674519371827586, "r2": -0.036972923678763446, "status": "ok", "start_time": 1696931294.7822342, "duration": 0.5300548076629639}, "current_params": {"N": 500, "iss": 0.9, "lr": 0.7193342821146759, "ridge": 1e-07, "seed": 1234, "sr": 1.9577985037865835}}