{"returned_dict": {"loss": 2.9710955578660054, "r2": -0.03937772308842543, "status": "ok", "start_time": 1696932125.66768, "duration": 0.7807900905609131}, "current_params": {"N": 500, "iss": 0.9, "lr": 0.6692322890454032, "ridge": 1e-07, "seed": 1234, "sr": 1.908865762249811}}