{"returned_dict": {"loss": 2.9870791760616604, "r2": -0.05048910096043565, "status": "ok", "start_time": 1696932005.6030562, "duration": 0.6727979183197021}, "current_params": {"N": 500, "iss": 0.9, "lr": 0.09201201301388376, "ridge": 1e-07, "seed": 1234, "sr": 0.02745813794912951}}