{"returned_dict": {"loss": 22.12951319401131, "r2": -8795.865212817933, "status": "ok", "start_time": 1697436281.017492, "duration": 1.8649039268493652}, "current_params": {"N": 500, "iss": 0.9406587057968023, "lr": 0.02207977188453779, "ridge": 0.0007602478909161272, "seed": 1234, "sr": 6.833596167908428}}