{"returned_dict": {"loss": 2252.244724647025, "r2": -93791130.81803758, "status": "ok", "start_time": 1695699571.020729, "duration": 4.18127179145813}, "current_params": {"N": 500, "iss": 0.9, "lr": 0.0018646665439208772, "ridge": 1e-07, "seed": 1234, "sr": 7.567304757039052}}