{"returned_dict": {"loss": 23.814586927974016, "r2": -618.4656850674371, "status": "ok", "start_time": 1696941700.068147, "duration": 2.343750238418579}, "current_params": {"N": 500, "iss": 0.9, "lr": 0.0012706168633971231, "ridge": 1e-07, "seed": 1234, "sr": 1.2556711601352721}}