{"returned_dict": {"loss": 2318.249103289281, "r2": -91049769.03749795, "status": "ok", "start_time": 1695699079.389715, "duration": 4.172731161117554}, "current_params": {"N": 500, "iss": 0.9, "lr": 0.0025277744748336503, "ridge": 1e-07, "seed": 1234, "sr": 2.2553242781758827}}