{"returned_dict": {"loss": 26.906334925722945, "r2": -11041.965783211417, "status": "ok", "start_time": 1696932740.5785348, "duration": 2.3158891201019287}, "current_params": {"N": 500, "iss": 0.9, "lr": 0.0025277744748336503, "ridge": 1e-07, "seed": 1234, "sr": 2.2553242781758827}}