{"returned_dict": {"loss": 2691.217564078281, "r2": -136358093.37124017, "status": "ok", "start_time": 1695699617.043183, "duration": 4.18703293800354}, "current_params": {"N": 500, "iss": 0.9, "lr": 0.0012747559185957923, "ridge": 1e-07, "seed": 1234, "sr": 9.335710032985542}}