{"returned_dict": {"loss": 27.204165129289652, "r2": -11244.59237388435, "status": "ok", "start_time": 1696933110.6517692, "duration": 2.29355788230896}, "current_params": {"N": 500, "iss": 0.9, "lr": 0.0027231966986053157, "ridge": 1e-07, "seed": 1234, "sr": 0.03438139057492874}}