{"returned_dict": {"loss": 28.3398106289103, "r2": -1649.9869506206016, "status": "ok", "start_time": 1697428930.4296691, "duration": 1.8312928676605225}, "current_params": {"N": 500, "iss": 0.9, "lr": 0.0012747559185957923, "ridge": 1e-07, "seed": 1234, "sr": 9.335710032985542}}