{"returned_dict": {"loss": 28.58780732379526, "r2": -12290.086129808018, "status": "ok", "start_time": 1696932492.3755462, "duration": 2.285810947418213}, "current_params": {"N": 500, "iss": 0.9, "lr": 0.001949548020519852, "ridge": 1e-07, "seed": 1234, "sr": 0.3226348405474758}}