{"returned_dict": {"loss": 3.009193906591836, "r2": -145.47324915835284, "status": "ok", "start_time": 1696932799.4407911, "duration": 2.336629867553711}, "current_params": {"N": 500, "iss": 0.9, "lr": 0.22465784634152086, "ridge": 1e-07, "seed": 1234, "sr": 0.04049959618384302}}