{"returned_dict": {"loss": 3.0156098623397423, "r2": -0.046712655339348354, "status": "ok", "start_time": 1696931167.362208, "duration": 0.5535340309143066}, "current_params": {"N": 500, "iss": 0.9, "lr": 0.07548680318122616, "ridge": 1e-07, "seed": 1234, "sr": 0.01769587598402526}}