{"returned_dict": {"loss": 3.0136086892071656, "r2": -0.06923650501826328, "status": "ok", "start_time": 1696931372.757662, "duration": 0.5645191669464111}, "current_params": {"N": 500, "iss": 0.9, "lr": 0.15674372534107028, "ridge": 1e-07, "seed": 1234, "sr": 0.08438326345409637}}