{"returned_dict": {"loss": 3.0136086892071656, "r2": -0.06923650501826328, "status": "ok", "start_time": 1696932182.178556, "duration": 0.5541422367095947}, "current_params": {"N": 500, "iss": 0.9, "lr": 0.15674372534107028, "ridge": 1e-07, "seed": 1234, "sr": 0.08438326345409637}}