{"returned_dict": {"loss": 3.025527884554455, "r2": -0.12682736511846335, "status": "ok", "start_time": 1696931337.337951, "duration": 0.5293612480163574}, "current_params": {"N": 500, "iss": 0.9, "lr": 0.001511876975040721, "ridge": 1e-07, "seed": 1234, "sr": 1.665278509291293}}