{"returned_dict": {"loss": 3.0205939152242585, "r2": -137.57262544674037, "status": "ok", "start_time": 1696932550.049098, "duration": 2.3067550659179688}, "current_params": {"N": 500, "iss": 0.9, "lr": 0.09201201301388376, "ridge": 1e-07, "seed": 1234, "sr": 0.02745813794912951}}