{"returned_dict": {"loss": 3.048060125511953, "r2": -0.07499976429145712, "status": "ok", "start_time": 1696928417.772452, "duration": 0.6702070236206055}, "current_params": {"N": 500, "iss": 0.9, "lr": 0.13440662792423172, "ridge": 1e-07, "seed": 1234, "sr": 1.959651331974383}}