{"returned_dict": {"loss": 3.0444962628149113, "r2": -0.09125738370913905, "status": "ok", "start_time": 1696932055.516961, "duration": 0.9204249382019043}, "current_params": {"N": 500, "iss": 0.9, "lr": 0.12536865035721081, "ridge": 1e-07, "seed": 1234, "sr": 0.01969702873562671}}