{"returned_dict": {"loss": 3.0429263036791006, "r2": -0.06576757196529932, "status": "ok", "start_time": 1696928440.5218072, "duration": 0.6550707817077637}, "current_params": {"N": 500, "iss": 0.9, "lr": 0.09201201301388376, "ridge": 1e-07, "seed": 1234, "sr": 0.02745813794912951}}