{"returned_dict": {"loss": 3.058262447116063, "r2": -0.07655752036886636, "status": "ok", "start_time": 1697006114.298692, "duration": 0.5936930179595947}, "current_params": {"N": 500, "iss": 0.9, "lr": 0.7169143323529686, "ridge": 1e-07, "seed": 1234, "sr": 2.3610670815355883}}