{"returned_dict": {"loss": 3.0596372446374698, "r2": -0.10214588754568532, "status": "ok", "start_time": 1696931274.3251798, "duration": 0.5457091331481934}, "current_params": {"N": 500, "iss": 0.9, "lr": 0.9794034504292509, "ridge": 1e-07, "seed": 1234, "sr": 1.2509379966926149}}