{"returned_dict": {"loss": 3.065192348236059, "r2": -0.10615550366015203, "status": "ok", "start_time": 1696931324.0804, "duration": 0.5457661151885986}, "current_params": {"N": 500, "iss": 0.9, "lr": 0.3193275230054053, "ridge": 1e-07, "seed": 1234, "sr": 0.22191193501289097}}