{"returned_dict": {"loss": 3.0708547375408397, "r2": -0.1103949811832244, "status": "ok", "start_time": 1696931372.2058299, "duration": 0.5485880374908447}, "current_params": {"N": 500, "iss": 0.9, "lr": 0.5275770821221862, "ridge": 1e-07, "seed": 1234, "sr": 3.382940283445415}}