{"returned_dict": {"loss": 3.085656827325282, "r2": -0.12096290557723914, "status": "ok", "start_time": 1696932077.864716, "duration": 0.8696157932281494}, "current_params": {"N": 500, "iss": 0.9, "lr": 0.1953924842255818, "ridge": 1e-07, "seed": 1234, "sr": 0.02348225301745763}}