{"returned_dict": {"loss": 3.08044016013378, "r2": -0.11718385381831593, "status": "ok", "start_time": 1696932036.064561, "duration": 0.5975432395935059}, "current_params": {"N": 500, "iss": 0.9, "lr": 0.3662606306703129, "ridge": 1e-07, "seed": 1234, "sr": 0.17537309143779847}}