{"returned_dict": {"loss": 3.082474149045897, "r2": -0.11967258886695838, "status": "ok", "start_time": 1696931313.60427, "duration": 0.5543529987335205}, "current_params": {"N": 500, "iss": 0.9, "lr": 0.351101881861253, "ridge": 1e-07, "seed": 1234, "sr": 2.8424339478368448}}