{"returned_dict": {"loss": 3.0801565021216972, "r2": -0.11698604164549346, "status": "ok", "start_time": 1696931356.165455, "duration": 0.550541877746582}, "current_params": {"N": 500, "iss": 0.9, "lr": 0.5127972912670764, "ridge": 1e-07, "seed": 1234, "sr": 0.3797757622392174}}