{"returned_dict": {"loss": 3.0979360781081073, "r2": -0.12990372342786913, "status": "ok", "start_time": 1696932160.846893, "duration": 0.5345098972320557}, "current_params": {"N": 500, "iss": 0.9, "lr": 0.5195884549227742, "ridge": 1e-07, "seed": 1234, "sr": 0.11855799312403709}}