{"returned_dict": {"loss": 3.0927458574938513, "r2": -0.10313882871178211, "status": "ok", "start_time": 1697006142.982223, "duration": 0.6225371360778809}, "current_params": {"N": 500, "iss": 0.9, "lr": 0.13565077644388224, "ridge": 1e-07, "seed": 1234, "sr": 2.6286963019006704}}