{"returned_dict": {"loss": 3.092716818952976, "r2": -0.12610170699324552, "status": "ok", "start_time": 1696932152.5368161, "duration": 0.6131758689880371}, "current_params": {"N": 500, "iss": 0.9, "lr": 0.4367736203806121, "ridge": 1e-07, "seed": 1234, "sr": 0.13317912806568327}}