{"returned_dict": {"loss": 3.1055278351341706, "r2": -0.13544617209108392, "status": "ok", "start_time": 1696931274.87397, "duration": 0.6284499168395996}, "current_params": {"N": 500, "iss": 0.9, "lr": 0.3092209407645961, "ridge": 1e-07, "seed": 1234, "sr": 0.015590519612759524}}