{"returned_dict": {"loss": 3.1000903864139118, "r2": -0.10619256674606208, "status": "ok", "start_time": 1696931129.035496, "duration": 0.5495710372924805}, "current_params": {"N": 500, "iss": 0.9, "lr": 0.12536865035721081, "ridge": 1e-07, "seed": 1234, "sr": 0.01969702873562671}}