{"returned_dict": {"loss": 3.1085671823512193, "r2": -0.13766977654420218, "status": "ok", "start_time": 1696931319.718362, "duration": 0.5710628032684326}, "current_params": {"N": 500, "iss": 0.9, "lr": 0.3546662046669203, "ridge": 1e-07, "seed": 1234, "sr": 0.015928787718820343}}