{"returned_dict": {"loss": 3.1124419807735157, "r2": -0.14061098639747782, "status": "ok", "start_time": 1696932153.153566, "duration": 0.5265040397644043}, "current_params": {"N": 500, "iss": 0.9, "lr": 0.6811753255192898, "ridge": 1e-07, "seed": 1234, "sr": 7.505573307332538}}