{"returned_dict": {"loss": 3.112719456320743, "r2": -0.14071160828095466, "status": "ok", "start_time": 1696932186.658161, "duration": 0.5709822177886963}, "current_params": {"N": 500, "iss": 0.9, "lr": 0.6850520991863419, "ridge": 1e-07, "seed": 1234, "sr": 0.0440605775382449}}