{"returned_dict": {"loss": 3.1142126493910673, "r2": -0.14189757339229336, "status": "ok", "start_time": 1696931297.598975, "duration": 0.561168909072876}, "current_params": {"N": 500, "iss": 0.9, "lr": 0.27385907525426495, "ridge": 1e-07, "seed": 1234, "sr": 4.425195681471678}}