{"returned_dict": {"loss": 3.120195347938522, "r2": -0.1461970067072139, "status": "ok", "start_time": 1696931339.4917681, "duration": 0.5784881114959717}, "current_params": {"N": 500, "iss": 0.9, "lr": 0.5629225816283605, "ridge": 1e-07, "seed": 1234, "sr": 0.012580639725311055}}