{"returned_dict": {"loss": 3.1353932014233714, "r2": -0.15743628014749897, "status": "ok", "start_time": 1696932070.415806, "duration": 0.6854040622711182}, "current_params": {"N": 500, "iss": 0.9, "lr": 0.36203692104858476, "ridge": 1e-07, "seed": 1234, "sr": 5.987530745926846}}