{"returned_dict": {"loss": 3.132571056976392, "r2": -0.12948323184050978, "status": "ok", "start_time": 1696928425.3525279, "duration": 0.639085054397583}, "current_params": {"N": 500, "iss": 0.9, "lr": 0.9794034504292509, "ridge": 1e-07, "seed": 1234, "sr": 1.2509379966926149}}