{"returned_dict": {"loss": 3.148263581142025, "r2": -0.14178989470924805, "status": "ok", "start_time": 1696928421.284787, "duration": 0.712501049041748}, "current_params": {"N": 500, "iss": 0.9, "lr": 0.07250316961973834, "ridge": 1e-07, "seed": 1234, "sr": 2.76036316173383}}