{"returned_dict": {"loss": 3.1487836997797616, "r2": -0.1412216107225445, "status": "ok", "start_time": 1696930336.7531688, "duration": 0.635357141494751}, "current_params": {"N": 500, "iss": 0.9, "lr": 0.2768537448431134, "ridge": 1e-07, "seed": 1234, "sr": 4.434072756135233}}