{"returned_dict": {"loss": 3.1405200115463057, "r2": -0.13534752310875522, "status": "ok", "start_time": 1697012388.4009368, "duration": 0.550471305847168}, "current_params": {"N": 500, "iss": 0.9, "lr": 0.15492403550483747, "ridge": 1e-07, "seed": 1234, "sr": 0.07071032186253305}}