{"returned_dict": {"loss": 3.146876560213808, "r2": -0.16600783691191592, "status": "ok", "start_time": 1696932004.976222, "duration": 0.6234219074249268}, "current_params": {"N": 500, "iss": 0.9, "lr": 0.10450923140136353, "ridge": 1e-07, "seed": 1234, "sr": 4.997336540870967}}