{"returned_dict": {"loss": 3.1401773983212693, "r2": -0.1350450073169481, "status": "ok", "start_time": 1696931142.1318479, "duration": 0.5358891487121582}, "current_params": {"N": 500, "iss": 0.9, "lr": 0.17035572356640263, "ridge": 1e-07, "seed": 1234, "sr": 0.03600276409094316}}