{"returned_dict": {"loss": 3.1409025039182414, "r2": -0.13562660556943507, "status": "ok", "start_time": 1696931170.050715, "duration": 0.5447630882263184}, "current_params": {"N": 500, "iss": 0.9, "lr": 0.15674372534107028, "ridge": 1e-07, "seed": 1234, "sr": 0.08438326345409637}}