{"returned_dict": {"loss": 3.15398841634914, "r2": -0.14498050481869562, "status": "ok", "start_time": 1697012485.402824, "duration": 0.5608601570129395}, "current_params": {"N": 500, "iss": 0.9, "lr": 0.5275770821221862, "ridge": 1e-07, "seed": 1234, "sr": 3.382940283445415}}