{"returned_dict": {"loss": 3.1574887310250115, "r2": -0.1476411828963576, "status": "ok", "start_time": 1696928500.159509, "duration": 0.6800241470336914}, "current_params": {"N": 500, "iss": 0.9, "lr": 0.17743219883537267, "ridge": 1e-07, "seed": 1234, "sr": 0.0925852425060542}}