{"returned_dict": {"loss": 3.1606920538972947, "r2": -0.17620254610547703, "status": "ok", "start_time": 1696931362.309647, "duration": 0.5306038856506348}, "current_params": {"N": 500, "iss": 0.9, "lr": 0.19508739133158107, "ridge": 1e-07, "seed": 1234, "sr": 6.954268155528048}}