{"returned_dict": {"loss": 3.1726990908740915, "r2": -0.15868121781360767, "status": "ok", "start_time": 1696930404.386195, "duration": 0.561657190322876}, "current_params": {"N": 500, "iss": 0.9, "lr": 0.23878797952771846, "ridge": 1e-07, "seed": 1234, "sr": 0.05298748174805132}}