{"returned_dict": {"loss": 3.179467795306009, "r2": -0.16357422815093167, "status": "ok", "start_time": 1697012431.041601, "duration": 0.5544891357421875}, "current_params": {"N": 500, "iss": 0.9, "lr": 0.3546662046669203, "ridge": 1e-07, "seed": 1234, "sr": 0.015928787718820343}}