{"returned_dict": {"loss": 3.1848859715776583, "r2": -0.19682646007849688, "status": "ok", "start_time": 1696932065.6652522, "duration": 0.7562408447265625}, "current_params": {"N": 500, "iss": 0.9, "lr": 0.06675090446914045, "ridge": 1e-07, "seed": 1234, "sr": 2.2042634577971216}}