{"returned_dict": {"loss": 3.1804647842138465, "r2": -0.16436750780238443, "status": "ok", "start_time": 1696928539.505074, "duration": 0.6386799812316895}, "current_params": {"N": 500, "iss": 0.9, "lr": 0.2229557041536738, "ridge": 1e-07, "seed": 1234, "sr": 0.09835763510258089}}