{"returned_dict": {"loss": 3.183538492224297, "r2": -0.16654062093181077, "status": "ok", "start_time": 1697012437.093261, "duration": 0.6063041687011719}, "current_params": {"N": 500, "iss": 0.9, "lr": 0.5368645947090775, "ridge": 1e-07, "seed": 1234, "sr": 0.026761175701104346}}