{"returned_dict": {"loss": 3.1872284155705928, "r2": -0.2209449317250517, "status": "ok", "start_time": 1696931363.9312682, "duration": 0.5546889305114746}, "current_params": {"N": 500, "iss": 0.9, "lr": 0.01837890418829658, "ridge": 1e-07, "seed": 1234, "sr": 1.6346058937885943}}