{"returned_dict": {"loss": 3.186310344316146, "r2": -0.16856718579510646, "status": "ok", "start_time": 1696930439.49037, "duration": 0.5572080612182617}, "current_params": {"N": 500, "iss": 0.9, "lr": 0.8066803683138792, "ridge": 1e-07, "seed": 1234, "sr": 0.02045819673305219}}