{"returned_dict": {"loss": 3.186676608955493, "r2": -0.16883503330568939, "status": "ok", "start_time": 1696931121.411924, "duration": 0.5843100547790527}, "current_params": {"N": 500, "iss": 0.9, "lr": 0.9489133937634464, "ridge": 1e-07, "seed": 1234, "sr": 0.014438974945890222}}