{"returned_dict": {"loss": 3.1812404292066288, "r2": -0.16485893517954406, "status": "ok", "start_time": 1696930335.659586, "duration": 0.5509829521179199}, "current_params": {"N": 500, "iss": 0.9, "lr": 0.5214286704332637, "ridge": 1e-07, "seed": 1234, "sr": 0.04981749804245153}}