{"returned_dict": {"loss": 3.1851741033084298, "r2": -0.16773438032888888, "status": "ok", "start_time": 1696931126.8595939, "duration": 0.5631871223449707}, "current_params": {"N": 500, "iss": 0.9, "lr": 0.7574590139415617, "ridge": 1e-07, "seed": 1234, "sr": 0.03524277949039688}}