{"returned_dict": {"loss": 3.210659884740519, "r2": -0.7258209004334905, "status": "ok", "start_time": 1696928304.133291, "duration": 0.4336080551147461}, "current_params": {"N": 500, "iss": 0.9, "lr": 0.015577684928036517, "ridge": 1e-07, "seed": 1234, "sr": 0.7507802307193081}}