{"returned_dict": {"loss": 3.2148946681806803, "r2": -0.18966428985417302, "status": "ok", "start_time": 1697006084.213229, "duration": 0.7740349769592285}, "current_params": {"N": 500, "iss": 0.9, "lr": 0.8310012558635558, "ridge": 1e-07, "seed": 1234, "sr": 0.2237449778907503}}