{"returned_dict": {"loss": 3.2153345329578578, "r2": -239.72774952312045, "status": "ok", "start_time": 1697097351.386542, "duration": 0.7381949424743652}, "current_params": {"N": 500, "iss": 0.9, "lr": 0.12285193029261984, "ridge": 1e-07, "seed": 1234, "sr": 3.1162051286367416}}