{"returned_dict": {"loss": 3.228131191496517, "r2": -0.19966801966765998, "status": "ok", "start_time": 1696928435.906195, "duration": 0.6575119495391846}, "current_params": {"N": 500, "iss": 0.9, "lr": 0.3299059340936598, "ridge": 1e-07, "seed": 1234, "sr": 0.18658183701753261}}