{"returned_dict": {"loss": 3.2358945493575586, "r2": -0.20537063847410963, "status": "ok", "start_time": 1696928521.1348, "duration": 0.6438150405883789}, "current_params": {"N": 500, "iss": 0.9, "lr": 0.5127972912670764, "ridge": 1e-07, "seed": 1234, "sr": 0.3797757622392174}}