{"returned_dict": {"loss": 3.2355367997437248, "r2": -0.2055781001887107, "status": "ok", "start_time": 1697012480.438699, "duration": 0.55631422996521}, "current_params": {"N": 500, "iss": 0.9, "lr": 0.3023968431685585, "ridge": 1e-07, "seed": 1234, "sr": 0.3554664959628415}}