{"returned_dict": {"loss": 3.3417208392681643, "r2": -0.28581381461437944, "status": "ok", "start_time": 1697006116.740622, "duration": 0.6405460834503174}, "current_params": {"N": 500, "iss": 0.9, "lr": 0.08493875791208122, "ridge": 1e-07, "seed": 1234, "sr": 7.78867384430367}}