{"returned_dict": {"loss": 3.412804989797865, "r2": -0.6791709985313306, "status": "ok", "start_time": 1696931273.726281, "duration": 0.595911979675293}, "current_params": {"N": 500, "iss": 0.9, "lr": 0.003041391485982446, "ridge": 1e-07, "seed": 1234, "sr": 1.8373084854604944}}