{"returned_dict": {"loss": 3.6197749703036686, "r2": -0.6979543380252332, "status": "ok", "start_time": 1696931085.990668, "duration": 0.5545158386230469}, "current_params": {"N": 500, "iss": 0.9, "lr": 0.004975856135800747, "ridge": 1e-07, "seed": 1234, "sr": 2.773816181603311}}