{"returned_dict": {"loss": 3.62413432083537, "r2": -1.3425111834704702, "status": "ok", "start_time": 1696928253.489425, "duration": 0.454725980758667}, "current_params": {"N": 500, "iss": 0.9, "lr": 0.02295730315688215, "ridge": 1e-07, "seed": 1234, "sr": 7.954497739510178}}