{"returned_dict": {"loss": 3.7130241759362708, "r2": -12.431875313021925, "status": "ok", "start_time": 1696999455.6017148, "duration": 4.658679246902466}, "current_params": {"N": 500, "connectivity": 0.3886835557749819, "iss": 0.0786015102192944, "lr": 0.002023664627654574, "noise_rc": 4.0007304962313626e-05, "ridge": 1.429164215753452e-09, "seed": 1234, "sr": 1.1658340735577972}}