{"returned_dict": {"loss": 3.7744737468907084, "r2": -0.7053954852946346, "status": "ok", "start_time": 1697012464.5015411, "duration": 0.5681617259979248}, "current_params": {"N": 500, "iss": 0.9, "lr": 0.043542816329557914, "ridge": 1e-07, "seed": 1234, "sr": 3.180379394013653}}