{"returned_dict": {"loss": 3.8402259780640122, "r2": -234.4202656957713, "status": "ok", "start_time": 1696933082.739851, "duration": 2.313476800918579}, "current_params": {"N": 500, "iss": 0.9, "lr": 0.006965147459842892, "ridge": 1e-07, "seed": 1234, "sr": 7.231920572306449}}