{"returned_dict": {"loss": 3.87555239571086, "r2": -0.7714476154512847, "status": "ok", "start_time": 1697012458.419989, "duration": 0.5418081283569336}, "current_params": {"N": 500, "iss": 0.9, "lr": 0.012074538215625902, "ridge": 1e-07, "seed": 1234, "sr": 3.928074544493676}}