{"returned_dict": {"loss": 3.951690399245814, "r2": -0.1547562580280648, "status": "ok", "start_time": 1696936154.3454661, "duration": 14.776976823806763}, "current_params": {"N": 500, "iss": 0.9, "lr": 0.2768537448431134, "ridge": 1e-07, "seed": 1234, "sr": 4.434072756135233}}