{"returned_dict": {"loss": 31.579095411956185, "r2": -1587.895808773954, "status": "ok", "start_time": 1697428909.786556, "duration": 1.8945980072021484}, "current_params": {"N": 500, "iss": 0.9, "lr": 0.0018646665439208772, "ridge": 1e-07, "seed": 1234, "sr": 7.567304757039052}}