{"returned_dict": {"loss": 31.81956297641418, "r2": -83.99966102412851, "status": "ok", "start_time": 1696936113.2671092, "duration": 13.679261922836304}, "current_params": {"N": 500, "iss": 0.9, "lr": 0.025202620361693902, "ridge": 1e-07, "seed": 1234, "sr": 0.015931944006093716}}