{"returned_dict": {"loss": 32.15057647113377, "r2": -1717.019618899317, "status": "ok", "start_time": 1697428956.255237, "duration": 1.8337669372558594}, "current_params": {"N": 500, "iss": 0.9, "lr": 0.006965147459842892, "ridge": 1e-07, "seed": 1234, "sr": 7.231920572306449}}