{"returned_dict": {"loss": 33.77556873037731, "r2": -985.2861078307816, "status": "ok", "start_time": 1696999913.02634, "duration": 6.9926018714904785}, "current_params": {"N": 500, "connectivity": 0.6005114226801936, "iss": 0.18427702443878224, "lr": 0.002644008089199772, "noise_rc": 0.0001245944689850156, "ridge": 2.2460708773450182e-10, "seed": 1234, "sr": 9.335710032985542}}