{"returned_dict": {"loss": 33.900217661217006, "r2": -17531.74783072757, "status": "ok", "start_time": 1696932857.739167, "duration": 2.3377721309661865}, "current_params": {"N": 500, "iss": 0.9, "lr": 0.0013477819629193828, "ridge": 1e-07, "seed": 1234, "sr": 0.01418389479892628}}