{"returned_dict": {"loss": 34.84482052427569, "r2": -18689.43594231445, "status": "ok", "start_time": 1696932853.04946, "duration": 2.3712100982666016}, "current_params": {"N": 500, "iss": 0.9, "lr": 0.0012348539342148224, "ridge": 1e-07, "seed": 1234, "sr": 0.050152765364070276}}