{"returned_dict": {"loss": 35.18949215854038, "r2": -19086.395455971968, "status": "ok", "start_time": 1696933012.883219, "duration": 2.304978847503662}, "current_params": {"N": 500, "iss": 0.9, "lr": 0.0011414997148981286, "ridge": 1e-07, "seed": 1234, "sr": 0.30993658351244163}}