{"returned_dict": {"loss": 3569.4333674699446, "r2": -226494725.8518959, "status": "ok", "start_time": 1695699404.27038, "duration": 4.170730113983154}, "current_params": {"N": 500, "iss": 0.9, "lr": 0.001511876975040721, "ridge": 1e-07, "seed": 1234, "sr": 1.665278509291293}}