{"returned_dict": {"loss": 36.00425896148217, "r2": -19719.56481293012, "status": "ok", "start_time": 1696932806.431904, "duration": 2.300076961517334}, "current_params": {"N": 500, "iss": 0.9, "lr": 0.0014657043717974704, "ridge": 1e-07, "seed": 1234, "sr": 3.3229413943755635}}