{"returned_dict": {"loss": 36.45375391597823, "r2": -20028.59912446006, "status": "ok", "start_time": 1696932864.8936992, "duration": 2.615705728530884}, "current_params": {"N": 500, "iss": 0.9, "lr": 0.0011747404553185898, "ridge": 1e-07, "seed": 1234, "sr": 0.7794764412014389}}