{"returned_dict": {"loss": 38.29684765257247, "r2": -1252.82522367536, "status": "ok", "start_time": 1696941844.539197, "duration": 2.3139288425445557}, "current_params": {"N": 500, "iss": 0.9, "lr": 0.010392855525269688, "ridge": 1e-07, "seed": 1234, "sr": 9.272462266637495}}