{"returned_dict": {"loss": 4.244742702924314, "r2": -2.059736720401696, "status": "ok", "start_time": 1696928235.457421, "duration": 0.4659111499786377}, "current_params": {"N": 500, "iss": 0.9, "lr": 0.006605373155785381, "ridge": 1e-07, "seed": 1234, "sr": 1.6722388684853167}}