{"returned_dict": {"loss": 4.4730452253181605, "r2": -1.399143080461745, "status": "ok", "start_time": 1696931087.694798, "duration": 0.5859448909759521}, "current_params": {"N": 500, "iss": 0.9, "lr": 0.01750341268204161, "ridge": 1e-07, "seed": 1234, "sr": 3.6652347285793745}}