{"returned_dict": {"loss": 4.9143215217272695, "r2": -416.91959586527645, "status": "ok", "start_time": 1696932974.5379012, "duration": 2.342942953109741}, "current_params": {"N": 500, "iss": 0.9, "lr": 0.49857928733460954, "ridge": 1e-07, "seed": 1234, "sr": 0.04328771757628488}}