{"returned_dict": {"loss": 4.941546061607723, "r2": -418.5574404332586, "status": "ok", "start_time": 1696932848.285002, "duration": 2.3709518909454346}, "current_params": {"N": 500, "iss": 0.9, "lr": 0.3546662046669203, "ridge": 1e-07, "seed": 1234, "sr": 0.015928787718820343}}