{"returned_dict": {"loss": 41.30239368296264, "r2": -2689.134762157931, "status": "ok", "start_time": 1697428840.370494, "duration": 1.978003978729248}, "current_params": {"N": 500, "iss": 0.9, "lr": 0.004043788650283284, "ridge": 1e-07, "seed": 1234, "sr": 7.227207099998132}}