{"returned_dict": {"loss": 42.83779192534274, "r2": -139.23267081070387, "status": "ok", "start_time": 1696935989.575158, "duration": 13.522069931030273}, "current_params": {"N": 500, "iss": 0.9, "lr": 0.001949548020519852, "ridge": 1e-07, "seed": 1234, "sr": 0.3226348405474758}}