{"returned_dict": {"loss": 44.78811720803827, "r2": -56527.858913984244, "status": "ok", "start_time": 1695698651.027967, "duration": 0.7996699810028076}, "current_params": {"N": 500, "iss": 0.9, "lr": 0.003135528802871368, "ridge": 1e-07, "seed": 1234, "sr": 2.4229663969229636}}