{"returned_dict": {"loss": 45.09685340081018, "r2": -53327.221695841254, "status": "ok", "start_time": 1695698685.849348, "duration": 0.8041319847106934}, "current_params": {"N": 500, "iss": 0.9, "lr": 0.00414398685863738, "ridge": 1e-07, "seed": 1234, "sr": 3.998119826570731}}