{"returned_dict": {"loss": 5.023054762800867, "r2": -432.55209879085686, "status": "ok", "start_time": 1696932900.783649, "duration": 2.4504311084747314}, "current_params": {"N": 500, "iss": 0.9, "lr": 0.3567209557257145, "ridge": 1e-07, "seed": 1234, "sr": 0.014411455273543402}}