{"returned_dict": {"loss": 5.6973628452386516, "r2": -2.855970600134158, "status": "ok", "start_time": 1697006110.485732, "duration": 0.603449821472168}, "current_params": {"N": 500, "iss": 0.9, "lr": 0.02295730315688215, "ridge": 1e-07, "seed": 1234, "sr": 7.954497739510178}}