{"returned_dict": {"loss": 5.795521514151827, "r2": -3.7477419565121064, "status": "ok", "start_time": 1696932144.320972, "duration": 0.5505390167236328}, "current_params": {"N": 500, "iss": 0.9, "lr": 0.013776573458598628, "ridge": 1e-07, "seed": 1234, "sr": 1.4037266612887527}}