{"returned_dict": {"loss": 6.574124206477985, "r2": -3.9893745036761303, "status": "ok", "start_time": 1696931170.5992582, "duration": 0.5212318897247314}, "current_params": {"N": 500, "iss": 0.9, "lr": 0.006965147459842892, "ridge": 1e-07, "seed": 1234, "sr": 7.231920572306449}}