{"returned_dict": {"loss": 6.742649892893392, "r2": -71.72194504920834, "status": "ok", "start_time": 1697429132.036098, "duration": 1.8180770874023438}, "current_params": {"N": 500, "iss": 0.4318098058036459, "lr": 0.012600442759985371, "ridge": 1.4978972663732007e-06, "seed": 1234, "sr": 7.954497739510178}}