{"returned_dict": {"loss": 6.84818866236206, "r2": -46.11583677832405, "status": "ok", "start_time": 1696999289.751136, "duration": 2.7219650745391846}, "current_params": {"N": 500, "connectivity": 0.136056386285199, "iss": 0.06558438819384638, "lr": 0.0012259925457833057, "noise_rc": 0.0009822141232404401, "ridge": 0.00026937235278110677, "seed": 1234, "sr": 7.78867384430367}}