{"returned_dict": {"loss": 6.972281320335697, "r2": -2.993115120616059, "status": "ok", "start_time": 1696936030.8381681, "duration": 13.702584743499756}, "current_params": {"N": 500, "iss": 0.9, "lr": 0.3092209407645961, "ridge": 1e-07, "seed": 1234, "sr": 0.015590519612759524}}