{"returned_dict": {"loss": 68.60498211068371, "r2": -125007.89606661344, "status": "ok", "start_time": 1697097343.659583, "duration": 0.7707550525665283}, "current_params": {"N": 500, "iss": 0.9, "lr": 0.004043788650283284, "ridge": 1e-07, "seed": 1234, "sr": 7.227207099998132}}