{"returned_dict": {"loss": 7.32852534593587, "r2": -5.743130530509672, "status": "ok", "start_time": 1696932078.8685482, "duration": 0.7701129913330078}, "current_params": {"N": 500, "iss": 0.9, "lr": 0.014788360119021833, "ridge": 1e-07, "seed": 1234, "sr": 2.6411464130177205}}