{"returned_dict": {"loss": 7.402330932329053, "r2": -89.35882925040208, "status": "ok", "start_time": 1697428866.590975, "duration": 1.8457798957824707}, "current_params": {"N": 500, "iss": 0.9, "lr": 0.012074538215625902, "ridge": 1e-07, "seed": 1234, "sr": 3.928074544493676}}