{"returned_dict": {"loss": 7.699232303576783, "r2": -7.40690524367175, "status": "ok", "start_time": 1696932003.1335769, "duration": 0.6431260108947754}, "current_params": {"N": 500, "iss": 0.9, "lr": 0.003135528802871368, "ridge": 1e-07, "seed": 1234, "sr": 2.4229663969229636}}