{"returned_dict": {"loss": 731.5534688465413, "r2": -9034118.991644377, "status": "ok", "start_time": 1695699491.823909, "duration": 4.1935460567474365}, "current_params": {"N": 500, "iss": 0.9, "lr": 0.014788360119021833, "ridge": 1e-07, "seed": 1234, "sr": 2.6411464130177205}}