{"returned_dict": {"loss": 750.594907504474, "r2": -11328943.57859535, "status": "ok", "start_time": 1695699254.338512, "duration": 4.23144793510437}, "current_params": {"N": 500, "iss": 0.9, "lr": 0.023290415540192212, "ridge": 1e-07, "seed": 1234, "sr": 1.9933094412983583}}