{"returned_dict": {"loss": 77.09982005649864, "r2": -98616.70702666859, "status": "ok", "start_time": 1695699387.516929, "duration": 4.182497024536133}, "current_params": {"N": 500, "iss": 0.9, "lr": 0.013776573458598628, "ridge": 1e-07, "seed": 1234, "sr": 1.4037266612887527}}