{"returned_dict": {"loss": 8.011208015524815, "r2": -112.29097151014868, "status": "ok", "start_time": 1697428802.345383, "duration": 1.9416329860687256}, "current_params": {"N": 500, "iss": 0.9, "lr": 0.015675637477485127, "ridge": 1e-07, "seed": 1234, "sr": 8.323301293667457}}