{"returned_dict": {"loss": 8.913436386220875, "r2": -179.91634320744765, "status": "ok", "start_time": 1697428740.620693, "duration": 1.849034070968628}, "current_params": {"N": 500, "iss": 0.9, "lr": 0.0014657043717974704, "ridge": 1e-07, "seed": 1234, "sr": 3.3229413943755635}}