{"returned_dict": {"loss": 82.9302730139709, "r2": -173791.91682737807, "status": "ok", "start_time": 1695803394.132457, "duration": 0.8746340274810791}, "current_params": {"N": 500, "iss": 0.9, "lr": 0.004652465849430955, "ridge": 1e-07, "seed": 1234, "sr": 5.580343023547168}}