{"returned_dict": {"loss": 9.003306082912449, "r2": -10.535712185455935, "status": "ok", "start_time": 1696932060.379084, "duration": 0.7263858318328857}, "current_params": {"N": 500, "iss": 0.9, "lr": 0.00634949608361273, "ridge": 1e-07, "seed": 1234, "sr": 2.9579435824398614}}