{"returned_dict": {"loss": 9.309632746061007, "r2": -8.995670473683075, "status": "ok", "start_time": 1696931158.080406, "duration": 0.5562639236450195}, "current_params": {"N": 500, "iss": 0.9, "lr": 0.010392855525269688, "ridge": 1e-07, "seed": 1234, "sr": 9.272462266637495}}