{"returned_dict": {"loss": 906.5460315541899, "r2": -17514541.979284722, "status": "ok", "start_time": 1695699429.2815921, "duration": 4.160261869430542}, "current_params": {"N": 500, "iss": 0.9, "lr": 0.005534144396068831, "ridge": 1e-07, "seed": 1234, "sr": 1.7053539993996638}}