{"returned_dict": {"loss": 94.76925341987267, "r2": -7820.885293011898, "status": "ok", "start_time": 1696941898.037548, "duration": 2.3555619716644287}, "current_params": {"N": 500, "iss": 0.9, "lr": 0.006965147459842892, "ridge": 1e-07, "seed": 1234, "sr": 7.231920572306449}}