{"returned_dict": {"loss": 0.0013187422104291927, "r2": 0.9999267851262209, "status": "ok", "start_time": 1699190960.4796312, "duration": 2.2698450088500977}, "current_params": {"N": 500, "iss": 0.09801956882183527, "lr": 0.21207672046475814, "ridge": 4.6581639384163866e-05, "seed": 1234, "sr": 0.21354604962375795}}