{"returned_dict": {"loss": 0.004572101420728211, "r2": 0.9991173926279885, "status": "ok", "start_time": 1699190730.991522, "duration": 2.273097038269043}, "current_params": {"N": 500, "iss": 0.15717970056189712, "lr": 0.07128243944571559, "ridge": 3.2781375924716163e-09, "seed": 1234, "sr": 0.027598683234115115}}