{"returned_dict": {"loss": 0.007658933390575069, "r2": 0.9975277243264099, "status": "ok", "start_time": 1699190843.754943, "duration": 2.2966079711914062}, "current_params": {"N": 500, "iss": 0.20874949204266458, "lr": 0.07729401267577381, "ridge": 5.55904979401799e-05, "seed": 1234, "sr": 0.21210441974152222}}