{"returned_dict": {"loss": 0.018791615783642718, "r2": 0.9850856163359762, "status": "ok", "start_time": 1699190958.159553, "duration": 2.3184781074523926}, "current_params": {"N": 500, "iss": 0.347012423797356, "lr": 0.09201940994765088, "ridge": 1.2655675147834042e-05, "seed": 1234, "sr": 0.03414048410383786}}