{"returned_dict": {"loss": 0.01475182855124216, "r2": 0.9907737232455519, "status": "ok", "start_time": 1699191134.551052, "duration": 2.2761337757110596}, "current_params": {"N": 500, "iss": 0.5933563673798359, "lr": 0.8382221591273349, "ridge": 1.1082393000534913e-06, "seed": 1234, "sr": 0.7323231724059845}}