{"returned_dict": {"loss": 0.013072637830683414, "r2": 0.9927477651872737, "status": "ok", "start_time": 1699190832.4275892, "duration": 2.2299368381500244}, "current_params": {"N": 500, "iss": 0.2841990386572327, "lr": 0.4297960808148079, "ridge": 3.4827616605209123e-06, "seed": 1234, "sr": 0.020006202812672045}}