{"returned_dict": {"loss": 0.02958421135603262, "r2": 0.9632146051904077, "status": "ok", "start_time": 1699191084.1908412, "duration": 2.3889007568359375}, "current_params": {"N": 500, "iss": 0.5619647530716958, "lr": 0.12251552188440552, "ridge": 0.00013569741429282753, "seed": 1234, "sr": 0.020788245498133077}}