{"returned_dict": {"loss": 0.023839955062971485, "r2": 0.9760758849022634, "status": "ok", "start_time": 1699191030.795879, "duration": 2.2652201652526855}, "current_params": {"N": 500, "iss": 0.46362690696575914, "lr": 0.1556591544481278, "ridge": 0.0003537494244538186, "seed": 1234, "sr": 0.05298748174805132}}