{"returned_dict": {"loss": 0.02805184291848581, "r2": 0.9669397130510777, "status": "ok", "start_time": 1699191019.441401, "duration": 2.2298710346221924}, "current_params": {"N": 500, "iss": 0.5923323236902225, "lr": 0.09414420070801902, "ridge": 0.0014474323274106797, "seed": 1234, "sr": 0.13317912806568327}}