{"returned_dict": {"loss": 0.034247577490262866, "r2": 0.950764269661654, "status": "ok", "start_time": 1699190884.631735, "duration": 2.236427068710327}, "current_params": {"N": 500, "iss": 0.616731567531399, "lr": 0.6954288762234999, "ridge": 0.0061302022177938354, "seed": 1234, "sr": 6.834465647289925}}