{"returned_dict": {"loss": 0.03134720238394816, "r2": 0.9562543897761763, "status": "ok", "start_time": 1699190866.524541, "duration": 2.261301040649414}, "current_params": {"N": 500, "iss": 0.7714539695031645, "lr": 0.16766766519886953, "ridge": 1.2968971939683203e-07, "seed": 1234, "sr": 0.28327116807958513}}