{"returned_dict": {"loss": 0.03718683440292161, "r2": 0.9418887072044305, "status": "ok", "start_time": 1699190969.617712, "duration": 2.267216920852661}, "current_params": {"N": 500, "iss": 0.6914803299511233, "lr": 0.4989873629451257, "ridge": 0.0009024714119816998, "seed": 1234, "sr": 0.014411455273543402}}