{"returned_dict": {"loss": 0.03916059004707677, "r2": 0.9355873981323336, "status": "ok", "start_time": 1699191033.062947, "duration": 2.210693836212158}, "current_params": {"N": 500, "iss": 0.975796083487275, "lr": 0.36345335286724006, "ridge": 3.344756996651249e-07, "seed": 1234, "sr": 3.928074544493676}}