{"returned_dict": {"loss": 0.03738279074403993, "r2": 0.9413274362701974, "status": "ok", "start_time": 1699191086.581343, "duration": 2.3555169105529785}, "current_params": {"N": 500, "iss": 0.629186932886679, "lr": 0.9385365458738638, "ridge": 4.279595777669173e-09, "seed": 1234, "sr": 7.567304757039052}}