{"returned_dict": {"loss": 0.03251578847102272, "r2": 0.9556365400640875, "status": "ok", "start_time": 1699191060.858421, "duration": 2.297078847885132}, "current_params": {"N": 500, "iss": 0.8091744524034417, "lr": 0.9358123326900604, "ridge": 3.7883632037985046e-08, "seed": 1234, "sr": 5.974243589442645}}