{"returned_dict": {"loss": 0.04978530147022947, "r2": 0.8959882881880962, "status": "ok", "start_time": 1699191037.572302, "duration": 2.392098903656006}, "current_params": {"N": 500, "iss": 0.735910449821011, "lr": 0.03687802163588743, "ridge": 0.0019711206562567562, "seed": 1234, "sr": 0.04328771757628488}}