{"returned_dict": {"loss": 0.055537144887765934, "r2": 0.8694719249849131, "status": "ok", "start_time": 1699190996.855399, "duration": 2.2378642559051514}, "current_params": {"N": 500, "iss": 0.25996136073869425, "lr": 0.01122030491707982, "ridge": 8.347574467203145e-08, "seed": 1234, "sr": 0.06204230622513381}}