{"returned_dict": {"loss": 0.05419854664337768, "r2": 0.8513779293692174, "status": "ok", "start_time": 1699191102.711979, "duration": 2.3006532192230225}, "current_params": {"N": 500, "iss": 0.8161326333926638, "lr": 0.07816106311699304, "ridge": 7.358885705656805e-05, "seed": 1234, "sr": 0.8542795536342308}}