{"returned_dict": {"loss": 0.05210456453983637, "r2": 0.8835317601610582, "status": "ok", "start_time": 1699191164.194693, "duration": 2.196619749069214}, "current_params": {"N": 500, "iss": 0.9252782203468204, "lr": 0.026818040062708853, "ridge": 7.673078281627973e-07, "seed": 1234, "sr": 0.08930926502440488}}