{"returned_dict": {"loss": 0.055706501588984436, "r2": 0.8697842438831641, "status": "ok", "start_time": 1699191053.819239, "duration": 2.306439161300659}, "current_params": {"N": 500, "iss": 0.134697453845536, "lr": 0.005584438526231021, "ridge": 0.0021703951793471516, "seed": 1234, "sr": 0.11855799312403709}}