{"returned_dict": {"loss": 0.05920982985944725, "r2": 0.8526992698312105, "status": "ok", "start_time": 1699190886.869963, "duration": 2.26235294342041}, "current_params": {"N": 500, "iss": 0.06694893716285133, "lr": 0.0012469785034749062, "ridge": 8.136540810461886e-08, "seed": 1234, "sr": 0.13504276379966784}}