{"returned_dict": {"loss": 0.07577453134097624, "r2": 0.7591044527578353, "status": "ok", "start_time": 1699191077.11794, "duration": 2.3112940788269043}, "current_params": {"N": 500, "iss": 0.0026462177202568604, "lr": 0.021333081512378033, "ridge": 0.00025791954558242, "seed": 1234, "sr": 0.011405319213458769}}