{"returned_dict": {"loss": 0.08564180475190786, "r2": 0.6880262543902896, "status": "ok", "start_time": 1699190913.8263118, "duration": 2.3370633125305176}, "current_params": {"N": 500, "iss": 0.8088601787647725, "lr": 0.010820249488204384, "ridge": 2.157571970097535e-05, "seed": 1234, "sr": 0.19935467732696538}}