{"returned_dict": {"loss": 0.09334032321946302, "r2": 0.6343277711302254, "status": "ok", "start_time": 1699191003.633976, "duration": 2.2703120708465576}, "current_params": {"N": 500, "iss": 0.7889351766743528, "lr": 0.00398609258790173, "ridge": 0.0026164567787443195, "seed": 1234, "sr": 0.012580639725311055}}