{"returned_dict": {"loss": 0.09241701082613181, "r2": 0.6408834993540856, "status": "ok", "start_time": 1699190767.056799, "duration": 2.3648431301116943}, "current_params": {"N": 500, "iss": 0.4171626881853736, "lr": 0.002422315386294973, "ridge": 0.0008891693515095883, "seed": 1234, "sr": 0.0544052294998603}}