{"returned_dict": {"loss": 0.12268780907936024, "r2": 0.337160263021687, "status": "ok", "start_time": 1699191170.987034, "duration": 2.309217929840088}, "current_params": {"N": 500, "iss": 0.9492451986094536, "lr": 0.012192269780560696, "ridge": 1.0355816851799808e-08, "seed": 1234, "sr": 0.03438139057492874}}