{"returned_dict": {"loss": 0.14779731272151928, "r2": 0.08180576771499086, "status": "ok", "start_time": 1699190871.0535018, "duration": 2.246692180633545}, "current_params": {"N": 500, "iss": 0.06016013465638104, "lr": 0.23962511288825833, "ridge": 0.0007949579169258338, "seed": 1234, "sr": 3.416923934914541}}