{"returned_dict": {"loss": 0.15661145970069099, "r2": -0.030856873529600315, "status": "ok", "start_time": 1699191088.938804, "duration": 2.302565097808838}, "current_params": {"N": 500, "iss": 0.05969594889932428, "lr": 0.22834501963548878, "ridge": 4.079252477787997e-06, "seed": 1234, "sr": 3.3535990156004383}}