{"returned_dict": {"loss": 0.17106862379962337, "r2": -0.2379018645788733, "status": "ok", "start_time": 1699190821.1881988, "duration": 2.2100231647491455}, "current_params": {"N": 500, "iss": 0.4363515860498989, "lr": 0.0016156588507471406, "ridge": 3.474547834739471e-08, "seed": 1234, "sr": 0.03073430140568509}}