{"returned_dict": {"loss": 0.421805343425421, "r2": -6.565656797437807, "status": "ok", "start_time": 1699190918.521656, "duration": 2.4017579555511475}, "current_params": {"N": 500, "iss": 0.9232478994758182, "lr": 0.001009158010588956, "ridge": 8.318524365251139e-07, "seed": 1234, "sr": 0.07326940168674866}}