{"returned_dict": {"loss": 0.45210758395774714, "r2": -7.6912109592580995, "status": "ok", "start_time": 1699191107.372926, "duration": 2.260049819946289}, "current_params": {"N": 500, "iss": 0.36454979801819787, "lr": 0.001817436335305465, "ridge": 1.2856827057907244e-05, "seed": 1234, "sr": 0.5391304566113871}}