{"returned_dict": {"loss": 2.1294893804506034, "r2": -205.75856831363978, "status": "ok", "start_time": 1699190994.582926, "duration": 2.27059006690979}, "current_params": {"N": 500, "iss": 0.4503628369957513, "lr": 0.03709140133925175, "ridge": 2.6234435504939386e-09, "seed": 1234, "sr": 1.665278509291293}}