{"returned_dict": {"loss": 22.177600067277172, "r2": -23496.459101706412, "status": "ok", "start_time": 1699190778.334214, "duration": 2.2470810413360596}, "current_params": {"N": 500, "iss": 0.22424280171073074, "lr": 0.012042080474948267, "ridge": 9.253689703516465e-05, "seed": 1234, "sr": 1.959651331974383}}