{"returned_dict": {"loss": 24.55106512310196, "r2": -27816.193494858922, "status": "ok", "start_time": 1699190923.2920918, "duration": 2.299220085144043}, "current_params": {"N": 500, "iss": 0.3415352429252124, "lr": 0.024081733532461607, "ridge": 2.334903649885824e-09, "seed": 1234, "sr": 2.540247736115996}}