{"returned_dict": {"loss": 47.09142324450024, "r2": -93350.66308913023, "status": "ok", "start_time": 1699190980.961584, "duration": 2.2319839000701904}, "current_params": {"N": 500, "iss": 0.5806915954693277, "lr": 0.005250222770550053, "ridge": 9.454792365744235e-05, "seed": 1234, "sr": 2.6286963019006704}}