{"returned_dict": {"loss": 8.901712956065618, "r2": -3519.831944884489, "status": "ok", "start_time": 1699190850.6076102, "duration": 2.2558698654174805}, "current_params": {"N": 500, "iss": 0.8383160999911431, "lr": 0.023226759313516834, "ridge": 8.81560223051062e-07, "seed": 1234, "sr": 1.7986325141052368}}