{"returned_dict": {"loss": 0.007387278038065091, "r2": 0.997581917604192, "status": "ok", "start_time": 1701084110.2635, "duration": 4.118936061859131}, "current_params": {"N": 500, "iss": 0.19193610002206027, "lr": 0.8001127247981702, "ridge": 5.8732853675070315e-06, "seed": 5555, "sr": 0.8324467400954403}}