{"returned_dict": {"loss": 0.00906549603288031, "r2": 0.9965231426040847, "status": "ok", "start_time": 1701083851.816992, "duration": 4.198873043060303}, "current_params": {"N": 500, "iss": 0.2298357960090034, "lr": 0.8472268156639914, "ridge": 9.801931216645321e-05, "seed": 5555, "sr": 0.2197712027474747}}