{"returned_dict": {"loss": 0.005647595420583756, "r2": 0.9986545453059659, "status": "ok", "start_time": 1701087428.362875, "duration": 80.82280993461609}, "current_params": {"N": 500, "iss": 0.2061445945251359, "lr": 0.2566868061785095, "ridge": 9.86918725667122e-06, "seed": 5555, "sr": 0.3329213968101669}}