{"returned_dict": {"loss": 0.00475348893620525, "r2": 0.9990415718929789, "status": "ok", "start_time": 1701085062.7397609, "duration": 4.111562967300415}, "current_params": {"N": 500, "iss": 0.05442395426807537, "lr": 0.17340579757157243, "ridge": 6.647725116776776e-06, "seed": 5555, "sr": 0.08708888690773973}}