{"returned_dict": {"loss": 0.007988896516511025, "r2": 0.9973088942944653, "status": "ok", "start_time": 1701084207.622675, "duration": 4.463528871536255}, "current_params": {"N": 500, "iss": 0.18613793576191584, "lr": 0.20584422622367426, "ridge": 6.527015720498187e-07, "seed": 5555, "sr": 0.017628343869239376}}