{"returned_dict": {"loss": 0.009212160657444152, "r2": 0.9962927355669784, "status": "ok", "start_time": 1701084534.414927, "duration": 4.374452114105225}, "current_params": {"N": 500, "iss": 0.2793313530993152, "lr": 0.4430240323468328, "ridge": 2.6892271434408008e-08, "seed": 5555, "sr": 0.10295957734548702}}