{"returned_dict": {"loss": 0.002681368998074397, "r2": 0.9996956248864756, "status": "ok", "start_time": 1701084862.146388, "duration": 4.330581903457642}, "current_params": {"N": 500, "iss": 0.06220805981413052, "lr": 0.6709802729236257, "ridge": 3.7439542539492963e-07, "seed": 5555, "sr": 0.10331709598002556}}