{"returned_dict": {"loss": 0.0061419054712467955, "r2": 0.9983766481620312, "status": "ok", "start_time": 1701084773.1254919, "duration": 4.164075136184692}, "current_params": {"N": 500, "iss": 0.08274222627726023, "lr": 0.10566367736991311, "ridge": 0.0006840689398280346, "seed": 5555, "sr": 0.4711889013241836}}