{"returned_dict": {"loss": 0.0026455838399964842, "r2": 0.9997047884473247, "status": "ok", "start_time": 1701084658.365833, "duration": 4.484889984130859}, "current_params": {"N": 500, "iss": 0.06220891079146504, "lr": 0.3998359115512656, "ridge": 1.1777647300983653e-05, "seed": 5555, "sr": 0.1937385703795739}}