{"returned_dict": {"loss": 0.009121260914402518, "r2": 0.9964420139380898, "status": "ok", "start_time": 1701084367.714111, "duration": 4.194073915481567}, "current_params": {"N": 500, "iss": 0.2924703701922644, "lr": 0.38132489498693556, "ridge": 2.1827245065307728e-07, "seed": 5555, "sr": 0.12997690359351327}}