{"returned_dict": {"loss": 0.003751204453245884, "r2": 0.9993881448258671, "status": "ok", "start_time": 1701084874.739818, "duration": 4.1069817543029785}, "current_params": {"N": 500, "iss": 0.12283535675026477, "lr": 0.3220888232543759, "ridge": 4.989118799413709e-06, "seed": 5555, "sr": 0.21504058845392476}}