{"returned_dict": {"loss": 0.0029385348727519298, "r2": 0.9996296966159042, "status": "ok", "start_time": 1701084713.998513, "duration": 4.2957799434661865}, "current_params": {"N": 500, "iss": 0.05381371571661579, "lr": 0.5599567303416398, "ridge": 4.9072076544724634e-08, "seed": 5555, "sr": 0.13114324992434814}}