{"returned_dict": {"loss": 0.004844956128675919, "r2": 0.9990073366939726, "status": "ok", "start_time": 1701084434.97021, "duration": 4.20145583152771}, "current_params": {"N": 500, "iss": 0.04888616994284968, "lr": 0.3065596794576597, "ridge": 0.0004735260754917233, "seed": 5555, "sr": 0.0800038640066274}}