{"returned_dict": {"loss": 0.006280825716241021, "r2": 0.9982902308125828, "status": "ok", "start_time": 1701084975.6124, "duration": 26.58572506904602}, "current_params": {"N": 500, "iss": 0.21681209674394336, "lr": 0.3548076001903941, "ridge": 3.74120022918994e-06, "seed": 5555, "sr": 0.8307996444892811}}