{"returned_dict": {"loss": 0.0028077581368822027, "r2": 0.9996676181183038, "status": "ok", "start_time": 1701084388.7649438, "duration": 4.194406270980835}, "current_params": {"N": 500, "iss": 0.03448475870673003, "lr": 0.7431749314660291, "ridge": 8.930067951833549e-07, "seed": 5555, "sr": 0.01523338563310683}}