{"returned_dict": {"loss": 0.00438527237836004, "r2": 0.9991892322749539, "status": "ok", "start_time": 1701084961.935152, "duration": 4.13346791267395}, "current_params": {"N": 500, "iss": 0.0006355846124517923, "lr": 0.8749283991785025, "ridge": 7.302798092820166e-08, "seed": 5555, "sr": 0.17071687137122607}}