{"returned_dict": {"loss": 0.0028472211602912335, "r2": 0.9996512864022472, "status": "ok", "start_time": 1701084654.149069, "duration": 4.210277795791626}, "current_params": {"N": 500, "iss": 0.08767779714980602, "lr": 0.5926552444283193, "ridge": 3.308535525955538e-06, "seed": 5555, "sr": 0.24454354085912675}}