{"returned_dict": {"loss": 0.0031515753337244498, "r2": 0.9995799999013997, "status": "ok", "start_time": 1701084507.4465978, "duration": 4.533766269683838}, "current_params": {"N": 500, "iss": 0.10200095735231948, "lr": 0.28222244937336954, "ridge": 2.5363441474141838e-06, "seed": 5555, "sr": 0.11642823280955789}}