{"returned_dict": {"loss": 0.0028074143536698415, "r2": 0.999667614955174, "status": "ok", "start_time": 1701084384.526217, "duration": 4.232754945755005}, "current_params": {"N": 500, "iss": 0.07953195176983072, "lr": 0.99293039196317, "ridge": 5.782025488329212e-08, "seed": 5555, "sr": 0.010290299390141783}}