{"returned_dict": {"loss": 0.005684697612365997, "r2": 0.9986376655325052, "status": "ok", "start_time": 1701084018.601325, "duration": 4.144622802734375}, "current_params": {"N": 500, "iss": 0.0024178379719551543, "lr": 0.9634921262496831, "ridge": 6.415288143648567e-05, "seed": 5555, "sr": 0.10336370601820381}}