{"returned_dict": {"loss": 0.006195991500339143, "r2": 0.9982518362238523, "status": "ok", "start_time": 1701084064.417427, "duration": 4.177618741989136}, "current_params": {"N": 500, "iss": 0.15333117320635098, "lr": 0.17639032824176543, "ridge": 3.483639687298743e-07, "seed": 5555, "sr": 0.17259150499166698}}