{"returned_dict": {"loss": 0.01352754924772726, "r2": 0.9921503689659401, "status": "ok", "start_time": 1701083881.030132, "duration": 4.145612001419067}, "current_params": {"N": 500, "iss": 0.2031405730157012, "lr": 0.12645110426522577, "ridge": 4.285230966148431e-08, "seed": 5555, "sr": 0.9919050140337848}}