{"returned_dict": {"loss": 0.012673590356162195, "r2": 0.9931381705713657, "status": "ok", "start_time": 1701084577.4622478, "duration": 4.2047340869903564}, "current_params": {"N": 500, "iss": 0.38127518673094357, "lr": 0.5668175765984672, "ridge": 9.096040966342836e-08, "seed": 5555, "sr": 0.12094111188988449}}