{"returned_dict": {"loss": 0.010864116288356396, "r2": 0.9950248430206233, "status": "ok", "start_time": 1701084739.381324, "duration": 4.222690105438232}, "current_params": {"N": 500, "iss": 0.22251712450608438, "lr": 0.1653328382615532, "ridge": 3.8541530761330264e-06, "seed": 5555, "sr": 0.027437164844969067}}