{"returned_dict": {"loss": 0.010665617826403075, "r2": 0.9952010397345138, "status": "ok", "start_time": 1701084731.070369, "duration": 4.1716179847717285}, "current_params": {"N": 500, "iss": 0.2637505363031857, "lr": 0.13732820772846216, "ridge": 1.0200162328707511e-07, "seed": 5555, "sr": 0.03875286146377643}}