{"returned_dict": {"loss": 0.010814084903041997, "r2": 0.995046385030931, "status": "ok", "start_time": 1701084485.490216, "duration": 4.467264890670776}, "current_params": {"N": 500, "iss": 0.19490152708403713, "lr": 0.40065120051218994, "ridge": 0.0007429180442529719, "seed": 5555, "sr": 0.02911562144285421}}