{"returned_dict": {"loss": 0.014233323996903751, "r2": 0.9914565973770381, "status": "ok", "start_time": 1701083989.352504, "duration": 4.194702863693237}, "current_params": {"N": 500, "iss": 0.3259844081922315, "lr": 0.6141118797108667, "ridge": 1.1607391115282414e-07, "seed": 5555, "sr": 0.018965305680188786}}