{"returned_dict": {"loss": 0.017524838432656096, "r2": 0.9868800199943962, "status": "ok", "start_time": 1701084237.6117399, "duration": 4.200338125228882}, "current_params": {"N": 500, "iss": 0.45984632782837126, "lr": 0.34700502968799407, "ridge": 3.094646739128421e-09, "seed": 5555, "sr": 0.18039571268972227}}