{"returned_dict": {"loss": 0.013000394368145188, "r2": 0.9926815115680577, "status": "ok", "start_time": 1701084283.801433, "duration": 4.2127039432525635}, "current_params": {"N": 500, "iss": 0.19661930001147632, "lr": 0.9950614625356929, "ridge": 9.629320530677435e-06, "seed": 5555, "sr": 0.3445582591077391}}