{"returned_dict": {"loss": 0.011105138524083782, "r2": 0.99479103096586, "status": "ok", "start_time": 1701087515.952679, "duration": 4.386806011199951}, "current_params": {"N": 500, "iss": 0.2732726770660368, "lr": 0.1525330510965993, "ridge": 0.00023526304046882627, "seed": 5555, "sr": 0.196399229708301}}