{"returned_dict": {"loss": 0.010363024810292677, "r2": 0.9952643326236125, "status": "ok", "start_time": 1701084309.091053, "duration": 4.185364007949829}, "current_params": {"N": 500, "iss": 0.27274508130558445, "lr": 0.29382959525525776, "ridge": 8.032233004389584e-05, "seed": 5555, "sr": 1.236893442771255}}