{"returned_dict": {"loss": 0.029652021674422182, "r2": 0.9629369252055717, "status": "ok", "start_time": 1701084262.814347, "duration": 4.213178873062134}, "current_params": {"N": 500, "iss": 0.05141184346785598, "lr": 0.057182329104798556, "ridge": 0.006558482530035554, "seed": 5555, "sr": 0.140605760235083}}