{"returned_dict": {"loss": 0.021216506151934166, "r2": 0.981023783861782, "status": "ok", "start_time": 1701083822.3891652, "duration": 4.178459882736206}, "current_params": {"N": 500, "iss": 0.21686967585707428, "lr": 0.06719120770962762, "ridge": 0.00012890720812140736, "seed": 5555, "sr": 0.07071032186253305}}