{"returned_dict": {"loss": 0.02968711012567217, "r2": 0.9617208031692219, "status": "ok", "start_time": 1701083943.545384, "duration": 4.144175052642822}, "current_params": {"N": 500, "iss": 0.2489980609106154, "lr": 0.08854799913331388, "ridge": 2.6629985124626832e-08, "seed": 5555, "sr": 1.2823888811507709}}