{"returned_dict": {"loss": 0.022260470025319907, "r2": 0.9791062801666562, "status": "ok", "start_time": 1701084573.201867, "duration": 4.253450870513916}, "current_params": {"N": 500, "iss": 0.7661454510461012, "lr": 0.388346748553015, "ridge": 2.2307018356089513e-07, "seed": 5555, "sr": 0.46609780032723114}}