{"returned_dict": {"loss": 0.03273008049185217, "r2": 0.9547139082256823, "status": "ok", "start_time": 1701083906.0419898, "duration": 4.214747190475464}, "current_params": {"N": 500, "iss": 0.09570842114269022, "lr": 0.0373951410826482, "ridge": 1.3130811185054053e-05, "seed": 5555, "sr": 0.1516223026661523}}