{"returned_dict": {"loss": 0.04016842524142712, "r2": 0.9319453854327939, "status": "ok", "start_time": 1701083985.1630578, "duration": 4.183687210083008}, "current_params": {"N": 500, "iss": 0.43172508301196455, "lr": 0.07730749296754756, "ridge": 0.00201699200197087, "seed": 5555, "sr": 0.012699538462675831}}