{"returned_dict": {"loss": 0.049994575085163695, "r2": 0.8945467975976907, "status": "ok", "start_time": 1701083922.776124, "duration": 4.114579916000366}, "current_params": {"N": 500, "iss": 0.49996991578648575, "lr": 0.201999269763232, "ridge": 7.832063451644609e-07, "seed": 5555, "sr": 6.408071907753994}}