{"returned_dict": {"loss": 0.044609761949877064, "r2": 0.9138422864820921, "status": "ok", "start_time": 1701083972.713853, "duration": 4.143656969070435}, "current_params": {"N": 500, "iss": 0.1925156527435205, "lr": 0.024521369088694123, "ridge": 1.9489983417420353e-07, "seed": 5555, "sr": 0.4473512286523449}}