{"returned_dict": {"loss": 0.041117640356459276, "r2": 0.9287332337862888, "status": "ok", "start_time": 1701084212.092051, "duration": 4.333740949630737}, "current_params": {"N": 500, "iss": 0.7428176172567462, "lr": 0.11418534366009095, "ridge": 0.0012626358778276175, "seed": 5555, "sr": 0.011338157234787122}}