{"returned_dict": {"loss": 0.04155165006344561, "r2": 0.9243248538534257, "status": "ok", "start_time": 1701084296.469976, "duration": 4.186626195907593}, "current_params": {"N": 500, "iss": 0.9499958446499315, "lr": 0.18695623673281142, "ridge": 6.50263615853324e-09, "seed": 5555, "sr": 0.27197130037146783}}