{"returned_dict": {"loss": 0.06023279622946189, "r2": 0.8419992373542037, "status": "ok", "start_time": 1701084160.2151911, "duration": 4.183501958847046}, "current_params": {"N": 500, "iss": 0.3561959214737542, "lr": 0.018268497103775157, "ridge": 4.081954220942842e-06, "seed": 5555, "sr": 0.2757063691278804}}