{"returned_dict": {"loss": 0.0608079337155922, "r2": 0.8440788287551695, "status": "ok", "start_time": 1701084811.044986, "duration": 4.22147011756897}, "current_params": {"N": 500, "iss": 0.10837075221979253, "lr": 0.003939917643325246, "ridge": 0.00010457427732070685, "seed": 5555, "sr": 0.26397016789445965}}