{"returned_dict": {"loss": 0.07589555903374086, "r2": 0.7569039079134443, "status": "ok", "start_time": 1701084359.33803, "duration": 4.1798789501190186}, "current_params": {"N": 500, "iss": 0.24965621701332794, "lr": 0.21244353920239142, "ridge": 1.7976101570990505e-05, "seed": 5555, "sr": 7.095426327791185}}