{"returned_dict": {"loss": 0.0781548989001297, "r2": 0.7412965972534705, "status": "ok", "start_time": 1701084173.0457191, "duration": 4.393627882003784}, "current_params": {"N": 500, "iss": 0.2503543762784956, "lr": 0.004602224832458128, "ridge": 5.406212610198512e-07, "seed": 5555, "sr": 0.0334670081737661}}