{"returned_dict": {"loss": 0.09734421184588853, "r2": 0.6004699561833235, "status": "ok", "start_time": 1701084203.181809, "duration": 4.434981107711792}, "current_params": {"N": 500, "iss": 0.3928771833070488, "lr": 0.0017918915833524715, "ridge": 0.0003382500432597641, "seed": 5555, "sr": 0.0243715975221752}}