{"returned_dict": {"loss": 0.09968279086676528, "r2": 0.5289534303302081, "status": "ok", "start_time": 1701084543.1277409, "duration": 4.3265321254730225}, "current_params": {"N": 500, "iss": 0.12387111617727758, "lr": 0.00990528914147181, "ridge": 4.119727893709236e-06, "seed": 5555, "sr": 0.29828066920740504}}