{"returned_dict": {"loss": 0.15399737264410698, "r2": 0.0003491776951253985, "status": "ok", "start_time": 1701083885.1808362, "duration": 4.119481801986694}, "current_params": {"N": 500, "iss": 0.011326246355901869, "lr": 0.9466315203044776, "ridge": 4.9569399463315395e-06, "seed": 5555, "sr": 9.5775774839731}}