{"returned_dict": {"loss": 0.4343516424132872, "r2": -7.25633139446231, "status": "ok", "start_time": 1701083797.3056571, "duration": 4.1794140338897705}, "current_params": {"N": 500, "iss": 0.869355916285306, "lr": 0.0017588986916506517, "ridge": 0.009525997633827816, "seed": 5555, "sr": 1.2509379966926149}}