{"returned_dict": {"loss": 0.5342467820665621, "r2": -11.484950689450566, "status": "ok", "start_time": 1701084275.417909, "duration": 4.18338418006897}, "current_params": {"N": 500, "iss": 0.024908750129734487, "lr": 0.08513427996353326, "ridge": 2.7949320418601555e-08, "seed": 5555, "sr": 1.7278267077141296}}