{"returned_dict": {"loss": 12.46423848006671, "r2": -6737.926845675308, "status": "ok", "start_time": 1701083835.163131, "duration": 4.1722259521484375}, "current_params": {"N": 500, "iss": 0.33486009438808095, "lr": 0.004100650502354604, "ridge": 0.008206547427376674, "seed": 5555, "sr": 4.224184001973293}}