{"returned_dict": {"loss": 138.9545709321866, "r2": -816520.7546646971, "status": "ok", "start_time": 1701084126.893348, "duration": 4.18518590927124}, "current_params": {"N": 500, "iss": 0.1215571679183009, "lr": 0.0012924538080320049, "ridge": 2.563316952031801e-07, "seed": 5555, "sr": 2.63260612348578}}