{"returned_dict": {"loss": 38.02219279486556, "r2": -61448.71006329698, "status": "ok", "start_time": 1701083981.012969, "duration": 4.145075798034668}, "current_params": {"N": 500, "iss": 0.11930764422836937, "lr": 0.012628159742270585, "ridge": 3.394088241338306e-07, "seed": 5555, "sr": 2.6630705176341642}}