{"returned_dict": {"loss": 0.005881525043586982, "r2": 0.998519538050212, "status": "ok", "start_time": 1699259360.803995, "duration": 3.6107141971588135}, "current_params": {"N": 500, "iss": 0.22844120631577203, "lr": 0.5068843153791186, "ridge": 1.748641447561754e-09, "seed": 1234, "sr": 1.2556711601352721}}