{"returned_dict": {"loss": 0.0020027958537336935, "r2": 0.9998805155697629, "status": "ok", "start_time": 1699264514.954292, "duration": 2.19732403755188}, "current_params": {"N": 500, "iss": 0.23999648673506557, "lr": 0.14755529525122685, "ridge": 2.191167299174609e-09, "seed": 1234, "sr": 0.023462246374277934}}