{"returned_dict": {"loss": 0.0027681566255580788, "r2": 0.9997722655566813, "status": "ok", "start_time": 1699264492.6028988, "duration": 2.163102149963379}, "current_params": {"N": 500, "iss": 0.040938266600104134, "lr": 0.3659512815680789, "ridge": 0.0021047798903734414, "seed": 1234, "sr": 0.3797757622392174}}