{"returned_dict": {"loss": 0.0005895137681191969, "r2": 0.9999896603928097, "status": "ok", "start_time": 1699264430.729262, "duration": 2.2584729194641113}, "current_params": {"N": 500, "iss": 0.9408397105778058, "lr": 0.3594469868947466, "ridge": 2.899155403260927e-08, "seed": 1234, "sr": 0.953319122623503}}