{"returned_dict": {"loss": 0.0060276794579017835, "r2": 0.9983758554539776, "status": "ok", "start_time": 1699261354.185627, "duration": 1.892258882522583}, "current_params": {"N": 500, "iss": 0.19717791279794772, "lr": 0.8908311505278818, "ridge": 0.00013283966567113832, "seed": 1234, "sr": 0.20760447792478667}}