{"returned_dict": {"loss": 0.003996985305812814, "r2": 0.9992893824176954, "status": "ok", "start_time": 1699261456.784576, "duration": 2.1519250869750977}, "current_params": {"N": 500, "iss": 0.040938266600104134, "lr": 0.3659512815680789, "ridge": 0.0021047798903734414, "seed": 1234, "sr": 0.3797757622392174}}