{"returned_dict": {"loss": 0.0029270236517863813, "r2": 0.999638921013959, "status": "ok", "start_time": 1699259184.084734, "duration": 3.4868531227111816}, "current_params": {"N": 500, "iss": 0.14258024657972923, "lr": 0.5516837456874331, "ridge": 3.7433235003717447e-07, "seed": 1234, "sr": 0.1931498404234262}}