{"returned_dict": {"loss": 0.0032664508627692572, "r2": 0.9995505231997694, "status": "ok", "start_time": 1699259378.6321542, "duration": 3.6422059535980225}, "current_params": {"N": 500, "iss": 0.09801956882183527, "lr": 0.21207672046475814, "ridge": 4.6581639384163866e-05, "seed": 1234, "sr": 0.21354604962375795}}