{"returned_dict": {"loss": 0.0016405253306605394, "r2": 0.9998997095247035, "status": "ok", "start_time": 1699266563.902823, "duration": 1.3422460556030273}, "current_params": {"N": 500, "iss": 0.14258024657972923, "lr": 0.5516837456874331, "ridge": 3.7433235003717447e-07, "seed": 1234, "sr": 0.1931498404234262}}