{"returned_dict": {"loss": 0.006340942070896402, "r2": 0.9987355733542369, "status": "ok", "start_time": 1699264567.387937, "duration": 2.1438238620758057}, "current_params": {"N": 500, "iss": 0.15890994153775684, "lr": 0.00792332805983459, "ridge": 3.0909972660202036e-06, "seed": 1234, "sr": 0.575269795679041}}