{"returned_dict": {"loss": 0.007202674142689429, "r2": 0.9984623987805764, "status": "ok", "start_time": 1699264148.8353012, "duration": 1.7952678203582764}, "current_params": {"N": 500, "iss": 0.7044600162750467, "lr": 0.05989081733494548, "ridge": 3.058579821085371e-08, "seed": 1234, "sr": 0.1626795681245935}}