{"returned_dict": {"loss": 0.0069724783796852804, "r2": 0.9979294169691134, "status": "ok", "start_time": 1699259664.380109, "duration": 3.8343188762664795}, "current_params": {"N": 500, "iss": 0.19784990317265738, "lr": 0.31008930988824535, "ridge": 0.00013246781832067779, "seed": 1234, "sr": 0.08438326345409637}}