{"returned_dict": {"loss": 0.004999262667695914, "r2": 0.9988978508503473, "status": "ok", "start_time": 1699264857.862942, "duration": 2.519846200942993}, "current_params": {"N": 500, "iss": 0.15717970056189712, "lr": 0.07128243944571559, "ridge": 3.2781375924716163e-09, "seed": 1234, "sr": 0.027598683234115115}}