{"returned_dict": {"loss": 0.0061407181149279915, "r2": 0.998878003186204, "status": "ok", "start_time": 1699264251.4888651, "duration": 2.236161947250366}, "current_params": {"N": 500, "iss": 0.2841990386572327, "lr": 0.4297960808148079, "ridge": 3.4827616605209123e-06, "seed": 1234, "sr": 0.020006202812672045}}