{"returned_dict": {"loss": 0.00862837308003864, "r2": 0.9971398236482161, "status": "ok", "start_time": 1699243567.62529, "duration": 1.8608100414276123}, "current_params": {"N": 500, "iss": 0.2298357960090034, "lr": 0.8472268156639914, "ridge": 9.801931216645321e-05, "seed": 1234, "sr": 0.2197712027474747}}