{"returned_dict": {"loss": 0.006672798153421857, "r2": 0.9979996395132386, "status": "ok", "start_time": 1699261227.131946, "duration": 1.9126787185668945}, "current_params": {"N": 500, "iss": 0.12355157400567263, "lr": 0.35065431611638176, "ridge": 0.00016882662561943463, "seed": 1234, "sr": 0.011739026780685318}}