{"returned_dict": {"loss": 0.01480412940826264, "r2": 0.9934966455507044, "status": "ok", "start_time": 1699264490.361931, "duration": 2.2178030014038086}, "current_params": {"N": 500, "iss": 0.6371089578578937, "lr": 0.026813811448575312, "ridge": 1.2394753758655106e-09, "seed": 1234, "sr": 0.03747978558716274}}