{"returned_dict": {"loss": 0.012961384181975672, "r2": 0.9935987235430165, "status": "ok", "start_time": 1699243531.597972, "duration": 2.007460117340088}, "current_params": {"N": 500, "iss": 0.15717970056189712, "lr": 0.07128243944571559, "ridge": 3.2781375924716163e-09, "seed": 1234, "sr": 0.027598683234115115}}