{"returned_dict": {"loss": 0.0195324732535011, "r2": 0.9886919702527992, "status": "ok", "start_time": 1699264476.173377, "duration": 2.3139331340789795}, "current_params": {"N": 500, "iss": 0.5252220340132849, "lr": 0.5269856938769655, "ridge": 0.0071301806348985485, "seed": 1234, "sr": 0.12440910427817788}}