{"returned_dict": {"loss": 0.01868869251073647, "r2": 0.9883727829400005, "status": "ok", "start_time": 1699264150.6326091, "duration": 1.7833199501037598}, "current_params": {"N": 500, "iss": 0.34611859763450203, "lr": 0.0072789537441323385, "ridge": 4.7480197822394035e-09, "seed": 1234, "sr": 0.3226348405474758}}