{"returned_dict": {"loss": 0.017048029591483622, "r2": 0.9877356673020379, "status": "ok", "start_time": 1699259426.619037, "duration": 3.729436159133911}, "current_params": {"N": 500, "iss": 0.5287332640862811, "lr": 0.20878183455914587, "ridge": 8.070436813924713e-08, "seed": 1234, "sr": 0.02857977758285706}}