{"returned_dict": {"loss": 0.010056917706175278, "r2": 0.9969941199902593, "status": "ok", "start_time": 1699264256.295724, "duration": 2.1633412837982178}, "current_params": {"N": 500, "iss": 0.911210058605431, "lr": 0.2183850802283866, "ridge": 1.4229800128550176e-05, "seed": 1234, "sr": 0.22833541526599072}}