{"returned_dict": {"loss": 0.019596558817389028, "r2": 0.9886355403522424, "status": "ok", "start_time": 1699264398.9348211, "duration": 2.2732160091400146}, "current_params": {"N": 500, "iss": 0.10906298691030492, "lr": 0.9218534144690985, "ridge": 0.007620699289978396, "seed": 1234, "sr": 1.810409666530886}}