{"returned_dict": {"loss": 0.029565942354324123, "r2": 0.961499954655532, "status": "ok", "start_time": 1699264852.533064, "duration": 2.3709800243377686}, "current_params": {"N": 500, "iss": 0.6517423997488939, "lr": 0.4485179994925241, "ridge": 2.1919618123313223e-05, "seed": 1234, "sr": 2.76036316173383}}