{"returned_dict": {"loss": 0.02508087353181358, "r2": 0.9719088726705106, "status": "ok", "start_time": 1699256021.496029, "duration": 2.0791170597076416}, "current_params": {"N": 500, "iss": 0.5933563673798359, "lr": 0.8382221591273349, "ridge": 1.1082393000534913e-06, "seed": 1234, "sr": 0.7323231724059845}}