{"returned_dict": {"loss": 0.022229743603315255, "r2": 0.9782010731095913, "status": "ok", "start_time": 1699265208.445569, "duration": 2.3085379600524902}, "current_params": {"N": 500, "iss": 0.5252220340132849, "lr": 0.5269856938769655, "ridge": 0.0071301806348985485, "seed": 1234, "sr": 0.12440910427817788}}