{"returned_dict": {"loss": 0.026887996712792423, "r2": 0.9681143243936843, "status": "ok", "start_time": 1699264940.844065, "duration": 2.4002041816711426}, "current_params": {"N": 500, "iss": 0.600022312535927, "lr": 0.6571588388986347, "ridge": 0.001699652520124697, "seed": 1234, "sr": 0.046727228044946535}}