{"returned_dict": {"loss": 0.026337480692581294, "r2": 0.9690636717644995, "status": "ok", "start_time": 1699261259.893031, "duration": 1.8631150722503662}, "current_params": {"N": 500, "iss": 0.892885997800422, "lr": 0.49981993643396744, "ridge": 3.2585212389411373e-07, "seed": 1234, "sr": 0.13073371451589708}}