{"returned_dict": {"loss": 0.0239236295170409, "r2": 0.9747978664546525, "status": "ok", "start_time": 1699265107.506325, "duration": 2.3598058223724365}, "current_params": {"N": 500, "iss": 0.10044612037411704, "lr": 0.07898613150169653, "ridge": 0.005230035728447981, "seed": 1234, "sr": 0.03524277949039688}}