{"returned_dict": {"loss": 0.023497533842895702, "r2": 0.9754222442436351, "status": "ok", "start_time": 1699261176.5585, "duration": 2.103803873062134}, "current_params": {"N": 500, "iss": 0.33697973924510827, "lr": 0.17543139583076806, "ridge": 0.0006465876818538902, "seed": 1234, "sr": 0.015590519612759524}}