{"returned_dict": {"loss": 0.02873610658176692, "r2": 0.965207659660163, "status": "ok", "start_time": 1699259158.716872, "duration": 3.595902919769287}, "current_params": {"N": 500, "iss": 0.9903777479356254, "lr": 0.1894882305034404, "ridge": 0.004636302559142713, "seed": 1234, "sr": 1.9577985037865835}}