{"returned_dict": {"loss": 0.031623444843581816, "r2": 0.9703561195109813, "status": "ok", "start_time": 1699264390.0745978, "duration": 2.152127265930176}, "current_params": {"N": 500, "iss": 0.6914803299511233, "lr": 0.4989873629451257, "ridge": 0.0009024714119816998, "seed": 1234, "sr": 0.014411455273543402}}