{"returned_dict": {"loss": 0.0367164923502768, "r2": 0.9400499336733444, "status": "ok", "start_time": 1699261221.1657228, "duration": 2.116563320159912}, "current_params": {"N": 500, "iss": 0.8710694708540748, "lr": 0.5093800439838342, "ridge": 3.613494953765636e-08, "seed": 1234, "sr": 5.580343023547168}}