{"returned_dict": {"loss": 0.03811686509328002, "r2": 0.9387958752639642, "status": "ok", "start_time": 1699259549.734441, "duration": 3.6164588928222656}, "current_params": {"N": 500, "iss": 0.2752328727257135, "lr": 0.062196381712238125, "ridge": 0.0015831477712927589, "seed": 1234, "sr": 0.011423076308344373}}