{"returned_dict": {"loss": 0.03590467083473379, "r2": 0.9521580699746393, "status": "ok", "start_time": 1699266685.427496, "duration": 1.2787320613861084}, "current_params": {"N": 500, "iss": 0.35807336738969764, "lr": 0.8619303140116904, "ridge": 1.0115479045381332e-07, "seed": 1234, "sr": 4.881086179748358}}