{"returned_dict": {"loss": 0.03944936259442886, "r2": 0.9286228323323651, "status": "ok", "start_time": 1699261503.2847161, "duration": 1.9323687553405762}, "current_params": {"N": 500, "iss": 0.7681136832661768, "lr": 0.43906883802329827, "ridge": 6.060476940238121e-07, "seed": 1234, "sr": 0.7507802307193081}}