{"returned_dict": {"loss": 0.03233186756106903, "r2": 0.9608147592102618, "status": "ok", "start_time": 1699266733.975168, "duration": 1.2260780334472656}, "current_params": {"N": 500, "iss": 0.6913380290583117, "lr": 0.7766456097348572, "ridge": 0.0022490571107960764, "seed": 1234, "sr": 3.382940283445415}}