{"returned_dict": {"loss": 0.03614359586607719, "r2": 0.9419102397771851, "status": "ok", "start_time": 1699255770.6020648, "duration": 2.1856062412261963}, "current_params": {"N": 500, "iss": 0.616731567531399, "lr": 0.6954288762234999, "ridge": 0.0061302022177938354, "seed": 1234, "sr": 6.834465647289925}}