{"returned_dict": {"loss": 0.030181347955792387, "r2": 0.9594884281190389, "status": "ok", "start_time": 1699261412.463704, "duration": 2.029387950897217}, "current_params": {"N": 500, "iss": 0.5923323236902225, "lr": 0.09414420070801902, "ridge": 0.0014474323274106797, "seed": 1234, "sr": 0.13317912806568327}}