{"returned_dict": {"loss": 0.033030910054556696, "r2": 0.9540152588746947, "status": "ok", "start_time": 1699259524.882518, "duration": 3.6772921085357666}, "current_params": {"N": 500, "iss": 0.35807336738969764, "lr": 0.8619303140116904, "ridge": 1.0115479045381332e-07, "seed": 1234, "sr": 4.881086179748358}}