{"returned_dict": {"loss": 0.03158232763003822, "r2": 0.9554863072246861, "status": "ok", "start_time": 1699261265.577683, "duration": 1.8549261093139648}, "current_params": {"N": 500, "iss": 0.7077176383000704, "lr": 0.08645762464145056, "ridge": 2.45461325245235e-09, "seed": 1234, "sr": 0.013953269187234588}}