{"returned_dict": {"loss": 0.03313416873743839, "r2": 0.9509750613525073, "status": "ok", "start_time": 1699261336.484313, "duration": 1.9647397994995117}, "current_params": {"N": 500, "iss": 0.9655801894967717, "lr": 0.5494681828865383, "ridge": 2.0065307823836486e-09, "seed": 1234, "sr": 0.01418389479892628}}