{"returned_dict": {"loss": 0.03734055572120519, "r2": 0.9379567771513423, "status": "ok", "start_time": 1699261369.966184, "duration": 1.9871711730957031}, "current_params": {"N": 500, "iss": 0.6914803299511233, "lr": 0.4989873629451257, "ridge": 0.0009024714119816998, "seed": 1234, "sr": 0.014411455273543402}}