{"returned_dict": {"loss": 0.035235844952804095, "r2": 0.9539334652983973, "status": "ok", "start_time": 1699266723.7960699, "duration": 1.2108683586120605}, "current_params": {"N": 500, "iss": 0.0011867504507336868, "lr": 0.4402251533661025, "ridge": 1.398293408194846e-05, "seed": 1234, "sr": 0.1378790157061615}}