{"returned_dict": {"loss": 0.03834550227935285, "r2": 0.9564969704249989, "status": "ok", "start_time": 1699264473.939295, "duration": 2.231348991394043}, "current_params": {"N": 500, "iss": 0.134697453845536, "lr": 0.005584438526231021, "ridge": 0.0021703951793471516, "seed": 1234, "sr": 0.11855799312403709}}