{"returned_dict": {"loss": 0.03818544762684157, "r2": 0.9566967821186281, "status": "ok", "start_time": 1699264471.750189, "duration": 2.1866607666015625}, "current_params": {"N": 500, "iss": 0.35807336738969764, "lr": 0.8619303140116904, "ridge": 1.0115479045381332e-07, "seed": 1234, "sr": 4.881086179748358}}