{"returned_dict": {"loss": 0.04512394314375043, "r2": 0.9062107445845604, "status": "ok", "start_time": 1699255751.676585, "duration": 2.5162689685821533}, "current_params": {"N": 500, "iss": 0.7714539695031645, "lr": 0.16766766519886953, "ridge": 1.2968971939683203e-07, "seed": 1234, "sr": 0.28327116807958513}}