{"returned_dict": {"loss": 0.044633048642317125, "r2": 0.9257345119056736, "status": "ok", "start_time": 1699266676.328545, "duration": 1.3674860000610352}, "current_params": {"N": 500, "iss": 0.9135989958833419, "lr": 0.4700604405485768, "ridge": 5.192783797391785e-07, "seed": 1234, "sr": 0.02684390359598015}}