{"returned_dict": {"loss": 0.04055575376633374, "r2": 0.9361598128945946, "status": "ok", "start_time": 1699243614.09163, "duration": 1.7920448780059814}, "current_params": {"N": 500, "iss": 0.562902674279726, "lr": 0.08451910338656304, "ridge": 2.98495308723598e-07, "seed": 1234, "sr": 0.020489195252075855}}