{"returned_dict": {"loss": 0.052697674901311116, "r2": 0.8777138444105689, "status": "ok", "start_time": 1699265085.888308, "duration": 2.1487321853637695}, "current_params": {"N": 500, "iss": 0.9345866417401569, "lr": 0.04017882290811124, "ridge": 0.008848344280085078, "seed": 1234, "sr": 0.014438974945890222}}