{"returned_dict": {"loss": 0.05297625800563229, "r2": 0.8945605958429573, "status": "ok", "start_time": 1699266558.6196249, "duration": 1.322756290435791}, "current_params": {"N": 500, "iss": 0.562902674279726, "lr": 0.08451910338656304, "ridge": 2.98495308723598e-07, "seed": 1234, "sr": 0.020489195252075855}}