{"returned_dict": {"loss": 0.055957624353545045, "r2": 0.9072666946098384, "status": "ok", "start_time": 1699264467.07618, "duration": 2.1849770545959473}, "current_params": {"N": 500, "iss": 0.7008147713041682, "lr": 0.005199088611116443, "ridge": 0.0010388211610285532, "seed": 1234, "sr": 0.16300115584611943}}