{"returned_dict": {"loss": 0.052444479454857834, "r2": 0.8777401597999389, "status": "ok", "start_time": 1699256055.788214, "duration": 2.101823091506958}, "current_params": {"N": 500, "iss": 0.49705680256102114, "lr": 0.047125995444646136, "ridge": 0.006057640163977123, "seed": 1234, "sr": 0.02045819673305219}}