{"returned_dict": {"loss": 0.05542023537745703, "r2": 0.8705845710507759, "status": "ok", "start_time": 1699259114.5314019, "duration": 3.5425920486450195}, "current_params": {"N": 500, "iss": 0.18640085674470974, "lr": 0.008316425906674767, "ridge": 3.822116394355239e-05, "seed": 1234, "sr": 0.02745813794912951}}