{"returned_dict": {"loss": 0.05448289288293554, "r2": 0.8664966748846336, "status": "ok", "start_time": 1699261404.872101, "duration": 1.8667809963226318}, "current_params": {"N": 500, "iss": 0.9408397105778058, "lr": 0.3594469868947466, "ridge": 2.899155403260927e-08, "seed": 1234, "sr": 0.953319122623503}}