{"returned_dict": {"loss": 0.05566629724273294, "r2": 0.9077621432212911, "status": "ok", "start_time": 1699264180.4476879, "duration": 2.3825552463531494}, "current_params": {"N": 500, "iss": 0.4171626881853736, "lr": 0.002422315386294973, "ridge": 0.0008891693515095883, "seed": 1234, "sr": 0.0544052294998603}}