{"returned_dict": {"loss": 0.053720722223947075, "r2": 0.9146005369341642, "status": "ok", "start_time": 1699264419.458687, "duration": 2.280208110809326}, "current_params": {"N": 500, "iss": 0.8251862354360314, "lr": 0.007413342720100155, "ridge": 0.00017690591223905197, "seed": 1234, "sr": 0.0925852425060542}}