{"returned_dict": {"loss": 0.06094530950233116, "r2": 0.858484185464086, "status": "ok", "start_time": 1699243876.3707058, "duration": 1.7296831607818604}, "current_params": {"N": 500, "iss": 0.3829699328467736, "lr": 0.026695530015763223, "ridge": 3.993947976599462e-07, "seed": 1234, "sr": 0.013649509767262393}}