{"returned_dict": {"loss": 0.06350550285873678, "r2": 0.8463960938210509, "status": "ok", "start_time": 1699243782.1672242, "duration": 1.7382028102874756}, "current_params": {"N": 500, "iss": 0.735910449821011, "lr": 0.03687802163588743, "ridge": 0.0019711206562567562, "seed": 1234, "sr": 0.04328771757628488}}