{"returned_dict": {"loss": 0.06114131856163133, "r2": 0.8338314700492303, "status": "ok", "start_time": 1699255827.7505238, "duration": 2.0519051551818848}, "current_params": {"N": 500, "iss": 0.9345866417401569, "lr": 0.04017882290811124, "ridge": 0.008848344280085078, "seed": 1234, "sr": 0.014438974945890222}}