{"returned_dict": {"loss": 0.07723397866412167, "r2": 0.7486419230732583, "status": "ok", "start_time": 1699259441.390338, "duration": 3.5970280170440674}, "current_params": {"N": 500, "iss": 0.8251862354360314, "lr": 0.007413342720100155, "ridge": 0.00017690591223905197, "seed": 1234, "sr": 0.0925852425060542}}