{"returned_dict": {"loss": 0.07186266244446628, "r2": 0.7824358249807801, "status": "ok", "start_time": 1699259564.072886, "duration": 3.434056043624878}, "current_params": {"N": 500, "iss": 0.0026462177202568604, "lr": 0.021333081512378033, "ridge": 0.00025791954558242, "seed": 1234, "sr": 0.011405319213458769}}