{"returned_dict": {"loss": 0.07356472496359844, "r2": 0.7608705590806389, "status": "ok", "start_time": 1699265076.049213, "duration": 2.6073572635650635}, "current_params": {"N": 500, "iss": 0.17176002567391113, "lr": 0.22199089728115365, "ridge": 0.0006020999816891316, "seed": 1234, "sr": 2.0711751271159318}}