{"returned_dict": {"loss": 0.07847180232397137, "r2": 0.7711838368825487, "status": "ok", "start_time": 1699266657.112879, "duration": 1.2636330127716064}, "current_params": {"N": 500, "iss": 0.7889351766743528, "lr": 0.00398609258790173, "ridge": 0.0026164567787443195, "seed": 1234, "sr": 0.012580639725311055}}