{"returned_dict": {"loss": 0.07394682093090825, "r2": 0.7937086112769748, "status": "ok", "start_time": 1699266661.1857212, "duration": 2.1808948516845703}, "current_params": {"N": 500, "iss": 0.9408397105778058, "lr": 0.3594469868947466, "ridge": 2.899155403260927e-08, "seed": 1234, "sr": 0.953319122623503}}