{"returned_dict": {"loss": 0.07842548966355671, "r2": 0.7653604391086413, "status": "ok", "start_time": 1699266570.273876, "duration": 1.2610628604888916}, "current_params": {"N": 500, "iss": 0.7077176383000704, "lr": 0.08645762464145056, "ridge": 2.45461325245235e-09, "seed": 1234, "sr": 0.013953269187234588}}