{"returned_dict": {"loss": 0.08910441792586582, "r2": 0.6652223740527924, "status": "ok", "start_time": 1699259045.1724632, "duration": 3.5026278495788574}, "current_params": {"N": 500, "iss": 0.9547804466890908, "lr": 0.0063822566002939346, "ridge": 1.9445651653381377e-09, "seed": 1234, "sr": 0.012708968625748275}}