{"returned_dict": {"loss": 0.08757868766956828, "r2": 0.6622007870396825, "status": "ok", "start_time": 1699264897.9805598, "duration": 2.582409143447876}, "current_params": {"N": 500, "iss": 0.4171626881853736, "lr": 0.002422315386294973, "ridge": 0.0008891693515095883, "seed": 1234, "sr": 0.0544052294998603}}