{"returned_dict": {"loss": 0.08239997111896748, "r2": 0.7382076383372991, "status": "ok", "start_time": 1699243761.0049942, "duration": 1.731346845626831}, "current_params": {"N": 500, "iss": 0.9408397105778058, "lr": 0.3594469868947466, "ridge": 2.899155403260927e-08, "seed": 1234, "sr": 0.953319122623503}}