{"returned_dict": {"loss": 0.08053939362814912, "r2": 0.8079724627548073, "status": "ok", "start_time": 1699264295.662287, "duration": 2.2601089477539062}, "current_params": {"N": 500, "iss": 0.837083721656963, "lr": 0.001117795359631473, "ridge": 1.2852197972507888e-06, "seed": 1234, "sr": 0.01061907053409471}}