{"returned_dict": {"loss": 0.08366803000817129, "r2": 0.733445315546807, "status": "ok", "start_time": 1699243811.809696, "duration": 1.7110011577606201}, "current_params": {"N": 500, "iss": 0.0026462177202568604, "lr": 0.021333081512378033, "ridge": 0.00025791954558242, "seed": 1234, "sr": 0.011405319213458769}}