{"returned_dict": {"loss": 0.08328562342170975, "r2": 0.7077583171419795, "status": "ok", "start_time": 1699259517.571597, "duration": 3.502229928970337}, "current_params": {"N": 500, "iss": 0.7008147713041682, "lr": 0.005199088611116443, "ridge": 0.0010388211610285532, "seed": 1234, "sr": 0.16300115584611943}}