{"returned_dict": {"loss": 0.08089563115942748, "r2": 0.749624187745722, "status": "ok", "start_time": 1699243864.253323, "duration": 1.7524268627166748}, "current_params": {"N": 500, "iss": 0.3945156093805232, "lr": 0.015128007637960973, "ridge": 3.182563639108543e-06, "seed": 1234, "sr": 0.012260384608014823}}