{"returned_dict": {"loss": 0.09101915586688396, "r2": 0.6781782368301655, "status": "ok", "start_time": 1699243701.237667, "duration": 1.7766647338867188}, "current_params": {"N": 500, "iss": 0.17176002567391113, "lr": 0.22199089728115365, "ridge": 0.0006020999816891316, "seed": 1234, "sr": 2.0711751271159318}}