{"returned_dict": {"loss": 0.09708200685770403, "r2": 0.7179415063546228, "status": "ok", "start_time": 1699264300.1556711, "duration": 2.2501378059387207}, "current_params": {"N": 500, "iss": 0.2092695124165096, "lr": 0.20792063760808668, "ridge": 2.4402906778962044e-09, "seed": 1234, "sr": 3.3229413943755635}}