{"returned_dict": {"loss": 0.09828728202684119, "r2": 0.5791615482090723, "status": "ok", "start_time": 1699259621.0540721, "duration": 3.8319177627563477}, "current_params": {"N": 500, "iss": 0.9492310760856882, "lr": 0.03448518184164638, "ridge": 1.082471644281706e-09, "seed": 1234, "sr": 0.7476653587619372}}