{"returned_dict": {"loss": 0.09235701421477227, "r2": 0.6276402959347452, "status": "ok", "start_time": 1699266681.681428, "duration": 1.244163990020752}, "current_params": {"N": 500, "iss": 0.7671193949876551, "lr": 0.5744555263071301, "ridge": 1.5608892276244172e-07, "seed": 1234, "sr": 1.8759964593517806}}