{"returned_dict": {"loss": 0.10179907391388132, "r2": 0.5300057947129878, "status": "ok", "start_time": 1699255653.793237, "duration": 2.4360971450805664}, "current_params": {"N": 500, "iss": 0.3753069435292018, "lr": 0.14684610291088665, "ridge": 1.1598652159348575e-08, "seed": 1234, "sr": 1.0993945835225667}}