{"returned_dict": {"loss": 0.10002171291298602, "r2": 0.578159109523369, "status": "ok", "start_time": 1699259346.748808, "duration": 3.473737955093384}, "current_params": {"N": 500, "iss": 0.3158924367205628, "lr": 0.0016930941327325617, "ridge": 0.0006969765320479288, "seed": 1234, "sr": 0.22191193501289097}}