{"returned_dict": {"loss": 0.10940959802480084, "r2": 0.49345969112873994, "status": "ok", "start_time": 1699259165.995824, "duration": 3.5755059719085693}, "current_params": {"N": 500, "iss": 0.6722112091210425, "lr": 0.002569219109514612, "ridge": 0.007174915864539121, "seed": 1234, "sr": 0.05675258102871899}}