{"returned_dict": {"loss": 0.11252179985787321, "r2": 0.4661548926513803, "status": "ok", "start_time": 1699259110.7143528, "duration": 3.815336227416992}, "current_params": {"N": 500, "iss": 0.13238073196516953, "lr": 0.13864624141183712, "ridge": 5.1447095217047094e-05, "seed": 1234, "sr": 4.997336540870967}}