{"returned_dict": {"loss": 0.11930257480003004, "r2": 0.34268838426702963, "status": "ok", "start_time": 1699255696.326518, "duration": 2.406097888946533}, "current_params": {"N": 500, "iss": 0.8967736623178844, "lr": 0.1298405957476471, "ridge": 9.418213809531775e-09, "seed": 1234, "sr": 0.3105316802728771}}