{"returned_dict": {"loss": 0.11163073308346805, "r2": 0.5223972712650046, "status": "ok", "start_time": 1699243545.0917928, "duration": 1.8709681034088135}, "current_params": {"N": 500, "iss": 0.7041340569061305, "lr": 0.02018337832903292, "ridge": 2.3115334421298753e-06, "seed": 1234, "sr": 0.09442721440119983}}