{"returned_dict": {"loss": 0.1276816715593696, "r2": 0.37347410812585286, "status": "ok", "start_time": 1699243827.630295, "duration": 1.7548069953918457}, "current_params": {"N": 500, "iss": 0.5315682009230276, "lr": 0.1775950750495892, "ridge": 0.0002207334426427236, "seed": 1234, "sr": 6.954268155528048}}