{"returned_dict": {"loss": 0.12126489235806197, "r2": 0.44742984702214456, "status": "ok", "start_time": 1699266636.172207, "duration": 1.2390379905700684}, "current_params": {"N": 500, "iss": 0.9228386144334726, "lr": 0.10752060708924599, "ridge": 1.1106829899616503e-06, "seed": 1234, "sr": 0.3157133897830133}}