{"returned_dict": {"loss": 0.12997049151948856, "r2": 0.3491865973052069, "status": "ok", "start_time": 1699243747.163871, "duration": 1.7297778129577637}, "current_params": {"N": 500, "iss": 0.9243526866471957, "lr": 0.1542815995343576, "ridge": 8.50499153424126e-08, "seed": 1234, "sr": 1.7459748086870097}}