{"returned_dict": {"loss": 0.13923019039110002, "r2": 0.13061863393675857, "status": "ok", "start_time": 1699264887.6733189, "duration": 2.6675901412963867}, "current_params": {"N": 500, "iss": 0.9739479466464522, "lr": 0.0011253563603354569, "ridge": 0.0021883735119396686, "seed": 1234, "sr": 0.04981749804245153}}