{"returned_dict": {"loss": 0.14485796637696916, "r2": 0.11376104070737895, "status": "ok", "start_time": 1699259121.5817542, "duration": 3.666738748550415}, "current_params": {"N": 500, "iss": 0.24236535975373574, "lr": 0.06703300913405115, "ridge": 4.2269285080674205e-08, "seed": 1234, "sr": 2.773816181603311}}