{"returned_dict": {"loss": 0.14556405208869974, "r2": 0.03812246858346224, "status": "ok", "start_time": 1699255825.579613, "duration": 2.168820858001709}, "current_params": {"N": 500, "iss": 0.3158924367205628, "lr": 0.0016930941327325617, "ridge": 0.0006969765320479288, "seed": 1234, "sr": 0.22191193501289097}}