{"returned_dict": {"loss": 0.15285860864630527, "r2": 0.10747958526959826, "status": "ok", "start_time": 1699243565.4109209, "duration": 2.213017225265503}, "current_params": {"N": 500, "iss": 0.4171626881853736, "lr": 0.002422315386294973, "ridge": 0.0008891693515095883, "seed": 1234, "sr": 0.0544052294998603}}