{"returned_dict": {"loss": 0.16653531797365803, "r2": -0.031396753372336016, "status": "ok", "start_time": 1699266607.350302, "duration": 1.3467528820037842}, "current_params": {"N": 500, "iss": 0.8088601787647725, "lr": 0.010820249488204384, "ridge": 2.157571970097535e-05, "seed": 1234, "sr": 0.19935467732696538}}