{"returned_dict": {"loss": 0.1663870818359958, "r2": -0.22711234868055905, "status": "ok", "start_time": 1699265006.4835331, "duration": 2.1600608825683594}, "current_params": {"N": 500, "iss": 0.06016013465638104, "lr": 0.23962511288825833, "ridge": 0.0007949579169258338, "seed": 1234, "sr": 3.416923934914541}}