{"returned_dict": {"loss": 0.17345815483237736, "r2": -0.3322121780840799, "status": "ok", "start_time": 1699265313.8171399, "duration": 1.8601763248443604}, "current_params": {"N": 500, "iss": 0.9492451986094536, "lr": 0.012192269780560696, "ridge": 1.0355816851799808e-08, "seed": 1234, "sr": 0.03438139057492874}}