{"returned_dict": {"loss": 0.18142215498693723, "r2": -0.23104665556395967, "status": "ok", "start_time": 1699266645.131639, "duration": 1.267441987991333}, "current_params": {"N": 500, "iss": 0.8493027570387159, "lr": 0.08352474609695261, "ridge": 1.2092867049259064e-08, "seed": 1234, "sr": 0.1521671071513882}}