{"returned_dict": {"loss": 0.18225926832514375, "r2": -0.24225824597890536, "status": "ok", "start_time": 1699266529.0767171, "duration": 1.2391839027404785}, "current_params": {"N": 500, "iss": 0.3753069435292018, "lr": 0.14684610291088665, "ridge": 1.1598652159348575e-08, "seed": 1234, "sr": 1.0993945835225667}}