{"returned_dict": {"loss": 0.18903365816234804, "r2": -0.4158072852979567, "status": "ok", "start_time": 1699243806.621208, "duration": 1.72707200050354}, "current_params": {"N": 500, "iss": 0.6371089578578937, "lr": 0.026813811448575312, "ridge": 1.2394753758655106e-09, "seed": 1234, "sr": 0.03747978558716274}}