{"returned_dict": {"loss": 0.19990418379836905, "r2": -0.7796468134082583, "status": "ok", "start_time": 1699255974.415335, "duration": 2.1831021308898926}, "current_params": {"N": 500, "iss": 0.05969594889932428, "lr": 0.22834501963548878, "ridge": 4.079252477787997e-06, "seed": 1234, "sr": 3.3535990156004383}}