{"returned_dict": {"loss": 0.209921928950484, "r2": -0.9556396543429875, "status": "ok", "start_time": 1699265023.189387, "duration": 2.2674379348754883}, "current_params": {"N": 500, "iss": 0.06694893716285133, "lr": 0.0012469785034749062, "ridge": 8.136540810461886e-08, "seed": 1234, "sr": 0.13504276379966784}}