{"returned_dict": {"loss": 0.210938596782878, "r2": -1.035418729474028, "status": "ok", "start_time": 1699261311.4277172, "duration": 1.8573176860809326}, "current_params": {"N": 500, "iss": 0.6128741432342986, "lr": 0.0015415307981808321, "ridge": 0.0004080879909316024, "seed": 1234, "sr": 0.0108079776956026}}