{"returned_dict": {"loss": 0.21979506951936387, "r2": -1.179702072103944, "status": "ok", "start_time": 1699266663.369193, "duration": 1.296280860900879}, "current_params": {"N": 500, "iss": 0.1123239562263062, "lr": 0.0017394860367737678, "ridge": 8.18392101434674e-09, "seed": 1234, "sr": 0.05019484139736029}}