{"returned_dict": {"loss": 0.23809086239207108, "r2": -1.5097816816067653, "status": "ok", "start_time": 1699265046.965376, "duration": 2.3172991275787354}, "current_params": {"N": 500, "iss": 0.11994602555379685, "lr": 0.16859893208998253, "ridge": 6.132193847282312e-09, "seed": 1234, "sr": 2.3297993110223385}}