{"returned_dict": {"loss": 0.2612719746721499, "r2": -2.06827474385013, "status": "ok", "start_time": 1699264524.001259, "duration": 2.268763780593872}, "current_params": {"N": 500, "iss": 0.8640890518452584, "lr": 0.056175796579322784, "ridge": 8.914132777984633e-07, "seed": 1234, "sr": 1.6346058937885943}}