{"returned_dict": {"loss": 0.26539919700155434, "r2": -2.5513780563882533, "status": "ok", "start_time": 1699259030.827889, "duration": 3.5051419734954834}, "current_params": {"N": 500, "iss": 0.869355916285306, "lr": 0.0017588986916506517, "ridge": 0.009525997633827816, "seed": 1234, "sr": 1.2509379966926149}}