{"returned_dict": {"loss": 0.28303897677514644, "r2": -2.7178020275332955, "status": "ok", "start_time": 1699256035.297457, "duration": 2.154759168624878}, "current_params": {"N": 500, "iss": 0.15890994153775684, "lr": 0.00792332805983459, "ridge": 3.0909972660202036e-06, "seed": 1234, "sr": 0.575269795679041}}