{"returned_dict": {"loss": 0.3026024203348228, "r2": -3.158868953348738, "status": "ok", "start_time": 1699256064.2192051, "duration": 2.1017837524414062}, "current_params": {"N": 500, "iss": 0.5345246533740329, "lr": 0.0016821487193693313, "ridge": 8.527242136552148e-08, "seed": 1234, "sr": 0.016130653781102525}}