{"returned_dict": {"loss": 0.31893965252281614, "r2": -2.8751650692006856, "status": "ok", "start_time": 1699243584.2671711, "duration": 1.818159818649292}, "current_params": {"N": 500, "iss": 0.13238073196516953, "lr": 0.13864624141183712, "ridge": 5.1447095217047094e-05, "seed": 1234, "sr": 4.997336540870967}}