{"returned_dict": {"loss": 0.3214429596566238, "r2": -3.0267219587969874, "status": "ok", "start_time": 1699266510.536909, "duration": 1.321049690246582}, "current_params": {"N": 500, "iss": 0.869355916285306, "lr": 0.0017588986916506517, "ridge": 0.009525997633827816, "seed": 1234, "sr": 1.2509379966926149}}