{"returned_dict": {"loss": 0.330705600254382, "r2": -3.9016902995440597, "status": "ok", "start_time": 1699256008.0656269, "duration": 2.7671101093292236}, "current_params": {"N": 500, "iss": 0.61465928198713, "lr": 0.01646090380035458, "ridge": 1.416582108410998e-05, "seed": 1234, "sr": 0.6672376898037004}}