{"returned_dict": {"loss": 0.35411499667550655, "r2": -4.701280673500251, "status": "ok", "start_time": 1699264995.315867, "duration": 2.045713186264038}, "current_params": {"N": 500, "iss": 0.28766435081673314, "lr": 0.0012105913148246156, "ridge": 1.9057127432713242e-07, "seed": 1234, "sr": 0.07964860203040938}}