{"returned_dict": {"loss": 0.39367168222816157, "r2": -4.858196905329755, "status": "ok", "start_time": 1699266751.649299, "duration": 1.2480571269989014}, "current_params": {"N": 500, "iss": 0.9492451986094536, "lr": 0.012192269780560696, "ridge": 1.0355816851799808e-08, "seed": 1234, "sr": 0.03438139057492874}}