{"returned_dict": {"loss": 0.4130466911301733, "r2": -6.743532678956469, "status": "ok", "start_time": 1699261493.762208, "duration": 1.8846230506896973}, "current_params": {"N": 500, "iss": 0.6381446788022263, "lr": 0.011295567117425407, "ridge": 7.933169942060012e-08, "seed": 1234, "sr": 0.20877503732087163}}