{"returned_dict": {"loss": 0.5172031310287217, "r2": -10.917147071459487, "status": "ok", "start_time": 1699255705.739019, "duration": 2.4286341667175293}, "current_params": {"N": 500, "iss": 0.4363515860498989, "lr": 0.0016156588507471406, "ridge": 3.474547834739471e-08, "seed": 1234, "sr": 0.03073430140568509}}