{"returned_dict": {"loss": 0.6193210804115435, "r2": -15.290815899454275, "status": "ok", "start_time": 1699259251.442775, "duration": 3.3736140727996826}, "current_params": {"N": 500, "iss": 0.8899024118416428, "lr": 0.029602141041308122, "ridge": 2.7583086552332414e-08, "seed": 1234, "sr": 3.998119826570731}}