{"returned_dict": {"loss": 0.7405291712280212, "r2": -19.518190561247298, "status": "ok", "start_time": 1699266577.5969632, "duration": 1.2219429016113281}, "current_params": {"N": 500, "iss": 0.28766435081673314, "lr": 0.0012105913148246156, "ridge": 1.9057127432713242e-07, "seed": 1234, "sr": 0.07964860203040938}}