{"returned_dict": {"loss": 0.8165954639522143, "r2": -27.12753518122914, "status": "ok", "start_time": 1699259208.7426019, "duration": 3.6869161128997803}, "current_params": {"N": 500, "iss": 0.8383160999911431, "lr": 0.023226759313516834, "ridge": 8.81560223051062e-07, "seed": 1234, "sr": 1.7986325141052368}}