{"returned_dict": {"loss": 0.9356617688909558, "r2": -35.92518446026593, "status": "ok", "start_time": 1699259650.038134, "duration": 3.644988775253296}, "current_params": {"N": 500, "iss": 0.550070835811614, "lr": 0.005273335540171085, "ridge": 5.04991308123115e-09, "seed": 1234, "sr": 0.39936841111501603}}