{"returned_dict": {"loss": 0.9367696610776642, "r2": -38.82312832020606, "status": "ok", "start_time": 1699259268.968637, "duration": 3.562380075454712}, "current_params": {"N": 500, "iss": 0.14796761127746416, "lr": 0.0013818551895319936, "ridge": 1.9194269720339747e-07, "seed": 1234, "sr": 0.5693766752526698}}