{"returned_dict": {"loss": 0.9998458608247991, "r2": -43.45934509989337, "status": "ok", "start_time": 1699255990.1896992, "duration": 2.1763558387756348}, "current_params": {"N": 500, "iss": 0.8640890518452584, "lr": 0.056175796579322784, "ridge": 8.914132777984633e-07, "seed": 1234, "sr": 1.6346058937885943}}