{"returned_dict": {"loss": 1.1445594188941934, "r2": -47.30919120374366, "status": "ok", "start_time": 1699264309.106784, "duration": 2.300558090209961}, "current_params": {"N": 500, "iss": 0.14796761127746416, "lr": 0.0013818551895319936, "ridge": 1.9194269720339747e-07, "seed": 1234, "sr": 0.5693766752526698}}