{"returned_dict": {"loss": 1.36303304442502, "r2": -82.11823441407572, "status": "ok", "start_time": 1699264903.126938, "duration": 2.235614061355591}, "current_params": {"N": 500, "iss": 0.27955000672950736, "lr": 0.050891035673396985, "ridge": 6.92305207076248e-05, "seed": 1234, "sr": 9.903672418680925}}