{"returned_dict": {"loss": 1.454233193160655, "r2": -99.05012225272908, "status": "ok", "start_time": 1699255712.648768, "duration": 2.0792388916015625}, "current_params": {"N": 500, "iss": 0.45903012586393255, "lr": 0.008993216326780393, "ridge": 3.098662816361876e-05, "seed": 1234, "sr": 1.038057705082271}}