{"returned_dict": {"loss": 1.4510010730380982, "r2": -90.69247377133784, "status": "ok", "start_time": 1699259560.541745, "duration": 3.529162883758545}, "current_params": {"N": 500, "iss": 0.4825309396306763, "lr": 0.0026215829905024274, "ridge": 1.3617902397367888e-09, "seed": 1234, "sr": 0.30993658351244163}}