{"returned_dict": {"loss": 1.812147997644433, "r2": -124.76994374850612, "status": "ok", "start_time": 1699243615.885094, "duration": 1.8558571338653564}, "current_params": {"N": 500, "iss": 0.45903012586393255, "lr": 0.008993216326780393, "ridge": 3.098662816361876e-05, "seed": 1234, "sr": 1.038057705082271}}