{"returned_dict": {"loss": 10.00679362697573, "r2": -4543.287692749035, "status": "ok", "start_time": 1699255960.6581728, "duration": 2.063547134399414}, "current_params": {"N": 500, "iss": 0.4825309396306763, "lr": 0.0026215829905024274, "ridge": 1.3617902397367888e-09, "seed": 1234, "sr": 0.30993658351244163}}