{"returned_dict": {"loss": 10.123785764421557, "r2": -4915.339064223863, "status": "ok", "start_time": 1699255640.18887, "duration": 2.1925270557403564}, "current_params": {"N": 500, "iss": 0.33486009438808095, "lr": 0.004100650502354604, "ridge": 0.008206547427376674, "seed": 1234, "sr": 4.224184001973293}}