{"returned_dict": {"loss": 11.329182091805714, "r2": -5335.006736817001, "status": "ok", "start_time": 1699266643.818515, "duration": 1.3103578090667725}, "current_params": {"N": 500, "iss": 0.5806915954693277, "lr": 0.005250222770550053, "ridge": 9.454792365744235e-05, "seed": 1234, "sr": 2.6286963019006704}}