{"returned_dict": {"loss": 12.000235833632201, "r2": -6412.783185300253, "status": "ok", "start_time": 1699243574.888406, "duration": 1.9909310340881348}, "current_params": {"N": 500, "iss": 0.22424280171073074, "lr": 0.012042080474948267, "ridge": 9.253689703516465e-05, "seed": 1234, "sr": 1.959651331974383}}