{"returned_dict": {"loss": 12.170659634150427, "r2": -5679.031425744376, "status": "ok", "start_time": 1699243771.776885, "duration": 1.7254598140716553}, "current_params": {"N": 500, "iss": 0.35464883466252195, "lr": 0.02580145195828277, "ridge": 7.502821787034914e-05, "seed": 1234, "sr": 3.1162051286367416}}