{"returned_dict": {"loss": 128.7389267420641, "r2": -824842.4920988934, "status": "ok", "start_time": 1699261431.8102121, "duration": 1.8686447143554688}, "current_params": {"N": 500, "iss": 0.32045037207585336, "lr": 0.013663130602244231, "ridge": 5.368010723935917e-07, "seed": 1234, "sr": 2.6411464130177205}}