{"returned_dict": {"loss": 13.58158420669884, "r2": -8066.818271330642, "status": "ok", "start_time": 1699266736.4479868, "duration": 1.3319072723388672}, "current_params": {"N": 500, "iss": 0.8097531217575742, "lr": 0.04708253287367831, "ridge": 9.2648288823008e-08, "seed": 1234, "sr": 7.231920572306449}}