{"returned_dict": {"loss": 16.00360663119532, "r2": -11962.446335717212, "status": "ok", "start_time": 1699264938.331413, "duration": 2.5102667808532715}, "current_params": {"N": 500, "iss": 0.34711880645906334, "lr": 0.0017068361591199817, "ridge": 1.2839800042841107e-06, "seed": 1234, "sr": 0.7839491567314942}}