{"returned_dict": {"loss": 17.272265411035622, "r2": -11452.75391010945, "status": "ok", "start_time": 1699243617.7423391, "duration": 1.790928840637207}, "current_params": {"N": 500, "iss": 0.04455656901228233, "lr": 0.01935540965604909, "ridge": 0.0004870385305496401, "seed": 1234, "sr": 4.425195681471678}}