{"returned_dict": {"loss": 17.65699329387931, "r2": -14450.567660072238, "status": "ok", "start_time": 1699255714.7298582, "duration": 2.0683858394622803}, "current_params": {"N": 500, "iss": 0.04455656901228233, "lr": 0.01935540965604909, "ridge": 0.0004870385305496401, "seed": 1234, "sr": 4.425195681471678}}