{"returned_dict": {"loss": 1809.3542197237512, "r2": -146262160.80322602, "status": "ok", "start_time": 1699265263.716225, "duration": 2.158529043197632}, "current_params": {"N": 500, "iss": 0.14075425983870582, "lr": 0.004542545207344772, "ridge": 1.7619615210880348e-09, "seed": 1234, "sr": 9.335710032985542}}