{"returned_dict": {"loss": 2.0393205016641756, "r2": -176.1656173202015, "status": "ok", "start_time": 1699259419.4476879, "duration": 3.6788861751556396}, "current_params": {"N": 500, "iss": 0.9907096740516865, "lr": 0.011152501138346385, "ridge": 4.549840392506736e-07, "seed": 1234, "sr": 1.4037266612887527}}