{"returned_dict": {"loss": 2.092884195420654, "r2": -193.85654590069814, "status": "ok", "start_time": 1699256030.3231921, "duration": 2.3460168838500977}, "current_params": {"N": 500, "iss": 0.8097531217575742, "lr": 0.04708253287367831, "ridge": 9.2648288823008e-08, "seed": 1234, "sr": 7.231920572306449}}