{"returned_dict": {"loss": 2.3496200357328942, "r2": -245.14880093853674, "status": "ok", "start_time": 1699264867.594274, "duration": 2.2620291709899902}, "current_params": {"N": 500, "iss": 0.869355916285306, "lr": 0.0017588986916506517, "ridge": 0.009525997633827816, "seed": 1234, "sr": 1.2509379966926149}}