{"returned_dict": {"loss": 22.770258776005477, "r2": -26937.987586135205, "status": "ok", "start_time": 1699243634.5473201, "duration": 1.8368639945983887}, "current_params": {"N": 500, "iss": 0.8383160999911431, "lr": 0.023226759313516834, "ridge": 8.81560223051062e-07, "seed": 1234, "sr": 1.7986325141052368}}