{"returned_dict": {"loss": 23.171294768967766, "r2": -26007.694717918464, "status": "ok", "start_time": 1699265190.431075, "duration": 2.9930009841918945}, "current_params": {"N": 500, "iss": 0.15855990557256594, "lr": 0.0013530394390112253, "ridge": 3.771243674444087e-05, "seed": 1234, "sr": 1.2072384196976096}}