{"returned_dict": {"loss": 24.659409241623802, "r2": -27274.606482396393, "status": "ok", "start_time": 1699264935.806824, "duration": 2.5222928524017334}, "current_params": {"N": 500, "iss": 0.10821341880663882, "lr": 0.04203563441395582, "ridge": 7.954624964810484e-07, "seed": 1234, "sr": 3.6652347285793745}}