{"returned_dict": {"loss": 2629.392905243844, "r2": -273554140.3906998, "status": "ok", "start_time": 1699266718.785252, "duration": 1.180546760559082}, "current_params": {"N": 500, "iss": 0.14075425983870582, "lr": 0.004542545207344772, "ridge": 1.7619615210880348e-09, "seed": 1234, "sr": 9.335710032985542}}