{"returned_dict": {"loss": 276.40514118761075, "r2": -2928224.3549735905, "status": "ok", "start_time": 1699266658.379381, "duration": 1.287950038909912}, "current_params": {"N": 500, "iss": 0.09111729583113959, "lr": 0.019364061327381353, "ridge": 2.8302701017808404e-08, "seed": 1234, "sr": 6.7303288800603305}}