{"returned_dict": {"loss": 29.711247125421323, "r2": -42207.08175977424, "status": "ok", "start_time": 1699255742.223604, "duration": 2.509582042694092}, "current_params": {"N": 500, "iss": 0.8564670839009341, "lr": 0.004666278320192311, "ridge": 0.0005245567335623266, "seed": 1234, "sr": 9.019468988959579}}