{"returned_dict": {"loss": 3.202458875725961, "r2": -445.194759259678, "status": "ok", "start_time": 1699259136.331564, "duration": 3.704200029373169}, "current_params": {"N": 500, "iss": 0.34711880645906334, "lr": 0.0017068361591199817, "ridge": 1.2839800042841107e-06, "seed": 1234, "sr": 0.7839491567314942}}