{"returned_dict": {"loss": 4.026898003115236, "r2": -497.3498061585819, "status": "ok", "start_time": 1699264318.161375, "duration": 2.253713846206665}, "current_params": {"N": 500, "iss": 0.9406587057968023, "lr": 0.02207977188453779, "ridge": 0.0007602478909161272, "seed": 1234, "sr": 6.833596167908428}}