{"returned_dict": {"loss": 4.106260550613523, "r2": -785.8945231673946, "status": "ok", "start_time": 1699264947.7688, "duration": 2.2823119163513184}, "current_params": {"N": 500, "iss": 0.48683979711786196, "lr": 0.0041878954202570285, "ridge": 1.5267158874357313e-07, "seed": 1234, "sr": 0.7656474307799984}}