{"returned_dict": {"loss": 4.629211654458091, "r2": -959.6769035892048, "status": "ok", "start_time": 1699265025.47311, "duration": 2.182446241378784}, "current_params": {"N": 500, "iss": 0.14796761127746416, "lr": 0.0013818551895319936, "ridge": 1.9194269720339747e-07, "seed": 1234, "sr": 0.5693766752526698}}