{"returned_dict": {"loss": 4.740170424476846, "r2": -958.6744333845827, "status": "ok", "start_time": 1699243886.710381, "duration": 1.7075519561767578}, "current_params": {"N": 500, "iss": 0.7111875236481379, "lr": 0.014953523366352292, "ridge": 0.003917533648237141, "seed": 1234, "sr": 1.908865762249811}}