{"returned_dict": {"loss": 41.58276826595044, "r2": -66946.1628409085, "status": "ok", "start_time": 1699266509.298146, "duration": 1.2365100383758545}, "current_params": {"N": 500, "iss": 0.7231479244442287, "lr": 0.021175330384294096, "ridge": 1.3401973668525895e-08, "seed": 1234, "sr": 1.8373084854604944}}