{"returned_dict": {"loss": 41.69300329807623, "r2": -64574.81825050252, "status": "ok", "start_time": 1699266545.700599, "duration": 1.2854511737823486}, "current_params": {"N": 500, "iss": 0.10821341880663882, "lr": 0.04203563441395582, "ridge": 7.954624964810484e-07, "seed": 1234, "sr": 3.6652347285793745}}