{"returned_dict": {"loss": 415.6447149918811, "r2": -8795663.4702736, "status": "ok", "start_time": 1699243718.852078, "duration": 1.7904269695281982}, "current_params": {"N": 500, "iss": 0.15399984759321084, "lr": 0.0019431745080725833, "ridge": 6.149769328825335e-07, "seed": 1234, "sr": 8.323301293667457}}