{"returned_dict": {"loss": 46.70662504292994, "r2": -105652.483104433, "status": "ok", "start_time": 1699259678.866082, "duration": 3.579859972000122}, "current_params": {"N": 500, "iss": 0.7444485210599292, "lr": 0.0020459627481612115, "ridge": 1.674497026534218e-08, "seed": 1234, "sr": 1.182082887824895}}