{"returned_dict": {"loss": 48.45426499848815, "r2": -70674.12612282872, "status": "ok", "start_time": 1699264288.856425, "duration": 2.2132909297943115}, "current_params": {"N": 500, "iss": 0.4318098058036459, "lr": 0.012600442759985371, "ridge": 1.4978972663732007e-06, "seed": 1234, "sr": 7.954497739510178}}