{"returned_dict": {"loss": 49.41423573099842, "r2": -82001.66859042984, "status": "ok", "start_time": 1699264569.5390651, "duration": 2.199985980987549}, "current_params": {"N": 500, "iss": 0.7444485210599292, "lr": 0.0020459627481612115, "ridge": 1.674497026534218e-08, "seed": 1234, "sr": 1.182082887824895}}