{"returned_dict": {"loss": 5.0593342156223455, "r2": -980.1564599147054, "status": "ok", "start_time": 1699266665.9679732, "duration": 1.319415807723999}, "current_params": {"N": 500, "iss": 0.4016192513767243, "lr": 0.023565820546423054, "ridge": 0.0009341644724743216, "seed": 1234, "sr": 5.987530745926846}}