{"returned_dict": {"loss": 5.741057051357004, "r2": -1388.7475163054953, "status": "ok", "start_time": 1699259258.3279119, "duration": 3.7474732398986816}, "current_params": {"N": 500, "iss": 0.23643093070326449, "lr": 0.01146759760328504, "ridge": 0.004599990623823179, "seed": 1234, "sr": 2.3610670815355883}}