{"returned_dict": {"loss": 53.702349807549666, "r2": -153780.70744718207, "status": "ok", "start_time": 1699259353.794827, "duration": 3.4342780113220215}, "current_params": {"N": 500, "iss": 0.10204618018844569, "lr": 0.0022976484367460367, "ridge": 6.435132499791384e-09, "seed": 1234, "sr": 1.1658340735577972}}