{"returned_dict": {"loss": 569.4864487165561, "r2": -14349209.28158247, "status": "ok", "start_time": 1699265315.680009, "duration": 1.9413602352142334}, "current_params": {"N": 500, "iss": 0.5797760318934376, "lr": 0.001358642199806875, "ridge": 3.1927648709671725e-08, "seed": 1234, "sr": 4.0906546305123515}}