{"returned_dict": {"loss": 6.034658058000997, "r2": -1633.1444728372865, "status": "ok", "start_time": 1699255781.9115908, "duration": 2.1836023330688477}, "current_params": {"N": 500, "iss": 0.9581135333425491, "lr": 0.026802233205999445, "ridge": 0.0008696490633638283, "seed": 1234, "sr": 2.8424339478368448}}