{"returned_dict": {"loss": 62.66812497634089, "r2": -163908.5360129301, "status": "ok", "start_time": 1699243667.9097412, "duration": 1.9498789310455322}, "current_params": {"N": 500, "iss": 0.029495943205165465, "lr": 0.015679192953865242, "ridge": 3.171371461069988e-05, "seed": 1234, "sr": 7.78867384430367}}