{"returned_dict": {"loss": 65.88923333580892, "r2": -341433.178741057, "status": "ok", "start_time": 1699261172.467582, "duration": 2.0766048431396484}, "current_params": {"N": 500, "iss": 0.7231479244442287, "lr": 0.021175330384294096, "ridge": 1.3401973668525895e-08, "seed": 1234, "sr": 1.8373084854604944}}