{"returned_dict": {"loss": 7.370617869784631, "r2": -2076.5936055910333, "status": "ok", "start_time": 1699243748.8951979, "duration": 1.741940975189209}, "current_params": {"N": 500, "iss": 0.4503628369957513, "lr": 0.03709140133925175, "ridge": 2.6234435504939386e-09, "seed": 1234, "sr": 1.665278509291293}}