{"returned_dict": {"loss": 7.4643128520894555, "r2": -2895.032605394745, "status": "ok", "start_time": 1699255768.187511, "duration": 2.4045279026031494}, "current_params": {"N": 500, "iss": 0.23643093070326449, "lr": 0.01146759760328504, "ridge": 0.004599990623823179, "seed": 1234, "sr": 2.3610670815355883}}