{"returned_dict": {"loss": 7.613596075851544, "r2": -2208.1289633583906, "status": "ok", "start_time": 1699243853.760087, "duration": 1.7135210037231445}, "current_params": {"N": 500, "iss": 0.550070835811614, "lr": 0.005273335540171085, "ridge": 5.04991308123115e-09, "seed": 1234, "sr": 0.39936841111501603}}