{"returned_dict": {"loss": 7.739944209922387, "r2": -1805.084375008944, "status": "ok", "start_time": 1699264405.853767, "duration": 2.2247800827026367}, "current_params": {"N": 500, "iss": 0.9907096740516865, "lr": 0.011152501138346385, "ridge": 4.549840392506736e-07, "seed": 1234, "sr": 1.4037266612887527}}