{"returned_dict": {"loss": 70.56398386553451, "r2": -241088.92489110978, "status": "ok", "start_time": 1699265105.348185, "duration": 2.1554009914398193}, "current_params": {"N": 500, "iss": 0.41480029454318923, "lr": 0.005647264982798819, "ridge": 3.627252116587822e-06, "seed": 1234, "sr": 2.1198068680338693}}