{"returned_dict": {"loss": 702.7489468364826, "r2": -17360479.87497108, "status": "ok", "start_time": 1699264235.7016551, "duration": 2.177151918411255}, "current_params": {"N": 500, "iss": 0.6659350740516974, "lr": 0.0068663941226196155, "ridge": 8.704077638470982e-09, "seed": 1234, "sr": 2.2553242781758827}}