{"returned_dict": {"loss": 71.59425541246277, "r2": -218370.87950614412, "status": "ok", "start_time": 1699243822.330765, "duration": 1.7312519550323486}, "current_params": {"N": 500, "iss": 0.6029258260507978, "lr": 0.012445144152847186, "ridge": 2.3571184655130715e-07, "seed": 1234, "sr": 9.272462266637495}}