{"returned_dict": {"loss": 8.927846081711914, "r2": -3200.538622328882, "status": "ok", "start_time": 1699243542.986583, "duration": 2.103623867034912}, "current_params": {"N": 500, "iss": 0.5734609694174653, "lr": 0.0014528929731718976, "ridge": 0.0002509953774283313, "seed": 1234, "sr": 1.4787515437601555}}