{"returned_dict": {"loss": 89.22085508408183, "r2": -381494.1102109894, "status": "ok", "start_time": 1699261284.647419, "duration": 1.8749589920043945}, "current_params": {"N": 500, "iss": 0.4318098058036459, "lr": 0.012600442759985371, "ridge": 1.4978972663732007e-06, "seed": 1234, "sr": 7.954497739510178}}