{"returned_dict": {"loss": 9.197166519852033, "r2": -3533.4084223968434, "status": "ok", "start_time": 1699243810.0586932, "duration": 1.7493886947631836}, "current_params": {"N": 500, "iss": 0.4825309396306763, "lr": 0.0026215829905024274, "ridge": 1.3617902397367888e-09, "seed": 1234, "sr": 0.30993658351244163}}