{"returned_dict": {"loss": 92.64066484658072, "r2": -363925.21313174436, "status": "ok", "start_time": 1699243548.803841, "duration": 1.835505723953247}, "current_params": {"N": 500, "iss": 0.30780459889893874, "lr": 0.0020629649586181636, "ridge": 1.807451674082109e-05, "seed": 1234, "sr": 2.2042634577971216}}