{"returned_dict": {"loss": 93.09803192285422, "r2": -436456.79024373373, "status": "ok", "start_time": 1699243867.725462, "duration": 1.7157609462738037}, "current_params": {"N": 500, "iss": 0.7444485210599292, "lr": 0.0020459627481612115, "ridge": 1.674497026534218e-08, "seed": 1234, "sr": 1.182082887824895}}