{"returned_dict": {"loss": 0.006917181519125713, "r2": 0.9995243509803412, "status": "ok", "start_time": 1697023120.0378308, "duration": 3.693223237991333}, "current_params": {"cell_number": 500, "connectivity": 0.24941344005895938, "input_connectivity": 0.2, "input_scaling": 0.7681136832661768, "leak_rate": 0.43906883802329827, "regularization": 9.440820028866004e-07, "seed": 1234, "spectral_radius": 0.7507802307193081}}