{"returned_dict": {"loss": 0.019836048608653654, "r2": 0.9960885427434872, "status": "ok", "start_time": 1697090029.459855, "duration": 4.029556035995483}, "current_params": {"cell_number": 500, "connectivity": 0.3494264668538182, "input_connectivity": 0.2, "input_scaling": 0.7714539695031645, "leak_rate": 0.16766766519886953, "regularization": 1.0433655687975978e-07, "seed": 1234, "spectral_radius": 0.28327116807958513}}