{"returned_dict": {"loss": 0.019453057675184106, "r2": 0.9962381280390905, "status": "ok", "start_time": 1697092177.110558, "duration": 10.069633960723877}, "current_params": {"cell_number": 500, "connectivity": 0.8441763372588644, "input_connectivity": 0.2, "input_scaling": 0.47860011851145334, "leak_rate": 0.4166356911062447, "regularization": 7.329842669084213e-05, "seed": 1234, "spectral_radius": 0.14848409471568397}}