{"returned_dict": {"loss": 0.029020798394844883, "r2": 0.9916276577500568, "status": "ok", "start_time": 1697022355.40489, "duration": 4.7244110107421875}, "current_params": {"cell_number": 500, "connectivity": 0.40444834838938815, "input_connectivity": 0.2, "input_scaling": 0.911210058605431, "leak_rate": 0.2183850802283866, "regularization": 8.573164222757416e-05, "seed": 1234, "spectral_radius": 0.22833541526599072}}