{"returned_dict": {"loss": 0.0299723860496979, "r2": 0.9910696003130534, "status": "ok", "start_time": 1697022679.389117, "duration": 9.768925905227661}, "current_params": {"cell_number": 500, "connectivity": 0.8968438862577143, "input_connectivity": 0.2, "input_scaling": 0.09801956882183527, "leak_rate": 0.21207672046475814, "regularization": 0.00046652856617394173, "seed": 1234, "spectral_radius": 0.21354604962375795}}