{"returned_dict": {"loss": 0.0223127399558633, "r2": 0.9950508106586314, "status": "ok", "start_time": 1697089631.033004, "duration": 6.307278871536255}, "current_params": {"cell_number": 500, "connectivity": 0.5640885306028749, "input_connectivity": 0.2, "input_scaling": 0.059936189081400526, "leak_rate": 0.38264094967620654, "regularization": 0.00012091818555173699, "seed": 1234, "spectral_radius": 0.07966435869333038}}