{"returned_dict": {"loss": 0.027800046887728736, "r2": 0.9923172037131333, "status": "ok", "start_time": 1697090784.761215, "duration": 6.1841349601745605}, "current_params": {"cell_number": 500, "connectivity": 0.5132097528224654, "input_connectivity": 0.2, "input_scaling": 0.2892949225345609, "leak_rate": 0.26564196963566705, "regularization": 0.07748890989300969, "seed": 1234, "spectral_radius": 0.5335784501655656}}