{"returned_dict": {"loss": 0.04527993513817707, "r2": 0.9796183258934407, "status": "ok", "start_time": 1697093111.827688, "duration": 11.05452585220337}, "current_params": {"cell_number": 500, "connectivity": 0.9992294820309576, "input_connectivity": 0.2, "input_scaling": 0.32792488571889467, "leak_rate": 0.22465500878777248, "regularization": 0.006720402629642628, "seed": 1234, "spectral_radius": 0.09835763510258089}}