{"returned_dict": {"loss": 0.045158140982506735, "r2": 0.9797278238526804, "status": "ok", "start_time": 1697093170.6431098, "duration": 4.04902720451355}, "current_params": {"cell_number": 500, "connectivity": 0.2969995820101936, "input_connectivity": 0.2, "input_scaling": 0.9022140321763757, "leak_rate": 0.28243759923765877, "regularization": 1.005031497213223e-06, "seed": 1234, "spectral_radius": 0.014132040674737733}}