{"returned_dict": {"loss": 0.07067217204769324, "r2": 0.9503493270267462, "status": "ok", "start_time": 1697093174.694943, "duration": 9.877686977386475}, "current_params": {"cell_number": 500, "connectivity": 0.828450003580243, "input_connectivity": 0.2, "input_scaling": 0.6062643158179813, "leak_rate": 0.48657161636196294, "regularization": 0.003573431682741807, "seed": 1234, "spectral_radius": 1.3671630828846324}}