{"returned_dict": {"loss": 0.07702002435596246, "r2": 0.9410293975974584, "status": "ok", "start_time": 1697092230.622388, "duration": 10.765928030014038}, "current_params": {"cell_number": 500, "connectivity": 0.9030852169241596, "input_connectivity": 0.2, "input_scaling": 0.562902674279726, "leak_rate": 0.08451910338656304, "regularization": 3.43261435412621e-07, "seed": 1234, "spectral_radius": 0.020489195252075855}}