{"returned_dict": {"loss": 0.08329805436156934, "r2": 0.9310240046956896, "status": "ok", "start_time": 1697023006.03388, "duration": 6.163058042526245}, "current_params": {"cell_number": 500, "connectivity": 0.5617104608121329, "input_connectivity": 0.2, "input_scaling": 0.5619647530716958, "leak_rate": 0.12251552188440552, "regularization": 0.002149042989711893, "seed": 1234, "spectral_radius": 0.020788245498133077}}