{"returned_dict": {"loss": 0.11878163611839469, "r2": 0.8607397736608039, "status": "ok", "start_time": 1697019347.804867, "duration": 6.155472993850708}, "current_params": {"cell_number": 500, "connectivity": 0.5760337215538759, "input_connectivity": 0.2, "input_scaling": 0.900126341412187, "leak_rate": 0.6751854428024655, "regularization": 2.0201578204862382e-10, "seed": 1234, "spectral_radius": 0.050152765364070276}}