{"returned_dict": {"loss": 0.11708637817960903, "r2": 0.8638447469438285, "status": "ok", "start_time": 1697021714.7494001, "duration": 11.177689790725708}, "current_params": {"cell_number": 500, "connectivity": 0.9548228482666989, "input_connectivity": 0.2, "input_scaling": 0.5933563673798359, "leak_rate": 0.8382221591273349, "regularization": 2.236024179842572e-06, "seed": 1234, "spectral_radius": 0.7323231724059845}}