{"returned_dict": {"loss": 0.11939086912612722, "r2": 0.8584323950549614, "status": "ok", "start_time": 1697021124.329786, "duration": 6.9010539054870605}, "current_params": {"cell_number": 500, "connectivity": 0.5760337215538759, "input_connectivity": 0.2, "input_scaling": 0.900126341412187, "leak_rate": 0.6751854428024655, "regularization": 2.0201578204862382e-10, "seed": 1234, "spectral_radius": 0.050152765364070276}}