{"returned_dict": {"loss": 0.11508663576258987, "r2": 0.8683326633740296, "status": "ok", "start_time": 1697022726.7011259, "duration": 2.345327138900757}, "current_params": {"cell_number": 500, "connectivity": 0.09315548497086745, "input_connectivity": 0.2, "input_scaling": 0.10906298691030492, "leak_rate": 0.9218534144690985, "regularization": 0.678299002466893, "seed": 1234, "spectral_radius": 1.810409666530886}}