{"returned_dict": {"loss": 0.12778255726277582, "r2": 0.8388346628148123, "status": "ok", "start_time": 1697019115.839495, "duration": 8.084513902664185}, "current_params": {"cell_number": 500, "connectivity": 0.7441748232825236, "input_connectivity": 0.2, "input_scaling": 0.14258024657972923, "leak_rate": 0.5516837456874331, "regularization": 4.743314750229007e-07, "seed": 1234, "spectral_radius": 0.1931498404234262}}