{"returned_dict": {"loss": 0.147441449787363, "r2": 0.7838936907857089, "status": "ok", "start_time": 1697089966.737368, "duration": 9.965919017791748}, "current_params": {"cell_number": 500, "connectivity": 0.9213272373873089, "input_connectivity": 0.2, "input_scaling": 0.9120267528405163, "leak_rate": 0.10377622163746929, "regularization": 0.034605936448960775, "seed": 1234, "spectral_radius": 1.1747727724200443}}