{"returned_dict": {"loss": 0.1544208409547668, "r2": 0.7631717620834503, "status": "ok", "start_time": 1697020857.8125818, "duration": 7.327540397644043}, "current_params": {"cell_number": 500, "connectivity": 0.6477652928145938, "input_connectivity": 0.2, "input_scaling": 0.2841990386572327, "leak_rate": 0.4297960808148079, "regularization": 1.1478656994856579e-05, "seed": 1234, "spectral_radius": 0.020006202812672045}}