{"returned_dict": {"loss": 0.15566916619833399, "r2": 0.7608151383280268, "status": "ok", "start_time": 1697019775.533638, "duration": 5.671782970428467}, "current_params": {"cell_number": 500, "connectivity": 0.5167989287521031, "input_connectivity": 0.2, "input_scaling": 0.23999648673506557, "leak_rate": 0.14755529525122685, "regularization": 3.066756820886732e-10, "seed": 1234, "spectral_radius": 0.023462246374277934}}