{"returned_dict": {"loss": 0.15859826071364544, "r2": 0.750185008068399, "status": "ok", "start_time": 1697020770.46701, "duration": 4.9142279624938965}, "current_params": {"cell_number": 500, "connectivity": 0.40015830803010044, "input_connectivity": 0.2, "input_scaling": 0.600022312535927, "leak_rate": 0.6571588388986347, "regularization": 0.07952697976450537, "seed": 1234, "spectral_radius": 0.046727228044946535}}