{"returned_dict": {"loss": 0.1554324037292377, "r2": 0.7600588235568204, "status": "ok", "start_time": 1697021778.570577, "duration": 6.211423873901367}, "current_params": {"cell_number": 500, "connectivity": 0.5132097528224654, "input_connectivity": 0.2, "input_scaling": 0.2892949225345609, "leak_rate": 0.26564196963566705, "regularization": 0.07748890989300969, "seed": 1234, "spectral_radius": 0.5335784501655656}}