{"returned_dict": {"loss": 0.1606209119333978, "r2": 0.7453564587506231, "status": "ok", "start_time": 1697018976.9441679, "duration": 8.116189241409302}, "current_params": {"cell_number": 500, "connectivity": 0.775705218812491, "input_connectivity": 0.2, "input_scaling": 0.44727779774125975, "leak_rate": 0.36822455888750405, "regularization": 0.004328720204273629, "seed": 1234, "spectral_radius": 0.02348225301745763}}