{"returned_dict": {"loss": 0.17356968577951362, "r2": 0.7007946107532578, "status": "ok", "start_time": 1697020753.910451, "duration": 4.811227083206177}, "current_params": {"cell_number": 500, "connectivity": 0.38691794524969036, "input_connectivity": 0.2, "input_scaling": 0.12355157400567263, "leak_rate": 0.35065431611638176, "regularization": 0.002936113039098996, "seed": 1234, "spectral_radius": 0.011739026780685318}}