{"returned_dict": {"loss": 0.21460701342927777, "r2": 0.5425859727513672, "status": "ok", "start_time": 1697021561.088379, "duration": 6.538372039794922}, "current_params": {"cell_number": 500, "connectivity": 0.5385141854129485, "input_connectivity": 0.2, "input_scaling": 0.26934464895629684, "leak_rate": 0.0839574815743966, "regularization": 0.18431229405845453, "seed": 1234, "spectral_radius": 0.016223651162329426}}