{"returned_dict": {"loss": 0.21713938581347245, "r2": 0.5317272698623439, "status": "ok", "start_time": 1697020912.7420642, "duration": 8.50503396987915}, "current_params": {"cell_number": 500, "connectivity": 0.7052769825556632, "input_connectivity": 0.2, "input_scaling": 0.04057815748077798, "leak_rate": 0.048306005915739574, "regularization": 0.033100156822081436, "seed": 1234, "spectral_radius": 1.0784585589734712}}