{"returned_dict": {"loss": 0.21065461783650563, "r2": 0.5620036832185258, "status": "ok", "start_time": 1697019950.487705, "duration": 3.0342159271240234}, "current_params": {"cell_number": 500, "connectivity": 0.1988345745358434, "input_connectivity": 0.2, "input_scaling": 0.3648171195318186, "leak_rate": 0.06815247173845063, "regularization": 0.2834079344721035, "seed": 1234, "spectral_radius": 0.0440605775382449}}