{"returned_dict": {"loss": 0.22663168292732702, "r2": 0.4894132874487041, "status": "ok", "start_time": 1697022221.138307, "duration": 3.4203147888183594}, "current_params": {"cell_number": 500, "connectivity": 0.24259207459868948, "input_connectivity": 0.2, "input_scaling": 0.8710694708540748, "leak_rate": 0.5093800439838342, "regularization": 1.681166186948567e-08, "seed": 1234, "spectral_radius": 5.580343023547168}}