{"returned_dict": {"loss": 0.2360669733385303, "r2": 0.4465325036703682, "status": "ok", "start_time": 1697021166.369736, "duration": 4.628375053405762}, "current_params": {"cell_number": 500, "connectivity": 0.346796897964484, "input_connectivity": 0.2, "input_scaling": 0.9345866417401569, "leak_rate": 0.04017882290811124, "regularization": 0.8396312400002901, "seed": 1234, "spectral_radius": 0.014438974945890222}}