{"returned_dict": {"loss": 0.23637755791115936, "r2": 0.44455540629569673, "status": "ok", "start_time": 1697092869.187517, "duration": 9.376842975616455}, "current_params": {"cell_number": 500, "connectivity": 0.7948446098895061, "input_connectivity": 0.2, "input_scaling": 0.21496591135483278, "leak_rate": 0.012213382575706427, "regularization": 2.249281655260634e-08, "seed": 1234, "spectral_radius": 0.015767522293681297}}