{"returned_dict": {"loss": 0.2855951248773179, "r2": 0.18916994091178063, "status": "ok", "start_time": 1697090156.88111, "duration": 3.717611074447632}, "current_params": {"cell_number": 500, "connectivity": 0.28113258027382537, "input_connectivity": 0.2, "input_scaling": 0.8088601787647725, "leak_rate": 0.010820249488204384, "regularization": 0.00015537422939270278, "seed": 1234, "spectral_radius": 0.19935467732696538}}