{"returned_dict": {"loss": 0.28584663788350345, "r2": 0.1877411762965988, "status": "ok", "start_time": 1697092866.8148742, "duration": 2.3682918548583984}, "current_params": {"cell_number": 500, "connectivity": 0.04951914174719885, "input_connectivity": 0.2, "input_scaling": 0.7008147713041682, "leak_rate": 0.005199088611116443, "regularization": 0.039360288060645295, "seed": 1234, "spectral_radius": 0.16300115584611943}}