{"returned_dict": {"loss": 0.29421875641285744, "r2": 0.14026943253371849, "status": "ok", "start_time": 1697020723.492734, "duration": 10.521713256835938}, "current_params": {"cell_number": 500, "connectivity": 0.8920693475844459, "input_connectivity": 0.2, "input_scaling": 0.18640085674470974, "leak_rate": 0.008316425906674767, "regularization": 0.000351680623417992, "seed": 1234, "spectral_radius": 0.02745813794912951}}