{"returned_dict": {"loss": 0.29878508885809163, "r2": -0.006291784367380648, "status": "ok", "start_time": 1697038233.989818, "duration": 70.07322406768799}, "current_params": {"cell_number": 500, "connectivity": 0.7098752476186899, "input_connectivity": 0.2, "input_scaling": 0.10044612037411704, "leak_rate": 0.07898613150169653, "regularization": 0.3961537705749339, "seed": 1234, "spectral_radius": 0.03524277949039688}}