{"returned_dict": {"loss": 0.3032392784262804, "r2": -0.03651835338759435, "status": "ok", "start_time": 1697042371.661937, "duration": 75.76871800422668}, "current_params": {"cell_number": 500, "connectivity": 0.7853764543268119, "input_connectivity": 0.2, "input_scaling": 0.3945156093805232, "leak_rate": 0.015128007637960973, "regularization": 1.0091768533707931e-05, "seed": 1234, "spectral_radius": 0.012260384608014823}}