{"returned_dict": {"loss": 0.3060831491916614, "r2": -0.05605109062683966, "status": "ok", "start_time": 1697039968.2009332, "duration": 19.638484954833984}, "current_params": {"cell_number": 500, "connectivity": 0.10416916116237773, "input_connectivity": 0.2, "input_scaling": 0.735910449821011, "leak_rate": 0.03687802163588743, "regularization": 0.09827599320470194, "seed": 1234, "spectral_radius": 0.04328771757628488}}