{"returned_dict": {"loss": 0.3009432235018986, "r2": -0.020881242952375034, "status": "ok", "start_time": 1697032443.425758, "duration": 55.919419288635254}, "current_params": {"cell_number": 500, "connectivity": 0.5640885306028749, "input_connectivity": 0.2, "input_scaling": 0.059936189081400526, "leak_rate": 0.38264094967620654, "regularization": 0.00012091818555173699, "seed": 1234, "spectral_radius": 0.07966435869333038}}