{"returned_dict": {"loss": 0.3184236179488928, "r2": -0.0070063340617674275, "status": "ok", "start_time": 1697021341.057927, "duration": 5.09175705909729}, "current_params": {"cell_number": 500, "connectivity": 0.4280895763149918, "input_connectivity": 0.2, "input_scaling": 0.7889351766743528, "leak_rate": 0.00398609258790173, "regularization": 0.14728626046097748, "seed": 1234, "spectral_radius": 0.012580639725311055}}