{"returned_dict": {"loss": 0.3129035501371639, "r2": 0.027605176117349917, "status": "ok", "start_time": 1697021554.274187, "duration": 6.811681032180786}, "current_params": {"cell_number": 500, "connectivity": 0.5837026252412505, "input_connectivity": 0.2, "input_scaling": 0.0026462177202568604, "leak_rate": 0.021333081512378033, "regularization": 0.005378879223360764, "seed": 1234, "spectral_radius": 0.011405319213458769}}