{"returned_dict": {"loss": 0.3215687512615469, "r2": -0.021077278199843175, "status": "ok", "start_time": 1697028662.369568, "duration": 2.1446340084075928}, "current_params": {"cell_number": 500, "connectivity": 0.007231337182407427, "input_connectivity": 0.2, "input_scaling": 0.040938266600104134, "leak_rate": 0.3659512815680789, "regularization": 0.10793254264969133, "seed": 1234, "spectral_radius": 0.3797757622392174}}