{"returned_dict": {"loss": 0.32216510854795744, "r2": -0.024868016618958766, "status": "ok", "start_time": 1697028903.598026, "duration": 3.5449981689453125}, "current_params": {"cell_number": 500, "connectivity": 0.1988345745358434, "input_connectivity": 0.2, "input_scaling": 0.3648171195318186, "leak_rate": 0.06815247173845063, "regularization": 0.2834079344721035, "seed": 1234, "spectral_radius": 0.0440605775382449}}