{"returned_dict": {"loss": 0.32182560637241797, "r2": -0.022709113761999022, "status": "ok", "start_time": 1697028643.332352, "duration": 8.946818113327026}, "current_params": {"cell_number": 500, "connectivity": 0.81068509272956, "input_connectivity": 0.2, "input_scaling": 0.2752328727257135, "leak_rate": 0.062196381712238125, "regularization": 0.07185536831501252, "seed": 1234, "spectral_radius": 0.011423076308344373}}