{"returned_dict": {"loss": 0.324168160650507, "r2": -0.037651808481067306, "status": "ok", "start_time": 1697028086.241882, "duration": 3.632354736328125}, "current_params": {"cell_number": 500, "connectivity": 0.20380323243440646, "input_connectivity": 0.2, "input_scaling": 0.4965873842307338, "leak_rate": 0.31430549026306187, "regularization": 0.005066447113342334, "seed": 1234, "spectral_radius": 0.09169361093299348}}