{"returned_dict": {"loss": 0.3305849027185296, "r2": -0.07913795101953203, "status": "ok", "start_time": 1697021701.5779011, "duration": 9.540113925933838}, "current_params": {"cell_number": 500, "connectivity": 0.8187589146640493, "input_connectivity": 0.2, "input_scaling": 0.3829699328467736, "leak_rate": 0.026695530015763223, "regularization": 5.203423189132339e-07, "seed": 1234, "spectral_radius": 0.013649509767262393}}