{"returned_dict": {"loss": 0.33135598838307023, "r2": -0.08417797697601981, "status": "ok", "start_time": 1697027870.990216, "duration": 2.0267858505249023}, "current_params": {"cell_number": 500, "connectivity": 0.0018943633862884557, "input_connectivity": 0.2, "input_scaling": 0.13238073196516953, "leak_rate": 0.13864624141183712, "regularization": 0.000537669637896635, "seed": 1234, "spectral_radius": 4.997336540870967}}