{"returned_dict": {"loss": 0.3471830212506181, "r2": -0.19022177125892226, "status": "ok", "start_time": 1697028038.960552, "duration": 3.7512669563293457}, "current_params": {"cell_number": 500, "connectivity": 0.25412159159179837, "input_connectivity": 0.2, "input_scaling": 0.7077176383000704, "leak_rate": 0.08645762464145056, "regularization": 3.606771904907021e-10, "seed": 1234, "spectral_radius": 0.013953269187234588}}