{"returned_dict": {"loss": 0.36520526036222273, "r2": -0.3169975970407104, "status": "ok", "start_time": 1697021245.638502, "duration": 5.468550205230713}, "current_params": {"cell_number": 500, "connectivity": 0.4280895763149918, "input_connectivity": 0.2, "input_scaling": 0.7889351766743528, "leak_rate": 0.00398609258790173, "regularization": 0.14728626046097748, "seed": 1234, "spectral_radius": 0.012580639725311055}}