{"returned_dict": {"loss": 0.3652977155260684, "r2": -0.3253041861427757, "status": "ok", "start_time": 1697020734.0166311, "duration": 3.6906578540802}, "current_params": {"cell_number": 500, "connectivity": 0.24259207459868948, "input_connectivity": 0.2, "input_scaling": 0.8710694708540748, "leak_rate": 0.5093800439838342, "regularization": 1.681166186948567e-08, "seed": 1234, "spectral_radius": 5.580343023547168}}