{"returned_dict": {"loss": 0.3989846891374967, "r2": -0.5718944986971615, "status": "ok", "start_time": 1697028611.3269818, "duration": 7.960667133331299}, "current_params": {"cell_number": 500, "connectivity": 0.7126580174444501, "input_connectivity": 0.2, "input_scaling": 0.134697453845536, "leak_rate": 0.005584438526231021, "regularization": 0.11277122778088225, "seed": 1234, "spectral_radius": 0.11855799312403709}}