{"returned_dict": {"loss": 0.4098934466080204, "r2": -0.6583280256535631, "status": "ok", "start_time": 1697018957.879601, "duration": 10.45603609085083}, "current_params": {"cell_number": 500, "connectivity": 0.9745810043539268, "input_connectivity": 0.2, "input_scaling": 0.08315064051214127, "leak_rate": 0.934961690273177, "regularization": 4.5120023290273625e-09, "seed": 1234, "spectral_radius": 2.4229663969229636}}