{"returned_dict": {"loss": 0.4109607182587, "r2": -0.903735948745212, "status": "ok", "start_time": 1697039045.483567, "duration": 38.18322801589966}, "current_params": {"cell_number": 500, "connectivity": 0.37203654295588373, "input_connectivity": 0.2, "input_scaling": 0.8251862354360314, "leak_rate": 0.007413342720100155, "regularization": 0.0031388804995552445, "seed": 1234, "spectral_radius": 0.0925852425060542}}