{"returned_dict": {"loss": 0.4612199211976349, "r2": -1.100521098947309, "status": "ok", "start_time": 1697028394.677972, "duration": 2.6510329246520996}, "current_params": {"cell_number": 500, "connectivity": 0.09315548497086745, "input_connectivity": 0.2, "input_scaling": 0.10906298691030492, "leak_rate": 0.9218534144690985, "regularization": 0.678299002466893, "seed": 1234, "spectral_radius": 1.810409666530886}}