{"returned_dict": {"loss": 0.4722167321136233, "r2": -1.2018801513561157, "status": "ok", "start_time": 1697021719.314216, "duration": 10.973231077194214}, "current_params": {"cell_number": 500, "connectivity": 0.9657284175255094, "input_connectivity": 0.2, "input_scaling": 0.9492451986094536, "leak_rate": 0.012192269780560696, "regularization": 2.8200926262182467e-09, "seed": 1234, "spectral_radius": 0.03438139057492874}}