{"returned_dict": {"loss": 0.48323751555486566, "r2": -1.6322514467171265, "status": "ok", "start_time": 1697028006.392084, "duration": 78.19774317741394}, "current_params": {"cell_number": 500, "connectivity": 0.767856397765376, "input_connectivity": 0.2, "input_scaling": 0.6517423997488939, "leak_rate": 0.4485179994925241, "regularization": 0.00015892417907944657, "seed": 1234, "spectral_radius": 2.76036316173383}}