{"returned_dict": {"loss": 0.4882945671032037, "r2": -1.3543700160147842, "status": "ok", "start_time": 1697028242.1955042, "duration": 4.923611879348755}, "current_params": {"cell_number": 500, "connectivity": 0.31709282902758085, "input_connectivity": 0.2, "input_scaling": 0.5323854646527727, "leak_rate": 0.003573156992234659, "regularization": 0.03157907163175605, "seed": 1234, "spectral_radius": 0.015928787718820343}}