{"returned_dict": {"loss": 0.49482229519795246, "r2": -1.4177392029527855, "status": "ok", "start_time": 1697028407.70127, "duration": 5.156836748123169}, "current_params": {"cell_number": 500, "connectivity": 0.4137623217395947, "input_connectivity": 0.2, "input_scaling": 0.8493027570387159, "leak_rate": 0.08352474609695261, "regularization": 3.5194143252304336e-09, "seed": 1234, "spectral_radius": 0.1521671071513882}}