{"returned_dict": {"loss": 0.5001913870289327, "r2": -1.4848150888163503, "status": "ok", "start_time": 1697020965.608133, "duration": 9.565886974334717}, "current_params": {"cell_number": 500, "connectivity": 0.8323241426638704, "input_connectivity": 0.2, "input_scaling": 0.06016013465638104, "leak_rate": 0.23962511288825833, "regularization": 0.026857343604976932, "seed": 1234, "spectral_radius": 3.416923934914541}}