{"returned_dict": {"loss": 0.5139977196500437, "r2": -1.6087551427954194, "status": "ok", "start_time": 1697021544.28655, "duration": 6.803904056549072}, "current_params": {"cell_number": 500, "connectivity": 0.5829698592542585, "input_connectivity": 0.2, "input_scaling": 0.9097376556056701, "leak_rate": 0.3079726626930137, "regularization": 1.2142183854094815e-07, "seed": 1234, "spectral_radius": 5.615522331680127}}