{"returned_dict": {"loss": 0.5148746466199371, "r2": -1.61766428443928, "status": "ok", "start_time": 1697021593.1200252, "duration": 4.197322845458984}, "current_params": {"cell_number": 500, "connectivity": 0.24941344005895938, "input_connectivity": 0.2, "input_scaling": 0.7681136832661768, "leak_rate": 0.43906883802329827, "regularization": 9.440820028866004e-07, "seed": 1234, "spectral_radius": 0.7507802307193081}}