{"returned_dict": {"loss": 0.5299825098111767, "r2": -1.7922309457659207, "status": "ok", "start_time": 1697090543.5889568, "duration": 6.037020206451416}, "current_params": {"cell_number": 500, "connectivity": 0.5115916562816185, "input_connectivity": 0.2, "input_scaling": 0.9822234508984979, "leak_rate": 0.006521274464604564, "regularization": 0.1876420944129833, "seed": 1234, "spectral_radius": 0.5858648234147782}}