{"returned_dict": {"loss": 0.5414329402049736, "r2": -1.8946781452792159, "status": "ok", "start_time": 1697027741.2060978, "duration": 10.450116157531738}, "current_params": {"cell_number": 500, "connectivity": 0.9511548717715149, "input_connectivity": 0.2, "input_scaling": 0.9547804466890908, "leak_rate": 0.0063822566002939346, "regularization": 2.585851458708765e-10, "seed": 1234, "spectral_radius": 0.012708968625748275}}