{"returned_dict": {"loss": 0.5637592323823153, "r2": -2.1594798890577667, "status": "ok", "start_time": 1697092227.1868448, "duration": 3.4324851036071777}, "current_params": {"cell_number": 500, "connectivity": 0.2045197104790265, "input_connectivity": 0.2, "input_scaling": 0.6722112091210425, "leak_rate": 0.002569219109514612, "regularization": 0.6223347018122442, "seed": 1234, "spectral_radius": 0.05675258102871899}}