{"returned_dict": {"loss": 0.7642459018365843, "r2": -4.80623351270862, "status": "ok", "start_time": 1697092034.4848158, "duration": 3.1985180377960205}, "current_params": {"cell_number": 500, "connectivity": 0.14660724037928774, "input_connectivity": 0.2, "input_scaling": 0.976525304162185, "leak_rate": 0.011273269250899024, "regularization": 1.073546008061241e-09, "seed": 1234, "spectral_radius": 0.09437285509046839}}