{"returned_dict": {"loss": 0.8082485080307231, "r2": -5.4940867268414655, "status": "ok", "start_time": 1697090700.987652, "duration": 2.8541009426116943}, "current_params": {"cell_number": 500, "connectivity": 0.1597650921474546, "input_connectivity": 0.2, "input_scaling": 0.61465928198713, "leak_rate": 0.01646090380035458, "regularization": 8.518151509220256e-05, "seed": 1234, "spectral_radius": 0.6672376898037004}}