{"returned_dict": {"loss": 0.8489866813463189, "r2": -7.124709502150161, "status": "ok", "start_time": 1697041051.585144, "duration": 29.248342037200928}, "current_params": {"cell_number": 500, "connectivity": 0.26206385383015385, "input_connectivity": 0.2, "input_scaling": 0.05969594889932428, "leak_rate": 0.22834501963548878, "regularization": 1.4387066987299655e-05, "seed": 1234, "spectral_radius": 3.3535990156004383}}