{"returned_dict": {"loss": 0.8765574855126433, "r2": -7.660977154086493, "status": "ok", "start_time": 1697043017.8307211, "duration": 34.9273898601532}, "current_params": {"cell_number": 500, "connectivity": 0.34344254794497, "input_connectivity": 0.2, "input_scaling": 0.7111875236481379, "leak_rate": 0.014953523366352292, "regularization": 0.26217400108221267, "seed": 1234, "spectral_radius": 1.908865762249811}}