{"returned_dict": {"loss": 1.225381152080602, "r2": -13.912966741909935, "status": "ok", "start_time": 1697020611.666731, "duration": 2.595491886138916}, "current_params": {"cell_number": 500, "connectivity": 0.11024313222527427, "input_connectivity": 0.2, "input_scaling": 0.9739479466464522, "leak_rate": 0.0011253563603354569, "regularization": 0.11410806907420716, "seed": 1234, "spectral_radius": 0.04981749804245153}}