{"returned_dict": {"loss": 1.287362563552148, "r2": -15.364874727276451, "status": "ok", "start_time": 1697020989.305783, "duration": 7.307322978973389}, "current_params": {"cell_number": 500, "connectivity": 0.6540460173989797, "input_connectivity": 0.2, "input_scaling": 0.4183352059788139, "leak_rate": 0.7699157917998888, "regularization": 3.6079246354957234e-06, "seed": 1234, "spectral_radius": 1.9933094412983583}}