{"returned_dict": {"loss": 1.5409461727779263, "r2": -25.765849052638725, "status": "ok", "start_time": 1697034283.585917, "duration": 57.94425892829895}, "current_params": {"cell_number": 500, "connectivity": 0.588428240878784, "input_connectivity": 0.2, "input_scaling": 0.49797044830105386, "leak_rate": 0.005473899359991359, "regularization": 0.9627759647301967, "seed": 1234, "spectral_radius": 4.574545330611019}}