{"returned_dict": {"loss": 1.8079317043711616, "r2": -31.46277926264338, "status": "ok", "start_time": 1697021179.598718, "duration": 4.430134057998657}, "current_params": {"cell_number": 500, "connectivity": 0.34806405411593166, "input_connectivity": 0.2, "input_scaling": 0.22844120631577203, "leak_rate": 0.5068843153791186, "regularization": 2.221853311307114e-10, "seed": 1234, "spectral_radius": 1.2556711601352721}}