{"returned_dict": {"loss": 1.8481201372041263, "r2": -32.726504490298574, "status": "ok", "start_time": 1697027786.678931, "duration": 2.7047431468963623}, "current_params": {"cell_number": 500, "connectivity": 0.14660724037928774, "input_connectivity": 0.2, "input_scaling": 0.976525304162185, "leak_rate": 0.011273269250899024, "regularization": 1.073546008061241e-09, "seed": 1234, "spectral_radius": 0.09437285509046839}}