{"returned_dict": {"loss": 10.465273978579084, "r2": -1080.0099609140714, "status": "ok", "start_time": 1697018948.699797, "duration": 9.178158044815063}, "current_params": {"cell_number": 500, "connectivity": 0.829416192922046, "input_connectivity": 0.2, "input_scaling": 0.8644046911873131, "leak_rate": 0.6156368875066843, "regularization": 5.407433540140637e-08, "seed": 1234, "spectral_radius": 1.6722388684853167}}