{"returned_dict": {"loss": 1103.7669718733825, "r2": -12030001.641334997, "status": "ok", "start_time": 1697027702.076766, "duration": 9.578042030334473}, "current_params": {"cell_number": 500, "connectivity": 0.9065407930159006, "input_connectivity": 0.2, "input_scaling": 0.7231479244442287, "leak_rate": 0.021175330384294096, "regularization": 4.076064861081557e-09, "seed": 1234, "spectral_radius": 1.8373084854604944}}