{"returned_dict": {"loss": 12.05941169679142, "r2": -1638.2995927453594, "status": "ok", "start_time": 1697039576.324058, "duration": 35.95887017250061}, "current_params": {"cell_number": 500, "connectivity": 0.3525974721430013, "input_connectivity": 0.2, "input_scaling": 0.35464883466252195, "leak_rate": 0.02580145195828277, "regularization": 0.0009217361391787618, "seed": 1234, "spectral_radius": 3.1162051286367416}}