{"returned_dict": {"loss": 12245.426923388246, "r2": -1480049880.5231946, "status": "ok", "start_time": 1697019819.800574, "duration": 3.0394399166107178}, "current_params": {"cell_number": 500, "connectivity": 0.18427702443878224, "input_connectivity": 0.2, "input_scaling": 0.14075425983870582, "leak_rate": 0.004542545207344772, "regularization": 2.2460708773450182e-10, "seed": 1234, "spectral_radius": 9.335710032985542}}