{"returned_dict": {"loss": 136.39385275879454, "r2": -183695.35044715842, "status": "ok", "start_time": 1697020865.818912, "duration": 7.580652952194214}, "current_params": {"cell_number": 500, "connectivity": 0.6860045106698172, "input_connectivity": 0.2, "input_scaling": 0.4318098058036459, "leak_rate": 0.012600442759985371, "regularization": 3.4387681641994578e-06, "seed": 1234, "spectral_radius": 7.954497739510178}}