{"returned_dict": {"loss": 14.070560945552335, "r2": -1953.9414592664718, "status": "ok", "start_time": 1697028259.2800589, "duration": 6.460964202880859}, "current_params": {"cell_number": 500, "connectivity": 0.562034201891746, "input_connectivity": 0.2, "input_scaling": 0.6871632474113247, "leak_rate": 0.0033668417829176823, "regularization": 6.826972867207617e-10, "seed": 1234, "spectral_radius": 0.10594870634350116}}