{"returned_dict": {"loss": 14.792031961873205, "r2": -2159.5613700962535, "status": "ok", "start_time": 1697028521.916058, "duration": 4.65203595161438}, "current_params": {"cell_number": 500, "connectivity": 0.3525974721430013, "input_connectivity": 0.2, "input_scaling": 0.35464883466252195, "leak_rate": 0.02580145195828277, "regularization": 0.0009217361391787618, "seed": 1234, "spectral_radius": 3.1162051286367416}}