{"returned_dict": {"loss": 15.261599683719814, "r2": -2314.412515179577, "status": "ok", "start_time": 1697089771.836076, "duration": 10.240989923477173}, "current_params": {"cell_number": 500, "connectivity": 0.9686173459430392, "input_connectivity": 0.2, "input_scaling": 0.22424280171073074, "leak_rate": 0.012042080474948267, "regularization": 0.0012437572289068289, "seed": 1234, "spectral_radius": 1.959651331974383}}