{"returned_dict": {"loss": 15.532512371897612, "r2": -2718.5027591640737, "status": "ok", "start_time": 1697028220.230711, "duration": 36.22302484512329}, "current_params": {"cell_number": 500, "connectivity": 0.33816558149537235, "input_connectivity": 0.2, "input_scaling": 0.34611859763450203, "leak_rate": 0.0072789537441323385, "regularization": 9.256492567853924e-10, "seed": 1234, "spectral_radius": 0.3226348405474758}}