{"returned_dict": {"loss": 16.15731803520393, "r2": -2576.8015521816906, "status": "ok", "start_time": 1697021004.654672, "duration": 10.09603214263916}, "current_params": {"cell_number": 500, "connectivity": 0.8409648339358464, "input_connectivity": 0.2, "input_scaling": 0.9232478994758182, "leak_rate": 0.001009158010588956, "regularization": 1.4842077818384117e-06, "seed": 1234, "spectral_radius": 0.07326940168674866}}