{"returned_dict": {"loss": 17.786751403888953, "r2": -3565.1479567990227, "status": "ok", "start_time": 1697037165.2112918, "duration": 81.61255502700806}, "current_params": {"cell_number": 500, "connectivity": 0.8409648339358464, "input_connectivity": 0.2, "input_scaling": 0.9232478994758182, "leak_rate": 0.001009158010588956, "regularization": 1.4842077818384117e-06, "seed": 1234, "spectral_radius": 0.07326940168674866}}