{"returned_dict": {"loss": 18.0137531569984, "r2": -3201.8522532838183, "status": "ok", "start_time": 1697019179.427236, "duration": 5.930805921554565}, "current_params": {"cell_number": 500, "connectivity": 0.5577159785917875, "input_connectivity": 0.2, "input_scaling": 0.28766435081673314, "leak_rate": 0.0012105913148246156, "regularization": 1.80811026392081e-07, "seed": 1234, "spectral_radius": 0.07964860203040938}}