{"returned_dict": {"loss": 2.1061491910596684, "r2": -43.09674408437996, "status": "ok", "start_time": 1697092020.772367, "duration": 9.539224863052368}, "current_params": {"cell_number": 500, "connectivity": 0.8572559557173138, "input_connectivity": 0.2, "input_scaling": 0.33486009438808095, "leak_rate": 0.004100650502354604, "regularization": 0.754001343312891, "seed": 1234, "spectral_radius": 4.224184001973293}}