{"returned_dict": {"loss": 2.1953469481556906, "r2": -46.9109288966042, "status": "ok", "start_time": 1697022709.482346, "duration": 9.281634092330933}, "current_params": {"cell_number": 500, "connectivity": 0.85662073181039, "input_connectivity": 0.2, "input_scaling": 0.5743858512665214, "leak_rate": 0.0025679857977144393, "regularization": 6.907990986345517e-09, "seed": 1234, "spectral_radius": 0.015217119086357022}}