{"returned_dict": {"loss": 2.234510402425507, "r2": -48.303266689512206, "status": "ok", "start_time": 1697021278.9518561, "duration": 9.872403860092163}, "current_params": {"cell_number": 500, "connectivity": 0.8750851928754076, "input_connectivity": 0.2, "input_scaling": 0.4016192513767243, "leak_rate": 0.023565820546423054, "regularization": 0.03382020293675784, "seed": 1234, "spectral_radius": 5.987530745926846}}