{"returned_dict": {"loss": 2.592095325879528, "r2": -65.73037955831967, "status": "ok", "start_time": 1697021163.943321, "duration": 2.424406051635742}, "current_params": {"cell_number": 500, "connectivity": 0.02152365846130233, "input_connectivity": 0.2, "input_scaling": 0.3158924367205628, "leak_rate": 0.0016930941327325617, "regularization": 0.022256378957176227, "seed": 1234, "spectral_radius": 0.22191193501289097}}