{"returned_dict": {"loss": 2.8670978829398046, "r2": -80.17007996457605, "status": "ok", "start_time": 1697028306.3553112, "duration": 4.388523817062378}, "current_params": {"cell_number": 500, "connectivity": 0.34806405411593166, "input_connectivity": 0.2, "input_scaling": 0.22844120631577203, "leak_rate": 0.5068843153791186, "regularization": 2.221853311307114e-10, "seed": 1234, "spectral_radius": 1.2556711601352721}}