{"returned_dict": {"loss": 20.562884909416034, "r2": -4202.357710742902, "status": "ok", "start_time": 1697093134.053542, "duration": 5.222839117050171}, "current_params": {"cell_number": 500, "connectivity": 0.4282118217196931, "input_connectivity": 0.2, "input_scaling": 0.8097531217575742, "leak_rate": 0.04708253287367831, "regularization": 6.453089935543633e-08, "seed": 1234, "spectral_radius": 7.231920572306449}}