{"returned_dict": {"loss": 210.39390995013784, "r2": -436911.85196616285, "status": "ok", "start_time": 1697019261.964709, "duration": 2.17081880569458}, "current_params": {"cell_number": 500, "connectivity": 0.0859433483025499, "input_connectivity": 0.2, "input_scaling": 0.43901115116076694, "leak_rate": 0.003493503890213215, "regularization": 2.5340005967663347e-06, "seed": 1234, "spectral_radius": 5.1267595669393975}}