{"returned_dict": {"loss": 22905.427826846088, "r2": -5180691712.503961, "status": "ok", "start_time": 1697021551.092812, "duration": 3.675513744354248}, "current_params": {"cell_number": 500, "connectivity": 0.18427702443878224, "input_connectivity": 0.2, "input_scaling": 0.14075425983870582, "leak_rate": 0.004542545207344772, "regularization": 2.2460708773450182e-10, "seed": 1234, "spectral_radius": 9.335710032985542}}