{"returned_dict": {"loss": 2596.8487772482044, "r2": -66561301.32421607, "status": "ok", "start_time": 1697019476.2877529, "duration": 2.5462520122528076}, "current_params": {"cell_number": 500, "connectivity": 0.1170806344466292, "input_connectivity": 0.2, "input_scaling": 0.4234539619306149, "leak_rate": 0.001055234755253992, "regularization": 1.1602817506626563e-08, "seed": 1234, "spectral_radius": 6.700381333753658}}