{"returned_dict": {"loss": 284.51888641594593, "r2": -912489.3658494208, "status": "ok", "start_time": 1697034680.501031, "duration": 17.550941228866577}, "current_params": {"cell_number": 500, "connectivity": 0.06885148603805569, "input_connectivity": 0.2, "input_scaling": 0.48683979711786196, "leak_rate": 0.0041878954202570285, "regularization": 1.3172087504770113e-07, "seed": 1234, "spectral_radius": 0.7656474307799984}}