{"returned_dict": {"loss": 3.083761546030264, "r2": -106.19330577058624, "status": "ok", "start_time": 1697028347.645047, "duration": 55.831482887268066}, "current_params": {"cell_number": 500, "connectivity": 0.5062108137358254, "input_connectivity": 0.2, "input_scaling": 0.869355916285306, "leak_rate": 0.0017588986916506517, "regularization": 0.9329794951351832, "seed": 1234, "spectral_radius": 1.2509379966926149}}