{"returned_dict": {"loss": 3.09360362562645, "r2": -94.13878418393217, "status": "ok", "start_time": 1697022385.364439, "duration": 3.067689895629883}, "current_params": {"cell_number": 500, "connectivity": 0.18910708865841108, "input_connectivity": 0.2, "input_scaling": 0.4472250816990909, "leak_rate": 0.001490692182461561, "regularization": 2.1797334925309954e-05, "seed": 1234, "spectral_radius": 0.01695935124689556}}