{"returned_dict": {"loss": 3.103777404840328, "r2": -107.58934705648947, "status": "ok", "start_time": 1697035044.2540329, "duration": 67.06969022750854}, "current_params": {"cell_number": 500, "connectivity": 0.6871892288150541, "input_connectivity": 0.2, "input_scaling": 0.45903012586393255, "leak_rate": 0.008993216326780393, "regularization": 0.00026059334182272604, "seed": 1234, "spectral_radius": 1.038057705082271}}