{"returned_dict": {"loss": 3.82843042660434, "r2": -143.727963804322, "status": "ok", "start_time": 1697020889.473158, "duration": 9.51071810722351}, "current_params": {"cell_number": 500, "connectivity": 0.8337159327803707, "input_connectivity": 0.2, "input_scaling": 0.837083721656963, "leak_rate": 0.001117795359631473, "regularization": 2.7630980432584984e-06, "seed": 1234, "spectral_radius": 0.01061907053409471}}