{"returned_dict": {"loss": 301.9820040975154, "r2": -900098.6992602545, "status": "ok", "start_time": 1697019495.7569761, "duration": 2.5953469276428223}, "current_params": {"cell_number": 500, "connectivity": 0.0415918571404722, "input_connectivity": 0.2, "input_scaling": 0.9907096740516865, "leak_rate": 0.011152501138346385, "regularization": 6.268121039226822e-07, "seed": 1234, "spectral_radius": 1.4037266612887527}}