{"returned_dict": {"loss": 38.717080494393386, "r2": -14800.854693419804, "status": "ok", "start_time": 1697028746.370922, "duration": 4.450663805007935}, "current_params": {"cell_number": 500, "connectivity": 0.3538970796521256, "input_connectivity": 0.2, "input_scaling": 0.8640890518452584, "leak_rate": 0.056175796579322784, "regularization": 1.6383199224833317e-06, "seed": 1234, "spectral_radius": 1.6346058937885943}}