{"returned_dict": {"loss": 39.622625821055514, "r2": -17695.712430705094, "status": "ok", "start_time": 1697038530.791834, "duration": 93.69125294685364}, "current_params": {"cell_number": 500, "connectivity": 0.9572423747002798, "input_connectivity": 0.2, "input_scaling": 0.5806915954693277, "leak_rate": 0.005250222770550053, "regularization": 0.0012825499255288946, "seed": 1234, "spectral_radius": 2.6286963019006704}}