{"returned_dict": {"loss": 4.720316180780722, "r2": -250.1587235760015, "status": "ok", "start_time": 1697042447.434248, "duration": 39.827184200286865}, "current_params": {"cell_number": 500, "connectivity": 0.40431171532758003, "input_connectivity": 0.2, "input_scaling": 0.15890994153775684, "leak_rate": 0.00792332805983459, "regularization": 9.679550116546153e-06, "seed": 1234, "spectral_radius": 0.575269795679041}}