{"returned_dict": {"loss": 403.77550897221994, "r2": -1609869.2700701328, "status": "ok", "start_time": 1697021133.981173, "duration": 6.021978139877319}, "current_params": {"cell_number": 500, "connectivity": 0.4746754571313886, "input_connectivity": 0.2, "input_scaling": 0.41480029454318923, "leak_rate": 0.005647264982798819, "regularization": 1.2164970528960077e-05, "seed": 1234, "spectral_radius": 2.1198068680338693}}