{"returned_dict": {"loss": 405.6137646265027, "r2": -1635510.6046842013, "status": "ok", "start_time": 1697090090.9025831, "duration": 3.1530909538269043}, "current_params": {"cell_number": 500, "connectivity": 0.16599622144571635, "input_connectivity": 0.2, "input_scaling": 0.14796761127746416, "leak_rate": 0.0013818551895319936, "regularization": 1.8267272386972717e-07, "seed": 1234, "spectral_radius": 0.5693766752526698}}