{"returned_dict": {"loss": 4279.4212388193255, "r2": -206431591.48371688, "status": "ok", "start_time": 1697042999.983532, "duration": 17.84467887878418}, "current_params": {"cell_number": 500, "connectivity": 0.07873936471283904, "input_connectivity": 0.2, "input_scaling": 0.5797760318934376, "leak_rate": 0.001358642199806875, "regularization": 1.4086720871210799e-08, "seed": 1234, "spectral_radius": 4.0906546305123515}}