{"returned_dict": {"loss": 43.931902513279, "r2": -19056.72062448963, "status": "ok", "start_time": 1697028070.539176, "duration": 6.37362003326416}, "current_params": {"cell_number": 500, "connectivity": 0.5577159785917875, "input_connectivity": 0.2, "input_scaling": 0.28766435081673314, "leak_rate": 0.0012105913148246156, "regularization": 1.80811026392081e-07, "seed": 1234, "spectral_radius": 0.07964860203040938}}