{"returned_dict": {"loss": 45.87293923355629, "r2": -20769.245321588176, "status": "ok", "start_time": 1697019542.02696, "duration": 1.857588291168213}, "current_params": {"cell_number": 500, "connectivity": 0.01766495459930717, "input_connectivity": 0.2, "input_scaling": 0.18619565979686425, "leak_rate": 0.06289522081324313, "regularization": 1.053484531840667e-08, "seed": 1234, "spectral_radius": 7.227207099998132}}