{"returned_dict": {"loss": 47.39968191503519, "r2": -25324.436643149384, "status": "ok", "start_time": 1697038787.948421, "duration": 97.48373484611511}, "current_params": {"cell_number": 500, "connectivity": 0.997988637096773, "input_connectivity": 0.2, "input_scaling": 0.9243526866471957, "leak_rate": 0.1542815995343576, "regularization": 5.710537390907223e-08, "seed": 1234, "spectral_radius": 1.7459748086870097}}