{"returned_dict": {"loss": 497.2421162707603, "r2": -2455598.122581693, "status": "ok", "start_time": 1697020767.0991411, "duration": 3.36586594581604}, "current_params": {"cell_number": 500, "connectivity": 0.17645698113737618, "input_connectivity": 0.2, "input_scaling": 0.34711880645906334, "leak_rate": 0.0017068361591199817, "regularization": 2.7592910665712708e-06, "seed": 1234, "spectral_radius": 0.7839491567314942}}