{"returned_dict": {"loss": 5.34261433101324, "r2": -280.73197525444084, "status": "ok", "start_time": 1697018917.558197, "duration": 12.040121078491211}, "current_params": {"cell_number": 500, "connectivity": 0.9902258556215443, "input_connectivity": 0.2, "input_scaling": 0.3753069435292018, "leak_rate": 0.14684610291088665, "regularization": 3.315753047797609e-09, "seed": 1234, "spectral_radius": 1.0993945835225667}}