{"returned_dict": {"loss": 539.7672789194105, "r2": -2896284.490266271, "status": "ok", "start_time": 1697092597.190419, "duration": 5.703675031661987}, "current_params": {"cell_number": 500, "connectivity": 0.4640531066014023, "input_connectivity": 0.2, "input_scaling": 0.15399984759321084, "leak_rate": 0.0019431745080725833, "regularization": 9.640155456882293e-07, "seed": 1234, "spectral_radius": 8.323301293667457}}