{"returned_dict": {"loss": 571.5763482409507, "r2": -3224607.4634512314, "status": "ok", "start_time": 1697019520.214921, "duration": 8.260926008224487}, "current_params": {"cell_number": 500, "connectivity": 0.7790642492811003, "input_connectivity": 0.2, "input_scaling": 0.4503628369957513, "leak_rate": 0.03709140133925175, "regularization": 3.96632389931087e-10, "seed": 1234, "spectral_radius": 1.665278509291293}}