{"returned_dict": {"loss": 5997.058978143358, "r2": -354981016.9853924, "status": "ok", "start_time": 1697019053.573798, "duration": 7.95756721496582}, "current_params": {"cell_number": 500, "connectivity": 0.7423288590243644, "input_connectivity": 0.2, "input_scaling": 0.6659350740516974, "leak_rate": 0.0068663941226196155, "regularization": 2.2001945281497216e-09, "seed": 1234, "spectral_radius": 2.2553242781758827}}