{"returned_dict": {"loss": 62.127358381768964, "r2": -38112.31373560159, "status": "ok", "start_time": 1697021605.091024, "duration": 7.345738887786865}, "current_params": {"cell_number": 500, "connectivity": 0.6003137331631625, "input_connectivity": 0.2, "input_scaling": 0.550070835811614, "leak_rate": 0.005273335540171085, "regularization": 1.0108606481350741e-09, "seed": 1234, "spectral_radius": 0.39936841111501603}}