{"returned_dict": {"loss": 699.8950726811621, "r2": -4865051.479026128, "status": "ok", "start_time": 1697021202.8523111, "duration": 5.506342887878418}, "current_params": {"cell_number": 500, "connectivity": 0.4640531066014023, "input_connectivity": 0.2, "input_scaling": 0.15399984759321084, "leak_rate": 0.0019431745080725833, "regularization": 9.640155456882293e-07, "seed": 1234, "spectral_radius": 8.323301293667457}}