{"returned_dict": {"loss": 7.069825333528908, "r2": -495.8732650723645, "status": "ok", "start_time": 1697023070.080696, "duration": 4.840510845184326}, "current_params": {"cell_number": 500, "connectivity": 0.4277352271127237, "input_connectivity": 0.2, "input_scaling": 0.36454979801819787, "leak_rate": 0.001817436335305465, "regularization": 7.416365856502994e-05, "seed": 1234, "spectral_radius": 0.5391304566113871}}