{"returned_dict": {"loss": 7.872127439018203, "r2": -614.4685836729869, "status": "ok", "start_time": 1697020927.9333088, "duration": 5.687613248825073}, "current_params": {"cell_number": 500, "connectivity": 0.4452755559377749, "input_connectivity": 0.2, "input_scaling": 0.8564670839009341, "leak_rate": 0.004666278320192311, "regularization": 0.01482969075402949, "seed": 1234, "spectral_radius": 9.019468988959579}}