{"returned_dict": {"loss": 83.88233368717817, "r2": -69946.02857232277, "status": "ok", "start_time": 1697090133.4287329, "duration": 9.375078201293945}, "current_params": {"cell_number": 500, "connectivity": 0.8974761737950306, "input_connectivity": 0.2, "input_scaling": 0.8328177066055172, "leak_rate": 0.026162881037661297, "regularization": 3.5659116531236726e-07, "seed": 1234, "spectral_radius": 2.3820731800209316}}