{"returned_dict": {"loss": 857.2275626101723, "r2": -8283202.677809154, "status": "ok", "start_time": 1697040762.543066, "duration": 29.614391803741455}, "current_params": {"cell_number": 500, "connectivity": 0.2683739620038815, "input_connectivity": 0.2, "input_scaling": 0.4825309396306763, "leak_rate": 0.0026215829905024274, "regularization": 1.5544831704105992e-10, "seed": 1234, "spectral_radius": 0.30993658351244163}}