{"returned_dict": {"loss": 95.14716361661281, "r2": -102045.42154294153, "status": "ok", "start_time": 1697037889.6261902, "duration": 66.96699476242065}, "current_params": {"cell_number": 500, "connectivity": 0.681151859364191, "input_connectivity": 0.2, "input_scaling": 0.5813661769352256, "leak_rate": 0.0010387024872592213, "regularization": 5.846975283438576e-07, "seed": 1234, "spectral_radius": 1.0616387878921083}}