{"returned_dict": {"loss": 0.00982361044104524, "r2": 0.9951720622414961, "status": "ok", "start_time": 1699267497.359654, "duration": 1.8105592727661133}, "current_params": {"N": 500, "iss": 0.2841990386572327, "lr": 0.4297960808148079, "ridge": 3.4827616605209123e-06, "seed": 1234, "sr": 0.020006202812672045}}