{"returned_dict": {"loss": 0.0009334404025599735, "r2": 0.9999568762804527, "status": "ok", "start_time": 1699267597.2995698, "duration": 1.7786149978637695}, "current_params": {"N": 500, "iss": 0.09801956882183527, "lr": 0.21207672046475814, "ridge": 4.6581639384163866e-05, "seed": 1234, "sr": 0.21354604962375795}}