{"returned_dict": {"loss": 0.00252447943727812, "r2": 0.998339035053569, "status": "ok", "start_time": 1699268633.319071, "duration": 1.7845399379730225}, "current_params": {"N": 500, "iss": 0.2892949225345609, "lr": 0.26564196963566705, "ridge": 0.001669043615883305, "seed": 1234, "sr": 0.5335784501655656}}