{"returned_dict": {"loss": 0.009306603339010386, "r2": 0.9956932922148929, "status": "ok", "start_time": 1699267577.676867, "duration": 1.798241138458252}, "current_params": {"N": 500, "iss": 0.3991084746243321, "lr": 0.2279250676188654, "ridge": 3.316996532799217e-06, "seed": 1234, "sr": 0.13048071254874868}}