{"returned_dict": {"loss": 0.0010269503153130912, "r2": 0.9997254897065019, "status": "ok", "start_time": 1699268468.5291321, "duration": 1.8922417163848877}, "current_params": {"N": 500, "iss": 0.19717791279794772, "lr": 0.8908311505278818, "ridge": 0.00013283966567113832, "seed": 1234, "sr": 0.20760447792478667}}