{"returned_dict": {"loss": 0.016545892024766022, "r2": 0.9863402695077016, "status": "ok", "start_time": 1699267691.8831282, "duration": 1.7870228290557861}, "current_params": {"N": 500, "iss": 0.5314055739748769, "lr": 0.5869419714703692, "ridge": 2.5739572117002763e-07, "seed": 1234, "sr": 0.030264242037118992}}