{"returned_dict": {"loss": 0.019927525371291412, "r2": 0.8885610645611205, "status": "ok", "start_time": 1699268464.614908, "duration": 1.8692331314086914}, "current_params": {"N": 500, "iss": 0.20923040118546266, "lr": 0.0077355403142878795, "ridge": 0.0023425261581026765, "seed": 1234, "sr": 0.026761175701104346}}