{"returned_dict": {"loss": 0.014212939583640413, "r2": 0.9462020552481594, "status": "ok", "start_time": 1699268572.618149, "duration": 2.0601449012756348}, "current_params": {"N": 500, "iss": 0.26934464895629684, "lr": 0.0839574815743966, "ridge": 0.003061173980554755, "seed": 1234, "sr": 0.016223651162329426}}