{"returned_dict": {"loss": 0.018861437838341294, "r2": 0.9073695690476514, "status": "ok", "start_time": 1699268481.575729, "duration": 1.8669450283050537}, "current_params": {"N": 500, "iss": 0.9228386144334726, "lr": 0.10752060708924599, "ridge": 1.1106829899616503e-06, "seed": 1234, "sr": 0.3157133897830133}}