{"returned_dict": {"loss": 0.01549701218141645, "r2": 0.9358530653178357, "status": "ok", "start_time": 1699268563.2198038, "duration": 1.87980318069458}, "current_params": {"N": 500, "iss": 0.2752328727257135, "lr": 0.062196381712238125, "ridge": 0.0015831477712927589, "seed": 1234, "sr": 0.011423076308344373}}