{"returned_dict": {"loss": 0.01846584931044704, "r2": 0.9091771496990447, "status": "ok", "start_time": 1699268328.87335, "duration": 1.8009231090545654}, "current_params": {"N": 500, "iss": 0.51533056692996, "lr": 0.034790822993190244, "ridge": 0.006492379836402213, "seed": 1234, "sr": 0.2237449778907503}}