{"returned_dict": {"loss": 0.01961927178340914, "r2": 0.9808750999025381, "status": "ok", "start_time": 1699267652.759943, "duration": 1.773555040359497}, "current_params": {"N": 500, "iss": 0.46362690696575914, "lr": 0.1556591544481278, "ridge": 0.0003537494244538186, "seed": 1234, "sr": 0.05298748174805132}}