{"returned_dict": {"loss": 0.010961585105196044, "r2": 0.9687264085205461, "status": "ok", "start_time": 1699268524.568416, "duration": 1.8157148361206055}, "current_params": {"N": 500, "iss": 0.5923323236902225, "lr": 0.09414420070801902, "ridge": 0.0014474323274106797, "seed": 1234, "sr": 0.13317912806568327}}