{"returned_dict": {"loss": 0.012904038820221357, "r2": 0.9564989749753936, "status": "ok", "start_time": 1699268436.0300732, "duration": 1.900434970855713}, "current_params": {"N": 500, "iss": 0.4183352059788139, "lr": 0.7699157917998888, "ridge": 1.5491027325251184e-06, "seed": 1234, "sr": 1.9933094412983583}}