{"returned_dict": {"loss": 0.02597785098660865, "r2": 0.9666030455484886, "status": "ok", "start_time": 1699267753.5552151, "duration": 1.7884769439697266}, "current_params": {"N": 500, "iss": 0.3648171195318186, "lr": 0.06815247173845063, "ridge": 0.004137027458330782, "seed": 1234, "sr": 0.0440605775382449}}