{"returned_dict": {"loss": 0.025277230047593118, "r2": 0.9681644733712641, "status": "ok", "start_time": 1699267650.9638221, "duration": 1.794233798980713}, "current_params": {"N": 500, "iss": 0.794303432239716, "lr": 0.7725304602957936, "ridge": 1.3376623261071025e-07, "seed": 1234, "sr": 0.026191894186955052}}