{"returned_dict": {"loss": 0.021066594594242496, "r2": 0.8833136639484449, "status": "ok", "start_time": 1699268614.50331, "duration": 1.932323932647705}, "current_params": {"N": 500, "iss": 0.9212495214371952, "lr": 0.03495869536083056, "ridge": 2.408236190196766e-05, "seed": 1234, "sr": 0.01769587598402526}}