{"returned_dict": {"loss": 0.0255703192235721, "r2": 0.8247773836195372, "status": "ok", "start_time": 1699268487.1707149, "duration": 1.8024859428405762}, "current_params": {"N": 500, "iss": 0.21506092759674977, "lr": 0.0037871077443508176, "ridge": 7.866367247447239e-05, "seed": 1234, "sr": 0.01969702873562671}}