{"returned_dict": {"loss": 0.036773101392176176, "r2": 0.6446640745824711, "status": "ok", "start_time": 1699268511.3161302, "duration": 1.8461308479309082}, "current_params": {"N": 500, "iss": 0.7889351766743528, "lr": 0.00398609258790173, "ridge": 0.0026164567787443195, "seed": 1234, "sr": 0.012580639725311055}}