{"returned_dict": {"loss": 0.039254527765191616, "r2": 0.5882861504415869, "status": "ok", "start_time": 1699268376.936209, "duration": 1.8220560550689697}, "current_params": {"N": 500, "iss": 0.9120267528405163, "lr": 0.10377622163746929, "ridge": 0.0009493042476638647, "seed": 1234, "sr": 1.1747727724200443}}