{"returned_dict": {"loss": 0.03152575336534628, "r2": 0.735434558689653, "status": "ok", "start_time": 1699268321.481438, "duration": 1.7871899604797363}, "current_params": {"N": 500, "iss": 0.9326851510627013, "lr": 0.01313978174667569, "ridge": 0.0007520446577387131, "seed": 1234, "sr": 0.18658183701753261}}