{"returned_dict": {"loss": 0.034989766010726654, "r2": 0.9392920000303783, "status": "ok", "start_time": 1699267538.4152992, "duration": 1.8131158351898193}, "current_params": {"N": 500, "iss": 0.616731567531399, "lr": 0.6954288762234999, "ridge": 0.0061302022177938354, "seed": 1234, "sr": 6.834465647289925}}