{"returned_dict": {"loss": 0.0404998363219947, "r2": 0.5714146398294457, "status": "ok", "start_time": 1699268314.2071848, "duration": 1.7978723049163818}, "current_params": {"N": 500, "iss": 0.4171626881853736, "lr": 0.002422315386294973, "ridge": 0.0008891693515095883, "seed": 1234, "sr": 0.0544052294998603}}