{"returned_dict": {"loss": 0.04048307810048903, "r2": 0.9186773462652161, "status": "ok", "start_time": 1699267418.650146, "duration": 1.8253719806671143}, "current_params": {"N": 500, "iss": 0.7044600162750467, "lr": 0.05989081733494548, "ridge": 3.058579821085371e-08, "seed": 1234, "sr": 0.1626795681245935}}