{"returned_dict": {"loss": 0.05110310642287976, "r2": 0.8664971990185162, "status": "ok", "start_time": 1699267636.649663, "duration": 1.8345751762390137}, "current_params": {"N": 500, "iss": 0.9408397105778058, "lr": 0.3594469868947466, "ridge": 2.899155403260927e-08, "seed": 1234, "sr": 0.953319122623503}}