{"returned_dict": {"loss": 0.06665831451775082, "r2": 0.7801286999057945, "status": "ok", "start_time": 1699267688.3098, "duration": 1.816992998123169}, "current_params": {"N": 500, "iss": 0.0026462177202568604, "lr": 0.021333081512378033, "ridge": 0.00025791954558242, "seed": 1234, "sr": 0.011405319213458769}}