{"returned_dict": {"loss": 0.07829347163826073, "r2": 0.6953717123546119, "status": "ok", "start_time": 1699267566.945264, "duration": 1.781693935394287}, "current_params": {"N": 500, "iss": 0.5323854646527727, "lr": 0.003573156992234659, "ridge": 0.0008903885178857998, "seed": 1234, "sr": 0.015928787718820343}}