{"returned_dict": {"loss": 0.07779401990881303, "r2": 0.6917159059946152, "status": "ok", "start_time": 1699267504.511899, "duration": 1.7539098262786865}, "current_params": {"N": 500, "iss": 0.9120267528405163, "lr": 0.10377622163746929, "ridge": 0.0009493042476638647, "seed": 1234, "sr": 1.1747727724200443}}