{"returned_dict": {"loss": 0.09294191411339114, "r2": -1.3861081021503203, "status": "ok", "start_time": 1699268405.067668, "duration": 1.7940831184387207}, "current_params": {"N": 500, "iss": 0.837083721656963, "lr": 0.001117795359631473, "ridge": 1.2852197972507888e-06, "seed": 1234, "sr": 0.01061907053409471}}