{"returned_dict": {"loss": 0.09137303917111854, "r2": 0.5863623394668431, "status": "ok", "start_time": 1699267665.123956, "duration": 1.7494850158691406}, "current_params": {"N": 500, "iss": 0.7008147713041682, "lr": 0.005199088611116443, "ridge": 0.0010388211610285532, "seed": 1234, "sr": 0.16300115584611943}}