{"returned_dict": {"loss": 0.10727669083579887, "r2": -2.455201893217454, "status": "ok", "start_time": 1699268608.664922, "duration": 2.117560863494873}, "current_params": {"N": 500, "iss": 0.61465928198713, "lr": 0.01646090380035458, "ridge": 1.416582108410998e-05, "seed": 1234, "sr": 0.6672376898037004}}