{"returned_dict": {"loss": 0.10734100176145629, "r2": 0.9951533557361164, "status": "ok", "start_time": 1699273517.470622, "duration": 2.050013780593872}, "current_params": {"N": 500, "iss": 0.23999648673506557, "lr": 0.14755529525122685, "ridge": 2.191167299174609e-09, "seed": 1234, "sr": 0.023462246374277934}}