{"returned_dict": {"loss": 0.1026183511513643, "r2": 0.4642116512729413, "status": "ok", "start_time": 1699267486.652506, "duration": 1.7952299118041992}, "current_params": {"N": 500, "iss": 0.9903777479356254, "lr": 0.1894882305034404, "ridge": 0.004636302559142713, "seed": 1234, "sr": 1.9577985037865835}}