{"returned_dict": {"loss": 0.11955310991671818, "r2": -3.0814177675142758, "status": "ok", "start_time": 1699268629.5500832, "duration": 1.8433167934417725}, "current_params": {"N": 500, "iss": 0.15890994153775684, "lr": 0.00792332805983459, "ridge": 3.0909972660202036e-06, "seed": 1234, "sr": 0.575269795679041}}