{"returned_dict": {"loss": 0.11137855882826715, "r2": -2.239639453228541, "status": "ok", "start_time": 1699268603.070812, "duration": 1.878387212753296}, "current_params": {"N": 500, "iss": 0.6381446788022263, "lr": 0.011295567117425407, "ridge": 7.933169942060012e-08, "seed": 1234, "sr": 0.20877503732087163}}