{"returned_dict": {"loss": 0.13279710535784792, "r2": -3.59123909447074, "status": "ok", "start_time": 1699268580.347757, "duration": 1.8939237594604492}, "current_params": {"N": 500, "iss": 0.05969594889932428, "lr": 0.22834501963548878, "ridge": 4.079252477787997e-06, "seed": 1234, "sr": 3.3535990156004383}}