{"returned_dict": {"loss": 0.15380599078808277, "r2": 0.990634586196739, "status": "ok", "start_time": 1699273286.023851, "duration": 2.235037088394165}, "current_params": {"N": 500, "iss": 0.2841990386572327, "lr": 0.4297960808148079, "ridge": 3.4827616605209123e-06, "seed": 1234, "sr": 0.020006202812672045}}