{"returned_dict": {"loss": 0.15720564479601104, "r2": 0.9893823889919009, "status": "ok", "start_time": 1699273551.220216, "duration": 1.9636318683624268}, "current_params": {"N": 500, "iss": 0.5933563673798359, "lr": 0.8382221591273349, "ridge": 1.1082393000534913e-06, "seed": 1234, "sr": 0.7323231724059845}}