{"returned_dict": {"loss": 0.24522093089155894, "r2": 0.9750494567046223, "status": "ok", "start_time": 1699273369.8983219, "duration": 2.006456136703491}, "current_params": {"N": 500, "iss": 0.900126341412187, "lr": 0.6751854428024655, "ridge": 1.6359488069904826e-09, "seed": 1234, "sr": 0.050152765364070276}}