{"returned_dict": {"loss": 0.28506868105461375, "r2": -20.355335169947733, "status": "ok", "start_time": 1699268332.482856, "duration": 1.9313030242919922}, "current_params": {"N": 500, "iss": 0.13238073196516953, "lr": 0.13864624141183712, "ridge": 5.1447095217047094e-05, "seed": 1234, "sr": 4.997336540870967}}