{"returned_dict": {"loss": 0.3186268871269769, "r2": 0.956875927009016, "status": "ok", "start_time": 1699273216.620619, "duration": 1.8949689865112305}, "current_params": {"N": 500, "iss": 0.21686967585707428, "lr": 0.06719120770962762, "ridge": 0.00012890720812140736, "seed": 1234, "sr": 0.07071032186253305}}