{"returned_dict": {"loss": 0.3222254428140376, "r2": 0.9579152732160328, "status": "ok", "start_time": 1699273397.674142, "duration": 2.105250120162964}, "current_params": {"N": 500, "iss": 0.347012423797356, "lr": 0.09201940994765088, "ridge": 1.2655675147834042e-05, "seed": 1234, "sr": 0.03414048410383786}}