{"returned_dict": {"loss": 0.348253298562714, "r2": 0.9502165906306438, "status": "ok", "start_time": 1699273264.544721, "duration": 2.1037402153015137}, "current_params": {"N": 500, "iss": 0.600022312535927, "lr": 0.6571588388986347, "ridge": 0.001699652520124697, "seed": 1234, "sr": 0.046727228044946535}}