{"returned_dict": {"loss": 0.3472222445551984, "r2": 0.9490756963004303, "status": "ok", "start_time": 1699273539.3568032, "duration": 1.9858958721160889}, "current_params": {"N": 500, "iss": 0.0011867504507336868, "lr": 0.4402251533661025, "ridge": 1.398293408194846e-05, "seed": 1234, "sr": 0.1378790157061615}}