{"returned_dict": {"loss": 0.3711413794647911, "r2": -5.824116715019848, "status": "ok", "start_time": 1699267768.178077, "duration": 1.7523469924926758}, "current_params": {"N": 500, "iss": 0.5345246533740329, "lr": 0.0016821487193693313, "ridge": 8.527242136552148e-08, "seed": 1234, "sr": 0.016130653781102525}}