{"returned_dict": {"loss": 0.38597352791648687, "r2": 0.9607824786532734, "status": "ok", "start_time": 1699273358.05599, "duration": 1.92985200881958}, "current_params": {"N": 500, "iss": 0.4183352059788139, "lr": 0.7699157917998888, "ridge": 1.5491027325251184e-06, "seed": 1234, "sr": 1.9933094412983583}}