{"returned_dict": {"loss": 0.4327628293631822, "r2": 0.9255515150549533, "status": "ok", "start_time": 1699273507.663699, "duration": 1.8984949588775635}, "current_params": {"N": 500, "iss": 0.5619647530716958, "lr": 0.12251552188440552, "ridge": 0.00013569741429282753, "seed": 1234, "sr": 0.020788245498133077}}