{"returned_dict": {"loss": 0.4307783874117166, "r2": -50.7386356744913, "status": "ok", "start_time": 1699268595.4940002, "duration": 1.8574178218841553}, "current_params": {"N": 500, "iss": 0.36454979801819787, "lr": 0.001817436335305465, "ridge": 1.2856827057907244e-05, "seed": 1234, "sr": 0.5391304566113871}}