{"returned_dict": {"loss": 0.45629819767677854, "r2": -54.91938241899765, "status": "ok", "start_time": 1699268292.105909, "duration": 1.8783228397369385}, "current_params": {"N": 500, "iss": 0.869355916285306, "lr": 0.0017588986916506517, "ridge": 0.009525997633827816, "seed": 1234, "sr": 1.2509379966926149}}