{"returned_dict": {"loss": 0.4938137911487335, "r2": 0.9583998696014945, "status": "ok", "start_time": 1699273415.937216, "duration": 1.9459960460662842}, "current_params": {"N": 500, "iss": 0.10906298691030492, "lr": 0.9218534144690985, "ridge": 0.007620699289978396, "seed": 1234, "sr": 1.810409666530886}}