{"returned_dict": {"loss": 0.7161726076428291, "r2": 0.8587578011787279, "status": "ok", "start_time": 1699273193.328426, "duration": 2.3932433128356934}, "current_params": {"N": 500, "iss": 0.6517423997488939, "lr": 0.4485179994925241, "ridge": 2.1919618123313223e-05, "seed": 1234, "sr": 2.76036316173383}}