{"returned_dict": {"loss": 1.0657797996006508, "r2": 0.484529482381453, "status": "ok", "start_time": 1699273405.871125, "duration": 1.960136890411377}, "current_params": {"N": 500, "iss": 0.9228386144334726, "lr": 0.10752060708924599, "ridge": 1.1106829899616503e-06, "seed": 1234, "sr": 0.3157133897830133}}