{"returned_dict": {"loss": 1.3419384663395257, "r2": 0.2830548087961399, "status": "ok", "start_time": 1699273562.987424, "duration": 1.9605591297149658}, "current_params": {"N": 500, "iss": 0.15890994153775684, "lr": 0.00792332805983459, "ridge": 3.0909972660202036e-06, "seed": 1234, "sr": 0.575269795679041}}