{"returned_dict": {"loss": 1.5261535502312134, "r2": 0.1220076134877331, "status": "ok", "start_time": 1699273434.079401, "duration": 2.0841588973999023}, "current_params": {"N": 500, "iss": 0.8251862354360314, "lr": 0.007413342720100155, "ridge": 0.00017690591223905197, "seed": 1234, "sr": 0.0925852425060542}}