{"returned_dict": {"loss": 1.9586993596974904, "r2": -282.23799328589126, "status": "ok", "start_time": 1699267731.623007, "duration": 1.7716469764709473}, "current_params": {"N": 500, "iss": 0.550070835811614, "lr": 0.005273335540171085, "ridge": 5.04991308123115e-09, "seed": 1234, "sr": 0.39936841111501603}}