{"returned_dict": {"loss": 102.22811778523027, "r2": -3249631.024780676, "status": "ok", "start_time": 1699268631.395584, "duration": 1.9215328693389893}, "current_params": {"N": 500, "iss": 0.7444485210599292, "lr": 0.0020459627481612115, "ridge": 1.674497026534218e-08, "seed": 1234, "sr": 1.182082887824895}}