{"returned_dict": {"loss": 104.96719915957112, "r2": -686757.8583052623, "status": "ok", "start_time": 1699267433.0803342, "duration": 1.8395729064941406}, "current_params": {"N": 500, "iss": 0.30780459889893874, "lr": 0.0020629649586181636, "ridge": 1.807451674082109e-05, "seed": 1234, "sr": 2.2042634577971216}}