{"returned_dict": {"loss": 12.461198331045916, "r2": -41890.47805364363, "status": "ok", "start_time": 1699268390.482496, "duration": 1.8261399269104004}, "current_params": {"N": 500, "iss": 0.8564670839009341, "lr": 0.004666278320192311, "ridge": 0.0005245567335623266, "seed": 1234, "sr": 9.019468988959579}}