{"returned_dict": {"loss": 12.588180661190785, "r2": -84.54858917850656, "status": "ok", "start_time": 1699273371.906973, "duration": 1.9769551753997803}, "current_params": {"N": 500, "iss": 0.6871632474113247, "lr": 0.0033668417829176823, "ridge": 3.836716623456785e-09, "seed": 1234, "sr": 0.10594870634350116}}