{"returned_dict": {"loss": 13.59119947256324, "r2": -80.17128792213678, "status": "ok", "start_time": 1699273201.4769511, "duration": 1.7853460311889648}, "current_params": {"N": 500, "iss": 0.34611859763450203, "lr": 0.0072789537441323385, "ridge": 4.7480197822394035e-09, "seed": 1234, "sr": 0.3226348405474758}}