{"returned_dict": {"loss": 144.2953044905029, "r2": -5621132.417987958, "status": "ok", "start_time": 1699268419.765107, "duration": 1.8751742839813232}, "current_params": {"N": 500, "iss": 0.43901115116076694, "lr": 0.003493503890213215, "ridge": 1.2096638409130587e-06, "seed": 1234, "sr": 5.1267595669393975}}