{"returned_dict": {"loss": 163.99507544301773, "r2": -1335780.2235716602, "status": "ok", "start_time": 1699267599.079714, "duration": 1.816054105758667}, "current_params": {"N": 500, "iss": 0.41480029454318923, "lr": 0.005647264982798819, "ridge": 3.627252116587822e-06, "seed": 1234, "sr": 2.1198068680338693}}