{"returned_dict": {"loss": 1637.8663175388629, "r2": -149501730.165794, "status": "ok", "start_time": 1699267715.1483588, "duration": 1.902266263961792}, "current_params": {"N": 500, "iss": 0.14075425983870582, "lr": 0.004542545207344772, "ridge": 1.7619615210880348e-09, "seed": 1234, "sr": 9.335710032985542}}