{"returned_dict": {"loss": 19.04319162147131, "r2": -162.88273025112514, "status": "ok", "start_time": 1699273525.5719512, "duration": 1.889232873916626}, "current_params": {"N": 500, "iss": 0.8640890518452584, "lr": 0.056175796579322784, "ridge": 8.914132777984633e-07, "seed": 1234, "sr": 1.6346058937885943}}