{"returned_dict": {"loss": 2.482360525204459, "r2": -2.101292664554174, "status": "ok", "start_time": 1699273582.5609431, "duration": 2.2589666843414307}, "current_params": {"N": 500, "iss": 0.9492451986094536, "lr": 0.012192269780560696, "ridge": 1.0355816851799808e-08, "seed": 1234, "sr": 0.03438139057492874}}