{"returned_dict": {"loss": 2.5209886420352503, "r2": -390.67747987209947, "status": "ok", "start_time": 1699267515.1434398, "duration": 1.824981451034546}, "current_params": {"N": 500, "iss": 0.6217356289422551, "lr": 0.0029999570595545273, "ridge": 1.822408392802496e-08, "seed": 1234, "sr": 0.38114750465916947}}