{"returned_dict": {"loss": 2.742013110626496, "r2": -417.5257670640869, "status": "ok", "start_time": 1699267686.511586, "duration": 1.7963778972625732}, "current_params": {"N": 500, "iss": 0.4825309396306763, "lr": 0.0026215829905024274, "ridge": 1.3617902397367888e-09, "seed": 1234, "sr": 0.30993658351244163}}