{"returned_dict": {"loss": 23.36252242557606, "r2": -144423.58265880353, "status": "ok", "start_time": 1699268431.363009, "duration": 1.8135781288146973}, "current_params": {"N": 500, "iss": 0.8328177066055172, "lr": 0.026162881037661297, "ridge": 3.0656276565905996e-07, "seed": 1234, "sr": 2.3820731800209316}}