{"returned_dict": {"loss": 25.040425366500624, "r2": -31456.252031376585, "status": "ok", "start_time": 1699267516.970029, "duration": 1.784761905670166}, "current_params": {"N": 500, "iss": 0.8564670839009341, "lr": 0.004666278320192311, "ridge": 0.0005245567335623266, "seed": 1234, "sr": 9.019468988959579}}