{"returned_dict": {"loss": 3.6677144312970626, "r2": -4079.8703334897677, "status": "ok", "start_time": 1699268340.126518, "duration": 2.0023319721221924}, "current_params": {"N": 500, "iss": 0.49797044830105386, "lr": 0.005473899359991359, "ridge": 0.009737952859572229, "seed": 1234, "sr": 4.574545330611019}}