{"returned_dict": {"loss": 3.7960668718813504, "r2": -1.4539315743677257, "status": "ok", "start_time": 1699273336.08433, "duration": 2.029951810836792}, "current_params": {"N": 500, "iss": 0.06694893716285133, "lr": 0.0012469785034749062, "ridge": 8.136540810461886e-08, "seed": 1234, "sr": 0.13504276379966784}}