{"returned_dict": {"loss": 31.35016132928604, "r2": -498.5268340844246, "status": "ok", "start_time": 1699273549.231402, "duration": 1.9865071773529053}, "current_params": {"N": 500, "iss": 0.550070835811614, "lr": 0.005273335540171085, "ridge": 5.04991308123115e-09, "seed": 1234, "sr": 0.39936841111501603}}