{"returned_dict": {"loss": 372.07747988744296, "r2": -59552.133568767305, "status": "ok", "start_time": 1699273458.48108, "duration": 1.9270868301391602}, "current_params": {"N": 500, "iss": 0.35464883466252195, "lr": 0.02580145195828277, "ridge": 7.502821787034914e-05, "seed": 1234, "sr": 3.1162051286367416}}