{"returned_dict": {"loss": 4.672598233858715, "r2": -8.300648488577101, "status": "ok", "start_time": 1699273226.210836, "duration": 1.9011940956115723}, "current_params": {"N": 500, "iss": 0.976525304162185, "lr": 0.011273269250899024, "ridge": 5.267135160255618e-09, "seed": 1234, "sr": 0.09437285509046839}}