{"returned_dict": {"loss": 52.669638188400945, "r2": -1246.3961570302126, "status": "ok", "start_time": 1699273499.814862, "duration": 1.8963699340820312}, "current_params": {"N": 500, "iss": 0.4825309396306763, "lr": 0.0026215829905024274, "ridge": 1.3617902397367888e-09, "seed": 1234, "sr": 0.30993658351244163}}