{"returned_dict": {"loss": 571.1504820723243, "r2": -16305766.460083703, "status": "ok", "start_time": 1699267700.75959, "duration": 1.797424077987671}, "current_params": {"N": 500, "iss": 0.8468296018182028, "lr": 0.0016562209632395857, "ridge": 7.687566626413539e-08, "seed": 1234, "sr": 6.091700405214507}}