{"returned_dict": {"loss": 696.0220561251921, "r2": -217382.96850505905, "status": "ok", "start_time": 1699273354.03169, "duration": 1.9449090957641602}, "current_params": {"N": 500, "iss": 0.8328177066055172, "lr": 0.026162881037661297, "ridge": 3.0656276565905996e-07, "seed": 1234, "sr": 2.3820731800209316}}