{"returned_dict": {"loss": 7.296323734450937, "r2": -14252.192726670532, "status": "ok", "start_time": 1699268522.727791, "duration": 1.8386859893798828}, "current_params": {"N": 500, "iss": 0.4016192513767243, "lr": 0.023565820546423054, "ridge": 0.0009341644724743216, "seed": 1234, "sr": 5.987530745926846}}