{"returned_dict": {"loss": 76.53328719080108, "r2": -293263.1181117994, "status": "ok", "start_time": 1699267661.621635, "duration": 1.763871192932129}, "current_params": {"N": 500, "iss": 0.32045037207585336, "lr": 0.013663130602244231, "ridge": 5.368010723935917e-07, "seed": 1234, "sr": 2.6411464130177205}}