{"returned_dict": {"loss": 7857.7927122256415, "r2": -22024251.142874558, "status": "ok", "start_time": 1699273515.444672, "duration": 2.023721933364868}, "current_params": {"N": 500, "iss": 0.8468296018182028, "lr": 0.0016562209632395857, "ridge": 7.687566626413539e-08, "seed": 1234, "sr": 6.091700405214507}}