{"returned_dict": {"loss": 0.0034587027156917603, "r2": 0.9997660717485615, "status": "ok", "start_time": 1699192542.237261, "duration": 1.8580429553985596}, "current_params": {"N": 500, "iss": 0.8967736623178844, "lr": 0.1298405957476471, "ridge": 9.418213809531775e-09, "seed": 1234, "sr": 0.3105316802728771}}