{"returned_dict": {"loss": 0.015019725018738462, "r2": 0.9954150822313301, "status": "ok", "start_time": 1699192738.419991, "duration": 1.3460071086883545}, "current_params": {"N": 500, "iss": 0.15890994153775684, "lr": 0.00792332805983459, "ridge": 3.0909972660202036e-06, "seed": 1234, "sr": 0.575269795679041}}