{"returned_dict": {"loss": 0.012466590500574573, "r2": 0.9969788430340514, "status": "ok", "start_time": 1699192629.2475882, "duration": 1.3461120128631592}, "current_params": {"N": 500, "iss": 0.347012423797356, "lr": 0.09201940994765088, "ridge": 1.2655675147834042e-05, "seed": 1234, "sr": 0.03414048410383786}}