{"returned_dict": {"loss": 0.025217315085839492, "r2": 0.9876456867434739, "status": "ok", "start_time": 1699192664.559385, "duration": 1.3328509330749512}, "current_params": {"N": 500, "iss": 0.5923323236902225, "lr": 0.09414420070801902, "ridge": 0.0014474323274106797, "seed": 1234, "sr": 0.13317912806568327}}