{"returned_dict": {"loss": 0.02443321890030201, "r2": 0.9883741346310745, "status": "ok", "start_time": 1699192685.728405, "duration": 1.2906618118286133}, "current_params": {"N": 500, "iss": 0.5252220340132849, "lr": 0.5269856938769655, "ridge": 0.0071301806348985485, "seed": 1234, "sr": 0.12440910427817788}}