{"returned_dict": {"loss": 0.020308475141768183, "r2": 0.9919896251378929, "status": "ok", "start_time": 1699192671.188223, "duration": 1.3490021228790283}, "current_params": {"N": 500, "iss": 0.46362690696575914, "lr": 0.1556591544481278, "ridge": 0.0003537494244538186, "seed": 1234, "sr": 0.05298748174805132}}