{"returned_dict": {"loss": 0.026528934367504156, "r2": 0.9862142926771673, "status": "ok", "start_time": 1699192669.87393, "duration": 1.312628984451294}, "current_params": {"N": 500, "iss": 0.794303432239716, "lr": 0.7725304602957936, "ridge": 1.3376623261071025e-07, "seed": 1234, "sr": 0.026191894186955052}}