{"returned_dict": {"loss": 0.027764898154082177, "r2": 0.9850155611344243, "status": "ok", "start_time": 1699192701.404397, "duration": 1.357438087463379}, "current_params": {"N": 500, "iss": 0.5619647530716958, "lr": 0.12251552188440552, "ridge": 0.00013569741429282753, "seed": 1234, "sr": 0.020788245498133077}}