{"returned_dict": {"loss": 0.02847877085022853, "r2": 0.9841955012759724, "status": "ok", "start_time": 1699192745.2280169, "duration": 1.3054442405700684}, "current_params": {"N": 500, "iss": 0.3648171195318186, "lr": 0.06815247173845063, "ridge": 0.004137027458330782, "seed": 1234, "sr": 0.0440605775382449}}