{"returned_dict": {"loss": 0.03428180814327827, "r2": 0.9771047150040956, "status": "ok", "start_time": 1699192598.019706, "duration": 1.3296878337860107}, "current_params": {"N": 500, "iss": 0.4893385543018618, "lr": 0.02143015081924661, "ridge": 1.1102605111730034e-05, "seed": 1234, "sr": 0.02572013644212619}}