{"returned_dict": {"loss": 0.05766662160899699, "r2": 0.9354083134565991, "status": "ok", "start_time": 1699192620.232165, "duration": 1.3010659217834473}, "current_params": {"N": 500, "iss": 0.9345866417401569, "lr": 0.04017882290811124, "ridge": 0.008848344280085078, "seed": 1234, "sr": 0.014438974945890222}}