{"returned_dict": {"loss": 0.05766571932936884, "r2": 0.9348209958974664, "status": "ok", "start_time": 1699192757.151807, "duration": 1.2934489250183105}, "current_params": {"N": 500, "iss": 0.40978014885751834, "lr": 0.003188301860373708, "ridge": 2.4347267941306313e-08, "seed": 1234, "sr": 0.050704131972421025}}