{"returned_dict": {"loss": 0.05024821044344884, "r2": 0.9509291227675534, "status": "ok", "start_time": 1699192725.1434, "duration": 1.3434569835662842}, "current_params": {"N": 500, "iss": 0.5879201405915621, "lr": 0.017942623962965615, "ridge": 0.003711472688952436, "seed": 1234, "sr": 0.10149855100477383}}