{"returned_dict": {"loss": 0.1315020245664306, "r2": 0.6388245866197555, "status": "ok", "start_time": 1699192713.438794, "duration": 1.3119370937347412}, "current_params": {"N": 500, "iss": 0.8640890518452584, "lr": 0.056175796579322784, "ridge": 8.914132777984633e-07, "seed": 1234, "sr": 1.6346058937885943}}