{"returned_dict": {"loss": 0.1488969857638477, "r2": 0.5598193415265246, "status": "ok", "start_time": 1699192729.14188, "duration": 1.3555588722229004}, "current_params": {"N": 500, "iss": 0.550070835811614, "lr": 0.005273335540171085, "ridge": 5.04991308123115e-09, "seed": 1234, "sr": 0.39936841111501603}}