{"returned_dict": {"loss": 0.33990141944208824, "r2": -2.390528466823373, "status": "ok", "start_time": 1699192569.9152598, "duration": 1.3078341484069824}, "current_params": {"N": 500, "iss": 0.6217356289422551, "lr": 0.0029999570595545273, "ridge": 1.822408392802496e-08, "seed": 1234, "sr": 0.38114750465916947}}