{"returned_dict": {"loss": 0.5600273718917833, "r2": -5.287782093902231, "status": "ok", "start_time": 1699192601.9325671, "duration": 1.2487947940826416}, "current_params": {"N": 500, "iss": 0.11994602555379685, "lr": 0.16859893208998253, "ridge": 6.132193847282312e-09, "seed": 1234, "sr": 2.3297993110223385}}