{"returned_dict": {"loss": 1060.8062954395343, "r2": -26254707.707395267, "status": "ok", "start_time": 1699192717.3633668, "duration": 1.301232099533081}, "current_params": {"N": 500, "iss": 0.14075425983870582, "lr": 0.004542545207344772, "ridge": 1.7619615210880348e-09, "seed": 1234, "sr": 9.335710032985542}}