{"returned_dict": {"loss": 2.728115279738246, "r2": -179.30161098317842, "status": "ok", "start_time": 1699192511.5061939, "duration": 1.2954580783843994}, "current_params": {"N": 500, "iss": 0.33486009438808095, "lr": 0.004100650502354604, "ridge": 0.008206547427376674, "seed": 1234, "sr": 4.224184001973293}}