{"returned_dict": {"loss": 49.68067689497003, "r2": -63431.86445042374, "status": "ok", "start_time": 1699192631.966929, "duration": 1.2647011280059814}, "current_params": {"N": 500, "iss": 0.41480029454318923, "lr": 0.005647264982798819, "ridge": 3.627252116587822e-06, "seed": 1234, "sr": 2.1198068680338693}}