{"returned_dict": {"loss": 5.183192132738134, "r2": -559.3824089015596, "status": "ok", "start_time": 1699192665.8942158, "duration": 1.3515892028808594}, "current_params": {"N": 500, "iss": 0.5308233319012376, "lr": 0.010754552393914138, "ridge": 0.00408260583459009, "seed": 1234, "sr": 7.505573307332538}}